session,period,asset,feature,horizon_ms,q,threshold,N,mean_signed_bps,hit_rate
20260905T073818Z_e44d99bd,WE,BTC,depthBoth,1000,0.8,0.7800362419999061,4689,0.06776401885818634,0.11558967796971635
20260905T073818Z_e44d99bd,WE,BTC,depthBoth,2000,0.8,0.7800362419999061,2685,0.11548417509923253,0.19478584729981377
20260905T073818Z_e44d99bd,WE,BTC,depthBoth,5000,0.8,0.7800362419999061,1370,0.22258125564280618,0.33941605839416056
20260905T073818Z_e44d99bd,WE,BTC,depthBoth,10000,0.8,0.7800362419999061,865,0.3206002039149609,0.461271676300578
20260905T073818Z_e44d99bd,WE,BTC,depthBoth,30000,0.8,0.7800362419999061,423,0.47825665123166433,0.5981087470449172
20260905T073818Z_e44d99bd,WE,BTC,depthBoth,1000,0.9,0.8762714481640621,2611,0.10131122954420756,0.16430486403676753
20260905T073818Z_e44d99bd,WE,BTC,depthBoth,2000,0.9,0.8762714481640621,1578,0.16774045415996772,0.2661596958174905
20260905T073818Z_e44d99bd,WE,BTC,depthBoth,5000,0.9,0.8762714481640621,886,0.308344188420986,0.42776523702031605
20260905T073818Z_e44d99bd,WE,BTC,depthBoth,10000,0.9,0.8762714481640621,608,0.4366643714572873,0.5575657894736842
20260905T073818Z_e44d99bd,WE,BTC,depthBoth,30000,0.9,0.8762714481640621,339,0.6350601194542743,0.6607669616519174
20260905T073818Z_e44d99bd,WE,BTC,depthBoth,1000,0.95,0.9363334280105803,1476,0.14636071943315376,0.22967479674796748
20260905T073818Z_e44d99bd,WE,BTC,depthBoth,2000,0.95,0.9363334280105803,957,0.22524869704959663,0.34691745036572624
20260905T073818Z_e44d99bd,WE,BTC,depthBoth,5000,0.95,0.9363334280105803,586,0.4012461428477221,0.5187713310580204
20260905T073818Z_e44d99bd,WE,BTC,depthBoth,10000,0.95,0.9363334280105803,436,0.5502593533512452,0.6330275229357798
20260905T073818Z_e44d99bd,WE,BTC,depthBoth,30000,0.95,0.9363334280105803,277,0.7329628604785348,0.703971119133574
20260905T073818Z_e44d99bd,WE,BTC,depthL1_extOFI,1000,0.8,0.7720943112588021,4444,0.07070213747794572,0.12128712871287128
20260905T073818Z_e44d99bd,WE,BTC,depthL1_extOFI,2000,0.8,0.7720943112588021,2663,0.11937717693241685,0.19977469019902366
20260905T073818Z_e44d99bd,WE,BTC,depthL1_extOFI,5000,0.8,0.7720943112588021,1392,0.2291427360946906,0.34123563218390807
20260905T073818Z_e44d99bd,WE,BTC,depthL1_extOFI,10000,0.8,0.7720943112588021,875,0.344484077137161,0.4605714285714286
20260905T073818Z_e44d99bd,WE,BTC,depthL1_extOFI,30000,0.8,0.7720943112588021,432,0.5000884658951299,0.5949074074074074
20260905T073818Z_e44d99bd,WE,BTC,depthL1_extOFI,1000,0.9,0.8775856745909232,2445,0.11258974450717249,0.17709611451942742
20260905T073818Z_e44d99bd,WE,BTC,depthL1_extOFI,2000,0.9,0.8775856745909232,1545,0.17553548202122374,0.27119741100323624
20260905T073818Z_e44d99bd,WE,BTC,depthL1_extOFI,5000,0.9,0.8775856745909232,886,0.3243290826404969,0.4288939051918736
20260905T073818Z_e44d99bd,WE,BTC,depthL1_extOFI,10000,0.9,0.8775856745909232,603,0.4727077119646135,0.5638474295190713
20260905T073818Z_e44d99bd,WE,BTC,depthL1_extOFI,30000,0.9,0.8775856745909232,336,0.6324420890299658,0.6607142857142857
20260905T073818Z_e44d99bd,WE,BTC,depthL1_extOFI,1000,0.95,0.938089448259998,1390,0.15588338336631483,0.23741007194244604
20260905T073818Z_e44d99bd,WE,BTC,depthL1_extOFI,2000,0.95,0.938089448259998,942,0.23127706386022465,0.3503184713375796
20260905T073818Z_e44d99bd,WE,BTC,depthL1_extOFI,5000,0.95,0.938089448259998,593,0.4120055171113377,0.524451939291737
20260905T073818Z_e44d99bd,WE,BTC,depthL1_extOFI,10000,0.95,0.938089448259998,437,0.5889182245987746,0.6498855835240275
20260905T073818Z_e44d99bd,WE,BTC,depthL1_extOFI,30000,0.95,0.938089448259998,276,0.7785804536368837,0.717391304347826
20260905T073818Z_e44d99bd,WE,BTC,gap_depthBoth,1000,0.8,0.33075622686684625,3522,0.060954864358767805,0.08489494605337876
20260905T073818Z_e44d99bd,WE,BTC,gap_depthBoth,2000,0.8,0.33075622686684625,1919,0.10772370504471289,0.14903595622720167
20260905T073818Z_e44d99bd,WE,BTC,gap_depthBoth,5000,0.8,0.33075622686684625,917,0.22606021145151817,0.2813522355507088
20260905T073818Z_e44d99bd,WE,BTC,gap_depthBoth,10000,0.8,0.33075622686684625,562,0.3611815094092504,0.40391459074733094
20260905T073818Z_e44d99bd,WE,BTC,gap_depthBoth,30000,0.8,0.33075622686684625,281,0.5872486435412714,0.5693950177935944
20260905T073818Z_e44d99bd,WE,BTC,gap_depthBoth,1000,0.9,0.44852834352759896,1950,0.08460757767807832,0.10461538461538461
20260905T073818Z_e44d99bd,WE,BTC,gap_depthBoth,2000,0.9,0.44852834352759896,1095,0.15313311921765393,0.18538812785388128
20260905T073818Z_e44d99bd,WE,BTC,gap_depthBoth,5000,0.9,0.44852834352759896,558,0.2918578011564766,0.32974910394265233
20260905T073818Z_e44d99bd,WE,BTC,gap_depthBoth,10000,0.9,0.44852834352759896,367,0.46030316659290715,0.45231607629427795
20260905T073818Z_e44d99bd,WE,BTC,gap_depthBoth,30000,0.9,0.44852834352759896,214,0.6884017461316996,0.616822429906542
20260905T073818Z_e44d99bd,WE,BTC,gap_depthBoth,1000,0.95,0.5454764002248423,1055,0.12278653641492332,0.13364928909952606
20260905T073818Z_e44d99bd,WE,BTC,gap_depthBoth,2000,0.95,0.5454764002248423,613,0.21016944942721105,0.22838499184339314
20260905T073818Z_e44d99bd,WE,BTC,gap_depthBoth,5000,0.95,0.5454764002248423,337,0.36993496075636206,0.3916913946587537
20260905T073818Z_e44d99bd,WE,BTC,gap_depthBoth,10000,0.95,0.5454764002248423,239,0.5865009609594569,0.5146443514644351
20260905T073818Z_e44d99bd,WE,BTC,gap_depthBoth,30000,0.95,0.5454764002248423,162,0.6905363659699459,0.6358024691358025
20260905T073818Z_e44d99bd,WE,BTC,gap_depthL1,1000,0.8,0.33075622686684625,3637,0.05975229986155353,0.08358537255980203
20260905T073818Z_e44d99bd,WE,BTC,gap_depthL1,2000,0.8,0.33075622686684625,1981,0.10238129036129309,0.14487632508833923
20260905T073818Z_e44d99bd,WE,BTC,gap_depthL1,5000,0.8,0.33075622686684625,943,0.21756257746210286,0.27783669141039236
20260905T073818Z_e44d99bd,WE,BTC,gap_depthL1,10000,0.8,0.33075622686684625,573,0.34278649062700617,0.39790575916230364
20260905T073818Z_e44d99bd,WE,BTC,gap_depthL1,30000,0.8,0.33075622686684625,283,0.5563519765138164,0.558303886925795
20260905T073818Z_e44d99bd,WE,BTC,gap_depthL1,1000,0.9,0.44852834352759896,2001,0.0849010705479687,0.10344827586206896
20260905T073818Z_e44d99bd,WE,BTC,gap_depthL1,2000,0.9,0.44852834352759896,1125,0.15022581162323892,0.18133333333333335
20260905T073818Z_e44d99bd,WE,BTC,gap_depthL1,5000,0.9,0.44852834352759896,575,0.28489662843710983,0.3234782608695652
20260905T073818Z_e44d99bd,WE,BTC,gap_depthL1,10000,0.9,0.44852834352759896,377,0.44407784856706145,0.44297082228116713
20260905T073818Z_e44d99bd,WE,BTC,gap_depthL1,30000,0.9,0.44852834352759896,217,0.6369216144122974,0.6036866359447005
20260905T073818Z_e44d99bd,WE,BTC,gap_depthL1,1000,0.95,0.5454764002248423,1072,0.12541237090669471,0.13432835820895522
20260905T073818Z_e44d99bd,WE,BTC,gap_depthL1,2000,0.95,0.5454764002248423,624,0.2085851683200223,0.22756410256410256
20260905T073818Z_e44d99bd,WE,BTC,gap_depthL1,5000,0.95,0.5454764002248423,343,0.36018485023045743,0.39067055393586003
20260905T073818Z_e44d99bd,WE,BTC,gap_depthL1,10000,0.95,0.5454764002248423,244,0.5686899329583728,0.5122950819672131
20260905T073818Z_e44d99bd,WE,BTC,gap_depthL1,30000,0.95,0.5454764002248423,164,0.6527540141438827,0.6280487804878049
20260905T073818Z_e44d99bd,WE,BTC,gap_depth_extOFI,1000,0.8,0.33075622686684625,3266,0.06269703068005056,0.0872627066748316
20260905T073818Z_e44d99bd,WE,BTC,gap_depth_extOFI,2000,0.8,0.33075622686684625,1855,0.1129050700339263,0.15417789757412398
20260905T073818Z_e44d99bd,WE,BTC,gap_depth_extOFI,5000,0.8,0.33075622686684625,915,0.2243862242768488,0.2797814207650273
20260905T073818Z_e44d99bd,WE,BTC,gap_depth_extOFI,10000,0.8,0.33075622686684625,567,0.36750574124315205,0.4056437389770723
20260905T073818Z_e44d99bd,WE,BTC,gap_depth_extOFI,30000,0.8,0.33075622686684625,281,0.6225367965531607,0.5765124555160143
20260905T073818Z_e44d99bd,WE,BTC,gap_depth_extOFI,1000,0.9,0.44852834352759896,1795,0.08974132686287783,0.10863509749303621
20260905T073818Z_e44d99bd,WE,BTC,gap_depth_extOFI,2000,0.9,0.44852834352759896,1055,0.16221785236182443,0.19146919431279621
20260905T073818Z_e44d99bd,WE,BTC,gap_depth_extOFI,5000,0.9,0.44852834352759896,556,0.29982332157488417,0.3273381294964029
20260905T073818Z_e44d99bd,WE,BTC,gap_depth_extOFI,10000,0.9,0.44852834352759896,369,0.46742442170793236,0.45257452574525747
20260905T073818Z_e44d99bd,WE,BTC,gap_depth_extOFI,30000,0.9,0.44852834352759896,213,0.7215592052948635,0.6338028169014085
20260905T073818Z_e44d99bd,WE,BTC,gap_depth_extOFI,1000,0.95,0.5454764002248423,956,0.13230206468816244,0.1412133891213389
20260905T073818Z_e44d99bd,WE,BTC,gap_depth_extOFI,2000,0.95,0.5454764002248423,574,0.22154627328237145,0.23867595818815332
20260905T073818Z_e44d99bd,WE,BTC,gap_depth_extOFI,5000,0.95,0.5454764002248423,326,0.38347281959051155,0.4049079754601227
20260905T073818Z_e44d99bd,WE,BTC,gap_depth_extOFI,10000,0.95,0.5454764002248423,233,0.5866504401663608,0.5278969957081545
20260905T073818Z_e44d99bd,WE,BTC,gap_depth_extOFI,30000,0.95,0.5454764002248423,161,0.7336408910465169,0.6459627329192547
20260905T073818Z_e44d99bd,WE,BTC,gap_extOFI,1000,0.8,0.33075622686684625,3977,0.0531874224360914,0.0741765149610259
20260905T073818Z_e44d99bd,WE,BTC,gap_extOFI,2000,0.8,0.33075622686684625,2243,0.09453238460398292,0.13374944271065536
20260905T073818Z_e44d99bd,WE,BTC,gap_extOFI,5000,0.8,0.33075622686684625,1083,0.17361141027429813,0.24469067405355494
20260905T073818Z_e44d99bd,WE,BTC,gap_extOFI,10000,0.8,0.33075622686684625,663,0.30233839768041454,0.3514328808446455
20260905T073818Z_e44d99bd,WE,BTC,gap_extOFI,30000,0.8,0.33075622686684625,318,0.5043197548592889,0.5157232704402516
20260905T073818Z_e44d99bd,WE,BTC,gap_extOFI,1000,0.9,0.44852834352759896,2065,0.08821226652526395,0.10024213075060533
20260905T073818Z_e44d99bd,WE,BTC,gap_extOFI,2000,0.9,0.44852834352759896,1207,0.15296521366489493,0.1748135874067937
20260905T073818Z_e44d99bd,WE,BTC,gap_extOFI,5000,0.9,0.44852834352759896,634,0.27739720490978514,0.30441640378548895
20260905T073818Z_e44d99bd,WE,BTC,gap_extOFI,10000,0.9,0.44852834352759896,416,0.4207046004445225,0.41586538461538464
20260905T073818Z_e44d99bd,WE,BTC,gap_extOFI,30000,0.9,0.44852834352759896,231,0.5948328888679323,0.5887445887445888
20260905T073818Z_e44d99bd,WE,BTC,gap_extOFI,1000,0.95,0.5454764002248423,1073,0.13635720304605678,0.13513513513513514
20260905T073818Z_e44d99bd,WE,BTC,gap_extOFI,2000,0.95,0.5454764002248423,639,0.22778396236692214,0.2269170579029734
20260905T073818Z_e44d99bd,WE,BTC,gap_extOFI,5000,0.95,0.5454764002248423,362,0.3785409564794352,0.3784530386740331
20260905T073818Z_e44d99bd,WE,BTC,gap_extOFI,10000,0.95,0.5454764002248423,258,0.5799850068114746,0.5
20260905T073818Z_e44d99bd,WE,BTC,gap_extOFI,30000,0.95,0.5454764002248423,174,0.6664451647539213,0.6149425287356322
20260905T073818Z_e44d99bd,WE,BTC,gap_leader1000,1000,0.8,0.33075622686684625,1097,0.1706411957666261,0.17137648131267091
20260905T073818Z_e44d99bd,WE,BTC,gap_leader1000,2000,0.8,0.33075622686684625,926,0.18180177518558707,0.20518358531317496
20260905T073818Z_e44d99bd,WE,BTC,gap_leader1000,5000,0.8,0.33075622686684625,684,0.2424565006443921,0.29385964912280704
20260905T073818Z_e44d99bd,WE,BTC,gap_leader1000,10000,0.8,0.33075622686684625,516,0.3485082303461993,0.4011627906976744
20260905T073818Z_e44d99bd,WE,BTC,gap_leader1000,30000,0.8,0.33075622686684625,304,0.5188258521335356,0.5263157894736842
20260905T073818Z_e44d99bd,WE,BTC,gap_leader1000,1000,0.9,0.44852834352759896,687,0.2155779675563965,0.19796215429403202
20260905T073818Z_e44d99bd,WE,BTC,gap_leader1000,2000,0.9,0.44852834352759896,588,0.25453904855634046,0.24489795918367346
20260905T073818Z_e44d99bd,WE,BTC,gap_leader1000,5000,0.9,0.44852834352759896,454,0.33234231774190476,0.3303964757709251
20260905T073818Z_e44d99bd,WE,BTC,gap_leader1000,10000,0.9,0.44852834352759896,364,0.4363662932984146,0.43956043956043955
20260905T073818Z_e44d99bd,WE,BTC,gap_leader1000,30000,0.9,0.44852834352759896,238,0.5977397784339419,0.5714285714285714
20260905T073818Z_e44d99bd,WE,BTC,gap_leader1000,1000,0.95,0.5454764002248423,432,0.29030965747502563,0.23842592592592593
20260905T073818Z_e44d99bd,WE,BTC,gap_leader1000,2000,0.95,0.5454764002248423,381,0.33802777591464217,0.29396325459317585
20260905T073818Z_e44d99bd,WE,BTC,gap_leader1000,5000,0.95,0.5454764002248423,310,0.3977962793938426,0.38064516129032255
20260905T073818Z_e44d99bd,WE,BTC,gap_leader1000,10000,0.95,0.5454764002248423,258,0.5549639254568066,0.49612403100775193
20260905T073818Z_e44d99bd,WE,BTC,gap_leader1000,30000,0.95,0.5454764002248423,182,0.5842365173662091,0.5989010989010989
20260905T073818Z_e44d99bd,WE,BTC,gap_localOFI,1000,0.8,0.33075622686684625,3074,0.0540457587639369,0.07839947950553025
20260905T073818Z_e44d99bd,WE,BTC,gap_localOFI,2000,0.8,0.33075622686684625,1947,0.07944734867915124,0.12840267077555212
20260905T073818Z_e44d99bd,WE,BTC,gap_localOFI,5000,0.8,0.33075622686684625,1004,0.14707229521682544,0.23306772908366533
20260905T073818Z_e44d99bd,WE,BTC,gap_localOFI,10000,0.8,0.33075622686684625,627,0.2626040470651094,0.34290271132376393
20260905T073818Z_e44d99bd,WE,BTC,gap_localOFI,30000,0.8,0.33075622686684625,309,0.4431834060748567,0.511326860841424
20260905T073818Z_e44d99bd,WE,BTC,gap_localOFI,1000,0.9,0.44852834352759896,1600,0.09054532627209273,0.106875
20260905T073818Z_e44d99bd,WE,BTC,gap_localOFI,2000,0.9,0.44852834352759896,1029,0.13829671636500918,0.17006802721088435
20260905T073818Z_e44d99bd,WE,BTC,gap_localOFI,5000,0.9,0.44852834352759896,569,0.2519793695949698,0.29173989455184535
20260905T073818Z_e44d99bd,WE,BTC,gap_localOFI,10000,0.9,0.44852834352759896,383,0.37264070321680515,0.402088772845953
20260905T073818Z_e44d99bd,WE,BTC,gap_localOFI,30000,0.9,0.44852834352759896,224,0.5115455693897379,0.5803571428571429
20260905T073818Z_e44d99bd,WE,BTC,gap_localOFI,1000,0.95,0.5454764002248423,848,0.13201842756248935,0.13679245283018868
20260905T073818Z_e44d99bd,WE,BTC,gap_localOFI,2000,0.95,0.5454764002248423,565,0.194827674656852,0.21415929203539824
20260905T073818Z_e44d99bd,WE,BTC,gap_localOFI,5000,0.95,0.5454764002248423,338,0.32734409269781856,0.35798816568047337
20260905T073818Z_e44d99bd,WE,BTC,gap_localOFI,10000,0.95,0.5454764002248423,243,0.483306823882973,0.4691358024691358
20260905T073818Z_e44d99bd,WE,BTC,gap_localOFI,30000,0.95,0.5454764002248423,166,0.6101574591901248,0.5963855421686747
20260905T073818Z_e44d99bd,WE,BTC,gap_localTrade,1000,0.8,0.33075622686684625,979,0.15304923015898614,0.16138917262512767
20260905T073818Z_e44d99bd,WE,BTC,gap_localTrade,2000,0.8,0.33075622686684625,823,0.1893250471184641,0.212636695018226
20260905T073818Z_e44d99bd,WE,BTC,gap_localTrade,5000,0.8,0.33075622686684625,593,0.27472149278790803,0.3136593591905565
20260905T073818Z_e44d99bd,WE,BTC,gap_localTrade,10000,0.8,0.33075622686684625,439,0.3714595495890742,0.4123006833712984
20260905T073818Z_e44d99bd,WE,BTC,gap_localTrade,30000,0.8,0.33075622686684625,258,0.6175138550249716,0.562015503875969
20260905T073818Z_e44d99bd,WE,BTC,gap_localTrade,1000,0.9,0.44852834352759896,547,0.21188811797268245,0.18647166361974407
20260905T073818Z_e44d99bd,WE,BTC,gap_localTrade,2000,0.9,0.44852834352759896,464,0.275282741612355,0.2521551724137931
20260905T073818Z_e44d99bd,WE,BTC,gap_localTrade,5000,0.9,0.44852834352759896,352,0.38062094299279425,0.3721590909090909
20260905T073818Z_e44d99bd,WE,BTC,gap_localTrade,10000,0.9,0.44852834352759896,269,0.46456611323613284,0.46096654275092935
20260905T073818Z_e44d99bd,WE,BTC,gap_localTrade,30000,0.9,0.44852834352759896,186,0.6173762374662775,0.6075268817204301
20260905T073818Z_e44d99bd,WE,BTC,gap_localTrade,1000,0.95,0.5454764002248423,308,0.32144102684328524,0.24025974025974026
20260905T073818Z_e44d99bd,WE,BTC,gap_localTrade,2000,0.95,0.5454764002248423,264,0.4120184194530036,0.32575757575757575
20260905T073818Z_e44d99bd,WE,BTC,gap_localTrade,5000,0.95,0.5454764002248423,209,0.522874866609161,0.45454545454545453
20260905T073818Z_e44d99bd,WE,BTC,gap_localTrade,10000,0.95,0.5454764002248423,172,0.6482501395371809,0.5348837209302325
20260905T073818Z_e44d99bd,WE,BTC,gap_localTrade,30000,0.95,0.5454764002248423,131,0.7745382741791917,0.6335877862595419
20260905T073818Z_e44d99bd,WE,BTC,leader1000_extOFI,1000,0.8,0.0063944198618978015,4918,0.046132639307941294,0.07543716958113054
20260905T073818Z_e44d99bd,WE,BTC,leader1000_extOFI,2000,0.8,0.0063944198618978015,3265,0.05651620674939966,0.1111791730474732
20260905T073818Z_e44d99bd,WE,BTC,leader1000_extOFI,5000,0.8,0.0063944198618978015,1917,0.10357498036941926,0.19092331768388107
20260905T073818Z_e44d99bd,WE,BTC,leader1000_extOFI,10000,0.8,0.0063944198618978015,1208,0.13726970023256685,0.2591059602649007
20260905T073818Z_e44d99bd,WE,BTC,leader1000_extOFI,30000,0.8,0.0063944198618978015,522,0.1668999262884311,0.38697318007662834
20260905T073818Z_e44d99bd,WE,BTC,leader1000_extOFI,1000,0.9,0.08411564308479352,2556,0.09213825489830056,0.11619718309859155
20260905T073818Z_e44d99bd,WE,BTC,leader1000_extOFI,2000,0.9,0.08411564308479352,1883,0.11723982539189598,0.16038236856080723
20260905T073818Z_e44d99bd,WE,BTC,leader1000_extOFI,5000,0.9,0.08411564308479352,1267,0.1486904529646873,0.23993685872138912
20260905T073818Z_e44d99bd,WE,BTC,leader1000_extOFI,10000,0.9,0.08411564308479352,866,0.18024267852019624,0.3117782909930716
20260905T073818Z_e44d99bd,WE,BTC,leader1000_extOFI,30000,0.9,0.08411564308479352,429,0.2224844804679103,0.43356643356643354
20260905T073818Z_e44d99bd,WE,BTC,leader1000_extOFI,1000,0.95,0.19592514614549106,1266,0.1510494990264517,0.16587677725118483
20260905T073818Z_e44d99bd,WE,BTC,leader1000_extOFI,2000,0.95,0.19592514614549106,1026,0.19042548971559484,0.21929824561403508
20260905T073818Z_e44d99bd,WE,BTC,leader1000_extOFI,5000,0.95,0.19592514614549106,788,0.2300437116702409,0.30076142131979694
20260905T073818Z_e44d99bd,WE,BTC,leader1000_extOFI,10000,0.95,0.19592514614549106,594,0.24468658119561326,0.35353535353535354
20260905T073818Z_e44d99bd,WE,BTC,leader1000_extOFI,30000,0.95,0.19592514614549106,343,0.39658085685506106,0.5043731778425656
20260905T073818Z_e44d99bd,WE,ETH,depthBoth,1000,0.8,0.6869236038307511,4793,0.10763077509109957,0.17713331942416025
20260905T073818Z_e44d99bd,WE,ETH,depthBoth,2000,0.8,0.6869236038307511,2966,0.18160707966107137,0.2869184086311531
20260905T073818Z_e44d99bd,WE,ETH,depthBoth,5000,0.8,0.6869236038307511,1675,0.30451242460844274,0.4435820895522388
20260905T073818Z_e44d99bd,WE,ETH,depthBoth,10000,0.8,0.6869236038307511,1097,0.3687025282906642,0.5177757520510483
20260905T073818Z_e44d99bd,WE,ETH,depthBoth,30000,0.8,0.6869236038307511,516,0.3445414866350283,0.5523255813953488
20260905T073818Z_e44d99bd,WE,ETH,depthBoth,1000,0.9,0.7988586591343193,2658,0.14290962733411947,0.22121896162528218
20260905T073818Z_e44d99bd,WE,ETH,depthBoth,2000,0.9,0.7988586591343193,1738,0.22390908396535583,0.34004602991944766
20260905T073818Z_e44d99bd,WE,ETH,depthBoth,5000,0.9,0.7988586591343193,1088,0.3655436145584277,0.4944852941176471
20260905T073818Z_e44d99bd,WE,ETH,depthBoth,10000,0.9,0.7988586591343193,777,0.4525456147825645,0.5791505791505791
20260905T073818Z_e44d99bd,WE,ETH,depthBoth,30000,0.9,0.7988586591343193,418,0.3662553501416616,0.562200956937799
20260905T073818Z_e44d99bd,WE,ETH,depthBoth,1000,0.95,0.8754034916921162,1466,0.16148103187614252,0.24556616643929058
20260905T073818Z_e44d99bd,WE,ETH,depthBoth,2000,0.95,0.8754034916921162,1007,0.2505859422217416,0.3753723932472691
20260905T073818Z_e44d99bd,WE,ETH,depthBoth,5000,0.95,0.8754034916921162,671,0.38201347877723735,0.5320417287630402
20260905T073818Z_e44d99bd,WE,ETH,depthBoth,10000,0.95,0.8754034916921162,520,0.4868781308446389,0.6326923076923077
20260905T073818Z_e44d99bd,WE,ETH,depthBoth,30000,0.95,0.8754034916921162,324,0.44019195916080517,0.5925925925925926
20260905T073818Z_e44d99bd,WE,ETH,depthL1_extOFI,1000,0.8,0.7570159027128157,4811,0.11699341396585701,0.1876948659322386
20260905T073818Z_e44d99bd,WE,ETH,depthL1_extOFI,2000,0.8,0.7570159027128157,3001,0.18792052218967376,0.2899033655448184
20260905T073818Z_e44d99bd,WE,ETH,depthL1_extOFI,5000,0.8,0.7570159027128157,1701,0.31365034526238067,0.4538506760728983
20260905T073818Z_e44d99bd,WE,ETH,depthL1_extOFI,10000,0.8,0.7570159027128157,1114,0.382010815530793,0.5224416517055656
20260905T073818Z_e44d99bd,WE,ETH,depthL1_extOFI,30000,0.8,0.7570159027128157,520,0.34618094495222596,0.55
20260905T073818Z_e44d99bd,WE,ETH,depthL1_extOFI,1000,0.9,0.871161027337648,2674,0.1556549631610405,0.23821989528795812
20260905T073818Z_e44d99bd,WE,ETH,depthL1_extOFI,2000,0.9,0.871161027337648,1804,0.23590036503651568,0.35698447893569846
20260905T073818Z_e44d99bd,WE,ETH,depthL1_extOFI,5000,0.9,0.871161027337648,1131,0.3739130758145223,0.5243147656940761
20260905T073818Z_e44d99bd,WE,ETH,depthL1_extOFI,10000,0.9,0.871161027337648,808,0.4619041489890249,0.5853960396039604
20260905T073818Z_e44d99bd,WE,ETH,depthL1_extOFI,30000,0.9,0.871161027337648,442,0.4046549096368509,0.5633484162895928
20260905T073818Z_e44d99bd,WE,ETH,depthL1_extOFI,1000,0.95,0.943344790802418,1547,0.2076443495960587,0.28312863606981253
20260905T073818Z_e44d99bd,WE,ETH,depthL1_extOFI,2000,0.95,0.943344790802418,1087,0.30780790295050436,0.41766329346826125
20260905T073818Z_e44d99bd,WE,ETH,depthL1_extOFI,5000,0.95,0.943344790802418,737,0.45563070954515905,0.587516960651289
20260905T073818Z_e44d99bd,WE,ETH,depthL1_extOFI,10000,0.95,0.943344790802418,577,0.5896620241642776,0.6447140381282496
20260905T073818Z_e44d99bd,WE,ETH,depthL1_extOFI,30000,0.95,0.943344790802418,350,0.5830481548584426,0.6314285714285715
20260905T073818Z_e44d99bd,WE,ETH,gap_depthBoth,1000,0.8,0.46097091006913626,2954,0.11095069322808872,0.14218009478672985
20260905T073818Z_e44d99bd,WE,ETH,gap_depthBoth,2000,0.8,0.46097091006913626,1713,0.1865239140628778,0.23584354932866317
20260905T073818Z_e44d99bd,WE,ETH,gap_depthBoth,5000,0.8,0.46097091006913626,906,0.33665343336755843,0.40507726269315675
20260905T073818Z_e44d99bd,WE,ETH,gap_depthBoth,10000,0.8,0.46097091006913626,612,0.4657393525878652,0.5130718954248366
20260905T073818Z_e44d99bd,WE,ETH,gap_depthBoth,30000,0.8,0.46097091006913626,339,0.4860247679116425,0.5870206489675516
20260905T073818Z_e44d99bd,WE,ETH,gap_depthBoth,1000,0.9,0.6001090906160302,1572,0.14872349423586742,0.1673027989821883
20260905T073818Z_e44d99bd,WE,ETH,gap_depthBoth,2000,0.9,0.6001090906160302,943,0.23578497854537436,0.2672322375397667
20260905T073818Z_e44d99bd,WE,ETH,gap_depthBoth,5000,0.9,0.6001090906160302,538,0.39999996163463886,0.4368029739776952
20260905T073818Z_e44d99bd,WE,ETH,gap_depthBoth,10000,0.9,0.6001090906160302,399,0.5137863387181486,0.5238095238095238
20260905T073818Z_e44d99bd,WE,ETH,gap_depthBoth,30000,0.9,0.6001090906160302,253,0.7365319939326528,0.6284584980237155
20260905T073818Z_e44d99bd,WE,ETH,gap_depthBoth,1000,0.95,0.7334299514548669,846,0.1986795402121686,0.1950354609929078
20260905T073818Z_e44d99bd,WE,ETH,gap_depthBoth,2000,0.95,0.7334299514548669,535,0.30054415345567065,0.30467289719626167
20260905T073818Z_e44d99bd,WE,ETH,gap_depthBoth,5000,0.95,0.7334299514548669,330,0.5228721656518829,0.49696969696969695
20260905T073818Z_e44d99bd,WE,ETH,gap_depthBoth,10000,0.95,0.7334299514548669,253,0.7073243822275529,0.5968379446640316
20260905T073818Z_e44d99bd,WE,ETH,gap_depthBoth,30000,0.95,0.7334299514548669,179,0.6838196402095045,0.659217877094972
20260905T073818Z_e44d99bd,WE,ETH,gap_depthL1,1000,0.8,0.46097091006913626,3284,0.10311291638407499,0.13550548112058466
20260905T073818Z_e44d99bd,WE,ETH,gap_depthL1,2000,0.8,0.46097091006913626,1867,0.17363104419282466,0.225495447241564
20260905T073818Z_e44d99bd,WE,ETH,gap_depthL1,5000,0.8,0.46097091006913626,966,0.32780456186680884,0.40165631469979296
20260905T073818Z_e44d99bd,WE,ETH,gap_depthL1,10000,0.8,0.46097091006913626,645,0.4690018328444652,0.5147286821705427
20260905T073818Z_e44d99bd,WE,ETH,gap_depthL1,30000,0.8,0.46097091006913626,351,0.5295063582994908,0.5954415954415955
20260905T073818Z_e44d99bd,WE,ETH,gap_depthL1,1000,0.9,0.6001090906160302,1764,0.13581401051693803,0.1564625850340136
20260905T073818Z_e44d99bd,WE,ETH,gap_depthL1,2000,0.9,0.6001090906160302,1042,0.22385994213014646,0.2562380038387716
20260905T073818Z_e44d99bd,WE,ETH,gap_depthL1,5000,0.9,0.6001090906160302,584,0.3802158600188743,0.4315068493150685
20260905T073818Z_e44d99bd,WE,ETH,gap_depthL1,10000,0.9,0.6001090906160302,425,0.5000908821061549,0.5176470588235295
20260905T073818Z_e44d99bd,WE,ETH,gap_depthL1,30000,0.9,0.6001090906160302,263,0.7503019015851339,0.6311787072243346
20260905T073818Z_e44d99bd,WE,ETH,gap_depthL1,1000,0.95,0.7334299514548669,937,0.19172130358784029,0.18783351120597652
20260905T073818Z_e44d99bd,WE,ETH,gap_depthL1,2000,0.95,0.7334299514548669,584,0.30343368950311367,0.2979452054794521
20260905T073818Z_e44d99bd,WE,ETH,gap_depthL1,5000,0.95,0.7334299514548669,356,0.5162396371224337,0.4943820224719101
20260905T073818Z_e44d99bd,WE,ETH,gap_depthL1,10000,0.95,0.7334299514548669,270,0.7191562399249881,0.5925925925925926
20260905T073818Z_e44d99bd,WE,ETH,gap_depthL1,30000,0.95,0.7334299514548669,189,0.6962793378937551,0.6507936507936508
20260905T073818Z_e44d99bd,WE,ETH,gap_depth_extOFI,1000,0.8,0.46097091006913626,2920,0.10789433641038262,0.138013698630137
20260905T073818Z_e44d99bd,WE,ETH,gap_depth_extOFI,2000,0.8,0.46097091006913626,1740,0.1803682973203203,0.23045977011494254
20260905T073818Z_e44d99bd,WE,ETH,gap_depth_extOFI,5000,0.8,0.46097091006913626,927,0.34319337561761126,0.4002157497303128
20260905T073818Z_e44d99bd,WE,ETH,gap_depth_extOFI,10000,0.8,0.46097091006913626,623,0.4708235259932673,0.5024077046548957
20260905T073818Z_e44d99bd,WE,ETH,gap_depth_extOFI,30000,0.8,0.46097091006913626,344,0.4983741300907997,0.5901162790697675
20260905T073818Z_e44d99bd,WE,ETH,gap_depth_extOFI,1000,0.9,0.6001090906160302,1534,0.14424201270015152,0.15710560625814862
20260905T073818Z_e44d99bd,WE,ETH,gap_depth_extOFI,2000,0.9,0.6001090906160302,938,0.2363204689025833,0.26119402985074625
20260905T073818Z_e44d99bd,WE,ETH,gap_depth_extOFI,5000,0.9,0.6001090906160302,538,0.4089687981932284,0.4256505576208178
20260905T073818Z_e44d99bd,WE,ETH,gap_depth_extOFI,10000,0.9,0.6001090906160302,393,0.5374204225960594,0.5139949109414759
20260905T073818Z_e44d99bd,WE,ETH,gap_depth_extOFI,30000,0.9,0.6001090906160302,249,0.7520563868055951,0.6385542168674698
20260905T073818Z_e44d99bd,WE,ETH,gap_depth_extOFI,1000,0.95,0.7334299514548669,808,0.20259293581867133,0.1844059405940594
20260905T073818Z_e44d99bd,WE,ETH,gap_depth_extOFI,2000,0.95,0.7334299514548669,511,0.30638698751521387,0.29354207436399216
20260905T073818Z_e44d99bd,WE,ETH,gap_depth_extOFI,5000,0.95,0.7334299514548669,315,0.5339666116101183,0.47619047619047616
20260905T073818Z_e44d99bd,WE,ETH,gap_depth_extOFI,10000,0.95,0.7334299514548669,242,0.7314116899303561,0.5702479338842975
20260905T073818Z_e44d99bd,WE,ETH,gap_depth_extOFI,30000,0.95,0.7334299514548669,173,0.7481403713633582,0.653179190751445
20260905T073818Z_e44d99bd,WE,ETH,gap_extOFI,1000,0.8,0.46097091006913626,4108,0.08530056959489052,0.1056475170399221
20260905T073818Z_e44d99bd,WE,ETH,gap_extOFI,2000,0.8,0.46097091006913626,2405,0.14540107112701187,0.18087318087318088
20260905T073818Z_e44d99bd,WE,ETH,gap_extOFI,5000,0.8,0.46097091006913626,1218,0.2671701865787339,0.32348111658456485
20260905T073818Z_e44d99bd,WE,ETH,gap_extOFI,10000,0.8,0.46097091006913626,776,0.3852125910119231,0.43943298969072164
20260905T073818Z_e44d99bd,WE,ETH,gap_extOFI,30000,0.8,0.46097091006913626,391,0.4989525068879217,0.5677749360613811
20260905T073818Z_e44d99bd,WE,ETH,gap_extOFI,1000,0.9,0.6001090906160302,2104,0.12635389094636956,0.12309885931558935
20260905T073818Z_e44d99bd,WE,ETH,gap_extOFI,2000,0.9,0.6001090906160302,1262,0.20945642544527146,0.20998415213946117
20260905T073818Z_e44d99bd,WE,ETH,gap_extOFI,5000,0.9,0.6001090906160302,689,0.3683343958775244,0.3599419448476052
20260905T073818Z_e44d99bd,WE,ETH,gap_extOFI,10000,0.9,0.6001090906160302,479,0.5105550438835212,0.4592901878914405
20260905T073818Z_e44d99bd,WE,ETH,gap_extOFI,30000,0.9,0.6001090906160302,281,0.7565649457454842,0.6192170818505338
20260905T073818Z_e44d99bd,WE,ETH,gap_extOFI,1000,0.95,0.7334299514548669,1073,0.1916924047031378,0.1500465983224604
20260905T073818Z_e44d99bd,WE,ETH,gap_extOFI,2000,0.95,0.7334299514548669,670,0.2923978919060169,0.24477611940298508
20260905T073818Z_e44d99bd,WE,ETH,gap_extOFI,5000,0.95,0.7334299514548669,395,0.5219057636095773,0.41012658227848103
20260905T073818Z_e44d99bd,WE,ETH,gap_extOFI,10000,0.95,0.7334299514548669,292,0.7413203240711881,0.5136986301369864
20260905T073818Z_e44d99bd,WE,ETH,gap_extOFI,30000,0.95,0.7334299514548669,195,0.8658675364811832,0.6358974358974359
20260905T073818Z_e44d99bd,WE,ETH,gap_leader1000,1000,0.8,0.46097091006913626,1464,0.1677901836483705,0.1919398907103825
20260905T073818Z_e44d99bd,WE,ETH,gap_leader1000,2000,0.8,0.46097091006913626,1271,0.18455298845949078,0.23839496459480725
20260905T073818Z_e44d99bd,WE,ETH,gap_leader1000,5000,0.8,0.46097091006913626,952,0.2871984323098728,0.3634453781512605
20260905T073818Z_e44d99bd,WE,ETH,gap_leader1000,10000,0.8,0.46097091006913626,706,0.37694203591450565,0.443342776203966
20260905T073818Z_e44d99bd,WE,ETH,gap_leader1000,30000,0.8,0.46097091006913626,386,0.4246034243778513,0.5466321243523317
20260905T073818Z_e44d99bd,WE,ETH,gap_leader1000,1000,0.9,0.6001090906160302,897,0.2379849733028378,0.22853957636566333
20260905T073818Z_e44d99bd,WE,ETH,gap_leader1000,2000,0.9,0.6001090906160302,792,0.2620312913023974,0.28535353535353536
20260905T073818Z_e44d99bd,WE,ETH,gap_leader1000,5000,0.9,0.6001090906160302,648,0.38802788897617263,0.4182098765432099
20260905T073818Z_e44d99bd,WE,ETH,gap_leader1000,10000,0.9,0.6001090906160302,501,0.47050923227424335,0.4810379241516966
20260905T073818Z_e44d99bd,WE,ETH,gap_leader1000,30000,0.9,0.6001090906160302,294,0.6813246202719001,0.5986394557823129
20260905T073818Z_e44d99bd,WE,ETH,gap_leader1000,1000,0.95,0.7334299514548669,525,0.35115535568904716,0.2895238095238095
20260905T073818Z_e44d99bd,WE,ETH,gap_leader1000,2000,0.95,0.7334299514548669,469,0.3844917086761135,0.3368869936034115
20260905T073818Z_e44d99bd,WE,ETH,gap_leader1000,5000,0.95,0.7334299514548669,399,0.5219797743363362,0.46365914786967416
20260905T073818Z_e44d99bd,WE,ETH,gap_leader1000,10000,0.95,0.7334299514548669,321,0.6780112645740796,0.5295950155763239
20260905T073818Z_e44d99bd,WE,ETH,gap_leader1000,30000,0.95,0.7334299514548669,219,0.6960886892090845,0.593607305936073
20260905T073818Z_e44d99bd,WE,ETH,gap_localOFI,1000,0.8,0.46097091006913626,2757,0.10419305619120568,0.12694958287994196
20260905T073818Z_e44d99bd,WE,ETH,gap_localOFI,2000,0.8,0.46097091006913626,1879,0.16492363749997088,0.1937200638637573
20260905T073818Z_e44d99bd,WE,ETH,gap_localOFI,5000,0.8,0.46097091006913626,1091,0.25638467629324796,0.32722273143904673
20260905T073818Z_e44d99bd,WE,ETH,gap_localOFI,10000,0.8,0.46097091006913626,728,0.3868159066285181,0.44642857142857145
20260905T073818Z_e44d99bd,WE,ETH,gap_localOFI,30000,0.8,0.46097091006913626,376,0.4237064372495112,0.5638297872340425
20260905T073818Z_e44d99bd,WE,ETH,gap_localOFI,1000,0.9,0.6001090906160302,1416,0.15107610718966613,0.14689265536723164
20260905T073818Z_e44d99bd,WE,ETH,gap_localOFI,2000,0.9,0.6001090906160302,995,0.2242818200673815,0.2201005025125628
20260905T073818Z_e44d99bd,WE,ETH,gap_localOFI,5000,0.9,0.6001090906160302,627,0.3395913842462482,0.35406698564593303
20260905T073818Z_e44d99bd,WE,ETH,gap_localOFI,10000,0.9,0.6001090906160302,448,0.4925848113817239,0.4642857142857143
20260905T073818Z_e44d99bd,WE,ETH,gap_localOFI,30000,0.9,0.6001090906160302,272,0.7324805524314949,0.6139705882352942
20260905T073818Z_e44d99bd,WE,ETH,gap_localOFI,1000,0.95,0.7334299514548669,730,0.22106642188916895,0.1863013698630137
20260905T073818Z_e44d99bd,WE,ETH,gap_localOFI,2000,0.95,0.7334299514548669,534,0.29968099569961437,0.2602996254681648
20260905T073818Z_e44d99bd,WE,ETH,gap_localOFI,5000,0.95,0.7334299514548669,359,0.501248711600962,0.415041782729805
20260905T073818Z_e44d99bd,WE,ETH,gap_localOFI,10000,0.95,0.7334299514548669,274,0.689825768564445,0.5109489051094891
20260905T073818Z_e44d99bd,WE,ETH,gap_localOFI,30000,0.95,0.7334299514548669,187,0.8114811890195474,0.6363636363636364
20260905T073818Z_e44d99bd,WE,ETH,gap_localTrade,1000,0.8,0.46097091006913626,692,0.27887742489632217,0.22109826589595374
20260905T073818Z_e44d99bd,WE,ETH,gap_localTrade,2000,0.8,0.46097091006913626,617,0.33079875696769157,0.29983792544570503
20260905T073818Z_e44d99bd,WE,ETH,gap_localTrade,5000,0.8,0.46097091006913626,491,0.47453080633839945,0.4134419551934827
20260905T073818Z_e44d99bd,WE,ETH,gap_localTrade,10000,0.8,0.46097091006913626,389,0.5964074383338033,0.5012853470437018
20260905T073818Z_e44d99bd,WE,ETH,gap_localTrade,30000,0.8,0.46097091006913626,252,0.6880032699053881,0.5952380952380952
20260905T073818Z_e44d99bd,WE,ETH,gap_localTrade,1000,0.9,0.6001090906160302,387,0.41369684495129316,0.25839793281653745
20260905T073818Z_e44d99bd,WE,ETH,gap_localTrade,2000,0.9,0.6001090906160302,353,0.4604664300898859,0.3314447592067989
20260905T073818Z_e44d99bd,WE,ETH,gap_localTrade,5000,0.9,0.6001090906160302,289,0.6075293642608443,0.43252595155709345
20260905T073818Z_e44d99bd,WE,ETH,gap_localTrade,10000,0.9,0.6001090906160302,238,0.8310464123936785,0.5336134453781513
20260905T073818Z_e44d99bd,WE,ETH,gap_localTrade,30000,0.9,0.6001090906160302,163,0.9345371194142824,0.6012269938650306
20260905T073818Z_e44d99bd,WE,ETH,gap_localTrade,1000,0.95,0.7334299514548669,234,0.5861443155284175,0.3247863247863248
20260905T073818Z_e44d99bd,WE,ETH,gap_localTrade,2000,0.95,0.7334299514548669,215,0.6843331860104527,0.3953488372093023
20260905T073818Z_e44d99bd,WE,ETH,gap_localTrade,5000,0.95,0.7334299514548669,180,0.8617730711880878,0.5111111111111111
20260905T073818Z_e44d99bd,WE,ETH,gap_localTrade,10000,0.95,0.7334299514548669,150,1.1650760883353057,0.5866666666666667
20260905T073818Z_e44d99bd,WE,ETH,gap_localTrade,30000,0.95,0.7334299514548669,116,1.2117846647103552,0.6551724137931034
20260905T073818Z_e44d99bd,WE,ETH,leader1000_extOFI,1000,0.8,0.051981188963249256,4923,0.07156191752067363,0.12350192971765184
20260905T073818Z_e44d99bd,WE,ETH,leader1000_extOFI,2000,0.8,0.051981188963249256,3534,0.10240457984321884,0.1839275608375778
20260905T073818Z_e44d99bd,WE,ETH,leader1000_extOFI,5000,0.8,0.051981188963249256,2201,0.14231668108740453,0.2980463425715584
20260905T073818Z_e44d99bd,WE,ETH,leader1000_extOFI,10000,0.8,0.051981188963249256,1390,0.20063947801685508,0.3712230215827338
20260905T073818Z_e44d99bd,WE,ETH,leader1000_extOFI,30000,0.8,0.051981188963249256,583,0.1106158559826386,0.4391080617495712
20260905T073818Z_e44d99bd,WE,ETH,leader1000_extOFI,1000,0.9,0.19306297935555222,2463,0.13264329573800285,0.17377182298010557
20260905T073818Z_e44d99bd,WE,ETH,leader1000_extOFI,2000,0.9,0.19306297935555222,1999,0.16642936799852762,0.23611805902951477
20260905T073818Z_e44d99bd,WE,ETH,leader1000_extOFI,5000,0.9,0.19306297935555222,1426,0.23444448113281321,0.3506311360448808
20260905T073818Z_e44d99bd,WE,ETH,leader1000_extOFI,10000,0.9,0.19306297935555222,1002,0.32909404294489203,0.4301397205588822
20260905T073818Z_e44d99bd,WE,ETH,leader1000_extOFI,30000,0.9,0.19306297935555222,487,0.22637558273087577,0.5092402464065708
20260905T073818Z_e44d99bd,WE,ETH,leader1000_extOFI,1000,0.95,0.4057818296032197,1296,0.18439878417981306,0.19212962962962962
20260905T073818Z_e44d99bd,WE,ETH,leader1000_extOFI,2000,0.95,0.4057818296032197,1137,0.22871925432199963,0.2559366754617414
20260905T073818Z_e44d99bd,WE,ETH,leader1000_extOFI,5000,0.95,0.4057818296032197,917,0.27970358701012293,0.3718647764449291
20260905T073818Z_e44d99bd,WE,ETH,leader1000_extOFI,10000,0.95,0.4057818296032197,709,0.3506085178456688,0.44851904090267986
20260905T073818Z_e44d99bd,WE,ETH,leader1000_extOFI,30000,0.95,0.4057818296032197,397,0.38787234378237206,0.5516372795969773
20260906T054317Z_7973d176,WE,BTC,depthBoth,1000,0.8,0.7980465871788173,2582,0.12412111001074676,0.18435321456235476
20260906T054317Z_7973d176,WE,BTC,depthBoth,2000,0.8,0.7980465871788173,1545,0.21183005744542624,0.2867313915857605
20260906T054317Z_7973d176,WE,BTC,depthBoth,5000,0.8,0.7980465871788173,833,0.37132351760911636,0.4417767106842737
20260906T054317Z_7973d176,WE,BTC,depthBoth,10000,0.8,0.7980465871788173,540,0.4754001672629735,0.5407407407407407
20260906T054317Z_7973d176,WE,BTC,depthBoth,30000,0.8,0.7980465871788173,257,0.7012379967429474,0.642023346303502
20260906T054317Z_7973d176,WE,BTC,depthBoth,1000,0.9,0.8905499896187843,1480,0.17297641835830144,0.24527027027027026
20260906T054317Z_7973d176,WE,BTC,depthBoth,2000,0.9,0.8905499896187843,965,0.28631020287298437,0.35647668393782384
20260906T054317Z_7973d176,WE,BTC,depthBoth,5000,0.9,0.8905499896187843,578,0.4968634213694359,0.5242214532871973
20260906T054317Z_7973d176,WE,BTC,depthBoth,10000,0.9,0.8905499896187843,405,0.643207431932337,0.6246913580246913
20260906T054317Z_7973d176,WE,BTC,depthBoth,30000,0.9,0.8905499896187843,218,0.7281388188605746,0.7018348623853211
20260906T054317Z_7973d176,WE,BTC,depthBoth,1000,0.95,0.9556576421225684,818,0.21363429512503077,0.30073349633251834
20260906T054317Z_7973d176,WE,BTC,depthBoth,2000,0.95,0.9556576421225684,565,0.3538717494804076,0.4176991150442478
20260906T054317Z_7973d176,WE,BTC,depthBoth,5000,0.95,0.9556576421225684,373,0.5987410467969725,0.5844504021447721
20260906T054317Z_7973d176,WE,BTC,depthBoth,10000,0.95,0.9556576421225684,286,0.6794263107514756,0.6363636363636364
20260906T054317Z_7973d176,WE,BTC,depthBoth,30000,0.95,0.9556576421225684,180,0.9574517028217541,0.7444444444444445
20260906T054317Z_7973d176,WE,BTC,depthL1_extOFI,1000,0.8,0.7927645429983412,2459,0.12772584576662352,0.19235461569743798
20260906T054317Z_7973d176,WE,BTC,depthL1_extOFI,2000,0.8,0.7927645429983412,1530,0.21651323249000617,0.2954248366013072
20260906T054317Z_7973d176,WE,BTC,depthL1_extOFI,5000,0.8,0.7927645429983412,844,0.36366399627415297,0.4372037914691943
20260906T054317Z_7973d176,WE,BTC,depthL1_extOFI,10000,0.8,0.7927645429983412,545,0.5118930044136206,0.5431192660550459
20260906T054317Z_7973d176,WE,BTC,depthL1_extOFI,30000,0.8,0.7927645429983412,258,0.6663664845568118,0.6511627906976745
20260906T054317Z_7973d176,WE,BTC,depthL1_extOFI,1000,0.9,0.8952662343229791,1423,0.17935036366795346,0.2550948699929726
20260906T054317Z_7973d176,WE,BTC,depthL1_extOFI,2000,0.9,0.8952662343229791,951,0.2915252188442399,0.3617245005257624
20260906T054317Z_7973d176,WE,BTC,depthL1_extOFI,5000,0.9,0.8952662343229791,580,0.49249998938146466,0.5275862068965518
20260906T054317Z_7973d176,WE,BTC,depthL1_extOFI,10000,0.9,0.8952662343229791,404,0.6486759939173401,0.6287128712871287
20260906T054317Z_7973d176,WE,BTC,depthL1_extOFI,30000,0.9,0.8952662343229791,220,0.7779155469067526,0.7181818181818181
20260906T054317Z_7973d176,WE,BTC,depthL1_extOFI,1000,0.95,0.9608848990060918,795,0.21857145887426357,0.30943396226415093
20260906T054317Z_7973d176,WE,BTC,depthL1_extOFI,2000,0.95,0.9608848990060918,561,0.34411879325640177,0.42602495543672014
20260906T054317Z_7973d176,WE,BTC,depthL1_extOFI,5000,0.95,0.9608848990060918,374,0.5937332584807735,0.5935828877005348
20260906T054317Z_7973d176,WE,BTC,depthL1_extOFI,10000,0.95,0.9608848990060918,290,0.631083381681221,0.6586206896551724
20260906T054317Z_7973d176,WE,BTC,depthL1_extOFI,30000,0.95,0.9608848990060918,180,0.877483870083738,0.7555555555555555
20260906T054317Z_7973d176,WE,BTC,gap_depthBoth,1000,0.8,0.3836690880136829,1790,0.10912741737091534,0.1318435754189944
20260906T054317Z_7973d176,WE,BTC,gap_depthBoth,2000,0.8,0.3836690880136829,1018,0.19617482426714436,0.2220039292730845
20260906T054317Z_7973d176,WE,BTC,gap_depthBoth,5000,0.8,0.3836690880136829,538,0.2977076525478314,0.3643122676579926
20260906T054317Z_7973d176,WE,BTC,gap_depthBoth,10000,0.8,0.3836690880136829,338,0.440364048338802,0.46153846153846156
20260906T054317Z_7973d176,WE,BTC,gap_depthBoth,30000,0.8,0.3836690880136829,177,0.4310020348001741,0.5819209039548022
20260906T054317Z_7973d176,WE,BTC,gap_depthBoth,1000,0.9,0.48794814540598086,958,0.16164190377942184,0.174321503131524
20260906T054317Z_7973d176,WE,BTC,gap_depthBoth,2000,0.9,0.48794814540598086,565,0.2590741186787672,0.2743362831858407
20260906T054317Z_7973d176,WE,BTC,gap_depthBoth,5000,0.9,0.48794814540598086,320,0.3782875739407479,0.43125
20260906T054317Z_7973d176,WE,BTC,gap_depthBoth,10000,0.9,0.48794814540598086,220,0.5975583757875759,0.5363636363636364
20260906T054317Z_7973d176,WE,BTC,gap_depthBoth,30000,0.9,0.48794814540598086,134,0.5160559330904243,0.582089552238806
20260906T054317Z_7973d176,WE,BTC,gap_depthBoth,1000,0.95,0.6024408985386142,534,0.18544834894472476,0.18352059925093633
20260906T054317Z_7973d176,WE,BTC,gap_depthBoth,2000,0.95,0.6024408985386142,324,0.3245352248122451,0.2962962962962963
20260906T054317Z_7973d176,WE,BTC,gap_depthBoth,5000,0.95,0.6024408985386142,192,0.5506910113883065,0.453125
20260906T054317Z_7973d176,WE,BTC,gap_depthBoth,10000,0.95,0.6024408985386142,142,0.5815893949547468,0.528169014084507
20260906T054317Z_7973d176,WE,BTC,gap_depthBoth,30000,0.95,0.6024408985386142,92,0.5696115635103198,0.5869565217391305
20260906T054317Z_7973d176,WE,BTC,gap_depthL1,1000,0.8,0.3836690880136829,1844,0.10498403440665098,0.12906724511930587
20260906T054317Z_7973d176,WE,BTC,gap_depthL1,2000,0.8,0.3836690880136829,1049,0.1821419710348968,0.21544327931363202
20260906T054317Z_7973d176,WE,BTC,gap_depthL1,5000,0.8,0.3836690880136829,548,0.28373429967378827,0.354014598540146
20260906T054317Z_7973d176,WE,BTC,gap_depthL1,10000,0.8,0.3836690880136829,345,0.4375522451638634,0.4492753623188406
20260906T054317Z_7973d176,WE,BTC,gap_depthL1,30000,0.8,0.3836690880136829,178,0.42667397469991536,0.5730337078651685
20260906T054317Z_7973d176,WE,BTC,gap_depthL1,1000,0.9,0.48794814540598086,984,0.15606764624381947,0.1717479674796748
20260906T054317Z_7973d176,WE,BTC,gap_depthL1,2000,0.9,0.48794814540598086,577,0.24512152200925866,0.268630849220104
20260906T054317Z_7973d176,WE,BTC,gap_depthL1,5000,0.9,0.48794814540598086,322,0.36897509260593514,0.4254658385093168
20260906T054317Z_7973d176,WE,BTC,gap_depthL1,10000,0.9,0.48794814540598086,222,0.5890429557190533,0.527027027027027
20260906T054317Z_7973d176,WE,BTC,gap_depthL1,30000,0.9,0.48794814540598086,135,0.5144563677066968,0.5777777777777777
20260906T054317Z_7973d176,WE,BTC,gap_depthL1,1000,0.95,0.6024408985386142,548,0.1817546343955865,0.18248175182481752
20260906T054317Z_7973d176,WE,BTC,gap_depthL1,2000,0.95,0.6024408985386142,333,0.31808788544686756,0.29429429429429427
20260906T054317Z_7973d176,WE,BTC,gap_depthL1,5000,0.95,0.6024408985386142,196,0.5526961598392444,0.45408163265306123
20260906T054317Z_7973d176,WE,BTC,gap_depthL1,10000,0.95,0.6024408985386142,146,0.5757626705318997,0.5342465753424658
20260906T054317Z_7973d176,WE,BTC,gap_depthL1,30000,0.95,0.6024408985386142,92,0.5286346367766973,0.5869565217391305
20260906T054317Z_7973d176,WE,BTC,gap_depth_extOFI,1000,0.8,0.3836690880136829,1657,0.10868423624621444,0.13699456849728425
20260906T054317Z_7973d176,WE,BTC,gap_depth_extOFI,2000,0.8,0.3836690880136829,980,0.18520677864513102,0.22142857142857142
20260906T054317Z_7973d176,WE,BTC,gap_depth_extOFI,5000,0.8,0.3836690880136829,531,0.28710581276674507,0.3615819209039548
20260906T054317Z_7973d176,WE,BTC,gap_depth_extOFI,10000,0.8,0.3836690880136829,338,0.459962085635972,0.4556213017751479
20260906T054317Z_7973d176,WE,BTC,gap_depth_extOFI,30000,0.8,0.3836690880136829,175,0.4374240130690128,0.5828571428571429
20260906T054317Z_7973d176,WE,BTC,gap_depth_extOFI,1000,0.9,0.48794814540598086,875,0.15205195740540856,0.17485714285714285
20260906T054317Z_7973d176,WE,BTC,gap_depth_extOFI,2000,0.9,0.48794814540598086,533,0.25493652674734885,0.27392120075046905
20260906T054317Z_7973d176,WE,BTC,gap_depth_extOFI,5000,0.9,0.48794814540598086,307,0.3878015104405534,0.43973941368078173
20260906T054317Z_7973d176,WE,BTC,gap_depth_extOFI,10000,0.9,0.48794814540598086,216,0.618962836251482,0.5370370370370371
20260906T054317Z_7973d176,WE,BTC,gap_depth_extOFI,30000,0.9,0.48794814540598086,132,0.6285244179054034,0.5984848484848485
20260906T054317Z_7973d176,WE,BTC,gap_depth_extOFI,1000,0.95,0.6024408985386142,478,0.17589541907101852,0.18619246861924685
20260906T054317Z_7973d176,WE,BTC,gap_depth_extOFI,2000,0.95,0.6024408985386142,301,0.3258855582649588,0.29900332225913623
20260906T054317Z_7973d176,WE,BTC,gap_depth_extOFI,5000,0.95,0.6024408985386142,182,0.5195041290545986,0.45604395604395603
20260906T054317Z_7973d176,WE,BTC,gap_depth_extOFI,10000,0.95,0.6024408985386142,138,0.6216127777623378,0.5507246376811594
20260906T054317Z_7973d176,WE,BTC,gap_depth_extOFI,30000,0.95,0.6024408985386142,90,0.5515448855855628,0.6111111111111112
20260906T054317Z_7973d176,WE,BTC,gap_extOFI,1000,0.8,0.3836690880136829,2055,0.07600697049402613,0.11532846715328467
20260906T054317Z_7973d176,WE,BTC,gap_extOFI,2000,0.8,0.3836690880136829,1195,0.1274196707583703,0.1907949790794979
20260906T054317Z_7973d176,WE,BTC,gap_extOFI,5000,0.8,0.3836690880136829,619,0.20979446084803582,0.3150242326332795
20260906T054317Z_7973d176,WE,BTC,gap_extOFI,10000,0.8,0.3836690880136829,380,0.3846572058277401,0.4263157894736842
20260906T054317Z_7973d176,WE,BTC,gap_extOFI,30000,0.8,0.3836690880136829,187,0.3622716927671997,0.5347593582887701
20260906T054317Z_7973d176,WE,BTC,gap_extOFI,1000,0.9,0.48794814540598086,1070,0.13647748526100656,0.15700934579439252
20260906T054317Z_7973d176,WE,BTC,gap_extOFI,2000,0.9,0.48794814540598086,642,0.23014200196403453,0.2523364485981308
20260906T054317Z_7973d176,WE,BTC,gap_extOFI,5000,0.9,0.48794814540598086,360,0.3932081613645579,0.4027777777777778
20260906T054317Z_7973d176,WE,BTC,gap_extOFI,10000,0.9,0.48794814540598086,248,0.5732572378391587,0.5120967741935484
20260906T054317Z_7973d176,WE,BTC,gap_extOFI,30000,0.9,0.48794814540598086,141,0.5399973994466889,0.574468085106383
20260906T054317Z_7973d176,WE,BTC,gap_extOFI,1000,0.95,0.6024408985386142,552,0.18780535968559023,0.18478260869565216
20260906T054317Z_7973d176,WE,BTC,gap_extOFI,2000,0.95,0.6024408985386142,347,0.32382515145969415,0.2910662824207493
20260906T054317Z_7973d176,WE,BTC,gap_extOFI,5000,0.95,0.6024408985386142,207,0.506694586198181,0.4396135265700483
20260906T054317Z_7973d176,WE,BTC,gap_extOFI,10000,0.95,0.6024408985386142,150,0.6637515845572906,0.5533333333333333
20260906T054317Z_7973d176,WE,BTC,gap_extOFI,30000,0.95,0.6024408985386142,96,0.5191032941662937,0.6041666666666666
20260906T054317Z_7973d176,WE,BTC,gap_leader1000,1000,0.8,0.3836690880136829,664,0.20260392453831594,0.2469879518072289
20260906T054317Z_7973d176,WE,BTC,gap_leader1000,2000,0.8,0.3836690880136829,571,0.2736403362984934,0.318739054290718
20260906T054317Z_7973d176,WE,BTC,gap_leader1000,5000,0.8,0.3836690880136829,422,0.3063833448067123,0.3933649289099526
20260906T054317Z_7973d176,WE,BTC,gap_leader1000,10000,0.8,0.3836690880136829,324,0.40021761157201086,0.4506172839506173
20260906T054317Z_7973d176,WE,BTC,gap_leader1000,30000,0.8,0.3836690880136829,180,0.3961084023843496,0.5666666666666667
20260906T054317Z_7973d176,WE,BTC,gap_leader1000,1000,0.9,0.48794814540598086,428,0.28556671064239897,0.29906542056074764
20260906T054317Z_7973d176,WE,BTC,gap_leader1000,2000,0.9,0.48794814540598086,379,0.387842899045041,0.3720316622691293
20260906T054317Z_7973d176,WE,BTC,gap_leader1000,5000,0.9,0.48794814540598086,287,0.46339936466211584,0.4529616724738676
20260906T054317Z_7973d176,WE,BTC,gap_leader1000,10000,0.9,0.48794814540598086,231,0.5839001630635102,0.5238095238095238
20260906T054317Z_7973d176,WE,BTC,gap_leader1000,30000,0.9,0.48794814540598086,142,0.4512093979871312,0.5774647887323944
20260906T054317Z_7973d176,WE,BTC,gap_leader1000,1000,0.95,0.6024408985386142,258,0.3607165533409035,0.32558139534883723
20260906T054317Z_7973d176,WE,BTC,gap_leader1000,2000,0.95,0.6024408985386142,233,0.470014591059104,0.41201716738197425
20260906T054317Z_7973d176,WE,BTC,gap_leader1000,5000,0.95,0.6024408985386142,184,0.5375344810090235,0.45652173913043476
20260906T054317Z_7973d176,WE,BTC,gap_leader1000,10000,0.95,0.6024408985386142,155,0.5409300965258425,0.5225806451612903
20260906T054317Z_7973d176,WE,BTC,gap_leader1000,30000,0.95,0.6024408985386142,105,0.39067589560108346,0.5904761904761905
20260906T054317Z_7973d176,WE,BTC,gap_localOFI,1000,0.8,0.3836690880136829,1664,0.09452216848766554,0.12439903846153846
20260906T054317Z_7973d176,WE,BTC,gap_localOFI,2000,0.8,0.3836690880136829,1036,0.12094012683349438,0.19401544401544402
20260906T054317Z_7973d176,WE,BTC,gap_localOFI,5000,0.8,0.3836690880136829,567,0.19539970307777532,0.32098765432098764
20260906T054317Z_7973d176,WE,BTC,gap_localOFI,10000,0.8,0.3836690880136829,361,0.3618320991287786,0.4182825484764543
20260906T054317Z_7973d176,WE,BTC,gap_localOFI,30000,0.8,0.3836690880136829,183,0.33817950643278405,0.546448087431694
20260906T054317Z_7973d176,WE,BTC,gap_localOFI,1000,0.9,0.48794814540598086,866,0.1436693002531196,0.1651270207852194
20260906T054317Z_7973d176,WE,BTC,gap_localOFI,2000,0.9,0.48794814540598086,568,0.15911873325232065,0.24295774647887325
20260906T054317Z_7973d176,WE,BTC,gap_localOFI,5000,0.9,0.48794814540598086,341,0.33700567354796723,0.40175953079178883
20260906T054317Z_7973d176,WE,BTC,gap_localOFI,10000,0.9,0.48794814540598086,234,0.5422407037110692,0.5
20260906T054317Z_7973d176,WE,BTC,gap_localOFI,30000,0.9,0.48794814540598086,139,0.5336174724133312,0.5683453237410072
20260906T054317Z_7973d176,WE,BTC,gap_localOFI,1000,0.95,0.6024408985386142,462,0.19642682367212388,0.18831168831168832
20260906T054317Z_7973d176,WE,BTC,gap_localOFI,2000,0.95,0.6024408985386142,310,0.2577455674130859,0.27419354838709675
20260906T054317Z_7973d176,WE,BTC,gap_localOFI,5000,0.95,0.6024408985386142,194,0.43857942356702334,0.42783505154639173
20260906T054317Z_7973d176,WE,BTC,gap_localOFI,10000,0.95,0.6024408985386142,146,0.46685398236153874,0.5068493150684932
20260906T054317Z_7973d176,WE,BTC,gap_localOFI,30000,0.95,0.6024408985386142,96,0.40555212742863284,0.5833333333333334
20260906T054317Z_7973d176,WE,BTC,gap_localTrade,1000,0.8,0.3836690880136829,608,0.21634941623107762,0.22697368421052633
20260906T054317Z_7973d176,WE,BTC,gap_localTrade,2000,0.8,0.3836690880136829,494,0.24248868038248989,0.2813765182186235
20260906T054317Z_7973d176,WE,BTC,gap_localTrade,5000,0.8,0.3836690880136829,349,0.42458672811219383,0.4068767908309456
20260906T054317Z_7973d176,WE,BTC,gap_localTrade,10000,0.8,0.3836690880136829,251,0.5344227449564325,0.5059760956175299
20260906T054317Z_7973d176,WE,BTC,gap_localTrade,30000,0.8,0.3836690880136829,147,0.3743979050026695,0.5782312925170068
20260906T054317Z_7973d176,WE,BTC,gap_localTrade,1000,0.9,0.48794814540598086,364,0.3124608901244498,0.2857142857142857
20260906T054317Z_7973d176,WE,BTC,gap_localTrade,2000,0.9,0.48794814540598086,295,0.36763678970276037,0.34915254237288135
20260906T054317Z_7973d176,WE,BTC,gap_localTrade,5000,0.9,0.48794814540598086,218,0.555334888505711,0.47706422018348627
20260906T054317Z_7973d176,WE,BTC,gap_localTrade,10000,0.9,0.48794814540598086,170,0.6339398779877405,0.5588235294117647
20260906T054317Z_7973d176,WE,BTC,gap_localTrade,30000,0.9,0.48794814540598086,111,0.45856614160968395,0.5675675675675675
20260906T054317Z_7973d176,WE,BTC,gap_localTrade,1000,0.95,0.6024408985386142,214,0.38941329886921067,0.308411214953271
20260906T054317Z_7973d176,WE,BTC,gap_localTrade,2000,0.95,0.6024408985386142,179,0.5250376234003079,0.36312849162011174
20260906T054317Z_7973d176,WE,BTC,gap_localTrade,5000,0.95,0.6024408985386142,135,0.6993618583130367,0.5111111111111111
20260906T054317Z_7973d176,WE,BTC,gap_localTrade,10000,0.95,0.6024408985386142,108,0.7907769463235673,0.5555555555555556
20260906T054317Z_7973d176,WE,BTC,gap_localTrade,30000,0.95,0.6024408985386142,76,0.5232318328109177,0.6052631578947368
20260906T054317Z_7973d176,WE,BTC,leader1000_extOFI,1000,0.8,0.011949591915508323,2513,0.07825009057431351,0.1392757660167131
20260906T054317Z_7973d176,WE,BTC,leader1000_extOFI,2000,0.8,0.011949591915508323,1731,0.11711952287351926,0.2050837666088966
20260906T054317Z_7973d176,WE,BTC,leader1000_extOFI,5000,0.8,0.011949591915508323,1069,0.1969519933912114,0.29186155285313375
20260906T054317Z_7973d176,WE,BTC,leader1000_extOFI,10000,0.8,0.011949591915508323,678,0.2588536016318148,0.39233038348082594
20260906T054317Z_7973d176,WE,BTC,leader1000_extOFI,30000,0.8,0.011949591915508323,293,0.053135567264711504,0.447098976109215
20260906T054317Z_7973d176,WE,BTC,leader1000_extOFI,1000,0.9,0.15940232965257467,1258,0.12219216728996624,0.18839427662957076
20260906T054317Z_7973d176,WE,BTC,leader1000_extOFI,2000,0.9,0.15940232965257467,967,0.19136751928348406,0.26370217166494314
20260906T054317Z_7973d176,WE,BTC,leader1000_extOFI,5000,0.9,0.15940232965257467,658,0.22772616066532164,0.34498480243161095
20260906T054317Z_7973d176,WE,BTC,leader1000_extOFI,10000,0.9,0.15940232965257467,470,0.2838583560062035,0.4127659574468085
20260906T054317Z_7973d176,WE,BTC,leader1000_extOFI,30000,0.9,0.15940232965257467,235,0.20619329959315139,0.5148936170212766
20260906T054317Z_7973d176,WE,BTC,leader1000_extOFI,1000,0.95,0.33122651593354346,675,0.1812220688190875,0.21777777777777776
20260906T054317Z_7973d176,WE,BTC,leader1000_extOFI,2000,0.95,0.33122651593354346,562,0.24575786469186509,0.29359430604982206
20260906T054317Z_7973d176,WE,BTC,leader1000_extOFI,5000,0.95,0.33122651593354346,415,0.3431600183291859,0.4
20260906T054317Z_7973d176,WE,BTC,leader1000_extOFI,10000,0.95,0.33122651593354346,321,0.3570104539897717,0.4236760124610592
20260906T054317Z_7973d176,WE,BTC,leader1000_extOFI,30000,0.95,0.33122651593354346,186,0.13349753671692102,0.45161290322580644
20260906T054317Z_7973d176,WE,ETH,depthBoth,1000,0.8,0.7991575997379292,2844,0.21359369902801584,0.3055555555555556
20260906T054317Z_7973d176,WE,ETH,depthBoth,2000,0.8,0.7991575997379292,1841,0.28840391337377935,0.42585551330798477
20260906T054317Z_7973d176,WE,ETH,depthBoth,5000,0.8,0.7991575997379292,1071,0.4034031650888462,0.5499533146591971
20260906T054317Z_7973d176,WE,ETH,depthBoth,10000,0.8,0.7991575997379292,683,0.5081467894506487,0.6178623718887262
20260906T054317Z_7973d176,WE,ETH,depthBoth,30000,0.8,0.7991575997379292,294,0.09671889102901263,0.5816326530612245
20260906T054317Z_7973d176,WE,ETH,depthBoth,1000,0.9,0.8834554562371852,1674,0.2528330258018478,0.3482676224611708
20260906T054317Z_7973d176,WE,ETH,depthBoth,2000,0.9,0.8834554562371852,1177,0.3416064471056079,0.47068819031435855
20260906T054317Z_7973d176,WE,ETH,depthBoth,5000,0.9,0.8834554562371852,766,0.4567316112638194,0.5639686684073107
20260906T054317Z_7973d176,WE,ETH,depthBoth,10000,0.9,0.8834554562371852,530,0.49352600845339656,0.6245283018867924
20260906T054317Z_7973d176,WE,ETH,depthBoth,30000,0.9,0.8834554562371852,254,0.7222899776171485,0.6417322834645669
20260906T054317Z_7973d176,WE,ETH,depthBoth,1000,0.95,0.9295610311624244,973,0.2718715596575284,0.3864337101747174
20260906T054317Z_7973d176,WE,ETH,depthBoth,2000,0.95,0.9295610311624244,733,0.36842071721102054,0.5102319236016372
20260906T054317Z_7973d176,WE,ETH,depthBoth,5000,0.95,0.9295610311624244,521,0.43450924387772466,0.5969289827255279
20260906T054317Z_7973d176,WE,ETH,depthBoth,10000,0.95,0.9295610311624244,390,0.49074114922564893,0.6128205128205129
20260906T054317Z_7973d176,WE,ETH,depthBoth,30000,0.95,0.9295610311624244,212,0.653198483649406,0.6132075471698113
20260906T054317Z_7973d176,WE,ETH,depthL1_extOFI,1000,0.8,0.8608752919280224,2842,0.22421435579567917,0.33004926108374383
20260906T054317Z_7973d176,WE,ETH,depthL1_extOFI,2000,0.8,0.8608752919280224,1897,0.323410786458,0.4443858724301529
20260906T054317Z_7973d176,WE,ETH,depthL1_extOFI,5000,0.8,0.8608752919280224,1092,0.4865526492534036,0.576007326007326
20260906T054317Z_7973d176,WE,ETH,depthL1_extOFI,10000,0.8,0.8608752919280224,695,0.528455901155556,0.6172661870503597
20260906T054317Z_7973d176,WE,ETH,depthL1_extOFI,30000,0.8,0.8608752919280224,299,0.537826492205105,0.5819397993311036
20260906T054317Z_7973d176,WE,ETH,depthL1_extOFI,1000,0.9,0.9376136061065806,1662,0.25252390408566505,0.3724428399518652
20260906T054317Z_7973d176,WE,ETH,depthL1_extOFI,2000,0.9,0.9376136061065806,1189,0.35722212410751797,0.49369217830109335
20260906T054317Z_7973d176,WE,ETH,depthL1_extOFI,5000,0.9,0.9376136061065806,762,0.5068617625846012,0.6076115485564304
20260906T054317Z_7973d176,WE,ETH,depthL1_extOFI,10000,0.9,0.9376136061065806,530,0.5379850909446926,0.6245283018867924
20260906T054317Z_7973d176,WE,ETH,depthL1_extOFI,30000,0.9,0.9376136061065806,258,0.5203498670208714,0.5891472868217055
20260906T054317Z_7973d176,WE,ETH,depthL1_extOFI,1000,0.95,0.9760154686249757,944,0.26699854624403363,0.4184322033898305
20260906T054317Z_7973d176,WE,ETH,depthL1_extOFI,2000,0.95,0.9760154686249757,713,0.3753179056798963,0.5301542776998598
20260906T054317Z_7973d176,WE,ETH,depthL1_extOFI,5000,0.95,0.9760154686249757,516,0.5285185096831372,0.6414728682170543
20260906T054317Z_7973d176,WE,ETH,depthL1_extOFI,10000,0.95,0.9760154686249757,395,0.6115610488851216,0.6354430379746835
20260906T054317Z_7973d176,WE,ETH,depthL1_extOFI,30000,0.95,0.9760154686249757,217,0.5228956630466856,0.6082949308755761
20260906T054317Z_7973d176,WE,ETH,gap_depthBoth,1000,0.8,0.5114591125141567,1870,0.2200360166226119,0.2647058823529412
20260906T054317Z_7973d176,WE,ETH,gap_depthBoth,2000,0.8,0.5114591125141567,1164,0.30825957194877984,0.38745704467353953
20260906T054317Z_7973d176,WE,ETH,gap_depthBoth,5000,0.8,0.5114591125141567,684,0.3721539124458861,0.5233918128654971
20260906T054317Z_7973d176,WE,ETH,gap_depthBoth,10000,0.8,0.5114591125141567,458,0.3595248624930666,0.5698689956331878
20260906T054317Z_7973d176,WE,ETH,gap_depthBoth,30000,0.8,0.5114591125141567,236,0.5203566755704045,0.6398305084745762
20260906T054317Z_7973d176,WE,ETH,gap_depthBoth,1000,0.9,0.6574494137936426,1026,0.2759820622361879,0.3050682261208577
20260906T054317Z_7973d176,WE,ETH,gap_depthBoth,2000,0.9,0.6574494137936426,674,0.370345911343193,0.4198813056379822
20260906T054317Z_7973d176,WE,ETH,gap_depthBoth,5000,0.9,0.6574494137936426,434,0.4373820783087369,0.5691244239631337
20260906T054317Z_7973d176,WE,ETH,gap_depthBoth,10000,0.9,0.6574494137936426,323,0.644944344249599,0.6377708978328174
20260906T054317Z_7973d176,WE,ETH,gap_depthBoth,30000,0.9,0.6574494137936426,189,0.6770116031295219,0.6507936507936508
20260906T054317Z_7973d176,WE,ETH,gap_depthBoth,1000,0.95,0.8004838364916721,572,0.37437723469213613,0.3531468531468531
20260906T054317Z_7973d176,WE,ETH,gap_depthBoth,2000,0.95,0.8004838364916721,392,0.5627710122502064,0.47959183673469385
20260906T054317Z_7973d176,WE,ETH,gap_depthBoth,5000,0.95,0.8004838364916721,273,0.5305410924743226,0.6043956043956044
20260906T054317Z_7973d176,WE,ETH,gap_depthBoth,10000,0.95,0.8004838364916721,216,0.7360688301366424,0.6435185185185185
20260906T054317Z_7973d176,WE,ETH,gap_depthBoth,30000,0.95,0.8004838364916721,138,0.4800963961796622,0.6231884057971014
20260906T054317Z_7973d176,WE,ETH,gap_depthL1,1000,0.8,0.5114591125141567,2076,0.20958719197605416,0.2543352601156069
20260906T054317Z_7973d176,WE,ETH,gap_depthL1,2000,0.8,0.5114591125141567,1276,0.2974676365019891,0.3777429467084639
20260906T054317Z_7973d176,WE,ETH,gap_depthL1,5000,0.8,0.5114591125141567,727,0.30884145923424955,0.5103163686382394
20260906T054317Z_7973d176,WE,ETH,gap_depthL1,10000,0.8,0.5114591125141567,479,0.5403682674555285,0.5782881002087683
20260906T054317Z_7973d176,WE,ETH,gap_depthL1,30000,0.8,0.5114591125141567,243,0.5205336677040473,0.6255144032921811
20260906T054317Z_7973d176,WE,ETH,gap_depthL1,1000,0.9,0.6574494137936426,1135,0.2725451942759282,0.2933920704845815
20260906T054317Z_7973d176,WE,ETH,gap_depthL1,2000,0.9,0.6574494137936426,731,0.3711638605624299,0.4103967168262654
20260906T054317Z_7973d176,WE,ETH,gap_depthL1,5000,0.9,0.6574494137936426,461,0.42513176703910815,0.5661605206073753
20260906T054317Z_7973d176,WE,ETH,gap_depthL1,10000,0.9,0.6574494137936426,339,0.6075670734810169,0.6283185840707964
20260906T054317Z_7973d176,WE,ETH,gap_depthL1,30000,0.9,0.6574494137936426,195,0.6158634052016235,0.6410256410256411
20260906T054317Z_7973d176,WE,ETH,gap_depthL1,1000,0.95,0.8004838364916721,626,0.36991268795222143,0.33865814696485624
20260906T054317Z_7973d176,WE,ETH,gap_depthL1,2000,0.95,0.8004838364916721,417,0.566994179169541,0.4676258992805755
20260906T054317Z_7973d176,WE,ETH,gap_depthL1,5000,0.95,0.8004838364916721,285,0.538865765421564,0.5929824561403508
20260906T054317Z_7973d176,WE,ETH,gap_depthL1,10000,0.95,0.8004838364916721,222,0.7642279342032665,0.6351351351351351
20260906T054317Z_7973d176,WE,ETH,gap_depthL1,30000,0.95,0.8004838364916721,140,0.5293937490108568,0.6214285714285714
20260906T054317Z_7973d176,WE,ETH,gap_depth_extOFI,1000,0.8,0.5114591125141567,1838,0.22689852947630967,0.25952121871599565
20260906T054317Z_7973d176,WE,ETH,gap_depth_extOFI,2000,0.8,0.5114591125141567,1170,0.3336593200201371,0.3811965811965812
20260906T054317Z_7973d176,WE,ETH,gap_depth_extOFI,5000,0.8,0.5114591125141567,678,0.37960972087898665,0.528023598820059
20260906T054317Z_7973d176,WE,ETH,gap_depth_extOFI,10000,0.8,0.5114591125141567,457,0.5772138529434365,0.5951859956236324
20260906T054317Z_7973d176,WE,ETH,gap_depth_extOFI,30000,0.8,0.5114591125141567,238,0.5524519075215337,0.6386554621848739
20260906T054317Z_7973d176,WE,ETH,gap_depth_extOFI,1000,0.9,0.6574494137936426,990,0.29220898450267385,0.29292929292929293
20260906T054317Z_7973d176,WE,ETH,gap_depth_extOFI,2000,0.9,0.6574494137936426,651,0.3933318502651796,0.40706605222734255
20260906T054317Z_7973d176,WE,ETH,gap_depth_extOFI,5000,0.9,0.6574494137936426,416,0.4412002302770584,0.5649038461538461
20260906T054317Z_7973d176,WE,ETH,gap_depth_extOFI,10000,0.9,0.6574494137936426,313,0.6306867273352229,0.6261980830670927
20260906T054317Z_7973d176,WE,ETH,gap_depth_extOFI,30000,0.9,0.6574494137936426,185,0.6074744438513198,0.6486486486486487
20260906T054317Z_7973d176,WE,ETH,gap_depth_extOFI,1000,0.95,0.8004838364916721,537,0.42057122290633303,0.3463687150837989
20260906T054317Z_7973d176,WE,ETH,gap_depth_extOFI,2000,0.95,0.8004838364916721,370,0.6364954641484892,0.4648648648648649
20260906T054317Z_7973d176,WE,ETH,gap_depth_extOFI,5000,0.95,0.8004838364916721,255,0.5814609686591533,0.592156862745098
20260906T054317Z_7973d176,WE,ETH,gap_depth_extOFI,10000,0.95,0.8004838364916721,201,0.8231272856672922,0.6368159203980099
20260906T054317Z_7973d176,WE,ETH,gap_depth_extOFI,30000,0.95,0.8004838364916721,131,0.5749326445227805,0.6106870229007634
20260906T054317Z_7973d176,WE,ETH,gap_extOFI,1000,0.8,0.5114591125141567,2259,0.1883238913349164,0.22355024347056218
20260906T054317Z_7973d176,WE,ETH,gap_extOFI,2000,0.8,0.5114591125141567,1404,0.2658279572216838,0.34116809116809116
20260906T054317Z_7973d176,WE,ETH,gap_extOFI,5000,0.8,0.5114591125141567,782,0.37085946800165515,0.4820971867007673
20260906T054317Z_7973d176,WE,ETH,gap_extOFI,10000,0.8,0.5114591125141567,511,0.48980960758063397,0.5577299412915852
20260906T054317Z_7973d176,WE,ETH,gap_extOFI,30000,0.8,0.5114591125141567,248,0.45414459554869974,0.5967741935483871
20260906T054317Z_7973d176,WE,ETH,gap_extOFI,1000,0.9,0.6574494137936426,1185,0.27392382168062634,0.2616033755274262
20260906T054317Z_7973d176,WE,ETH,gap_extOFI,2000,0.9,0.6574494137936426,760,0.38394939983516085,0.3763157894736842
20260906T054317Z_7973d176,WE,ETH,gap_extOFI,5000,0.9,0.6574494137936426,474,0.5333765861360268,0.5316455696202531
20260906T054317Z_7973d176,WE,ETH,gap_extOFI,10000,0.9,0.6574494137936426,347,0.5118627319003296,0.5965417867435159
20260906T054317Z_7973d176,WE,ETH,gap_extOFI,30000,0.9,0.6574494137936426,196,1.1967639648314112,0.6275510204081632
20260906T054317Z_7973d176,WE,ETH,gap_extOFI,1000,0.95,0.8004838364916721,626,0.39323020740327425,0.3146964856230032
20260906T054317Z_7973d176,WE,ETH,gap_extOFI,2000,0.95,0.8004838364916721,418,0.6223737563682968,0.43779904306220097
20260906T054317Z_7973d176,WE,ETH,gap_extOFI,5000,0.95,0.8004838364916721,284,0.5493267724884855,0.5704225352112676
20260906T054317Z_7973d176,WE,ETH,gap_extOFI,10000,0.95,0.8004838364916721,217,0.9428336520561157,0.6267281105990783
20260906T054317Z_7973d176,WE,ETH,gap_extOFI,30000,0.95,0.8004838364916721,141,1.0702780381274124,0.6170212765957447
20260906T054317Z_7973d176,WE,ETH,gap_leader1000,1000,0.8,0.5114591125141567,1218,0.26875215184772105,0.3111658456486043
20260906T054317Z_7973d176,WE,ETH,gap_leader1000,2000,0.8,0.5114591125141567,1014,0.3375697154701402,0.398422090729783
20260906T054317Z_7973d176,WE,ETH,gap_leader1000,5000,0.8,0.5114591125141567,721,0.2630144531807822,0.4826629680998613
20260906T054317Z_7973d176,WE,ETH,gap_leader1000,10000,0.8,0.5114591125141567,502,0.3215803827070581,0.545816733067729
20260906T054317Z_7973d176,WE,ETH,gap_leader1000,30000,0.8,0.5114591125141567,249,0.2912102084740677,0.570281124497992
20260906T054317Z_7973d176,WE,ETH,gap_leader1000,1000,0.9,0.6574494137936426,734,0.3683511577412659,0.36103542234332425
20260906T054317Z_7973d176,WE,ETH,gap_leader1000,2000,0.9,0.6574494137936426,632,0.4713485192237881,0.44145569620253167
20260906T054317Z_7973d176,WE,ETH,gap_leader1000,5000,0.9,0.6574494137936426,482,0.4712479749532785,0.533195020746888
20260906T054317Z_7973d176,WE,ETH,gap_leader1000,10000,0.9,0.6574494137936426,375,0.4464757874066056,0.5946666666666667
20260906T054317Z_7973d176,WE,ETH,gap_leader1000,30000,0.9,0.6574494137936426,206,0.9519674972982951,0.5970873786407767
20260906T054317Z_7973d176,WE,ETH,gap_leader1000,1000,0.95,0.8004838364916721,443,0.536934530763806,0.43792325056433407
20260906T054317Z_7973d176,WE,ETH,gap_leader1000,2000,0.95,0.8004838364916721,376,0.7232290040497055,0.5132978723404256
20260906T054317Z_7973d176,WE,ETH,gap_leader1000,5000,0.95,0.8004838364916721,304,0.7109391977872654,0.5855263157894737
20260906T054317Z_7973d176,WE,ETH,gap_leader1000,10000,0.95,0.8004838364916721,244,0.5935754376356585,0.6147540983606558
20260906T054317Z_7973d176,WE,ETH,gap_leader1000,30000,0.95,0.8004838364916721,153,0.905555978740792,0.6013071895424836
20260906T054317Z_7973d176,WE,ETH,gap_localOFI,1000,0.8,0.5114591125141567,1785,0.1994465558507763,0.23977591036414567
20260906T054317Z_7973d176,WE,ETH,gap_localOFI,2000,0.8,0.5114591125141567,1227,0.2907622929650986,0.3480032599837001
20260906T054317Z_7973d176,WE,ETH,gap_localOFI,5000,0.8,0.5114591125141567,751,0.2864345079412013,0.4673768308921438
20260906T054317Z_7973d176,WE,ETH,gap_localOFI,10000,0.8,0.5114591125141567,502,0.4405789410517965,0.549800796812749
20260906T054317Z_7973d176,WE,ETH,gap_localOFI,30000,0.8,0.5114591125141567,246,0.5694444618089345,0.5813008130081301
20260906T054317Z_7973d176,WE,ETH,gap_localOFI,1000,0.9,0.6574494137936426,962,0.26429144602030913,0.27754677754677753
20260906T054317Z_7973d176,WE,ETH,gap_localOFI,2000,0.9,0.6574494137936426,684,0.38708970852830205,0.391812865497076
20260906T054317Z_7973d176,WE,ETH,gap_localOFI,5000,0.9,0.6574494137936426,453,0.4073527793095922,0.5011037527593819
20260906T054317Z_7973d176,WE,ETH,gap_localOFI,10000,0.9,0.6574494137936426,339,0.43227397132793655,0.5929203539823009
20260906T054317Z_7973d176,WE,ETH,gap_localOFI,30000,0.9,0.6574494137936426,196,1.2135357487562375,0.6224489795918368
20260906T054317Z_7973d176,WE,ETH,gap_localOFI,1000,0.95,0.8004838364916721,524,0.3890867221484603,0.3530534351145038
20260906T054317Z_7973d176,WE,ETH,gap_localOFI,2000,0.95,0.8004838364916721,377,0.6412578918388147,0.46419098143236076
20260906T054317Z_7973d176,WE,ETH,gap_localOFI,5000,0.95,0.8004838364916721,272,0.6088770823303006,0.5661764705882353
20260906T054317Z_7973d176,WE,ETH,gap_localOFI,10000,0.95,0.8004838364916721,216,0.628065555517845,0.625
20260906T054317Z_7973d176,WE,ETH,gap_localOFI,30000,0.95,0.8004838364916721,137,0.9429623817838653,0.6058394160583942
20260906T054317Z_7973d176,WE,ETH,gap_localTrade,1000,0.8,0.5114591125141567,717,0.3876647452552832,0.3389121338912134
20260906T054317Z_7973d176,WE,ETH,gap_localTrade,2000,0.8,0.5114591125141567,605,0.45129843069536274,0.43140495867768597
20260906T054317Z_7973d176,WE,ETH,gap_localTrade,5000,0.8,0.5114591125141567,444,0.49660451939766287,0.5292792792792793
20260906T054317Z_7973d176,WE,ETH,gap_localTrade,10000,0.8,0.5114591125141567,344,0.6176290247921586,0.5930232558139535
20260906T054317Z_7973d176,WE,ETH,gap_localTrade,30000,0.8,0.5114591125141567,194,0.7720714685991857,0.6082474226804123
20260906T054317Z_7973d176,WE,ETH,gap_localTrade,1000,0.9,0.6574494137936426,414,0.5595912354424608,0.38405797101449274
20260906T054317Z_7973d176,WE,ETH,gap_localTrade,2000,0.9,0.6574494137936426,352,0.5860949700268369,0.4602272727272727
20260906T054317Z_7973d176,WE,ETH,gap_localTrade,5000,0.9,0.6574494137936426,273,0.5006670631374487,0.5347985347985348
20260906T054317Z_7973d176,WE,ETH,gap_localTrade,10000,0.9,0.6574494137936426,220,0.6380883709295612,0.6181818181818182
20260906T054317Z_7973d176,WE,ETH,gap_localTrade,30000,0.9,0.6574494137936426,142,1.1558494936627477,0.6056338028169014
20260906T054317Z_7973d176,WE,ETH,gap_localTrade,1000,0.95,0.8004838364916721,253,0.7905614943523299,0.43873517786561267
20260906T054317Z_7973d176,WE,ETH,gap_localTrade,2000,0.95,0.8004838364916721,215,0.8949429988776612,0.5255813953488372
20260906T054317Z_7973d176,WE,ETH,gap_localTrade,5000,0.95,0.8004838364916721,176,0.6269778305540048,0.6022727272727273
20260906T054317Z_7973d176,WE,ETH,gap_localTrade,10000,0.95,0.8004838364916721,153,0.8947974251802193,0.6274509803921569
20260906T054317Z_7973d176,WE,ETH,gap_localTrade,30000,0.95,0.8004838364916721,105,0.9182272927199732,0.5619047619047619
20260906T054317Z_7973d176,WE,ETH,leader1000_extOFI,1000,0.8,0.20819010683646091,2496,0.1595665348439803,0.26001602564102566
20260906T054317Z_7973d176,WE,ETH,leader1000_extOFI,2000,0.8,0.20819010683646091,1816,0.1640040311813016,0.33590308370044053
20260906T054317Z_7973d176,WE,ETH,leader1000_extOFI,5000,0.8,0.20819010683646091,1126,0.18406297287318685,0.43872113676731794
20260906T054317Z_7973d176,WE,ETH,leader1000_extOFI,10000,0.8,0.20819010683646091,720,0.2438924013741692,0.4583333333333333
20260906T054317Z_7973d176,WE,ETH,leader1000_extOFI,30000,0.8,0.20819010683646091,302,0.7014917831707242,0.5397350993377483
20260906T054317Z_7973d176,WE,ETH,leader1000_extOFI,1000,0.9,0.44053458621712044,1427,0.1937261987576073,0.306937631394534
20260906T054317Z_7973d176,WE,ETH,leader1000_extOFI,2000,0.9,0.44053458621712044,1135,0.2138622550551854,0.3832599118942731
20260906T054317Z_7973d176,WE,ETH,leader1000_extOFI,5000,0.9,0.44053458621712044,797,0.36753973564335585,0.48431618569636137
20260906T054317Z_7973d176,WE,ETH,leader1000_extOFI,10000,0.9,0.44053458621712044,563,0.3157768832991311,0.4849023090586146
20260906T054317Z_7973d176,WE,ETH,leader1000_extOFI,30000,0.9,0.44053458621712044,267,-0.09740795048059483,0.5393258426966292
20260906T054317Z_7973d176,WE,ETH,leader1000_extOFI,1000,0.95,0.6460843985510052,806,0.3708144680580321,0.36600496277915634
20260906T054317Z_7973d176,WE,ETH,leader1000_extOFI,2000,0.95,0.6460843985510052,668,0.403912661926025,0.46107784431137727
20260906T054317Z_7973d176,WE,ETH,leader1000_extOFI,5000,0.95,0.6460843985510052,508,0.6676557123876536,0.5492125984251969
20260906T054317Z_7973d176,WE,ETH,leader1000_extOFI,10000,0.95,0.6460843985510052,396,0.6268446251134083,0.5606060606060606
20260906T054317Z_7973d176,WE,ETH,leader1000_extOFI,30000,0.95,0.6460843985510052,220,0.7619169868759273,0.5681818181818182
20260906T092548Z_d18fd1e3,WE,BTC,depthBoth,1000,0.8,0.7625171461703735,2508,0.08866813693274249,0.14354066985645933
20260906T092548Z_d18fd1e3,WE,BTC,depthBoth,2000,0.8,0.7625171461703735,1472,0.16118627822699425,0.23301630434782608
20260906T092548Z_d18fd1e3,WE,BTC,depthBoth,5000,0.8,0.7625171461703735,767,0.28412273166858004,0.3963494132985658
20260906T092548Z_d18fd1e3,WE,BTC,depthBoth,10000,0.8,0.7625171461703735,489,0.3890662803513682,0.49079754601226994
20260906T092548Z_d18fd1e3,WE,BTC,depthBoth,30000,0.8,0.7625171461703735,232,0.7210795836292335,0.6379310344827587
20260906T092548Z_d18fd1e3,WE,BTC,depthBoth,1000,0.9,0.8701163448843288,1411,0.1236576799686624,0.19489723600283487
20260906T092548Z_d18fd1e3,WE,BTC,depthBoth,2000,0.9,0.8701163448843288,886,0.20446888186207027,0.3002257336343115
20260906T092548Z_d18fd1e3,WE,BTC,depthBoth,5000,0.9,0.8701163448843288,511,0.330271385704886,0.4794520547945205
20260906T092548Z_d18fd1e3,WE,BTC,depthBoth,10000,0.9,0.8701163448843288,350,0.4593378890182851,0.5771428571428572
20260906T092548Z_d18fd1e3,WE,BTC,depthBoth,30000,0.9,0.8701163448843288,195,0.6716534523566183,0.6615384615384615
20260906T092548Z_d18fd1e3,WE,BTC,depthBoth,1000,0.95,0.9443457718198949,767,0.16196402840680915,0.23468057366362452
20260906T092548Z_d18fd1e3,WE,BTC,depthBoth,2000,0.95,0.9443457718198949,505,0.26468092116617653,0.35445544554455444
20260906T092548Z_d18fd1e3,WE,BTC,depthBoth,5000,0.95,0.9443457718198949,323,0.413164298045225,0.541795665634675
20260906T092548Z_d18fd1e3,WE,BTC,depthBoth,10000,0.95,0.9443457718198949,242,0.45234209622749827,0.6198347107438017
20260906T092548Z_d18fd1e3,WE,BTC,depthBoth,30000,0.95,0.9443457718198949,154,0.6143039948849015,0.6298701298701299
20260906T092548Z_d18fd1e3,WE,BTC,depthL1_extOFI,1000,0.8,0.7590653705520378,2330,0.09010418773378388,0.14763948497854076
20260906T092548Z_d18fd1e3,WE,BTC,depthL1_extOFI,2000,0.8,0.7590653705520378,1427,0.15944769777699155,0.24176594253679046
20260906T092548Z_d18fd1e3,WE,BTC,depthL1_extOFI,5000,0.8,0.7590653705520378,764,0.2774108052224643,0.39528795811518325
20260906T092548Z_d18fd1e3,WE,BTC,depthL1_extOFI,10000,0.8,0.7590653705520378,493,0.40740748436800583,0.4847870182555781
20260906T092548Z_d18fd1e3,WE,BTC,depthL1_extOFI,30000,0.8,0.7590653705520378,234,0.6802815837397788,0.6324786324786325
20260906T092548Z_d18fd1e3,WE,BTC,depthL1_extOFI,1000,0.9,0.8790426737657819,1327,0.12844015204431697,0.20346646571213264
20260906T092548Z_d18fd1e3,WE,BTC,depthL1_extOFI,2000,0.9,0.8790426737657819,858,0.21277693750612234,0.31585081585081587
20260906T092548Z_d18fd1e3,WE,BTC,depthL1_extOFI,5000,0.9,0.8790426737657819,517,0.32973378062814623,0.48549323017408125
20260906T092548Z_d18fd1e3,WE,BTC,depthL1_extOFI,10000,0.9,0.8790426737657819,353,0.46128613284942455,0.5779036827195467
20260906T092548Z_d18fd1e3,WE,BTC,depthL1_extOFI,30000,0.9,0.8790426737657819,192,0.5969701002575682,0.6458333333333334
20260906T092548Z_d18fd1e3,WE,BTC,depthL1_extOFI,1000,0.95,0.9566417940578297,723,0.16402939587717855,0.2572614107883817
20260906T092548Z_d18fd1e3,WE,BTC,depthL1_extOFI,2000,0.95,0.9566417940578297,491,0.26487873418690555,0.3869653767820774
20260906T092548Z_d18fd1e3,WE,BTC,depthL1_extOFI,5000,0.95,0.9566417940578297,321,0.39759221658970306,0.557632398753894
20260906T092548Z_d18fd1e3,WE,BTC,depthL1_extOFI,10000,0.95,0.9566417940578297,246,0.5022847929592315,0.6544715447154471
20260906T092548Z_d18fd1e3,WE,BTC,depthL1_extOFI,30000,0.95,0.9566417940578297,154,0.6746497465174067,0.6818181818181818
20260906T092548Z_d18fd1e3,WE,BTC,gap_depthBoth,1000,0.8,0.37221676286347544,1836,0.07124035795710565,0.0860566448801743
20260906T092548Z_d18fd1e3,WE,BTC,gap_depthBoth,2000,0.8,0.37221676286347544,1010,0.12465455454390273,0.1504950495049505
20260906T092548Z_d18fd1e3,WE,BTC,gap_depthBoth,5000,0.8,0.37221676286347544,493,0.23380385361930275,0.2880324543610548
20260906T092548Z_d18fd1e3,WE,BTC,gap_depthBoth,10000,0.8,0.37221676286347544,309,0.31932086470224813,0.3851132686084142
20260906T092548Z_d18fd1e3,WE,BTC,gap_depthBoth,30000,0.8,0.37221676286347544,157,0.5647208690205042,0.5031847133757962
20260906T092548Z_d18fd1e3,WE,BTC,gap_depthBoth,1000,0.9,0.49508223893912645,976,0.09648952293734797,0.09938524590163934
20260906T092548Z_d18fd1e3,WE,BTC,gap_depthBoth,2000,0.9,0.49508223893912645,546,0.17124310088045014,0.17216117216117216
20260906T092548Z_d18fd1e3,WE,BTC,gap_depthBoth,5000,0.9,0.49508223893912645,280,0.31855643715858534,0.31785714285714284
20260906T092548Z_d18fd1e3,WE,BTC,gap_depthBoth,10000,0.9,0.49508223893912645,185,0.3292271323516367,0.3945945945945946
20260906T092548Z_d18fd1e3,WE,BTC,gap_depthBoth,30000,0.9,0.49508223893912645,104,0.7156709572434595,0.5192307692307693
20260906T092548Z_d18fd1e3,WE,BTC,gap_depthBoth,1000,0.95,0.6087327266325872,539,0.12675177491542808,0.12059369202226346
20260906T092548Z_d18fd1e3,WE,BTC,gap_depthBoth,2000,0.95,0.6087327266325872,307,0.2250288481793919,0.21172638436482086
20260906T092548Z_d18fd1e3,WE,BTC,gap_depthBoth,5000,0.95,0.6087327266325872,164,0.3942998972982325,0.3719512195121951
20260906T092548Z_d18fd1e3,WE,BTC,gap_depthBoth,10000,0.95,0.6087327266325872,115,0.4932365837283434,0.4782608695652174
20260906T092548Z_d18fd1e3,WE,BTC,gap_depthBoth,30000,0.95,0.6087327266325872,75,0.6194944204278324,0.56
20260906T092548Z_d18fd1e3,WE,BTC,gap_depthL1,1000,0.8,0.37221676286347544,1866,0.0692024684082801,0.08520900321543408
20260906T092548Z_d18fd1e3,WE,BTC,gap_depthL1,2000,0.8,0.37221676286347544,1024,0.12239908849984585,0.1494140625
20260906T092548Z_d18fd1e3,WE,BTC,gap_depthL1,5000,0.8,0.37221676286347544,497,0.2293730422942071,0.2837022132796781
20260906T092548Z_d18fd1e3,WE,BTC,gap_depthL1,10000,0.8,0.37221676286347544,311,0.3174194103750853,0.38263665594855306
20260906T092548Z_d18fd1e3,WE,BTC,gap_depthL1,30000,0.8,0.37221676286347544,157,0.5319616723253686,0.4968152866242038
20260906T092548Z_d18fd1e3,WE,BTC,gap_depthL1,1000,0.9,0.49508223893912645,992,0.09232146454407542,0.09778225806451613
20260906T092548Z_d18fd1e3,WE,BTC,gap_depthL1,2000,0.9,0.49508223893912645,554,0.16671232208888695,0.17148014440433212
20260906T092548Z_d18fd1e3,WE,BTC,gap_depthL1,5000,0.9,0.49508223893912645,283,0.31879559400947366,0.31448763250883394
20260906T092548Z_d18fd1e3,WE,BTC,gap_depthL1,10000,0.9,0.49508223893912645,188,0.32941686268792425,0.3882978723404255
20260906T092548Z_d18fd1e3,WE,BTC,gap_depthL1,30000,0.9,0.49508223893912645,105,0.6331760813068632,0.5047619047619047
20260906T092548Z_d18fd1e3,WE,BTC,gap_depthL1,1000,0.95,0.6087327266325872,548,0.12003365864594139,0.12043795620437957
20260906T092548Z_d18fd1e3,WE,BTC,gap_depthL1,2000,0.95,0.6087327266325872,313,0.214276291263724,0.2108626198083067
20260906T092548Z_d18fd1e3,WE,BTC,gap_depthL1,5000,0.95,0.6087327266325872,168,0.3948835789762783,0.36904761904761907
20260906T092548Z_d18fd1e3,WE,BTC,gap_depthL1,10000,0.95,0.6087327266325872,117,0.4828755436480591,0.4700854700854701
20260906T092548Z_d18fd1e3,WE,BTC,gap_depthL1,30000,0.95,0.6087327266325872,76,0.5548736811602265,0.5526315789473685
20260906T092548Z_d18fd1e3,WE,BTC,gap_depth_extOFI,1000,0.8,0.37221676286347544,1684,0.07511288851197122,0.09085510688836104
20260906T092548Z_d18fd1e3,WE,BTC,gap_depth_extOFI,2000,0.8,0.37221676286347544,974,0.12904082336071013,0.15503080082135523
20260906T092548Z_d18fd1e3,WE,BTC,gap_depth_extOFI,5000,0.8,0.37221676286347544,485,0.23863492903120848,0.2865979381443299
20260906T092548Z_d18fd1e3,WE,BTC,gap_depth_extOFI,10000,0.8,0.37221676286347544,307,0.3426303283806513,0.3941368078175896
20260906T092548Z_d18fd1e3,WE,BTC,gap_depth_extOFI,30000,0.8,0.37221676286347544,156,0.5821351079257029,0.5
20260906T092548Z_d18fd1e3,WE,BTC,gap_depth_extOFI,1000,0.9,0.49508223893912645,896,0.09841415855509042,0.10602678571428571
20260906T092548Z_d18fd1e3,WE,BTC,gap_depth_extOFI,2000,0.9,0.49508223893912645,523,0.17513264476793797,0.17973231357552583
20260906T092548Z_d18fd1e3,WE,BTC,gap_depth_extOFI,5000,0.9,0.49508223893912645,271,0.3257438677287661,0.3210332103321033
20260906T092548Z_d18fd1e3,WE,BTC,gap_depth_extOFI,10000,0.9,0.49508223893912645,182,0.3656407141135644,0.41208791208791207
20260906T092548Z_d18fd1e3,WE,BTC,gap_depth_extOFI,30000,0.9,0.49508223893912645,103,0.7244294372973052,0.5242718446601942
20260906T092548Z_d18fd1e3,WE,BTC,gap_depth_extOFI,1000,0.95,0.6087327266325872,490,0.13556545206227094,0.1346938775510204
20260906T092548Z_d18fd1e3,WE,BTC,gap_depth_extOFI,2000,0.95,0.6087327266325872,291,0.22316025285748786,0.21649484536082475
20260906T092548Z_d18fd1e3,WE,BTC,gap_depth_extOFI,5000,0.95,0.6087327266325872,161,0.388579798299243,0.37267080745341613
20260906T092548Z_d18fd1e3,WE,BTC,gap_depth_extOFI,10000,0.95,0.6087327266325872,112,0.48432079920223103,0.4732142857142857
20260906T092548Z_d18fd1e3,WE,BTC,gap_depth_extOFI,30000,0.95,0.6087327266325872,73,0.46692626845667523,0.5616438356164384
20260906T092548Z_d18fd1e3,WE,BTC,gap_extOFI,1000,0.8,0.37221676286347544,2022,0.07918183910538891,0.0830860534124629
20260906T092548Z_d18fd1e3,WE,BTC,gap_extOFI,2000,0.8,0.37221676286347544,1162,0.1386631168940397,0.14113597246127366
20260906T092548Z_d18fd1e3,WE,BTC,gap_extOFI,5000,0.8,0.37221676286347544,577,0.23403418275286053,0.2564991334488735
20260906T092548Z_d18fd1e3,WE,BTC,gap_extOFI,10000,0.8,0.37221676286347544,355,0.31445726336317636,0.352112676056338
20260906T092548Z_d18fd1e3,WE,BTC,gap_extOFI,30000,0.8,0.37221676286347544,175,0.5154011171143998,0.4742857142857143
20260906T092548Z_d18fd1e3,WE,BTC,gap_extOFI,1000,0.9,0.49508223893912645,1031,0.11723297743368934,0.10475266731328807
20260906T092548Z_d18fd1e3,WE,BTC,gap_extOFI,2000,0.9,0.49508223893912645,602,0.20925413870953244,0.1760797342192691
20260906T092548Z_d18fd1e3,WE,BTC,gap_extOFI,5000,0.9,0.49508223893912645,311,0.34911043543674586,0.3022508038585209
20260906T092548Z_d18fd1e3,WE,BTC,gap_extOFI,10000,0.9,0.49508223893912645,212,0.37911270147080006,0.3867924528301887
20260906T092548Z_d18fd1e3,WE,BTC,gap_extOFI,30000,0.9,0.49508223893912645,124,0.6240646416833692,0.47580645161290325
20260906T092548Z_d18fd1e3,WE,BTC,gap_extOFI,1000,0.95,0.6087327266325872,528,0.18904544615060162,0.14583333333333334
20260906T092548Z_d18fd1e3,WE,BTC,gap_extOFI,2000,0.95,0.6087327266325872,314,0.317848185928392,0.23248407643312102
20260906T092548Z_d18fd1e3,WE,BTC,gap_extOFI,5000,0.95,0.6087327266325872,177,0.5293491777623582,0.384180790960452
20260906T092548Z_d18fd1e3,WE,BTC,gap_extOFI,10000,0.95,0.6087327266325872,126,0.589708813382496,0.48412698412698413
20260906T092548Z_d18fd1e3,WE,BTC,gap_extOFI,30000,0.95,0.6087327266325872,84,0.558603895776572,0.5714285714285714
20260906T092548Z_d18fd1e3,WE,BTC,gap_leader1000,1000,0.8,0.37221676286347544,561,0.2259211781036133,0.19429590017825313
20260906T092548Z_d18fd1e3,WE,BTC,gap_leader1000,2000,0.8,0.37221676286347544,473,0.28647491014203635,0.2558139534883721
20260906T092548Z_d18fd1e3,WE,BTC,gap_leader1000,5000,0.8,0.37221676286347544,375,0.34987811819797376,0.33866666666666667
20260906T092548Z_d18fd1e3,WE,BTC,gap_leader1000,10000,0.8,0.37221676286347544,279,0.26941321918638234,0.3870967741935484
20260906T092548Z_d18fd1e3,WE,BTC,gap_leader1000,30000,0.8,0.37221676286347544,165,0.4892698046872884,0.47878787878787876
20260906T092548Z_d18fd1e3,WE,BTC,gap_leader1000,1000,0.9,0.49508223893912645,330,0.2989806315545756,0.22121212121212122
20260906T092548Z_d18fd1e3,WE,BTC,gap_leader1000,2000,0.9,0.49508223893912645,279,0.38499800746949864,0.2867383512544803
20260906T092548Z_d18fd1e3,WE,BTC,gap_leader1000,5000,0.9,0.49508223893912645,228,0.46923028872712624,0.37719298245614036
20260906T092548Z_d18fd1e3,WE,BTC,gap_leader1000,10000,0.9,0.49508223893912645,182,0.3545689100115389,0.41208791208791207
20260906T092548Z_d18fd1e3,WE,BTC,gap_leader1000,30000,0.9,0.49508223893912645,120,0.46321766230555117,0.4666666666666667
20260906T092548Z_d18fd1e3,WE,BTC,gap_leader1000,1000,0.95,0.6087327266325872,187,0.4463688740626646,0.2994652406417112
20260906T092548Z_d18fd1e3,WE,BTC,gap_leader1000,2000,0.95,0.6087327266325872,162,0.5545203108571539,0.36419753086419754
20260906T092548Z_d18fd1e3,WE,BTC,gap_leader1000,5000,0.95,0.6087327266325872,141,0.5976701668128324,0.425531914893617
20260906T092548Z_d18fd1e3,WE,BTC,gap_leader1000,10000,0.95,0.6087327266325872,117,0.43655064200386784,0.48717948717948717
20260906T092548Z_d18fd1e3,WE,BTC,gap_leader1000,30000,0.95,0.6087327266325872,85,0.4475279004164828,0.5294117647058824
20260906T092548Z_d18fd1e3,WE,BTC,gap_localOFI,1000,0.8,0.37221676286347544,1605,0.07792225544097393,0.09221183800623053
20260906T092548Z_d18fd1e3,WE,BTC,gap_localOFI,2000,0.8,0.37221676286347544,1015,0.11117049010396107,0.14187192118226602
20260906T092548Z_d18fd1e3,WE,BTC,gap_localOFI,5000,0.8,0.37221676286347544,538,0.18644927549642887,0.24721189591078066
20260906T092548Z_d18fd1e3,WE,BTC,gap_localOFI,10000,0.8,0.37221676286347544,340,0.22780970349141128,0.3323529411764706
20260906T092548Z_d18fd1e3,WE,BTC,gap_localOFI,30000,0.8,0.37221676286347544,170,0.40293593418402457,0.4470588235294118
20260906T092548Z_d18fd1e3,WE,BTC,gap_localOFI,1000,0.9,0.49508223893912645,827,0.11380383862808394,0.11608222490931076
20260906T092548Z_d18fd1e3,WE,BTC,gap_localOFI,2000,0.9,0.49508223893912645,532,0.16818390128734603,0.17481203007518797
20260906T092548Z_d18fd1e3,WE,BTC,gap_localOFI,5000,0.9,0.49508223893912645,296,0.28560144542284094,0.2972972972972973
20260906T092548Z_d18fd1e3,WE,BTC,gap_localOFI,10000,0.9,0.49508223893912645,202,0.2966821345301834,0.3712871287128713
20260906T092548Z_d18fd1e3,WE,BTC,gap_localOFI,30000,0.9,0.49508223893912645,118,0.540023847669424,0.4745762711864407
20260906T092548Z_d18fd1e3,WE,BTC,gap_localOFI,1000,0.95,0.6087327266325872,425,0.17009170380401764,0.16
20260906T092548Z_d18fd1e3,WE,BTC,gap_localOFI,2000,0.95,0.6087327266325872,283,0.2637127932710881,0.23674911660777384
20260906T092548Z_d18fd1e3,WE,BTC,gap_localOFI,5000,0.95,0.6087327266325872,168,0.41344722199443384,0.375
20260906T092548Z_d18fd1e3,WE,BTC,gap_localOFI,10000,0.95,0.6087327266325872,124,0.46502016235296995,0.46774193548387094
20260906T092548Z_d18fd1e3,WE,BTC,gap_localOFI,30000,0.95,0.6087327266325872,79,0.5534226055820004,0.5569620253164557
20260906T092548Z_d18fd1e3,WE,BTC,gap_localTrade,1000,0.8,0.37221676286347544,586,0.18338398021787475,0.15699658703071673
20260906T092548Z_d18fd1e3,WE,BTC,gap_localTrade,2000,0.8,0.37221676286347544,485,0.23159740763411463,0.22474226804123712
20260906T092548Z_d18fd1e3,WE,BTC,gap_localTrade,5000,0.8,0.37221676286347544,350,0.28478758777553637,0.3028571428571429
20260906T092548Z_d18fd1e3,WE,BTC,gap_localTrade,10000,0.8,0.37221676286347544,262,0.3688781063276673,0.38549618320610685
20260906T092548Z_d18fd1e3,WE,BTC,gap_localTrade,30000,0.8,0.37221676286347544,153,0.512213697146453,0.46405228758169936
20260906T092548Z_d18fd1e3,WE,BTC,gap_localTrade,1000,0.9,0.49508223893912645,308,0.27757972145116655,0.2012987012987013
20260906T092548Z_d18fd1e3,WE,BTC,gap_localTrade,2000,0.9,0.49508223893912645,259,0.3470205398565032,0.27413127413127414
20260906T092548Z_d18fd1e3,WE,BTC,gap_localTrade,5000,0.9,0.49508223893912645,198,0.4292731831747951,0.37373737373737376
20260906T092548Z_d18fd1e3,WE,BTC,gap_localTrade,10000,0.9,0.49508223893912645,157,0.5333655716428819,0.45222929936305734
20260906T092548Z_d18fd1e3,WE,BTC,gap_localTrade,30000,0.9,0.49508223893912645,102,0.6134587630481098,0.5
20260906T092548Z_d18fd1e3,WE,BTC,gap_localTrade,1000,0.95,0.6087327266325872,169,0.44264655003598574,0.28402366863905326
20260906T092548Z_d18fd1e3,WE,BTC,gap_localTrade,2000,0.95,0.6087327266325872,148,0.553582079988964,0.38513513513513514
20260906T092548Z_d18fd1e3,WE,BTC,gap_localTrade,5000,0.95,0.6087327266325872,116,0.6833879838247356,0.49137931034482757
20260906T092548Z_d18fd1e3,WE,BTC,gap_localTrade,10000,0.95,0.6087327266325872,99,0.6920431404376874,0.5555555555555556
20260906T092548Z_d18fd1e3,WE,BTC,gap_localTrade,30000,0.95,0.6087327266325872,74,0.6874134252331476,0.581081081081081
20260906T092548Z_d18fd1e3,WE,BTC,leader1000_extOFI,1000,0.8,0.00706953811522181,2432,0.061473175204327206,0.09827302631578948
20260906T092548Z_d18fd1e3,WE,BTC,leader1000_extOFI,2000,0.8,0.00706953811522181,1616,0.09654712099127952,0.14913366336633663
20260906T092548Z_d18fd1e3,WE,BTC,leader1000_extOFI,5000,0.8,0.00706953811522181,970,0.1410621854581537,0.22268041237113403
20260906T092548Z_d18fd1e3,WE,BTC,leader1000_extOFI,10000,0.8,0.00706953811522181,625,0.19479080155040085,0.2832
20260906T092548Z_d18fd1e3,WE,BTC,leader1000_extOFI,30000,0.8,0.00706953811522181,271,0.2401205889364749,0.3985239852398524
20260906T092548Z_d18fd1e3,WE,BTC,leader1000_extOFI,1000,0.9,0.10495311786874897,1279,0.11887489003618663,0.15089913995308835
20260906T092548Z_d18fd1e3,WE,BTC,leader1000_extOFI,2000,0.9,0.10495311786874897,974,0.17411866666992543,0.2053388090349076
20260906T092548Z_d18fd1e3,WE,BTC,leader1000_extOFI,5000,0.9,0.10495311786874897,656,0.24021264934234127,0.2942073170731707
20260906T092548Z_d18fd1e3,WE,BTC,leader1000_extOFI,10000,0.9,0.10495311786874897,456,0.28068069561712083,0.36622807017543857
20260906T092548Z_d18fd1e3,WE,BTC,leader1000_extOFI,30000,0.9,0.10495311786874897,225,0.40067902851640697,0.48444444444444446
20260906T092548Z_d18fd1e3,WE,BTC,leader1000_extOFI,1000,0.95,0.24854947604075278,633,0.19079995131469252,0.1769352290679305
20260906T092548Z_d18fd1e3,WE,BTC,leader1000_extOFI,2000,0.95,0.24854947604075278,539,0.2492452529893231,0.24860853432282004
20260906T092548Z_d18fd1e3,WE,BTC,leader1000_extOFI,5000,0.95,0.24854947604075278,412,0.32473867455282307,0.3422330097087379
20260906T092548Z_d18fd1e3,WE,BTC,leader1000_extOFI,10000,0.95,0.24854947604075278,316,0.3370379557931035,0.4050632911392405
20260906T092548Z_d18fd1e3,WE,BTC,leader1000_extOFI,30000,0.95,0.24854947604075278,185,0.4347875613330477,0.4810810810810811
20260906T092548Z_d18fd1e3,WE,ETH,depthBoth,1000,0.8,0.7678186078418733,2637,0.17368257601017956,0.2590064467197573
20260906T092548Z_d18fd1e3,WE,ETH,depthBoth,2000,0.8,0.7678186078418733,1674,0.26135723321194176,0.3727598566308244
20260906T092548Z_d18fd1e3,WE,ETH,depthBoth,5000,0.8,0.7678186078418733,972,0.34900771915334483,0.5360082304526749
20260906T092548Z_d18fd1e3,WE,ETH,depthBoth,10000,0.8,0.7678186078418733,629,0.4063566083873744,0.5930047694753577
20260906T092548Z_d18fd1e3,WE,ETH,depthBoth,30000,0.8,0.7678186078418733,277,0.32623115636365535,0.5740072202166066
20260906T092548Z_d18fd1e3,WE,ETH,depthBoth,1000,0.9,0.8661321203242569,1486,0.20863640091190405,0.3061911170928668
20260906T092548Z_d18fd1e3,WE,ETH,depthBoth,2000,0.9,0.8661321203242569,1023,0.3221605532031009,0.41935483870967744
20260906T092548Z_d18fd1e3,WE,ETH,depthBoth,5000,0.9,0.8661321203242569,661,0.42564603684797064,0.583963691376702
20260906T092548Z_d18fd1e3,WE,ETH,depthBoth,10000,0.9,0.8661321203242569,464,0.4270145103307042,0.6271551724137931
20260906T092548Z_d18fd1e3,WE,ETH,depthBoth,30000,0.9,0.8661321203242569,237,0.3875256409916199,0.5738396624472574
20260906T092548Z_d18fd1e3,WE,ETH,depthBoth,1000,0.95,0.9238409864176288,865,0.2653275726431008,0.35491329479768785
20260906T092548Z_d18fd1e3,WE,ETH,depthBoth,2000,0.95,0.9238409864176288,628,0.39139722338193794,0.46496815286624205
20260906T092548Z_d18fd1e3,WE,ETH,depthBoth,5000,0.95,0.9238409864176288,451,0.48804129395627527,0.6031042128603105
20260906T092548Z_d18fd1e3,WE,ETH,depthBoth,10000,0.95,0.9238409864176288,335,0.5194826357207948,0.6746268656716418
20260906T092548Z_d18fd1e3,WE,ETH,depthBoth,30000,0.95,0.9238409864176288,198,0.3609807001880005,0.5858585858585859
20260906T092548Z_d18fd1e3,WE,ETH,depthL1_extOFI,1000,0.8,0.8283887013679162,2652,0.20093574241915313,0.28808446455505277
20260906T092548Z_d18fd1e3,WE,ETH,depthL1_extOFI,2000,0.8,0.8283887013679162,1715,0.2961734399032254,0.4151603498542274
20260906T092548Z_d18fd1e3,WE,ETH,depthL1_extOFI,5000,0.8,0.8283887013679162,1010,0.42796899492091567,0.5732673267326732
20260906T092548Z_d18fd1e3,WE,ETH,depthL1_extOFI,10000,0.8,0.8283887013679162,643,0.4367774551742153,0.609642301710731
20260906T092548Z_d18fd1e3,WE,ETH,depthL1_extOFI,30000,0.8,0.8283887013679162,288,0.3842724615122481,0.5833333333333334
20260906T092548Z_d18fd1e3,WE,ETH,depthL1_extOFI,1000,0.9,0.9231019029681108,1548,0.26194340244503656,0.3481912144702842
20260906T092548Z_d18fd1e3,WE,ETH,depthL1_extOFI,2000,0.9,0.9231019029681108,1081,0.3720787956776515,0.4671600370027752
20260906T092548Z_d18fd1e3,WE,ETH,depthL1_extOFI,5000,0.9,0.9231019029681108,710,0.49166575534592455,0.6028169014084507
20260906T092548Z_d18fd1e3,WE,ETH,depthL1_extOFI,10000,0.9,0.9231019029681108,502,0.499475524110302,0.649402390438247
20260906T092548Z_d18fd1e3,WE,ETH,depthL1_extOFI,30000,0.9,0.9231019029681108,251,0.5192282656374408,0.5976095617529881
20260906T092548Z_d18fd1e3,WE,ETH,depthL1_extOFI,1000,0.95,0.9664889254000509,883,0.28617502178834897,0.3714609286523216
20260906T092548Z_d18fd1e3,WE,ETH,depthL1_extOFI,2000,0.95,0.9664889254000509,658,0.41699851432549073,0.49848024316109424
20260906T092548Z_d18fd1e3,WE,ETH,depthL1_extOFI,5000,0.95,0.9664889254000509,470,0.5149683881799846,0.6234042553191489
20260906T092548Z_d18fd1e3,WE,ETH,depthL1_extOFI,10000,0.95,0.9664889254000509,362,0.4783545578415523,0.6408839779005525
20260906T092548Z_d18fd1e3,WE,ETH,depthL1_extOFI,30000,0.95,0.9664889254000509,209,0.6551034949466193,0.6267942583732058
20260906T092548Z_d18fd1e3,WE,ETH,gap_depthBoth,1000,0.8,0.4475663870491253,1897,0.15298516038255236,0.1881918819188192
20260906T092548Z_d18fd1e3,WE,ETH,gap_depthBoth,2000,0.8,0.4475663870491253,1143,0.24802123686376681,0.29571303587051617
20260906T092548Z_d18fd1e3,WE,ETH,gap_depthBoth,5000,0.8,0.4475663870491253,646,0.3493956114977487,0.4582043343653251
20260906T092548Z_d18fd1e3,WE,ETH,gap_depthBoth,10000,0.8,0.4475663870491253,439,0.49113615776315867,0.5603644646924829
20260906T092548Z_d18fd1e3,WE,ETH,gap_depthBoth,30000,0.8,0.4475663870491253,236,0.44707724289481265,0.5550847457627118
20260906T092548Z_d18fd1e3,WE,ETH,gap_depthBoth,1000,0.9,0.5815295005251464,1055,0.188585537547781,0.20853080568720378
20260906T092548Z_d18fd1e3,WE,ETH,gap_depthBoth,2000,0.9,0.5815295005251464,651,0.290022305520322,0.3271889400921659
20260906T092548Z_d18fd1e3,WE,ETH,gap_depthBoth,5000,0.9,0.5815295005251464,406,0.4077737608086654,0.5098522167487685
20260906T092548Z_d18fd1e3,WE,ETH,gap_depthBoth,10000,0.9,0.5815295005251464,294,0.5718071893281846,0.5952380952380952
20260906T092548Z_d18fd1e3,WE,ETH,gap_depthBoth,30000,0.9,0.5815295005251464,178,0.6226541865565973,0.6235955056179775
20260906T092548Z_d18fd1e3,WE,ETH,gap_depthBoth,1000,0.95,0.7097008517424895,581,0.24362747861375517,0.23752151462994836
20260906T092548Z_d18fd1e3,WE,ETH,gap_depthBoth,2000,0.95,0.7097008517424895,367,0.3953316657158533,0.3678474114441417
20260906T092548Z_d18fd1e3,WE,ETH,gap_depthBoth,5000,0.95,0.7097008517424895,244,0.4871371301892444,0.5409836065573771
20260906T092548Z_d18fd1e3,WE,ETH,gap_depthBoth,10000,0.95,0.7097008517424895,187,0.7433739864671733,0.6256684491978609
20260906T092548Z_d18fd1e3,WE,ETH,gap_depthBoth,30000,0.95,0.7097008517424895,127,0.8172853902162787,0.6614173228346457
20260906T092548Z_d18fd1e3,WE,ETH,gap_depthL1,1000,0.8,0.4475663870491253,2060,0.14279265773018543,0.18155339805825244
20260906T092548Z_d18fd1e3,WE,ETH,gap_depthL1,2000,0.8,0.4475663870491253,1223,0.24458417250682196,0.294358135731807
20260906T092548Z_d18fd1e3,WE,ETH,gap_depthL1,5000,0.8,0.4475663870491253,682,0.3480151221946558,0.4560117302052786
20260906T092548Z_d18fd1e3,WE,ETH,gap_depthL1,10000,0.8,0.4475663870491253,455,0.47639363334826146,0.5626373626373626
20260906T092548Z_d18fd1e3,WE,ETH,gap_depthL1,30000,0.8,0.4475663870491253,241,0.4381599112933346,0.5477178423236515
20260906T092548Z_d18fd1e3,WE,ETH,gap_depthL1,1000,0.9,0.5815295005251464,1121,0.18474825639315123,0.20517395182872436
20260906T092548Z_d18fd1e3,WE,ETH,gap_depthL1,2000,0.9,0.5815295005251464,687,0.29448660696267853,0.3289665211062591
20260906T092548Z_d18fd1e3,WE,ETH,gap_depthL1,5000,0.9,0.5815295005251464,424,0.4230786679582937,0.5141509433962265
20260906T092548Z_d18fd1e3,WE,ETH,gap_depthL1,10000,0.9,0.5815295005251464,304,0.557414107448738,0.5986842105263158
20260906T092548Z_d18fd1e3,WE,ETH,gap_depthL1,30000,0.9,0.5815295005251464,183,0.5849300750453348,0.6174863387978142
20260906T092548Z_d18fd1e3,WE,ETH,gap_depthL1,1000,0.95,0.7097008517424895,621,0.2416294524403735,0.23671497584541062
20260906T092548Z_d18fd1e3,WE,ETH,gap_depthL1,2000,0.95,0.7097008517424895,391,0.4010050483916966,0.38107416879795397
20260906T092548Z_d18fd1e3,WE,ETH,gap_depthL1,5000,0.95,0.7097008517424895,259,0.5130814926468312,0.5482625482625483
20260906T092548Z_d18fd1e3,WE,ETH,gap_depthL1,10000,0.95,0.7097008517424895,199,0.7334231528261617,0.6432160804020101
20260906T092548Z_d18fd1e3,WE,ETH,gap_depthL1,30000,0.95,0.7097008517424895,132,0.9107045418632878,0.6818181818181818
20260906T092548Z_d18fd1e3,WE,ETH,gap_depth_extOFI,1000,0.8,0.4475663870491253,1840,0.1595616246983255,0.1891304347826087
20260906T092548Z_d18fd1e3,WE,ETH,gap_depth_extOFI,2000,0.8,0.4475663870491253,1124,0.2737085516392324,0.3016014234875445
20260906T092548Z_d18fd1e3,WE,ETH,gap_depth_extOFI,5000,0.8,0.4475663870491253,648,0.3656617802144572,0.46296296296296297
20260906T092548Z_d18fd1e3,WE,ETH,gap_depth_extOFI,10000,0.8,0.4475663870491253,442,0.47564086169317704,0.5633484162895928
20260906T092548Z_d18fd1e3,WE,ETH,gap_depth_extOFI,30000,0.8,0.4475663870491253,237,0.3646243639178709,0.5358649789029536
20260906T092548Z_d18fd1e3,WE,ETH,gap_depth_extOFI,1000,0.9,0.5815295005251464,985,0.20684421390258229,0.2101522842639594
20260906T092548Z_d18fd1e3,WE,ETH,gap_depth_extOFI,2000,0.9,0.5815295005251464,622,0.337031827228858,0.3327974276527331
20260906T092548Z_d18fd1e3,WE,ETH,gap_depth_extOFI,5000,0.9,0.5815295005251464,387,0.47790644374620384,0.5219638242894057
20260906T092548Z_d18fd1e3,WE,ETH,gap_depth_extOFI,10000,0.9,0.5815295005251464,277,0.6033932467105063,0.6028880866425993
20260906T092548Z_d18fd1e3,WE,ETH,gap_depth_extOFI,30000,0.9,0.5815295005251464,165,0.7604944060088558,0.6242424242424243
20260906T092548Z_d18fd1e3,WE,ETH,gap_depth_extOFI,1000,0.95,0.7097008517424895,542,0.2971563363819787,0.25092250922509224
20260906T092548Z_d18fd1e3,WE,ETH,gap_depth_extOFI,2000,0.95,0.7097008517424895,351,0.43477775286915704,0.37606837606837606
20260906T092548Z_d18fd1e3,WE,ETH,gap_depth_extOFI,5000,0.95,0.7097008517424895,236,0.5897717252191842,0.559322033898305
20260906T092548Z_d18fd1e3,WE,ETH,gap_depth_extOFI,10000,0.95,0.7097008517424895,181,0.8049245562123076,0.6353591160220995
20260906T092548Z_d18fd1e3,WE,ETH,gap_depth_extOFI,30000,0.95,0.7097008517424895,123,1.1022901738187818,0.6910569105691057
20260906T092548Z_d18fd1e3,WE,ETH,gap_extOFI,1000,0.8,0.4475663870491253,2180,0.1460323439965599,0.16926605504587156
20260906T092548Z_d18fd1e3,WE,ETH,gap_extOFI,2000,0.8,0.4475663870491253,1318,0.23658597828298647,0.2723823975720789
20260906T092548Z_d18fd1e3,WE,ETH,gap_extOFI,5000,0.8,0.4475663870491253,740,0.3203790243837512,0.4337837837837838
20260906T092548Z_d18fd1e3,WE,ETH,gap_extOFI,10000,0.8,0.4475663870491253,502,0.41945398245380644,0.5378486055776892
20260906T092548Z_d18fd1e3,WE,ETH,gap_extOFI,30000,0.8,0.4475663870491253,255,0.29832020399584575,0.5450980392156862
20260906T092548Z_d18fd1e3,WE,ETH,gap_extOFI,1000,0.9,0.5815295005251464,1123,0.20268063319826105,0.195013357079252
20260906T092548Z_d18fd1e3,WE,ETH,gap_extOFI,2000,0.9,0.5815295005251464,706,0.32169906280238353,0.3073654390934844
20260906T092548Z_d18fd1e3,WE,ETH,gap_extOFI,5000,0.9,0.5815295005251464,431,0.4562400718569679,0.505800464037123
20260906T092548Z_d18fd1e3,WE,ETH,gap_extOFI,10000,0.9,0.5815295005251464,305,0.5822713609368467,0.5934426229508196
20260906T092548Z_d18fd1e3,WE,ETH,gap_extOFI,30000,0.9,0.5815295005251464,176,0.5746792715314967,0.5965909090909091
20260906T092548Z_d18fd1e3,WE,ETH,gap_extOFI,1000,0.95,0.7097008517424895,597,0.317864266498786,0.24288107202680068
20260906T092548Z_d18fd1e3,WE,ETH,gap_extOFI,2000,0.95,0.7097008517424895,388,0.4646734366840017,0.36597938144329895
20260906T092548Z_d18fd1e3,WE,ETH,gap_extOFI,5000,0.95,0.7097008517424895,264,0.5948172683192756,0.5416666666666666
20260906T092548Z_d18fd1e3,WE,ETH,gap_extOFI,10000,0.95,0.7097008517424895,201,0.8070642496516488,0.6318407960199005
20260906T092548Z_d18fd1e3,WE,ETH,gap_extOFI,30000,0.95,0.7097008517424895,132,1.1026814036728467,0.6893939393939394
20260906T092548Z_d18fd1e3,WE,ETH,gap_leader1000,1000,0.8,0.4475663870491253,1011,0.21953275131994066,0.2354104846686449
20260906T092548Z_d18fd1e3,WE,ETH,gap_leader1000,2000,0.8,0.4475663870491253,864,0.24760244026489128,0.3055555555555556
20260906T092548Z_d18fd1e3,WE,ETH,gap_leader1000,5000,0.8,0.4475663870491253,672,0.2613569365267847,0.4166666666666667
20260906T092548Z_d18fd1e3,WE,ETH,gap_leader1000,10000,0.8,0.4475663870491253,490,0.4126924614113995,0.536734693877551
20260906T092548Z_d18fd1e3,WE,ETH,gap_leader1000,30000,0.8,0.4475663870491253,254,0.4130804309795377,0.5590551181102362
20260906T092548Z_d18fd1e3,WE,ETH,gap_leader1000,1000,0.9,0.5815295005251464,583,0.3008990201975048,0.2658662092624357
20260906T092548Z_d18fd1e3,WE,ETH,gap_leader1000,2000,0.9,0.5815295005251464,524,0.3484187504862791,0.3435114503816794
20260906T092548Z_d18fd1e3,WE,ETH,gap_leader1000,5000,0.9,0.5815295005251464,425,0.3771671042633083,0.4894117647058824
20260906T092548Z_d18fd1e3,WE,ETH,gap_leader1000,10000,0.9,0.5815295005251464,327,0.5808225496368238,0.5902140672782875
20260906T092548Z_d18fd1e3,WE,ETH,gap_leader1000,30000,0.9,0.5815295005251464,196,0.37365820621131063,0.576530612244898
20260906T092548Z_d18fd1e3,WE,ETH,gap_leader1000,1000,0.95,0.7097008517424895,354,0.399127308087856,0.3050847457627119
20260906T092548Z_d18fd1e3,WE,ETH,gap_leader1000,2000,0.95,0.7097008517424895,332,0.4129128400055055,0.3825301204819277
20260906T092548Z_d18fd1e3,WE,ETH,gap_leader1000,5000,0.95,0.7097008517424895,284,0.45901580112907353,0.528169014084507
20260906T092548Z_d18fd1e3,WE,ETH,gap_leader1000,10000,0.95,0.7097008517424895,234,0.6534161986050052,0.6068376068376068
20260906T092548Z_d18fd1e3,WE,ETH,gap_leader1000,30000,0.95,0.7097008517424895,153,0.82346118798601,0.6535947712418301
20260906T092548Z_d18fd1e3,WE,ETH,gap_localOFI,1000,0.8,0.4475663870491253,1598,0.1513716194812999,0.1846057571964956
20260906T092548Z_d18fd1e3,WE,ETH,gap_localOFI,2000,0.8,0.4475663870491253,1130,0.222236282113159,0.27699115044247785
20260906T092548Z_d18fd1e3,WE,ETH,gap_localOFI,5000,0.8,0.4475663870491253,698,0.26280199805517246,0.4269340974212034
20260906T092548Z_d18fd1e3,WE,ETH,gap_localOFI,10000,0.8,0.4475663870491253,477,0.408051558349014,0.5366876310272537
20260906T092548Z_d18fd1e3,WE,ETH,gap_localOFI,30000,0.8,0.4475663870491253,245,0.2366186029670271,0.5428571428571428
20260906T092548Z_d18fd1e3,WE,ETH,gap_localOFI,1000,0.9,0.5815295005251464,839,0.21009249502631944,0.2133492252681764
20260906T092548Z_d18fd1e3,WE,ETH,gap_localOFI,2000,0.9,0.5815295005251464,612,0.2884807103113799,0.31699346405228757
20260906T092548Z_d18fd1e3,WE,ETH,gap_localOFI,5000,0.9,0.5815295005251464,406,0.36518858300133866,0.49261083743842365
20260906T092548Z_d18fd1e3,WE,ETH,gap_localOFI,10000,0.9,0.5815295005251464,299,0.5714150856517085,0.5886287625418061
20260906T092548Z_d18fd1e3,WE,ETH,gap_localOFI,30000,0.9,0.5815295005251464,177,0.35373188102776054,0.5819209039548022
20260906T092548Z_d18fd1e3,WE,ETH,gap_localOFI,1000,0.95,0.7097008517424895,451,0.3033967787729612,0.24390243902439024
20260906T092548Z_d18fd1e3,WE,ETH,gap_localOFI,2000,0.95,0.7097008517424895,343,0.39308219292893926,0.358600583090379
20260906T092548Z_d18fd1e3,WE,ETH,gap_localOFI,5000,0.95,0.7097008517424895,250,0.4279127332591707,0.516
20260906T092548Z_d18fd1e3,WE,ETH,gap_localOFI,10000,0.95,0.7097008517424895,192,0.6859242864435778,0.609375
20260906T092548Z_d18fd1e3,WE,ETH,gap_localOFI,30000,0.95,0.7097008517424895,132,0.6793972338347858,0.6515151515151515
20260906T092548Z_d18fd1e3,WE,ETH,gap_localTrade,1000,0.8,0.4475663870491253,484,0.3600371481308597,0.29958677685950413
20260906T092548Z_d18fd1e3,WE,ETH,gap_localTrade,2000,0.8,0.4475663870491253,432,0.4179199914838174,0.3912037037037037
20260906T092548Z_d18fd1e3,WE,ETH,gap_localTrade,5000,0.8,0.4475663870491253,339,0.5303452642880273,0.5486725663716814
20260906T092548Z_d18fd1e3,WE,ETH,gap_localTrade,10000,0.8,0.4475663870491253,277,0.6743820743887399,0.6425992779783394
20260906T092548Z_d18fd1e3,WE,ETH,gap_localTrade,30000,0.8,0.4475663870491253,166,0.3641399162588113,0.5602409638554217
20260906T092548Z_d18fd1e3,WE,ETH,gap_localTrade,1000,0.9,0.5815295005251464,269,0.49617677264732657,0.3680297397769517
20260906T092548Z_d18fd1e3,WE,ETH,gap_localTrade,2000,0.9,0.5815295005251464,244,0.5570133998221052,0.45081967213114754
20260906T092548Z_d18fd1e3,WE,ETH,gap_localTrade,5000,0.9,0.5815295005251464,201,0.6776387552584515,0.6318407960199005
20260906T092548Z_d18fd1e3,WE,ETH,gap_localTrade,10000,0.9,0.5815295005251464,176,0.8727025100420174,0.6931818181818182
20260906T092548Z_d18fd1e3,WE,ETH,gap_localTrade,30000,0.9,0.5815295005251464,125,0.7711932412336724,0.6
20260906T092548Z_d18fd1e3,WE,ETH,gap_localTrade,1000,0.95,0.7097008517424895,154,0.7256145595145144,0.45454545454545453
20260906T092548Z_d18fd1e3,WE,ETH,gap_localTrade,2000,0.95,0.7097008517424895,143,0.7472463162955302,0.5244755244755245
20260906T092548Z_d18fd1e3,WE,ETH,gap_localTrade,5000,0.95,0.7097008517424895,123,0.7728417003563994,0.6585365853658537
20260906T092548Z_d18fd1e3,WE,ETH,gap_localTrade,10000,0.95,0.7097008517424895,113,0.889607593293837,0.6814159292035398
20260906T092548Z_d18fd1e3,WE,ETH,gap_localTrade,30000,0.95,0.7097008517424895,85,1.1716989608477508,0.7058823529411765
20260906T092548Z_d18fd1e3,WE,ETH,leader1000_extOFI,1000,0.8,0.13859627627913657,2454,0.12022625272388361,0.18378158109209453
20260906T092548Z_d18fd1e3,WE,ETH,leader1000_extOFI,2000,0.8,0.13859627627913657,1812,0.13680144346722634,0.2488962472406181
20260906T092548Z_d18fd1e3,WE,ETH,leader1000_extOFI,5000,0.8,0.13859627627913657,1142,0.17039068808621402,0.36777583187390545
20260906T092548Z_d18fd1e3,WE,ETH,leader1000_extOFI,10000,0.8,0.13859627627913657,719,0.214765465797055,0.47009735744089015
20260906T092548Z_d18fd1e3,WE,ETH,leader1000_extOFI,30000,0.8,0.13859627627913657,307,0.48087555469541626,0.5504885993485342
20260906T092548Z_d18fd1e3,WE,ETH,leader1000_extOFI,1000,0.9,0.3436381924083857,1325,0.17490720706674492,0.20679245283018868
20260906T092548Z_d18fd1e3,WE,ETH,leader1000_extOFI,2000,0.9,0.3436381924083857,1084,0.16656691702322857,0.26383763837638374
20260906T092548Z_d18fd1e3,WE,ETH,leader1000_extOFI,5000,0.9,0.3436381924083857,791,0.10455710577668137,0.37168141592920356
20260906T092548Z_d18fd1e3,WE,ETH,leader1000_extOFI,10000,0.9,0.3436381924083857,552,0.20862549028843824,0.47282608695652173
20260906T092548Z_d18fd1e3,WE,ETH,leader1000_extOFI,30000,0.9,0.3436381924083857,270,0.22054274378065258,0.5148148148148148
20260906T092548Z_d18fd1e3,WE,ETH,leader1000_extOFI,1000,0.95,0.5511428679915644,713,0.24781170647099138,0.23281907433380084
20260906T092548Z_d18fd1e3,WE,ETH,leader1000_extOFI,2000,0.95,0.5511428679915644,617,0.3077079866397716,0.3047001620745543
20260906T092548Z_d18fd1e3,WE,ETH,leader1000_extOFI,5000,0.95,0.5511428679915644,493,0.3180184622173669,0.4462474645030426
20260906T092548Z_d18fd1e3,WE,ETH,leader1000_extOFI,10000,0.95,0.5511428679915644,383,0.46623633706388246,0.5274151436031331
20260906T092548Z_d18fd1e3,WE,ETH,leader1000_extOFI,30000,0.95,0.5511428679915644,216,0.5064573074910441,0.5555555555555556
20260906T221530Z_db18dc51,WD,BTC,depthBoth,1000,0.8,0.8935004693378139,3357,0.34185422034540774,0.4224009532320524
20260906T221530Z_db18dc51,WD,BTC,depthBoth,2000,0.8,0.8935004693378139,2243,0.4685267764447707,0.543468568880963
20260906T221530Z_db18dc51,WD,BTC,depthBoth,5000,0.8,0.8935004693378139,1279,0.6136429144466357,0.6215793588741204
20260906T221530Z_db18dc51,WD,BTC,depthBoth,10000,0.8,0.8935004693378139,786,0.7887453861646626,0.6399491094147582
20260906T221530Z_db18dc51,WD,BTC,depthBoth,30000,0.8,0.8935004693378139,318,0.8345380750214525,0.6226415094339622
20260906T221530Z_db18dc51,WD,BTC,depthBoth,1000,0.9,0.9601753016157926,2010,0.4032681346769298,0.48407960199004973
20260906T221530Z_db18dc51,WD,BTC,depthBoth,2000,0.9,0.9601753016157926,1459,0.5213130299153759,0.5901302261823167
20260906T221530Z_db18dc51,WD,BTC,depthBoth,5000,0.9,0.9601753016157926,948,0.6871994879897745,0.669831223628692
20260906T221530Z_db18dc51,WD,BTC,depthBoth,10000,0.9,0.9601753016157926,639,0.8230607467786413,0.6682316118935837
20260906T221530Z_db18dc51,WD,BTC,depthBoth,30000,0.9,0.9601753016157926,293,0.7870053024030147,0.6177474402730375
20260906T221530Z_db18dc51,WD,BTC,depthBoth,1000,0.95,0.988338600521328,1142,0.4269937028896994,0.5262697022767076
20260906T221530Z_db18dc51,WD,BTC,depthBoth,2000,0.95,0.988338600521328,887,0.5616274803106909,0.6335963923337091
20260906T221530Z_db18dc51,WD,BTC,depthBoth,5000,0.95,0.988338600521328,641,0.667151185184477,0.6848673946957878
20260906T221530Z_db18dc51,WD,BTC,depthBoth,10000,0.95,0.988338600521328,469,0.8458186854361576,0.6950959488272921
20260906T221530Z_db18dc51,WD,BTC,depthBoth,30000,0.95,0.988338600521328,247,0.5305068675210273,0.5708502024291497
20260906T221530Z_db18dc51,WD,BTC,depthL1_extOFI,1000,0.8,0.8904405235880454,3235,0.3513076875477675,0.4321483771251932
20260906T221530Z_db18dc51,WD,BTC,depthL1_extOFI,2000,0.8,0.8904405235880454,2224,0.47593037564650786,0.5562050359712231
20260906T221530Z_db18dc51,WD,BTC,depthL1_extOFI,5000,0.8,0.8904405235880454,1260,0.6386694636862378,0.6317460317460317
20260906T221530Z_db18dc51,WD,BTC,depthL1_extOFI,10000,0.8,0.8904405235880454,780,0.7294774875492988,0.6423076923076924
20260906T221530Z_db18dc51,WD,BTC,depthL1_extOFI,30000,0.8,0.8904405235880454,318,0.7629665492964554,0.6069182389937107
20260906T221530Z_db18dc51,WD,BTC,depthL1_extOFI,1000,0.9,0.9614700090694301,1942,0.4174840125045257,0.5005149330587023
20260906T221530Z_db18dc51,WD,BTC,depthL1_extOFI,2000,0.9,0.9614700090694301,1440,0.5297337838178668,0.6006944444444444
20260906T221530Z_db18dc51,WD,BTC,depthL1_extOFI,5000,0.9,0.9614700090694301,948,0.7207534884496789,0.6729957805907173
20260906T221530Z_db18dc51,WD,BTC,depthL1_extOFI,10000,0.9,0.9614700090694301,643,0.8222758258208498,0.6671850699844479
20260906T221530Z_db18dc51,WD,BTC,depthL1_extOFI,30000,0.9,0.9614700090694301,292,0.7987779866767017,0.6267123287671232
20260906T221530Z_db18dc51,WD,BTC,depthL1_extOFI,1000,0.95,0.9902965971077426,1103,0.45565333981182254,0.5657298277425205
20260906T221530Z_db18dc51,WD,BTC,depthL1_extOFI,2000,0.95,0.9902965971077426,873,0.5676629720230423,0.6575028636884307
20260906T221530Z_db18dc51,WD,BTC,depthL1_extOFI,5000,0.95,0.9902965971077426,634,0.7407943438814776,0.7034700315457413
20260906T221530Z_db18dc51,WD,BTC,depthL1_extOFI,10000,0.95,0.9902965971077426,468,0.7944833292992237,0.688034188034188
20260906T221530Z_db18dc51,WD,BTC,depthL1_extOFI,30000,0.95,0.9902965971077426,246,0.601172740095399,0.5813008130081301
20260906T221530Z_db18dc51,WD,BTC,gap_depthBoth,1000,0.8,0.4315154534384469,2167,0.2900719382812779,0.31702814951545916
20260906T221530Z_db18dc51,WD,BTC,gap_depthBoth,2000,0.8,0.4315154534384469,1380,0.4289781067874974,0.45217391304347826
20260906T221530Z_db18dc51,WD,BTC,gap_depthBoth,5000,0.8,0.4315154534384469,838,0.544147392064914,0.5775656324582339
20260906T221530Z_db18dc51,WD,BTC,gap_depthBoth,10000,0.8,0.4315154534384469,569,0.7222477722079376,0.6186291739894552
20260906T221530Z_db18dc51,WD,BTC,gap_depthBoth,30000,0.8,0.4315154534384469,262,0.45618854015485716,0.5114503816793893
20260906T221530Z_db18dc51,WD,BTC,gap_depthBoth,1000,0.9,0.5540845678897455,1241,0.40222760400968527,0.38678485092667203
20260906T221530Z_db18dc51,WD,BTC,gap_depthBoth,2000,0.9,0.5540845678897455,848,0.5813625185314566,0.5259433962264151
20260906T221530Z_db18dc51,WD,BTC,gap_depthBoth,5000,0.9,0.5540845678897455,574,0.7483123425469121,0.6254355400696864
20260906T221530Z_db18dc51,WD,BTC,gap_depthBoth,10000,0.9,0.5540845678897455,418,0.8739643694177358,0.638755980861244
20260906T221530Z_db18dc51,WD,BTC,gap_depthBoth,30000,0.9,0.5540845678897455,223,0.860720933355064,0.5829596412556054
20260906T221530Z_db18dc51,WD,BTC,gap_depthBoth,1000,0.95,0.6828833412353408,701,0.5377479906880873,0.43651925820256776
20260906T221530Z_db18dc51,WD,BTC,gap_depthBoth,2000,0.95,0.6828833412353408,517,0.7531182573011619,0.586073500967118
20260906T221530Z_db18dc51,WD,BTC,gap_depthBoth,5000,0.95,0.6828833412353408,380,0.8567096397708268,0.6789473684210526
20260906T221530Z_db18dc51,WD,BTC,gap_depthBoth,10000,0.95,0.6828833412353408,301,0.9398815846171346,0.6644518272425249
20260906T221530Z_db18dc51,WD,BTC,gap_depthBoth,30000,0.95,0.6828833412353408,178,0.8568924963454612,0.6235955056179775
20260906T221530Z_db18dc51,WD,BTC,gap_depthL1,1000,0.8,0.4315154534384469,2239,0.27949652579685513,0.3112996873604288
20260906T221530Z_db18dc51,WD,BTC,gap_depthL1,2000,0.8,0.4315154534384469,1424,0.41057044257649133,0.4417134831460674
20260906T221530Z_db18dc51,WD,BTC,gap_depthL1,5000,0.8,0.4315154534384469,860,0.5167486948358525,0.5686046511627907
20260906T221530Z_db18dc51,WD,BTC,gap_depthL1,10000,0.8,0.4315154534384469,580,0.7064110425569907,0.6017241379310345
20260906T221530Z_db18dc51,WD,BTC,gap_depthL1,30000,0.8,0.4315154534384469,268,0.227996645987313,0.503731343283582
20260906T221530Z_db18dc51,WD,BTC,gap_depthL1,1000,0.9,0.5540845678897455,1272,0.39586048786009437,0.38443396226415094
20260906T221530Z_db18dc51,WD,BTC,gap_depthL1,2000,0.9,0.5540845678897455,872,0.5659079947679975,0.518348623853211
20260906T221530Z_db18dc51,WD,BTC,gap_depthL1,5000,0.9,0.5540845678897455,588,0.7424447842231341,0.6207482993197279
20260906T221530Z_db18dc51,WD,BTC,gap_depthL1,10000,0.9,0.5540845678897455,426,0.8543131320756782,0.6314553990610329
20260906T221530Z_db18dc51,WD,BTC,gap_depthL1,30000,0.9,0.5540845678897455,226,0.8322056917043641,0.588495575221239
20260906T221530Z_db18dc51,WD,BTC,gap_depthL1,1000,0.95,0.6828833412353408,720,0.5207549618660323,0.43333333333333335
20260906T221530Z_db18dc51,WD,BTC,gap_depthL1,2000,0.95,0.6828833412353408,531,0.7348235245886913,0.576271186440678
20260906T221530Z_db18dc51,WD,BTC,gap_depthL1,5000,0.95,0.6828833412353408,389,0.8442611414212382,0.6683804627249358
20260906T221530Z_db18dc51,WD,BTC,gap_depthL1,10000,0.95,0.6828833412353408,305,0.9328783856535838,0.659016393442623
20260906T221530Z_db18dc51,WD,BTC,gap_depthL1,30000,0.95,0.6828833412353408,182,0.8532938388161145,0.6263736263736264
20260906T221530Z_db18dc51,WD,BTC,gap_depth_extOFI,1000,0.8,0.4315154534384469,1995,0.31546409975618034,0.331328320802005
20260906T221530Z_db18dc51,WD,BTC,gap_depth_extOFI,2000,0.8,0.4315154534384469,1323,0.4412090658865211,0.46485260770975056
20260906T221530Z_db18dc51,WD,BTC,gap_depth_extOFI,5000,0.8,0.4315154534384469,815,0.60191503053635,0.5938650306748466
20260906T221530Z_db18dc51,WD,BTC,gap_depth_extOFI,10000,0.8,0.4315154534384469,552,0.7815693640486617,0.6322463768115942
20260906T221530Z_db18dc51,WD,BTC,gap_depth_extOFI,30000,0.8,0.4315154534384469,262,0.503997381080473,0.5190839694656488
20260906T221530Z_db18dc51,WD,BTC,gap_depth_extOFI,1000,0.9,0.5540845678897455,1136,0.43397236841959674,0.4119718309859155
20260906T221530Z_db18dc51,WD,BTC,gap_depth_extOFI,2000,0.9,0.5540845678897455,808,0.6039807663754927,0.5420792079207921
20260906T221530Z_db18dc51,WD,BTC,gap_depth_extOFI,5000,0.9,0.5540845678897455,546,0.8205335925422186,0.6410256410256411
20260906T221530Z_db18dc51,WD,BTC,gap_depth_extOFI,10000,0.9,0.5540845678897455,403,0.9806540158806901,0.6625310173697271
20260906T221530Z_db18dc51,WD,BTC,gap_depth_extOFI,30000,0.9,0.5540845678897455,220,0.8852669422067393,0.5909090909090909
20260906T221530Z_db18dc51,WD,BTC,gap_depth_extOFI,1000,0.95,0.6828833412353408,633,0.576541745700544,0.46445497630331756
20260906T221530Z_db18dc51,WD,BTC,gap_depth_extOFI,2000,0.95,0.6828833412353408,474,0.7764962950676421,0.6033755274261603
20260906T221530Z_db18dc51,WD,BTC,gap_depth_extOFI,5000,0.95,0.6828833412353408,357,0.8792977715604482,0.6834733893557423
20260906T221530Z_db18dc51,WD,BTC,gap_depth_extOFI,10000,0.95,0.6828833412353408,285,1.0085360991180434,0.6736842105263158
20260906T221530Z_db18dc51,WD,BTC,gap_depth_extOFI,30000,0.95,0.6828833412353408,173,0.8679146060712087,0.6242774566473989
20260906T221530Z_db18dc51,WD,BTC,gap_extOFI,1000,0.8,0.4315154534384469,2366,0.28336381597488225,0.2992392223161454
20260906T221530Z_db18dc51,WD,BTC,gap_extOFI,2000,0.8,0.4315154534384469,1533,0.39897821590362365,0.4253098499673842
20260906T221530Z_db18dc51,WD,BTC,gap_extOFI,5000,0.8,0.4315154534384469,904,0.49496740817093626,0.5497787610619469
20260906T221530Z_db18dc51,WD,BTC,gap_extOFI,10000,0.8,0.4315154534384469,597,0.7271930132725454,0.6013400335008375
20260906T221530Z_db18dc51,WD,BTC,gap_extOFI,30000,0.8,0.4315154534384469,276,0.3734976863851675,0.5144927536231884
20260906T221530Z_db18dc51,WD,BTC,gap_extOFI,1000,0.9,0.5540845678897455,1316,0.4256151448132657,0.385258358662614
20260906T221530Z_db18dc51,WD,BTC,gap_extOFI,2000,0.9,0.5540845678897455,922,0.5916403445094592,0.5119305856832972
20260906T221530Z_db18dc51,WD,BTC,gap_extOFI,5000,0.9,0.5540845678897455,599,0.7704541865085569,0.6243739565943238
20260906T221530Z_db18dc51,WD,BTC,gap_extOFI,10000,0.9,0.5540845678897455,437,0.9537488538297317,0.6521739130434783
20260906T221530Z_db18dc51,WD,BTC,gap_extOFI,30000,0.9,0.5540845678897455,229,0.9766988996450634,0.5982532751091703
20260906T221530Z_db18dc51,WD,BTC,gap_extOFI,1000,0.95,0.6828833412353408,720,0.6047885409185747,0.4513888888888889
20260906T221530Z_db18dc51,WD,BTC,gap_extOFI,2000,0.95,0.6828833412353408,536,0.8053538239422299,0.5876865671641791
20260906T221530Z_db18dc51,WD,BTC,gap_extOFI,5000,0.95,0.6828833412353408,394,0.9210453366688883,0.682741116751269
20260906T221530Z_db18dc51,WD,BTC,gap_extOFI,10000,0.95,0.6828833412353408,307,1.1027664178065189,0.6807817589576547
20260906T221530Z_db18dc51,WD,BTC,gap_extOFI,30000,0.95,0.6828833412353408,187,1.0447567428984088,0.6363636363636364
20260906T221530Z_db18dc51,WD,BTC,gap_leader1000,1000,0.8,0.4315154534384469,1493,0.3721404327389724,0.38513060951105155
20260906T221530Z_db18dc51,WD,BTC,gap_leader1000,2000,0.8,0.4315154534384469,1241,0.41700648922430794,0.45850120870265915
20260906T221530Z_db18dc51,WD,BTC,gap_leader1000,5000,0.8,0.4315154534384469,894,0.42378917159996604,0.5391498881431768
20260906T221530Z_db18dc51,WD,BTC,gap_leader1000,10000,0.8,0.4315154534384469,610,0.6126951043009575,0.580327868852459
20260906T221530Z_db18dc51,WD,BTC,gap_leader1000,30000,0.8,0.4315154534384469,280,0.24825866446677702,0.5214285714285715
20260906T221530Z_db18dc51,WD,BTC,gap_leader1000,1000,0.9,0.5540845678897455,973,0.486395990578675,0.4511819116135663
20260906T221530Z_db18dc51,WD,BTC,gap_leader1000,2000,0.9,0.5540845678897455,841,0.5486937716466826,0.5243757431629013
20260906T221530Z_db18dc51,WD,BTC,gap_leader1000,5000,0.9,0.5540845678897455,652,0.6016597356344446,0.5904907975460123
20260906T221530Z_db18dc51,WD,BTC,gap_leader1000,10000,0.9,0.5540845678897455,480,0.8207829805916605,0.6145833333333334
20260906T221530Z_db18dc51,WD,BTC,gap_leader1000,30000,0.9,0.5540845678897455,241,0.7995166299202667,0.5767634854771784
20260906T221530Z_db18dc51,WD,BTC,gap_leader1000,1000,0.95,0.6828833412353408,577,0.667893998363309,0.5199306759098787
20260906T221530Z_db18dc51,WD,BTC,gap_leader1000,2000,0.95,0.6828833412353408,519,0.7676404957374245,0.5953757225433526
20260906T221530Z_db18dc51,WD,BTC,gap_leader1000,5000,0.95,0.6828833412353408,430,0.8264195111715105,0.6604651162790698
20260906T221530Z_db18dc51,WD,BTC,gap_leader1000,10000,0.95,0.6828833412353408,335,1.0216263065017748,0.6686567164179105
20260906T221530Z_db18dc51,WD,BTC,gap_leader1000,30000,0.95,0.6828833412353408,201,0.9471483390387023,0.6169154228855721
20260906T221530Z_db18dc51,WD,BTC,gap_localOFI,1000,0.8,0.4315154534384469,2114,0.25924059182937265,0.31125827814569534
20260906T221530Z_db18dc51,WD,BTC,gap_localOFI,2000,0.8,0.4315154534384469,1437,0.3447659249475944,0.4175365344467641
20260906T221530Z_db18dc51,WD,BTC,gap_localOFI,5000,0.8,0.4315154534384469,882,0.4123087595753066,0.5385487528344671
20260906T221530Z_db18dc51,WD,BTC,gap_localOFI,10000,0.8,0.4315154534384469,589,0.6329865919633157,0.5721561969439728
20260906T221530Z_db18dc51,WD,BTC,gap_localOFI,30000,0.8,0.4315154534384469,271,0.25313690783549603,0.4944649446494465
20260906T221530Z_db18dc51,WD,BTC,gap_localOFI,1000,0.9,0.5540845678897455,1182,0.3740212951598602,0.3790186125211506
20260906T221530Z_db18dc51,WD,BTC,gap_localOFI,2000,0.9,0.5540845678897455,863,0.5416153371668709,0.5017381228273464
20260906T221530Z_db18dc51,WD,BTC,gap_localOFI,5000,0.9,0.5540845678897455,582,0.6951536840462256,0.6065292096219931
20260906T221530Z_db18dc51,WD,BTC,gap_localOFI,10000,0.9,0.5540845678897455,421,0.9720430449965941,0.6365795724465558
20260906T221530Z_db18dc51,WD,BTC,gap_localOFI,30000,0.9,0.5540845678897455,225,0.9477795337460125,0.6088888888888889
20260906T221530Z_db18dc51,WD,BTC,gap_localOFI,1000,0.95,0.6828833412353408,649,0.5046895249358053,0.43297380585516176
20260906T221530Z_db18dc51,WD,BTC,gap_localOFI,2000,0.95,0.6828833412353408,500,0.6820436162305724,0.548
20260906T221530Z_db18dc51,WD,BTC,gap_localOFI,5000,0.95,0.6828833412353408,380,0.7742568963593776,0.6526315789473685
20260906T221530Z_db18dc51,WD,BTC,gap_localOFI,10000,0.95,0.6828833412353408,299,0.9682573393862002,0.6488294314381271
20260906T221530Z_db18dc51,WD,BTC,gap_localOFI,30000,0.95,0.6828833412353408,180,0.7068804359612243,0.5944444444444444
20260906T221530Z_db18dc51,WD,BTC,gap_localTrade,1000,0.8,0.4315154534384469,1022,0.4495363542518221,0.4227005870841487
20260906T221530Z_db18dc51,WD,BTC,gap_localTrade,2000,0.8,0.4315154534384469,848,0.5404180310099606,0.5035377358490566
20260906T221530Z_db18dc51,WD,BTC,gap_localTrade,5000,0.8,0.4315154534384469,619,0.6336607330915265,0.5880452342487884
20260906T221530Z_db18dc51,WD,BTC,gap_localTrade,10000,0.8,0.4315154534384469,457,0.8594799377384028,0.6214442013129103
20260906T221530Z_db18dc51,WD,BTC,gap_localTrade,30000,0.8,0.4315154534384469,234,0.5482413510755454,0.5341880341880342
20260906T221530Z_db18dc51,WD,BTC,gap_localTrade,1000,0.9,0.5540845678897455,649,0.6206401387240432,0.5038520801232665
20260906T221530Z_db18dc51,WD,BTC,gap_localTrade,2000,0.9,0.5540845678897455,550,0.7581483430031827,0.5854545454545454
20260906T221530Z_db18dc51,WD,BTC,gap_localTrade,5000,0.9,0.5540845678897455,418,0.8830124461230857,0.6698564593301436
20260906T221530Z_db18dc51,WD,BTC,gap_localTrade,10000,0.9,0.5540845678897455,324,1.0863276682122824,0.6728395061728395
20260906T221530Z_db18dc51,WD,BTC,gap_localTrade,30000,0.9,0.5540845678897455,191,0.820886103343622,0.5968586387434555
20260906T221530Z_db18dc51,WD,BTC,gap_localTrade,1000,0.95,0.6828833412353408,385,0.8383736433829285,0.587012987012987
20260906T221530Z_db18dc51,WD,BTC,gap_localTrade,2000,0.95,0.6828833412353408,343,0.9445797005385409,0.6297376093294461
20260906T221530Z_db18dc51,WD,BTC,gap_localTrade,5000,0.95,0.6828833412353408,281,0.9871546675942994,0.701067615658363
20260906T221530Z_db18dc51,WD,BTC,gap_localTrade,10000,0.95,0.6828833412353408,235,1.1678420135504173,0.6893617021276596
20260906T221530Z_db18dc51,WD,BTC,gap_localTrade,30000,0.95,0.6828833412353408,153,0.8400187207541664,0.5947712418300654
20260906T221530Z_db18dc51,WD,BTC,leader1000_extOFI,1000,0.8,0.2505210102734132,2666,0.2567157617632644,0.3278319579894974
20260906T221530Z_db18dc51,WD,BTC,leader1000_extOFI,2000,0.8,0.2505210102734132,1920,0.30829718495331826,0.421875
20260906T221530Z_db18dc51,WD,BTC,leader1000_extOFI,5000,0.8,0.2505210102734132,1209,0.3503029416982728,0.5037220843672456
20260906T221530Z_db18dc51,WD,BTC,leader1000_extOFI,10000,0.8,0.2505210102734132,762,0.333004274030111,0.5275590551181102
20260906T221530Z_db18dc51,WD,BTC,leader1000_extOFI,30000,0.8,0.2505210102734132,314,0.4017963714772208,0.5318471337579618
20260906T221530Z_db18dc51,WD,BTC,leader1000_extOFI,1000,0.9,0.4737919290135688,1559,0.3555261094653679,0.3790891597177678
20260906T221530Z_db18dc51,WD,BTC,leader1000_extOFI,2000,0.9,0.4737919290135688,1253,0.40614069173829476,0.4573024740622506
20260906T221530Z_db18dc51,WD,BTC,leader1000_extOFI,5000,0.9,0.4737919290135688,871,0.4557944957832341,0.5442020665901263
20260906T221530Z_db18dc51,WD,BTC,leader1000_extOFI,10000,0.9,0.4737919290135688,594,0.45662288930186873,0.5791245791245792
20260906T221530Z_db18dc51,WD,BTC,leader1000_extOFI,30000,0.9,0.4737919290135688,284,0.3711099075605019,0.5246478873239436
20260906T221530Z_db18dc51,WD,BTC,leader1000_extOFI,1000,0.95,0.6572685790963467,899,0.48687858546838353,0.42380422691879865
20260906T221530Z_db18dc51,WD,BTC,leader1000_extOFI,2000,0.95,0.6572685790963467,754,0.5539822601216308,0.5092838196286472
20260906T221530Z_db18dc51,WD,BTC,leader1000_extOFI,5000,0.95,0.6572685790963467,593,0.5996079021438026,0.5834738617200674
20260906T221530Z_db18dc51,WD,BTC,leader1000_extOFI,10000,0.95,0.6572685790963467,449,0.6075743155545571,0.5835189309576837
20260906T221530Z_db18dc51,WD,BTC,leader1000_extOFI,30000,0.95,0.6572685790963467,244,0.527632719994147,0.5450819672131147
20260906T221530Z_db18dc51,WD,ETH,depthBoth,1000,0.8,0.8021805561670199,3565,0.35823765422908027,0.4586255259467041
20260906T221530Z_db18dc51,WD,ETH,depthBoth,2000,0.8,0.8021805561670199,2401,0.4446926502600763,0.5514369012911287
20260906T221530Z_db18dc51,WD,ETH,depthBoth,5000,0.8,0.8021805561670199,1369,0.5602846208271945,0.6077428780131483
20260906T221530Z_db18dc51,WD,ETH,depthBoth,10000,0.8,0.8021805561670199,825,0.5647392641416787,0.5818181818181818
20260906T221530Z_db18dc51,WD,ETH,depthBoth,30000,0.8,0.8021805561670199,323,0.4822600001045235,0.5603715170278638
20260906T221530Z_db18dc51,WD,ETH,depthBoth,1000,0.9,0.8912227934236887,2161,0.3904204872574253,0.4919018972697825
20260906T221530Z_db18dc51,WD,ETH,depthBoth,2000,0.9,0.8912227934236887,1597,0.4823742127160587,0.5760801502817783
20260906T221530Z_db18dc51,WD,ETH,depthBoth,5000,0.9,0.8912227934236887,1027,0.5624100098636469,0.6124634858812074
20260906T221530Z_db18dc51,WD,ETH,depthBoth,10000,0.9,0.8912227934236887,679,0.59995120063738,0.6023564064801178
20260906T221530Z_db18dc51,WD,ETH,depthBoth,30000,0.9,0.8912227934236887,298,0.9253245513696976,0.5838926174496645
20260906T221530Z_db18dc51,WD,ETH,depthBoth,1000,0.95,0.9436514533854611,1290,0.4568219652767164,0.5170542635658915
20260906T221530Z_db18dc51,WD,ETH,depthBoth,2000,0.95,0.9436514533854611,1020,0.5488548259920578,0.5950980392156863
20260906T221530Z_db18dc51,WD,ETH,depthBoth,5000,0.95,0.9436514533854611,733,0.6057843765639953,0.6248294679399727
20260906T221530Z_db18dc51,WD,ETH,depthBoth,10000,0.95,0.9436514533854611,539,0.6474318963345207,0.601113172541744
20260906T221530Z_db18dc51,WD,ETH,depthBoth,30000,0.95,0.9436514533854611,264,1.1783280593229868,0.6098484848484849
20260906T221530Z_db18dc51,WD,ETH,depthL1_extOFI,1000,0.8,0.8454760232424494,3579,0.3746192440873373,0.4786253143336127
20260906T221530Z_db18dc51,WD,ETH,depthL1_extOFI,2000,0.8,0.8454760232424494,2470,0.44511027838429734,0.562753036437247
20260906T221530Z_db18dc51,WD,ETH,depthL1_extOFI,5000,0.8,0.8454760232424494,1387,0.530161143241562,0.6063446286950253
20260906T221530Z_db18dc51,WD,ETH,depthL1_extOFI,10000,0.8,0.8454760232424494,836,0.5728865920599344,0.6004784688995215
20260906T221530Z_db18dc51,WD,ETH,depthL1_extOFI,30000,0.8,0.8454760232424494,325,0.556138428650855,0.5507692307692308
20260906T221530Z_db18dc51,WD,ETH,depthL1_extOFI,1000,0.9,0.9245000374503782,2333,0.47963071504382776,0.5460780111444492
20260906T221530Z_db18dc51,WD,ETH,depthL1_extOFI,2000,0.9,0.9245000374503782,1753,0.5677806926526843,0.6206503137478608
20260906T221530Z_db18dc51,WD,ETH,depthL1_extOFI,5000,0.9,0.9245000374503782,1097,0.6682374141416664,0.6435733819507748
20260906T221530Z_db18dc51,WD,ETH,depthL1_extOFI,10000,0.9,0.9245000374503782,732,0.7327374583642451,0.6147540983606558
20260906T221530Z_db18dc51,WD,ETH,depthL1_extOFI,30000,0.9,0.9245000374503782,308,0.7081916396721349,0.5876623376623377
20260906T221530Z_db18dc51,WD,ETH,depthL1_extOFI,1000,0.95,0.9737031700288186,1382,0.5359832788644211,0.5767004341534009
20260906T221530Z_db18dc51,WD,ETH,depthL1_extOFI,2000,0.95,0.9737031700288186,1109,0.6484822524262882,0.6501352569882777
20260906T221530Z_db18dc51,WD,ETH,depthL1_extOFI,5000,0.95,0.9737031700288186,786,0.6706925712043899,0.6501272264631043
20260906T221530Z_db18dc51,WD,ETH,depthL1_extOFI,10000,0.95,0.9737031700288186,569,0.7015700333739963,0.6063268892794376
20260906T221530Z_db18dc51,WD,ETH,depthL1_extOFI,30000,0.95,0.9737031700288186,270,0.9931223970325483,0.5814814814814815
20260906T221530Z_db18dc51,WD,ETH,gap_depthBoth,1000,0.8,0.5027999396101103,2105,0.3650903197133204,0.4014251781472684
20260906T221530Z_db18dc51,WD,ETH,gap_depthBoth,2000,0.8,0.5027999396101103,1457,0.4727646358444067,0.5209334248455731
20260906T221530Z_db18dc51,WD,ETH,gap_depthBoth,5000,0.8,0.5027999396101103,929,0.621149086886075,0.5952637244348762
20260906T221530Z_db18dc51,WD,ETH,gap_depthBoth,10000,0.8,0.5027999396101103,632,0.8054203256881695,0.629746835443038
20260906T221530Z_db18dc51,WD,ETH,gap_depthBoth,30000,0.8,0.5027999396101103,291,0.5440678419337995,0.5498281786941581
20260906T221530Z_db18dc51,WD,ETH,gap_depthBoth,1000,0.9,0.6662132358415951,1228,0.47249327863579416,0.44869706840390877
20260906T221530Z_db18dc51,WD,ETH,gap_depthBoth,2000,0.9,0.6662132358415951,896,0.5511613207800636,0.5569196428571429
20260906T221530Z_db18dc51,WD,ETH,gap_depthBoth,5000,0.9,0.6662132358415951,619,0.6858057622128705,0.6025848142164781
20260906T221530Z_db18dc51,WD,ETH,gap_depthBoth,10000,0.9,0.6662132358415951,471,0.7920516126239359,0.6114649681528662
20260906T221530Z_db18dc51,WD,ETH,gap_depthBoth,30000,0.9,0.6662132358415951,243,0.613580216988509,0.5185185185185185
20260906T221530Z_db18dc51,WD,ETH,gap_depthBoth,1000,0.95,0.8377605393711782,648,0.6359450773076559,0.5046296296296297
20260906T221530Z_db18dc51,WD,ETH,gap_depthBoth,2000,0.95,0.8377605393711782,501,0.7902497742729115,0.6127744510978044
20260906T221530Z_db18dc51,WD,ETH,gap_depthBoth,5000,0.95,0.8377605393711782,382,0.8781266242108031,0.6335078534031413
20260906T221530Z_db18dc51,WD,ETH,gap_depthBoth,10000,0.95,0.8377605393711782,317,0.8277171577722154,0.6403785488958991
20260906T221530Z_db18dc51,WD,ETH,gap_depthBoth,30000,0.95,0.8377605393711782,192,0.7145702926291686,0.5052083333333334
20260906T221530Z_db18dc51,WD,ETH,gap_depthL1,1000,0.8,0.5027999396101103,2298,0.34398464493699055,0.39556135770234985
20260906T221530Z_db18dc51,WD,ETH,gap_depthL1,2000,0.8,0.5027999396101103,1579,0.4449978876024891,0.5123495883470551
20260906T221530Z_db18dc51,WD,ETH,gap_depthL1,5000,0.8,0.5027999396101103,987,0.581884020889194,0.5896656534954408
20260906T221530Z_db18dc51,WD,ETH,gap_depthL1,10000,0.8,0.5027999396101103,659,0.8102656447849329,0.6191198786039454
20260906T221530Z_db18dc51,WD,ETH,gap_depthL1,30000,0.8,0.5027999396101103,294,0.6572140772061625,0.5816326530612245
20260906T221530Z_db18dc51,WD,ETH,gap_depthL1,1000,0.9,0.6662132358415951,1332,0.4640734660991412,0.44894894894894893
20260906T221530Z_db18dc51,WD,ETH,gap_depthL1,2000,0.9,0.6662132358415951,973,0.5407813300655592,0.5529290853031861
20260906T221530Z_db18dc51,WD,ETH,gap_depthL1,5000,0.9,0.6662132358415951,663,0.6913533491049819,0.6063348416289592
20260906T221530Z_db18dc51,WD,ETH,gap_depthL1,10000,0.9,0.6662132358415951,492,0.8083273114840652,0.6056910569105691
20260906T221530Z_db18dc51,WD,ETH,gap_depthL1,30000,0.9,0.6662132358415951,251,0.4300736489895741,0.5059760956175299
20260906T221530Z_db18dc51,WD,ETH,gap_depthL1,1000,0.95,0.8377605393711782,702,0.6272901017408462,0.5
20260906T221530Z_db18dc51,WD,ETH,gap_depthL1,2000,0.95,0.8377605393711782,540,0.7946968718824804,0.6111111111111112
20260906T221530Z_db18dc51,WD,ETH,gap_depthL1,5000,0.95,0.8377605393711782,410,0.8487566598629355,0.6292682926829268
20260906T221530Z_db18dc51,WD,ETH,gap_depthL1,10000,0.95,0.8377605393711782,335,0.7935872336819381,0.6268656716417911
20260906T221530Z_db18dc51,WD,ETH,gap_depthL1,30000,0.95,0.8377605393711782,199,0.507413637063681,0.507537688442211
20260906T221530Z_db18dc51,WD,ETH,gap_depth_extOFI,1000,0.8,0.5027999396101103,1969,0.4084889981978064,0.4215337734890808
20260906T221530Z_db18dc51,WD,ETH,gap_depth_extOFI,2000,0.8,0.5027999396101103,1396,0.4863161259934534,0.5229226361031518
20260906T221530Z_db18dc51,WD,ETH,gap_depth_extOFI,5000,0.8,0.5027999396101103,909,0.594289354463975,0.5995599559955995
20260906T221530Z_db18dc51,WD,ETH,gap_depth_extOFI,10000,0.8,0.5027999396101103,617,0.8449835970484286,0.6304700162074555
20260906T221530Z_db18dc51,WD,ETH,gap_depth_extOFI,30000,0.8,0.5027999396101103,283,0.5719618225646032,0.568904593639576
20260906T221530Z_db18dc51,WD,ETH,gap_depth_extOFI,1000,0.9,0.6662132358415951,1117,0.5357353416661025,0.4744852282900627
20260906T221530Z_db18dc51,WD,ETH,gap_depth_extOFI,2000,0.9,0.6662132358415951,823,0.635306985563928,0.5722964763061968
20260906T221530Z_db18dc51,WD,ETH,gap_depth_extOFI,5000,0.9,0.6662132358415951,581,0.7674161773663298,0.6247848537005164
20260906T221530Z_db18dc51,WD,ETH,gap_depth_extOFI,10000,0.9,0.6662132358415951,441,0.9144292655443145,0.6349206349206349
20260906T221530Z_db18dc51,WD,ETH,gap_depth_extOFI,30000,0.9,0.6662132358415951,232,0.5281493716750061,0.521551724137931
20260906T221530Z_db18dc51,WD,ETH,gap_depth_extOFI,1000,0.95,0.8377605393711782,590,0.7126409304153343,0.5203389830508475
20260906T221530Z_db18dc51,WD,ETH,gap_depth_extOFI,2000,0.95,0.8377605393711782,455,0.8958127037546366,0.6263736263736264
20260906T221530Z_db18dc51,WD,ETH,gap_depth_extOFI,5000,0.95,0.8377605393711782,350,0.9113382064685533,0.64
20260906T221530Z_db18dc51,WD,ETH,gap_depth_extOFI,10000,0.95,0.8377605393711782,294,0.9168729570548168,0.6462585034013606
20260906T221530Z_db18dc51,WD,ETH,gap_depth_extOFI,30000,0.95,0.8377605393711782,186,0.4144950064254004,0.5053763440860215
20260906T221530Z_db18dc51,WD,ETH,gap_extOFI,1000,0.8,0.5027999396101103,2512,0.31177834446705527,0.3554936305732484
20260906T221530Z_db18dc51,WD,ETH,gap_extOFI,2000,0.8,0.5027999396101103,1694,0.36682619372922215,0.4651711924439197
20260906T221530Z_db18dc51,WD,ETH,gap_extOFI,5000,0.8,0.5027999396101103,1047,0.4538061924238033,0.5530085959885387
20260906T221530Z_db18dc51,WD,ETH,gap_extOFI,10000,0.8,0.5027999396101103,681,0.5303420030272172,0.5624082232011748
20260906T221530Z_db18dc51,WD,ETH,gap_extOFI,30000,0.8,0.5027999396101103,294,0.46866850883966077,0.5272108843537415
20260906T221530Z_db18dc51,WD,ETH,gap_extOFI,1000,0.9,0.6662132358415951,1387,0.4740819974529185,0.4167267483777938
20260906T221530Z_db18dc51,WD,ETH,gap_extOFI,2000,0.9,0.6662132358415951,990,0.5781436284304254,0.5202020202020202
20260906T221530Z_db18dc51,WD,ETH,gap_extOFI,5000,0.9,0.6662132358415951,662,0.738776358654886,0.5936555891238671
20260906T221530Z_db18dc51,WD,ETH,gap_extOFI,10000,0.9,0.6662132358415951,479,0.9413362280269285,0.615866388308977
20260906T221530Z_db18dc51,WD,ETH,gap_extOFI,30000,0.9,0.6662132358415951,246,0.5926161817395443,0.5447154471544715
20260906T221530Z_db18dc51,WD,ETH,gap_extOFI,1000,0.95,0.8377605393711782,755,0.676242188004707,0.45695364238410596
20260906T221530Z_db18dc51,WD,ETH,gap_extOFI,2000,0.95,0.8377605393711782,565,0.832025234292191,0.5646017699115045
20260906T221530Z_db18dc51,WD,ETH,gap_extOFI,5000,0.95,0.8377605393711782,406,0.9708345977500796,0.603448275862069
20260906T221530Z_db18dc51,WD,ETH,gap_extOFI,10000,0.95,0.8377605393711782,324,1.025515944256477,0.6203703703703703
20260906T221530Z_db18dc51,WD,ETH,gap_extOFI,30000,0.95,0.8377605393711782,196,0.7599288717978487,0.5306122448979592
20260906T221530Z_db18dc51,WD,ETH,gap_leader1000,1000,0.8,0.5027999396101103,2091,0.29725312971056983,0.37637494021999046
20260906T221530Z_db18dc51,WD,ETH,gap_leader1000,2000,0.8,0.5027999396101103,1702,0.281149771038738,0.4488836662749706
20260906T221530Z_db18dc51,WD,ETH,gap_leader1000,5000,0.8,0.5027999396101103,1095,0.38255977997033613,0.5296803652968036
20260906T221530Z_db18dc51,WD,ETH,gap_leader1000,10000,0.8,0.5027999396101103,720,0.41031415675344834,0.5430555555555555
20260906T221530Z_db18dc51,WD,ETH,gap_leader1000,30000,0.8,0.5027999396101103,303,0.407137196410475,0.5214521452145214
20260906T221530Z_db18dc51,WD,ETH,gap_leader1000,1000,0.9,0.6662132358415951,1263,0.45046998978846264,0.43705463182897863
20260906T221530Z_db18dc51,WD,ETH,gap_leader1000,2000,0.9,0.6662132358415951,1068,0.43664879684305513,0.49625468164794007
20260906T221530Z_db18dc51,WD,ETH,gap_leader1000,5000,0.9,0.6662132358415951,764,0.5360160557278059,0.5549738219895288
20260906T221530Z_db18dc51,WD,ETH,gap_leader1000,10000,0.9,0.6662132358415951,550,0.7029647936473212,0.5818181818181818
20260906T221530Z_db18dc51,WD,ETH,gap_leader1000,30000,0.9,0.6662132358415951,267,0.6397970189156469,0.5393258426966292
20260906T221530Z_db18dc51,WD,ETH,gap_leader1000,1000,0.95,0.8377605393711782,701,0.6904294520278347,0.4950071326676177
20260906T221530Z_db18dc51,WD,ETH,gap_leader1000,2000,0.95,0.8377605393711782,622,0.6994550704340887,0.5498392282958199
20260906T221530Z_db18dc51,WD,ETH,gap_leader1000,5000,0.95,0.8377605393711782,483,0.742516829477332,0.5817805383022774
20260906T221530Z_db18dc51,WD,ETH,gap_leader1000,10000,0.95,0.8377605393711782,379,0.7172543728238425,0.5883905013192612
20260906T221530Z_db18dc51,WD,ETH,gap_leader1000,30000,0.95,0.8377605393711782,212,0.8009132201352005,0.5471698113207547
20260906T221530Z_db18dc51,WD,ETH,gap_localOFI,1000,0.8,0.5027999396101103,2175,0.32253171356730886,0.37103448275862067
20260906T221530Z_db18dc51,WD,ETH,gap_localOFI,2000,0.8,0.5027999396101103,1578,0.35660268220741137,0.4645120405576679
20260906T221530Z_db18dc51,WD,ETH,gap_localOFI,5000,0.8,0.5027999396101103,1017,0.4550936607072053,0.543756145526057
20260906T221530Z_db18dc51,WD,ETH,gap_localOFI,10000,0.8,0.5027999396101103,674,0.5608768240096852,0.56973293768546
20260906T221530Z_db18dc51,WD,ETH,gap_localOFI,30000,0.8,0.5027999396101103,295,0.16524807025678556,0.49830508474576274
20260906T221530Z_db18dc51,WD,ETH,gap_localOFI,1000,0.9,0.6662132358415951,1227,0.4756596769424647,0.42461287693561534
20260906T221530Z_db18dc51,WD,ETH,gap_localOFI,2000,0.9,0.6662132358415951,933,0.5361567958195237,0.5155412647374062
20260906T221530Z_db18dc51,WD,ETH,gap_localOFI,5000,0.9,0.6662132358415951,653,0.6516614883681131,0.5803981623277182
20260906T221530Z_db18dc51,WD,ETH,gap_localOFI,10000,0.9,0.6662132358415951,476,0.9157200407442947,0.6197478991596639
20260906T221530Z_db18dc51,WD,ETH,gap_localOFI,30000,0.9,0.6662132358415951,245,0.9190406597921358,0.5755102040816327
20260906T221530Z_db18dc51,WD,ETH,gap_localOFI,1000,0.95,0.8377605393711782,656,0.6163775510073111,0.4496951219512195
20260906T221530Z_db18dc51,WD,ETH,gap_localOFI,2000,0.95,0.8377605393711782,515,0.7352417252832527,0.5533980582524272
20260906T221530Z_db18dc51,WD,ETH,gap_localOFI,5000,0.95,0.8377605393711782,393,0.8744237781413584,0.5979643765903307
20260906T221530Z_db18dc51,WD,ETH,gap_localOFI,10000,0.95,0.8377605393711782,313,0.938067946078236,0.6198083067092651
20260906T221530Z_db18dc51,WD,ETH,gap_localOFI,30000,0.95,0.8377605393711782,192,0.8968347209956589,0.5677083333333334
20260906T221530Z_db18dc51,WD,ETH,gap_localTrade,1000,0.8,0.5027999396101103,992,0.5665821176133102,0.4566532258064516
20260906T221530Z_db18dc51,WD,ETH,gap_localTrade,2000,0.8,0.5027999396101103,839,0.6534991497590872,0.531585220500596
20260906T221530Z_db18dc51,WD,ETH,gap_localTrade,5000,0.8,0.5027999396101103,633,0.7924315675579355,0.6034755134281201
20260906T221530Z_db18dc51,WD,ETH,gap_localTrade,10000,0.8,0.5027999396101103,469,0.9913592756342314,0.6545842217484008
20260906T221530Z_db18dc51,WD,ETH,gap_localTrade,30000,0.8,0.5027999396101103,242,0.8365749231530867,0.5867768595041323
20260906T221530Z_db18dc51,WD,ETH,gap_localTrade,1000,0.9,0.6662132358415951,606,0.7507524100799516,0.4933993399339934
20260906T221530Z_db18dc51,WD,ETH,gap_localTrade,2000,0.9,0.6662132358415951,528,0.8712317207834817,0.5776515151515151
20260906T221530Z_db18dc51,WD,ETH,gap_localTrade,5000,0.9,0.6662132358415951,418,1.0221306787999094,0.6291866028708134
20260906T221530Z_db18dc51,WD,ETH,gap_localTrade,10000,0.9,0.6662132358415951,325,1.091196555002165,0.6338461538461538
20260906T221530Z_db18dc51,WD,ETH,gap_localTrade,30000,0.9,0.6662132358415951,196,0.6757081970684532,0.5612244897959183
20260906T221530Z_db18dc51,WD,ETH,gap_localTrade,1000,0.95,0.8377605393711782,369,0.9972817864446741,0.5528455284552846
20260906T221530Z_db18dc51,WD,ETH,gap_localTrade,2000,0.95,0.8377605393711782,327,1.1094022166733177,0.6024464831804281
20260906T221530Z_db18dc51,WD,ETH,gap_localTrade,5000,0.95,0.8377605393711782,269,1.3539365580017453,0.6840148698884758
20260906T221530Z_db18dc51,WD,ETH,gap_localTrade,10000,0.95,0.8377605393711782,224,1.372483435500221,0.6607142857142857
20260906T221530Z_db18dc51,WD,ETH,gap_localTrade,30000,0.95,0.8377605393711782,146,1.4596402579077923,0.5821917808219178
20260906T221530Z_db18dc51,WD,ETH,leader1000_extOFI,1000,0.8,0.39751201851267914,2996,0.29709541425178776,0.3825100133511348
20260906T221530Z_db18dc51,WD,ETH,leader1000_extOFI,2000,0.8,0.39751201851267914,2171,0.28722469856131105,0.45831414094887146
20260906T221530Z_db18dc51,WD,ETH,leader1000_extOFI,5000,0.8,0.39751201851267914,1310,0.35887446131490053,0.518320610687023
20260906T221530Z_db18dc51,WD,ETH,leader1000_extOFI,10000,0.8,0.39751201851267914,803,0.45357275601810054,0.564134495641345
20260906T221530Z_db18dc51,WD,ETH,leader1000_extOFI,30000,0.8,0.39751201851267914,322,0.8099898152613982,0.562111801242236
20260906T221530Z_db18dc51,WD,ETH,leader1000_extOFI,1000,0.9,0.5969341840405453,1786,0.42312094766360253,0.43784994400895855
20260906T221530Z_db18dc51,WD,ETH,leader1000_extOFI,2000,0.9,0.5969341840405453,1391,0.44868302392076903,0.49892163910855497
20260906T221530Z_db18dc51,WD,ETH,leader1000_extOFI,5000,0.9,0.5969341840405453,955,0.5314274108907764,0.562303664921466
20260906T221530Z_db18dc51,WD,ETH,leader1000_extOFI,10000,0.9,0.5969341840405453,646,0.5680983429038156,0.5773993808049536
20260906T221530Z_db18dc51,WD,ETH,leader1000_extOFI,30000,0.9,0.5969341840405453,293,0.9078397860370777,0.552901023890785
20260906T221530Z_db18dc51,WD,ETH,leader1000_extOFI,1000,0.95,0.7816190902524731,1024,0.612096973651534,0.5068359375
20260906T221530Z_db18dc51,WD,ETH,leader1000_extOFI,2000,0.95,0.7816190902524731,841,0.6480209812319787,0.5481569560047562
20260906T221530Z_db18dc51,WD,ETH,leader1000_extOFI,5000,0.95,0.7816190902524731,636,0.754543698894647,0.6116352201257862
20260906T221530Z_db18dc51,WD,ETH,leader1000_extOFI,10000,0.95,0.7816190902524731,480,0.703190608379154,0.61875
20260906T221530Z_db18dc51,WD,ETH,leader1000_extOFI,30000,0.95,0.7816190902524731,249,0.9023611767861098,0.5783132530120482
20260907T070729Z_48d293bf,WD,BTC,depthBoth,1000,0.8,0.9088192114820832,3091,0.2435990112168951,0.30799094144289874
20260907T070729Z_48d293bf,WD,BTC,depthBoth,2000,0.8,0.9088192114820832,1953,0.3408683005011162,0.42908346134152586
20260907T070729Z_48d293bf,WD,BTC,depthBoth,5000,0.8,0.9088192114820832,1099,0.5191877536577236,0.5450409463148317
20260907T070729Z_48d293bf,WD,BTC,depthBoth,10000,0.8,0.9088192114820832,683,0.576196013347387,0.6002928257686676
20260907T070729Z_48d293bf,WD,BTC,depthBoth,30000,0.8,0.9088192114820832,287,0.4712794662029032,0.5679442508710801
20260907T070729Z_48d293bf,WD,BTC,depthBoth,1000,0.9,0.9624666783618268,1859,0.30838321891356574,0.38031199569661106
20260907T070729Z_48d293bf,WD,BTC,depthBoth,2000,0.9,0.9624666783618268,1262,0.4389950726369051,0.5023771790808241
20260907T070729Z_48d293bf,WD,BTC,depthBoth,5000,0.9,0.9624666783618268,794,0.6015330053394043,0.6070528967254408
20260907T070729Z_48d293bf,WD,BTC,depthBoth,10000,0.9,0.9624666783618268,543,0.5911559789486014,0.6243093922651933
20260907T070729Z_48d293bf,WD,BTC,depthBoth,30000,0.9,0.9624666783618268,256,0.5344333320291014,0.55859375
20260907T070729Z_48d293bf,WD,BTC,depthBoth,1000,0.95,0.9858677575249772,1018,0.3815353046090606,0.44204322200392926
20260907T070729Z_48d293bf,WD,BTC,depthBoth,2000,0.95,0.9858677575249772,750,0.49020992967136634,0.544
20260907T070729Z_48d293bf,WD,BTC,depthBoth,5000,0.95,0.9858677575249772,520,0.6590022804435853,0.6461538461538462
20260907T070729Z_48d293bf,WD,BTC,depthBoth,10000,0.95,0.9858677575249772,395,0.5719835576827007,0.6354430379746835
20260907T070729Z_48d293bf,WD,BTC,depthBoth,30000,0.95,0.9858677575249772,221,0.6854761692771726,0.6063348416289592
20260907T070729Z_48d293bf,WD,BTC,depthL1_extOFI,1000,0.8,0.9049882104384737,2961,0.2584985009153342,0.32792975346166836
20260907T070729Z_48d293bf,WD,BTC,depthL1_extOFI,2000,0.8,0.9049882104384737,1927,0.347400848056427,0.4395433316035288
20260907T070729Z_48d293bf,WD,BTC,depthL1_extOFI,5000,0.8,0.9049882104384737,1096,0.49881586758002217,0.551094890510949
20260907T070729Z_48d293bf,WD,BTC,depthL1_extOFI,10000,0.8,0.9049882104384737,687,0.555140942812427,0.604075691411936
20260907T070729Z_48d293bf,WD,BTC,depthL1_extOFI,30000,0.8,0.9049882104384737,290,0.4244236131126582,0.5551724137931034
20260907T070729Z_48d293bf,WD,BTC,depthL1_extOFI,1000,0.9,0.9650818167210223,1755,0.3253869071582085,0.39544159544159546
20260907T070729Z_48d293bf,WD,BTC,depthL1_extOFI,2000,0.9,0.9650818167210223,1237,0.4430792995918054,0.513338722716249
20260907T070729Z_48d293bf,WD,BTC,depthL1_extOFI,5000,0.9,0.9650818167210223,795,0.589816370158493,0.6088050314465409
20260907T070729Z_48d293bf,WD,BTC,depthL1_extOFI,10000,0.9,0.9650818167210223,544,0.6131647747426819,0.6341911764705882
20260907T070729Z_48d293bf,WD,BTC,depthL1_extOFI,30000,0.9,0.9650818167210223,259,0.5029370887052583,0.5521235521235521
20260907T070729Z_48d293bf,WD,BTC,depthL1_extOFI,1000,0.95,0.9883141411609052,971,0.40250145803078835,0.46446961894953653
20260907T070729Z_48d293bf,WD,BTC,depthL1_extOFI,2000,0.95,0.9883141411609052,732,0.5019771749329446,0.5737704918032787
20260907T070729Z_48d293bf,WD,BTC,depthL1_extOFI,5000,0.95,0.9883141411609052,522,0.7010064995970676,0.6647509578544061
20260907T070729Z_48d293bf,WD,BTC,depthL1_extOFI,10000,0.95,0.9883141411609052,396,0.6600188200935332,0.6590909090909091
20260907T070729Z_48d293bf,WD,BTC,depthL1_extOFI,30000,0.95,0.9883141411609052,216,0.7050671690129876,0.5925925925925926
20260907T070729Z_48d293bf,WD,BTC,gap_depthBoth,1000,0.8,0.4146193779601681,1974,0.23903650578151034,0.2512664640324215
20260907T070729Z_48d293bf,WD,BTC,gap_depthBoth,2000,0.8,0.4146193779601681,1180,0.3523654723680244,0.35847457627118645
20260907T070729Z_48d293bf,WD,BTC,gap_depthBoth,5000,0.8,0.4146193779601681,662,0.5514168216984301,0.513595166163142
20260907T070729Z_48d293bf,WD,BTC,gap_depthBoth,10000,0.8,0.4146193779601681,443,0.7826155096820306,0.6072234762979684
20260907T070729Z_48d293bf,WD,BTC,gap_depthBoth,30000,0.8,0.4146193779601681,231,0.4078773233905672,0.5627705627705628
20260907T070729Z_48d293bf,WD,BTC,gap_depthBoth,1000,0.9,0.5563402015233978,1060,0.31840353719979436,0.30471698113207546
20260907T070729Z_48d293bf,WD,BTC,gap_depthBoth,2000,0.9,0.5563402015233978,673,0.4662358516836081,0.4413075780089153
20260907T070729Z_48d293bf,WD,BTC,gap_depthBoth,5000,0.9,0.5563402015233978,412,0.7589349160097395,0.6067961165048543
20260907T070729Z_48d293bf,WD,BTC,gap_depthBoth,10000,0.9,0.5563402015233978,299,0.9578702243749622,0.6588628762541806
20260907T070729Z_48d293bf,WD,BTC,gap_depthBoth,30000,0.9,0.5563402015233978,176,1.0443404975471433,0.6477272727272727
20260907T070729Z_48d293bf,WD,BTC,gap_depthBoth,1000,0.95,0.6899182072173105,557,0.49223311609246573,0.3895870736086176
20260907T070729Z_48d293bf,WD,BTC,gap_depthBoth,2000,0.95,0.6899182072173105,370,0.7258839619716372,0.5540540540540541
20260907T070729Z_48d293bf,WD,BTC,gap_depthBoth,5000,0.95,0.6899182072173105,248,1.039380546807329,0.6733870967741935
20260907T070729Z_48d293bf,WD,BTC,gap_depthBoth,10000,0.95,0.6899182072173105,189,1.3641797421060835,0.7142857142857143
20260907T070729Z_48d293bf,WD,BTC,gap_depthBoth,30000,0.95,0.6899182072173105,132,1.673805985478539,0.7424242424242424
20260907T070729Z_48d293bf,WD,BTC,gap_depthL1,1000,0.8,0.4146193779601681,2012,0.23434092350412716,0.24801192842942346
20260907T070729Z_48d293bf,WD,BTC,gap_depthL1,2000,0.8,0.4146193779601681,1201,0.3356339174314418,0.35387177352206495
20260907T070729Z_48d293bf,WD,BTC,gap_depthL1,5000,0.8,0.4146193779601681,671,0.5443261582684783,0.5096870342771982
20260907T070729Z_48d293bf,WD,BTC,gap_depthL1,10000,0.8,0.4146193779601681,449,0.7200485353672514,0.5968819599109132
20260907T070729Z_48d293bf,WD,BTC,gap_depthL1,30000,0.8,0.4146193779601681,233,0.3167801593081683,0.5579399141630901
20260907T070729Z_48d293bf,WD,BTC,gap_depthL1,1000,0.9,0.5563402015233978,1075,0.3141852274011263,0.3023255813953488
20260907T070729Z_48d293bf,WD,BTC,gap_depthL1,2000,0.9,0.5563402015233978,681,0.46989708343195885,0.44052863436123346
20260907T070729Z_48d293bf,WD,BTC,gap_depthL1,5000,0.9,0.5563402015233978,415,0.7504267247477354,0.6048192771084338
20260907T070729Z_48d293bf,WD,BTC,gap_depthL1,10000,0.9,0.5563402015233978,302,0.9198432054739266,0.6490066225165563
20260907T070729Z_48d293bf,WD,BTC,gap_depthL1,30000,0.9,0.5563402015233978,176,1.0545790586515553,0.6477272727272727
20260907T070729Z_48d293bf,WD,BTC,gap_depthL1,1000,0.95,0.6899182072173105,559,0.4883468191354938,0.3881932021466905
20260907T070729Z_48d293bf,WD,BTC,gap_depthL1,2000,0.95,0.6899182072173105,372,0.7320947221844688,0.5510752688172043
20260907T070729Z_48d293bf,WD,BTC,gap_depthL1,5000,0.95,0.6899182072173105,250,1.0354169391386179,0.668
20260907T070729Z_48d293bf,WD,BTC,gap_depthL1,10000,0.95,0.6899182072173105,191,1.3466022003472913,0.7068062827225131
20260907T070729Z_48d293bf,WD,BTC,gap_depthL1,30000,0.95,0.6899182072173105,133,1.6784576299127039,0.7368421052631579
20260907T070729Z_48d293bf,WD,BTC,gap_depth_extOFI,1000,0.8,0.4146193779601681,1819,0.2554033327743136,0.2594832325453546
20260907T070729Z_48d293bf,WD,BTC,gap_depth_extOFI,2000,0.8,0.4146193779601681,1129,0.3554500633256753,0.3675819309123118
20260907T070729Z_48d293bf,WD,BTC,gap_depth_extOFI,5000,0.8,0.4146193779601681,650,0.5689444274572147,0.52
20260907T070729Z_48d293bf,WD,BTC,gap_depth_extOFI,10000,0.8,0.4146193779601681,435,0.7222347644962517,0.6
20260907T070729Z_48d293bf,WD,BTC,gap_depth_extOFI,30000,0.8,0.4146193779601681,231,0.35056007390539795,0.5627705627705628
20260907T070729Z_48d293bf,WD,BTC,gap_depth_extOFI,1000,0.9,0.5563402015233978,976,0.3235282049444789,0.3145491803278688
20260907T070729Z_48d293bf,WD,BTC,gap_depth_extOFI,2000,0.9,0.5563402015233978,646,0.45538295061362355,0.4458204334365325
20260907T070729Z_48d293bf,WD,BTC,gap_depth_extOFI,5000,0.9,0.5563402015233978,402,0.7680150287479922,0.6069651741293532
20260907T070729Z_48d293bf,WD,BTC,gap_depth_extOFI,10000,0.9,0.5563402015233978,291,0.9601366621161264,0.6632302405498282
20260907T070729Z_48d293bf,WD,BTC,gap_depth_extOFI,30000,0.9,0.5563402015233978,173,1.1250690728406512,0.6589595375722543
20260907T070729Z_48d293bf,WD,BTC,gap_depth_extOFI,1000,0.95,0.6899182072173105,514,0.512213537829102,0.4046692607003891
20260907T070729Z_48d293bf,WD,BTC,gap_depth_extOFI,2000,0.95,0.6899182072173105,358,0.7100185330946471,0.553072625698324
20260907T070729Z_48d293bf,WD,BTC,gap_depth_extOFI,5000,0.95,0.6899182072173105,241,1.0802488688116418,0.6846473029045643
20260907T070729Z_48d293bf,WD,BTC,gap_depth_extOFI,10000,0.95,0.6899182072173105,184,1.3643054271103419,0.717391304347826
20260907T070729Z_48d293bf,WD,BTC,gap_depth_extOFI,30000,0.95,0.6899182072173105,129,1.6761489783871277,0.751937984496124
20260907T070729Z_48d293bf,WD,BTC,gap_extOFI,1000,0.8,0.4146193779601681,2241,0.22466456203520302,0.22579205711735834
20260907T070729Z_48d293bf,WD,BTC,gap_extOFI,2000,0.8,0.4146193779601681,1368,0.30955169341523064,0.3252923976608187
20260907T070729Z_48d293bf,WD,BTC,gap_extOFI,5000,0.8,0.4146193779601681,746,0.49819541008867174,0.4772117962466488
20260907T070729Z_48d293bf,WD,BTC,gap_extOFI,10000,0.8,0.4146193779601681,484,0.7538951293554107,0.5764462809917356
20260907T070729Z_48d293bf,WD,BTC,gap_extOFI,30000,0.8,0.4146193779601681,241,0.4680115212854945,0.5850622406639004
20260907T070729Z_48d293bf,WD,BTC,gap_extOFI,1000,0.9,0.5563402015233978,1188,0.29217186121480687,0.281986531986532
20260907T070729Z_48d293bf,WD,BTC,gap_extOFI,2000,0.9,0.5563402015233978,768,0.40451385794880856,0.3971354166666667
20260907T070729Z_48d293bf,WD,BTC,gap_extOFI,5000,0.9,0.5563402015233978,458,0.6502136805870555,0.5524017467248908
20260907T070729Z_48d293bf,WD,BTC,gap_extOFI,10000,0.9,0.5563402015233978,324,0.8355746663192852,0.6018518518518519
20260907T070729Z_48d293bf,WD,BTC,gap_extOFI,30000,0.9,0.5563402015233978,185,1.1436244741616188,0.6486486486486487
20260907T070729Z_48d293bf,WD,BTC,gap_extOFI,1000,0.95,0.6899182072173105,659,0.48831352453645177,0.3581183611532625
20260907T070729Z_48d293bf,WD,BTC,gap_extOFI,2000,0.95,0.6899182072173105,448,0.6633307717866129,0.48214285714285715
20260907T070729Z_48d293bf,WD,BTC,gap_extOFI,5000,0.95,0.6899182072173105,288,1.011824746621399,0.6111111111111112
20260907T070729Z_48d293bf,WD,BTC,gap_extOFI,10000,0.95,0.6899182072173105,215,1.3300000993645318,0.6790697674418604
20260907T070729Z_48d293bf,WD,BTC,gap_extOFI,30000,0.95,0.6899182072173105,143,1.814313337616241,0.7132867132867133
20260907T070729Z_48d293bf,WD,BTC,gap_leader1000,1000,0.8,0.4146193779601681,1062,0.3686948577827829,0.3681732580037665
20260907T070729Z_48d293bf,WD,BTC,gap_leader1000,2000,0.8,0.4146193779601681,865,0.4201060317019497,0.42890173410404625
20260907T070729Z_48d293bf,WD,BTC,gap_leader1000,5000,0.8,0.4146193779601681,638,0.5750409894236723,0.512539184952978
20260907T070729Z_48d293bf,WD,BTC,gap_leader1000,10000,0.8,0.4146193779601681,460,0.7148636848155894,0.5739130434782609
20260907T070729Z_48d293bf,WD,BTC,gap_leader1000,30000,0.8,0.4146193779601681,237,0.5709628014389986,0.5991561181434599
20260907T070729Z_48d293bf,WD,BTC,gap_leader1000,1000,0.9,0.5563402015233978,650,0.477115764860925,0.42923076923076925
20260907T070729Z_48d293bf,WD,BTC,gap_leader1000,2000,0.9,0.5563402015233978,550,0.5700468746010404,0.5072727272727273
20260907T070729Z_48d293bf,WD,BTC,gap_leader1000,5000,0.9,0.5563402015233978,430,0.6849429462706971,0.5837209302325581
20260907T070729Z_48d293bf,WD,BTC,gap_leader1000,10000,0.9,0.5563402015233978,326,0.8767138038629797,0.6226993865030674
20260907T070729Z_48d293bf,WD,BTC,gap_leader1000,30000,0.9,0.5563402015233978,189,1.1318333630533364,0.656084656084656
20260907T070729Z_48d293bf,WD,BTC,gap_leader1000,1000,0.95,0.6899182072173105,396,0.6886442352230815,0.5303030303030303
20260907T070729Z_48d293bf,WD,BTC,gap_leader1000,2000,0.95,0.6899182072173105,344,0.8062812651723861,0.5930232558139535
20260907T070729Z_48d293bf,WD,BTC,gap_leader1000,5000,0.95,0.6899182072173105,281,0.9010656565541626,0.6120996441281139
20260907T070729Z_48d293bf,WD,BTC,gap_leader1000,10000,0.95,0.6899182072173105,226,0.9949002547792561,0.6592920353982301
20260907T070729Z_48d293bf,WD,BTC,gap_leader1000,30000,0.95,0.6899182072173105,152,1.6374675728827228,0.6842105263157895
20260907T070729Z_48d293bf,WD,BTC,gap_localOFI,1000,0.8,0.4146193779601681,1943,0.2213444324568405,0.23468862583633557
20260907T070729Z_48d293bf,WD,BTC,gap_localOFI,2000,0.8,0.4146193779601681,1256,0.32452273681759214,0.3343949044585987
20260907T070729Z_48d293bf,WD,BTC,gap_localOFI,5000,0.8,0.4146193779601681,719,0.5262277025265927,0.4756606397774687
20260907T070729Z_48d293bf,WD,BTC,gap_localOFI,10000,0.8,0.4146193779601681,470,0.7281682618322638,0.5574468085106383
20260907T070729Z_48d293bf,WD,BTC,gap_localOFI,30000,0.8,0.4146193779601681,237,0.5761773915926187,0.5780590717299579
20260907T070729Z_48d293bf,WD,BTC,gap_localOFI,1000,0.9,0.5563402015233978,1043,0.30150186834232506,0.28475551294343243
20260907T070729Z_48d293bf,WD,BTC,gap_localOFI,2000,0.9,0.5563402015233978,694,0.40791792477853117,0.3919308357348703
20260907T070729Z_48d293bf,WD,BTC,gap_localOFI,5000,0.9,0.5563402015233978,433,0.6474546866277191,0.5381062355658198
20260907T070729Z_48d293bf,WD,BTC,gap_localOFI,10000,0.9,0.5563402015233978,307,0.7747995812093541,0.5732899022801303
20260907T070729Z_48d293bf,WD,BTC,gap_localOFI,30000,0.9,0.5563402015233978,177,1.2707567139421743,0.6666666666666666
20260907T070729Z_48d293bf,WD,BTC,gap_localOFI,1000,0.95,0.6899182072173105,558,0.4859782858526993,0.36200716845878134
20260907T070729Z_48d293bf,WD,BTC,gap_localOFI,2000,0.95,0.6899182072173105,390,0.6535201340900832,0.47435897435897434
20260907T070729Z_48d293bf,WD,BTC,gap_localOFI,5000,0.95,0.6899182072173105,269,0.9937603097040365,0.587360594795539
20260907T070729Z_48d293bf,WD,BTC,gap_localOFI,10000,0.95,0.6899182072173105,203,1.1950166614696838,0.6354679802955665
20260907T070729Z_48d293bf,WD,BTC,gap_localOFI,30000,0.95,0.6899182072173105,134,1.932004204253164,0.7388059701492538
20260907T070729Z_48d293bf,WD,BTC,gap_localTrade,1000,0.8,0.4146193779601681,1030,0.3843250263200643,0.3446601941747573
20260907T070729Z_48d293bf,WD,BTC,gap_localTrade,2000,0.8,0.4146193779601681,807,0.4474172820796974,0.41016109045848825
20260907T070729Z_48d293bf,WD,BTC,gap_localTrade,5000,0.8,0.4146193779601681,543,0.5682138948359078,0.5009208103130756
20260907T070729Z_48d293bf,WD,BTC,gap_localTrade,10000,0.8,0.4146193779601681,390,0.7723583303779696,0.5794871794871795
20260907T070729Z_48d293bf,WD,BTC,gap_localTrade,30000,0.8,0.4146193779601681,212,1.060227084517329,0.6132075471698113
20260907T070729Z_48d293bf,WD,BTC,gap_localTrade,1000,0.9,0.5563402015233978,605,0.4918017235313679,0.4099173553719008
20260907T070729Z_48d293bf,WD,BTC,gap_localTrade,2000,0.9,0.5563402015233978,486,0.5479773899933664,0.48148148148148145
20260907T070729Z_48d293bf,WD,BTC,gap_localTrade,5000,0.9,0.5563402015233978,345,0.7523277665096388,0.5855072463768116
20260907T070729Z_48d293bf,WD,BTC,gap_localTrade,10000,0.9,0.5563402015233978,263,1.0011345102067517,0.6159695817490495
20260907T070729Z_48d293bf,WD,BTC,gap_localTrade,30000,0.9,0.5563402015233978,157,1.3530078136631196,0.6369426751592356
20260907T070729Z_48d293bf,WD,BTC,gap_localTrade,1000,0.95,0.6899182072173105,357,0.705676312758169,0.5014005602240896
20260907T070729Z_48d293bf,WD,BTC,gap_localTrade,2000,0.95,0.6899182072173105,287,0.8402083950170703,0.5818815331010453
20260907T070729Z_48d293bf,WD,BTC,gap_localTrade,5000,0.95,0.6899182072173105,215,1.1567523716422146,0.6558139534883721
20260907T070729Z_48d293bf,WD,BTC,gap_localTrade,10000,0.95,0.6899182072173105,172,1.4509294557583716,0.686046511627907
20260907T070729Z_48d293bf,WD,BTC,gap_localTrade,30000,0.95,0.6899182072173105,117,2.3392677453345674,0.7350427350427351
20260907T070729Z_48d293bf,WD,BTC,leader1000_extOFI,1000,0.8,0.1294850448199729,2461,0.20671918385557722,0.27021535960991466
20260907T070729Z_48d293bf,WD,BTC,leader1000_extOFI,2000,0.8,0.1294850448199729,1760,0.21501373143723157,0.32670454545454547
20260907T070729Z_48d293bf,WD,BTC,leader1000_extOFI,5000,0.8,0.1294850448199729,1067,0.2948613933597169,0.4133083411433927
20260907T070729Z_48d293bf,WD,BTC,leader1000_extOFI,10000,0.8,0.1294850448199729,683,0.2977289237841798,0.46412884333821375
20260907T070729Z_48d293bf,WD,BTC,leader1000_extOFI,30000,0.8,0.1294850448199729,301,0.28459248410250587,0.5083056478405316
20260907T070729Z_48d293bf,WD,BTC,leader1000_extOFI,1000,0.9,0.3322988246936913,1414,0.2901311557050683,0.32390381895332393
20260907T070729Z_48d293bf,WD,BTC,leader1000_extOFI,2000,0.9,0.3322988246936913,1102,0.30449638188784894,0.382032667876588
20260907T070729Z_48d293bf,WD,BTC,leader1000_extOFI,5000,0.9,0.3322988246936913,755,0.41508114250271866,0.47152317880794703
20260907T070729Z_48d293bf,WD,BTC,leader1000_extOFI,10000,0.9,0.3322988246936913,522,0.3853938133372002,0.524904214559387
20260907T070729Z_48d293bf,WD,BTC,leader1000_extOFI,30000,0.9,0.3322988246936913,257,0.45676222487364515,0.5642023346303502
20260907T070729Z_48d293bf,WD,BTC,leader1000_extOFI,1000,0.95,0.5335770307323712,842,0.4079250000893256,0.3812351543942993
20260907T070729Z_48d293bf,WD,BTC,leader1000_extOFI,2000,0.95,0.5335770307323712,695,0.4279149678191859,0.43453237410071943
20260907T070729Z_48d293bf,WD,BTC,leader1000_extOFI,5000,0.95,0.5335770307323712,521,0.4813068432380713,0.5182341650671785
20260907T070729Z_48d293bf,WD,BTC,leader1000_extOFI,10000,0.95,0.5335770307323712,390,0.5419453421862892,0.5717948717948718
20260907T070729Z_48d293bf,WD,BTC,leader1000_extOFI,30000,0.95,0.5335770307323712,213,1.0842206700031358,0.6901408450704225
20260907T070729Z_48d293bf,WD,ETH,depthBoth,1000,0.8,0.7059187664339682,3261,0.2967128198147489,0.39926402943882244
20260907T070729Z_48d293bf,WD,ETH,depthBoth,2000,0.8,0.7059187664339682,2159,0.3718880941024679,0.5094951366373321
20260907T070729Z_48d293bf,WD,ETH,depthBoth,5000,0.8,0.7059187664339682,1247,0.4457283176946461,0.5653568564554932
20260907T070729Z_48d293bf,WD,ETH,depthBoth,10000,0.8,0.7059187664339682,768,0.5137320145526348,0.5768229166666666
20260907T070729Z_48d293bf,WD,ETH,depthBoth,30000,0.8,0.7059187664339682,313,0.3487670756103392,0.5399361022364217
20260907T070729Z_48d293bf,WD,ETH,depthBoth,1000,0.9,0.8270571311900689,1949,0.3571209556186115,0.44125192406362235
20260907T070729Z_48d293bf,WD,ETH,depthBoth,2000,0.9,0.8270571311900689,1414,0.5046653238510689,0.5565770862800565
20260907T070729Z_48d293bf,WD,ETH,depthBoth,5000,0.9,0.8270571311900689,908,0.5519156805545702,0.5969162995594713
20260907T070729Z_48d293bf,WD,ETH,depthBoth,10000,0.9,0.8270571311900689,609,0.6609422709969243,0.6190476190476191
20260907T070729Z_48d293bf,WD,ETH,depthBoth,30000,0.9,0.8270571311900689,280,0.9094582935395696,0.6
20260907T070729Z_48d293bf,WD,ETH,depthBoth,1000,0.95,0.9017539284663182,1157,0.4283201408974275,0.4857389801210026
20260907T070729Z_48d293bf,WD,ETH,depthBoth,2000,0.95,0.9017539284663182,898,0.5432751253849561,0.5946547884187082
20260907T070729Z_48d293bf,WD,ETH,depthBoth,5000,0.95,0.9017539284663182,629,0.6886123917853867,0.6470588235294118
20260907T070729Z_48d293bf,WD,ETH,depthBoth,10000,0.95,0.9017539284663182,466,0.821922704600249,0.6373390557939914
20260907T070729Z_48d293bf,WD,ETH,depthBoth,30000,0.95,0.9017539284663182,241,0.9666198564590124,0.6265560165975104
20260907T070729Z_48d293bf,WD,ETH,depthL1_extOFI,1000,0.8,0.7571220627989187,3288,0.31243842169158204,0.41301703163017034
20260907T070729Z_48d293bf,WD,ETH,depthL1_extOFI,2000,0.8,0.7571220627989187,2218,0.41913609393749884,0.5175834084761046
20260907T070729Z_48d293bf,WD,ETH,depthL1_extOFI,5000,0.8,0.7571220627989187,1278,0.45977734739072695,0.5641627543035994
20260907T070729Z_48d293bf,WD,ETH,depthL1_extOFI,10000,0.8,0.7571220627989187,779,0.530765501140342,0.5866495507060334
20260907T070729Z_48d293bf,WD,ETH,depthL1_extOFI,30000,0.8,0.7571220627989187,319,0.24588182335815192,0.5329153605015674
20260907T070729Z_48d293bf,WD,ETH,depthL1_extOFI,1000,0.9,0.8850545865227758,2018,0.3708017210426311,0.4578790882061447
20260907T070729Z_48d293bf,WD,ETH,depthL1_extOFI,2000,0.9,0.8850545865227758,1502,0.49788964813078324,0.5739014647137151
20260907T070729Z_48d293bf,WD,ETH,depthL1_extOFI,5000,0.9,0.8850545865227758,966,0.5592166820952398,0.6024844720496895
20260907T070729Z_48d293bf,WD,ETH,depthL1_extOFI,10000,0.9,0.8850545865227758,641,0.6315773846293581,0.608424336973479
20260907T070729Z_48d293bf,WD,ETH,depthL1_extOFI,30000,0.9,0.8850545865227758,291,0.7241620813010793,0.5601374570446735
20260907T070729Z_48d293bf,WD,ETH,depthL1_extOFI,1000,0.95,0.9571283612379503,1146,0.4282898881402175,0.5043630017452007
20260907T070729Z_48d293bf,WD,ETH,depthL1_extOFI,2000,0.95,0.9571283612379503,894,0.5494066056438343,0.6152125279642058
20260907T070729Z_48d293bf,WD,ETH,depthL1_extOFI,5000,0.95,0.9571283612379503,646,0.5712805330581013,0.6331269349845201
20260907T070729Z_48d293bf,WD,ETH,depthL1_extOFI,10000,0.95,0.9571283612379503,474,0.4332881080868729,0.5675105485232067
20260907T070729Z_48d293bf,WD,ETH,depthL1_extOFI,30000,0.95,0.9571283612379503,247,0.8226999521318514,0.6356275303643725
20260907T070729Z_48d293bf,WD,ETH,gap_depthBoth,1000,0.8,0.460070734719098,2082,0.30429512290259964,0.3400576368876081
20260907T070729Z_48d293bf,WD,ETH,gap_depthBoth,2000,0.8,0.460070734719098,1360,0.41893208064579895,0.47058823529411764
20260907T070729Z_48d293bf,WD,ETH,gap_depthBoth,5000,0.8,0.460070734719098,800,0.5850031290197404,0.5775
20260907T070729Z_48d293bf,WD,ETH,gap_depthBoth,10000,0.8,0.460070734719098,535,0.6578457476059416,0.6242990654205608
20260907T070729Z_48d293bf,WD,ETH,gap_depthBoth,30000,0.8,0.460070734719098,261,0.6983198594728198,0.5977011494252874
20260907T070729Z_48d293bf,WD,ETH,gap_depthBoth,1000,0.9,0.6120584267290674,1227,0.40950807351284824,0.39445802770986144
20260907T070729Z_48d293bf,WD,ETH,gap_depthBoth,2000,0.9,0.6120584267290674,855,0.5816454684604176,0.5356725146198831
20260907T070729Z_48d293bf,WD,ETH,gap_depthBoth,5000,0.9,0.6120584267290674,560,0.7102007225467757,0.625
20260907T070729Z_48d293bf,WD,ETH,gap_depthBoth,10000,0.9,0.6120584267290674,406,0.777334917161002,0.6379310344827587
20260907T070729Z_48d293bf,WD,ETH,gap_depthBoth,30000,0.9,0.6120584267290674,221,1.090278552350263,0.6244343891402715
20260907T070729Z_48d293bf,WD,ETH,gap_depthBoth,1000,0.95,0.7522298868261056,705,0.5542465964088854,0.475177304964539
20260907T070729Z_48d293bf,WD,ETH,gap_depthBoth,2000,0.95,0.7522298868261056,526,0.7143120674481329,0.5950570342205324
20260907T070729Z_48d293bf,WD,ETH,gap_depthBoth,5000,0.95,0.7522298868261056,390,0.7934801932456935,0.6461538461538462
20260907T070729Z_48d293bf,WD,ETH,gap_depthBoth,10000,0.95,0.7522298868261056,299,0.7536839145791482,0.6421404682274248
20260907T070729Z_48d293bf,WD,ETH,gap_depthBoth,30000,0.95,0.7522298868261056,175,0.6487490271220416,0.5942857142857143
20260907T070729Z_48d293bf,WD,ETH,gap_depthL1,1000,0.8,0.460070734719098,2257,0.29298642103093386,0.33274257864421797
20260907T070729Z_48d293bf,WD,ETH,gap_depthL1,2000,0.8,0.460070734719098,1455,0.42546625489962,0.4611683848797251
20260907T070729Z_48d293bf,WD,ETH,gap_depthL1,5000,0.8,0.460070734719098,843,0.566669098620461,0.571767497034401
20260907T070729Z_48d293bf,WD,ETH,gap_depthL1,10000,0.8,0.460070734719098,557,0.5985932127453738,0.6086175942549371
20260907T070729Z_48d293bf,WD,ETH,gap_depthL1,30000,0.8,0.460070734719098,266,0.92514944257694,0.6165413533834586
20260907T070729Z_48d293bf,WD,ETH,gap_depthL1,1000,0.9,0.6120584267290674,1322,0.4046291902655822,0.39107413010590014
20260907T070729Z_48d293bf,WD,ETH,gap_depthL1,2000,0.9,0.6120584267290674,915,0.5769910412741568,0.5278688524590164
20260907T070729Z_48d293bf,WD,ETH,gap_depthL1,5000,0.9,0.6120584267290674,584,0.6873218612865782,0.6147260273972602
20260907T070729Z_48d293bf,WD,ETH,gap_depthL1,10000,0.9,0.6120584267290674,424,0.7463647375170096,0.6273584905660378
20260907T070729Z_48d293bf,WD,ETH,gap_depthL1,30000,0.9,0.6120584267290674,226,1.057155508956239,0.6150442477876106
20260907T070729Z_48d293bf,WD,ETH,gap_depthL1,1000,0.95,0.7522298868261056,762,0.558992947590972,0.47112860892388453
20260907T070729Z_48d293bf,WD,ETH,gap_depthL1,2000,0.95,0.7522298868261056,563,0.7378664168894838,0.5861456483126111
20260907T070729Z_48d293bf,WD,ETH,gap_depthL1,5000,0.95,0.7522298868261056,408,0.8245087153420927,0.6495098039215687
20260907T070729Z_48d293bf,WD,ETH,gap_depthL1,10000,0.95,0.7522298868261056,314,0.7823051819911724,0.6528662420382165
20260907T070729Z_48d293bf,WD,ETH,gap_depthL1,30000,0.95,0.7522298868261056,185,0.7812886954852004,0.6
20260907T070729Z_48d293bf,WD,ETH,gap_depth_extOFI,1000,0.8,0.460070734719098,1997,0.3304104029051732,0.34952428642964445
20260907T070729Z_48d293bf,WD,ETH,gap_depth_extOFI,2000,0.8,0.460070734719098,1341,0.4271964833567198,0.47054436987322895
20260907T070729Z_48d293bf,WD,ETH,gap_depth_extOFI,5000,0.8,0.460070734719098,800,0.5597602521370733,0.5725
20260907T070729Z_48d293bf,WD,ETH,gap_depth_extOFI,10000,0.8,0.460070734719098,530,0.6120768891121502,0.6037735849056604
20260907T070729Z_48d293bf,WD,ETH,gap_depth_extOFI,30000,0.8,0.460070734719098,262,0.6343032196551645,0.5877862595419847
20260907T070729Z_48d293bf,WD,ETH,gap_depth_extOFI,1000,0.9,0.6120584267290674,1146,0.45046358818375304,0.4075043630017452
20260907T070729Z_48d293bf,WD,ETH,gap_depth_extOFI,2000,0.9,0.6120584267290674,820,0.6054990920067418,0.5365853658536586
20260907T070729Z_48d293bf,WD,ETH,gap_depth_extOFI,5000,0.9,0.6120584267290674,538,0.8486709949708986,0.6338289962825279
20260907T070729Z_48d293bf,WD,ETH,gap_depth_extOFI,10000,0.9,0.6120584267290674,400,0.8569352204695935,0.635
20260907T070729Z_48d293bf,WD,ETH,gap_depth_extOFI,30000,0.9,0.6120584267290674,218,1.0603454620609596,0.6192660550458715
20260907T070729Z_48d293bf,WD,ETH,gap_depth_extOFI,1000,0.95,0.7522298868261056,652,0.6292754670886849,0.48466257668711654
20260907T070729Z_48d293bf,WD,ETH,gap_depth_extOFI,2000,0.95,0.7522298868261056,491,0.8134255958936364,0.604887983706721
20260907T070729Z_48d293bf,WD,ETH,gap_depth_extOFI,5000,0.95,0.7522298868261056,358,0.9114637866306646,0.6620111731843575
20260907T070729Z_48d293bf,WD,ETH,gap_depth_extOFI,10000,0.95,0.7522298868261056,290,0.9328352419735065,0.6655172413793103
20260907T070729Z_48d293bf,WD,ETH,gap_depth_extOFI,30000,0.95,0.7522298868261056,175,0.8156053851248917,0.6285714285714286
20260907T070729Z_48d293bf,WD,ETH,gap_extOFI,1000,0.8,0.460070734719098,2438,0.29616647592911405,0.3166529942575882
20260907T070729Z_48d293bf,WD,ETH,gap_extOFI,2000,0.8,0.460070734719098,1581,0.37295660475067804,0.4275774826059456
20260907T070729Z_48d293bf,WD,ETH,gap_extOFI,5000,0.8,0.460070734719098,901,0.5037845010736395,0.5338512763596004
20260907T070729Z_48d293bf,WD,ETH,gap_extOFI,10000,0.8,0.460070734719098,586,0.4601703580834296,0.5665529010238908
20260907T070729Z_48d293bf,WD,ETH,gap_extOFI,30000,0.8,0.460070734719098,274,0.7504601153792991,0.5802919708029197
20260907T070729Z_48d293bf,WD,ETH,gap_extOFI,1000,0.9,0.6120584267290674,1355,0.43257473982728367,0.3771217712177122
20260907T070729Z_48d293bf,WD,ETH,gap_extOFI,2000,0.9,0.6120584267290674,941,0.59271974721802,0.5037194473963869
20260907T070729Z_48d293bf,WD,ETH,gap_extOFI,5000,0.9,0.6120584267290674,598,0.852362667498258,0.6086956521739131
20260907T070729Z_48d293bf,WD,ETH,gap_extOFI,10000,0.9,0.6120584267290674,429,0.7958178418306534,0.6083916083916084
20260907T070729Z_48d293bf,WD,ETH,gap_extOFI,30000,0.9,0.6120584267290674,226,0.990413067962706,0.6150442477876106
20260907T070729Z_48d293bf,WD,ETH,gap_extOFI,1000,0.95,0.7522298868261056,763,0.6651526848279358,0.4600262123197903
20260907T070729Z_48d293bf,WD,ETH,gap_extOFI,2000,0.95,0.7522298868261056,561,0.8413474435727386,0.5739750445632799
20260907T070729Z_48d293bf,WD,ETH,gap_extOFI,5000,0.95,0.7522298868261056,395,1.0021829099513355,0.6430379746835443
20260907T070729Z_48d293bf,WD,ETH,gap_extOFI,10000,0.95,0.7522298868261056,309,1.048401756865318,0.6537216828478964
20260907T070729Z_48d293bf,WD,ETH,gap_extOFI,30000,0.95,0.7522298868261056,183,1.1850454582014158,0.6666666666666666
20260907T070729Z_48d293bf,WD,ETH,gap_leader1000,1000,0.8,0.460070734719098,1601,0.38786827020311543,0.40349781386633354
20260907T070729Z_48d293bf,WD,ETH,gap_leader1000,2000,0.8,0.460070734719098,1312,0.41212736834133656,0.4603658536585366
20260907T070729Z_48d293bf,WD,ETH,gap_leader1000,5000,0.8,0.460070734719098,888,0.5483570155270666,0.5349099099099099
20260907T070729Z_48d293bf,WD,ETH,gap_leader1000,10000,0.8,0.460070734719098,600,0.5006679902278451,0.5633333333333334
20260907T070729Z_48d293bf,WD,ETH,gap_leader1000,30000,0.8,0.460070734719098,274,0.6064166882854896,0.6021897810218978
20260907T070729Z_48d293bf,WD,ETH,gap_leader1000,1000,0.9,0.6120584267290674,1004,0.5205802895858267,0.4601593625498008
20260907T070729Z_48d293bf,WD,ETH,gap_leader1000,2000,0.9,0.6120584267290674,862,0.6133372135790442,0.5406032482598608
20260907T070729Z_48d293bf,WD,ETH,gap_leader1000,5000,0.9,0.6120584267290674,630,0.7610217194559601,0.6031746031746031
20260907T070729Z_48d293bf,WD,ETH,gap_leader1000,10000,0.9,0.6120584267290674,459,0.700219202936718,0.6078431372549019
20260907T070729Z_48d293bf,WD,ETH,gap_leader1000,30000,0.9,0.6120584267290674,232,1.0520699351348712,0.625
20260907T070729Z_48d293bf,WD,ETH,gap_leader1000,1000,0.95,0.7522298868261056,628,0.7380518617699167,0.535031847133758
20260907T070729Z_48d293bf,WD,ETH,gap_leader1000,2000,0.95,0.7522298868261056,555,0.8206338468975755,0.590990990990991
20260907T070729Z_48d293bf,WD,ETH,gap_leader1000,5000,0.95,0.7522298868261056,442,0.8992225945941867,0.6266968325791855
20260907T070729Z_48d293bf,WD,ETH,gap_leader1000,10000,0.95,0.7522298868261056,343,0.8790883153584741,0.641399416909621
20260907T070729Z_48d293bf,WD,ETH,gap_leader1000,30000,0.95,0.7522298868261056,193,1.0303624750684228,0.6321243523316062
20260907T070729Z_48d293bf,WD,ETH,gap_localOFI,1000,0.8,0.460070734719098,2031,0.2899733975700003,0.32840965041851305
20260907T070729Z_48d293bf,WD,ETH,gap_localOFI,2000,0.8,0.460070734719098,1428,0.36760235727910917,0.43137254901960786
20260907T070729Z_48d293bf,WD,ETH,gap_localOFI,5000,0.8,0.460070734719098,877,0.44752723535548855,0.5393386545039909
20260907T070729Z_48d293bf,WD,ETH,gap_localOFI,10000,0.8,0.460070734719098,571,0.38882373568025347,0.5551663747810858
20260907T070729Z_48d293bf,WD,ETH,gap_localOFI,30000,0.8,0.460070734719098,270,1.0202517139109086,0.6074074074074074
20260907T070729Z_48d293bf,WD,ETH,gap_localOFI,1000,0.9,0.6120584267290674,1129,0.4241924009822381,0.3950398582816652
20260907T070729Z_48d293bf,WD,ETH,gap_localOFI,2000,0.9,0.6120584267290674,856,0.5308795496607684,0.5011682242990654
20260907T070729Z_48d293bf,WD,ETH,gap_localOFI,5000,0.9,0.6120584267290674,579,0.6709350100507083,0.5958549222797928
20260907T070729Z_48d293bf,WD,ETH,gap_localOFI,10000,0.9,0.6120584267290674,412,0.7605552344786094,0.6140776699029126
20260907T070729Z_48d293bf,WD,ETH,gap_localOFI,30000,0.9,0.6120584267290674,218,0.67746629099891,0.6100917431192661
20260907T070729Z_48d293bf,WD,ETH,gap_localOFI,1000,0.95,0.7522298868261056,634,0.5867738429844744,0.46529968454258674
20260907T070729Z_48d293bf,WD,ETH,gap_localOFI,2000,0.95,0.7522298868261056,514,0.6957539670017507,0.5583657587548638
20260907T070729Z_48d293bf,WD,ETH,gap_localOFI,5000,0.95,0.7522298868261056,378,0.7224633130593552,0.6058201058201058
20260907T070729Z_48d293bf,WD,ETH,gap_localOFI,10000,0.95,0.7522298868261056,294,0.9672088779082938,0.6564625850340136
20260907T070729Z_48d293bf,WD,ETH,gap_localOFI,30000,0.95,0.7522298868261056,170,0.6000923649129468,0.611764705882353
20260907T070729Z_48d293bf,WD,ETH,gap_localTrade,1000,0.8,0.460070734719098,826,0.6310981429679986,0.48426150121065376
20260907T070729Z_48d293bf,WD,ETH,gap_localTrade,2000,0.8,0.460070734719098,694,0.6581312050157924,0.5547550432276657
20260907T070729Z_48d293bf,WD,ETH,gap_localTrade,5000,0.8,0.460070734719098,520,0.7612146608521224,0.6019230769230769
20260907T070729Z_48d293bf,WD,ETH,gap_localTrade,10000,0.8,0.460070734719098,389,0.7880708636956262,0.609254498714653
20260907T070729Z_48d293bf,WD,ETH,gap_localTrade,30000,0.8,0.460070734719098,214,0.7394991442545293,0.5887850467289719
20260907T070729Z_48d293bf,WD,ETH,gap_localTrade,1000,0.9,0.6120584267290674,514,0.8656195978695647,0.5642023346303502
20260907T070729Z_48d293bf,WD,ETH,gap_localTrade,2000,0.9,0.6120584267290674,448,0.9556353027166817,0.6294642857142857
20260907T070729Z_48d293bf,WD,ETH,gap_localTrade,5000,0.9,0.6120584267290674,360,1.1320743085182559,0.6833333333333333
20260907T070729Z_48d293bf,WD,ETH,gap_localTrade,10000,0.9,0.6120584267290674,291,1.1514150720667673,0.6632302405498282
20260907T070729Z_48d293bf,WD,ETH,gap_localTrade,30000,0.9,0.6120584267290674,178,1.3524012312757727,0.6910112359550562
20260907T070729Z_48d293bf,WD,ETH,gap_localTrade,1000,0.95,0.7522298868261056,338,1.1556815640516738,0.6390532544378699
20260907T070729Z_48d293bf,WD,ETH,gap_localTrade,2000,0.95,0.7522298868261056,302,1.2600308922218126,0.695364238410596
20260907T070729Z_48d293bf,WD,ETH,gap_localTrade,5000,0.95,0.7522298868261056,251,1.3218557682021477,0.7370517928286853
20260907T070729Z_48d293bf,WD,ETH,gap_localTrade,10000,0.95,0.7522298868261056,211,1.5376472089143023,0.7109004739336493
20260907T070729Z_48d293bf,WD,ETH,gap_localTrade,30000,0.95,0.7522298868261056,137,1.863968692601372,0.7153284671532847
20260907T070729Z_48d293bf,WD,ETH,leader1000_extOFI,1000,0.8,0.28750780714669,2776,0.24388173596776003,0.3404178674351585
20260907T070729Z_48d293bf,WD,ETH,leader1000_extOFI,2000,0.8,0.28750780714669,1998,0.29062581636299367,0.4194194194194194
20260907T070729Z_48d293bf,WD,ETH,leader1000_extOFI,5000,0.8,0.28750780714669,1213,0.38091099312760635,0.5037098103874691
20260907T070729Z_48d293bf,WD,ETH,leader1000_extOFI,10000,0.8,0.28750780714669,746,0.4109758482129804,0.517426273458445
20260907T070729Z_48d293bf,WD,ETH,leader1000_extOFI,30000,0.8,0.28750780714669,309,0.6293067506542066,0.5598705501618123
20260907T070729Z_48d293bf,WD,ETH,leader1000_extOFI,1000,0.9,0.49248679527817546,1638,0.35067383455614326,0.3956043956043956
20260907T070729Z_48d293bf,WD,ETH,leader1000_extOFI,2000,0.9,0.49248679527817546,1259,0.4082126719023517,0.4892772041302621
20260907T070729Z_48d293bf,WD,ETH,leader1000_extOFI,5000,0.9,0.49248679527817546,844,0.5697228189376723,0.5651658767772512
20260907T070729Z_48d293bf,WD,ETH,leader1000_extOFI,10000,0.9,0.49248679527817546,579,0.5320891582701849,0.5682210708117443
20260907T070729Z_48d293bf,WD,ETH,leader1000_extOFI,30000,0.9,0.49248679527817546,269,0.05493517890144105,0.5315985130111525
20260907T070729Z_48d293bf,WD,ETH,leader1000_extOFI,1000,0.95,0.6849122400863134,957,0.5216035213644229,0.477533960292581
20260907T070729Z_48d293bf,WD,ETH,leader1000_extOFI,2000,0.95,0.6849122400863134,775,0.6349818409748327,0.5548387096774193
20260907T070729Z_48d293bf,WD,ETH,leader1000_extOFI,5000,0.95,0.6849122400863134,568,0.718648980471286,0.6144366197183099
20260907T070729Z_48d293bf,WD,ETH,leader1000_extOFI,10000,0.95,0.6849122400863134,427,0.5413591174112974,0.5995316159250585
20260907T070729Z_48d293bf,WD,ETH,leader1000_extOFI,30000,0.95,0.6849122400863134,223,0.2731079481973972,0.5829596412556054
20260907T124300Z_6ac966eb,WD,BTC,depthBoth,1000,0.8,0.8894437193632645,3314,0.2998605243346288,0.38774894387447195
20260907T124300Z_6ac966eb,WD,BTC,depthBoth,2000,0.8,0.8894437193632645,2136,0.3966755137260026,0.5135767790262172
20260907T124300Z_6ac966eb,WD,BTC,depthBoth,5000,0.8,0.8894437193632645,1198,0.5449057479826392,0.6068447412353923
20260907T124300Z_6ac966eb,WD,BTC,depthBoth,10000,0.8,0.8894437193632645,730,0.681804922871833,0.6438356164383562
20260907T124300Z_6ac966eb,WD,BTC,depthBoth,30000,0.8,0.8894437193632645,305,0.8177997325898834,0.6459016393442623
20260907T124300Z_6ac966eb,WD,BTC,depthBoth,1000,0.9,0.9595750856919003,1990,0.38256259314571917,0.4638190954773869
20260907T124300Z_6ac966eb,WD,BTC,depthBoth,2000,0.9,0.9595750856919003,1396,0.5052705886484026,0.585243553008596
20260907T124300Z_6ac966eb,WD,BTC,depthBoth,5000,0.9,0.9595750856919003,874,0.6637056482110432,0.6601830663615561
20260907T124300Z_6ac966eb,WD,BTC,depthBoth,10000,0.9,0.9595750856919003,600,0.6613820390740619,0.6633333333333333
20260907T124300Z_6ac966eb,WD,BTC,depthBoth,30000,0.9,0.9595750856919003,272,0.8543495869407098,0.6360294117647058
20260907T124300Z_6ac966eb,WD,BTC,depthBoth,1000,0.95,0.9834321132075674,1164,0.46859824509524234,0.5446735395189003
20260907T124300Z_6ac966eb,WD,BTC,depthBoth,2000,0.95,0.9834321132075674,898,0.6033198096132891,0.6648106904231625
20260907T124300Z_6ac966eb,WD,BTC,depthBoth,5000,0.95,0.9834321132075674,632,0.7348545835669398,0.7104430379746836
20260907T124300Z_6ac966eb,WD,BTC,depthBoth,10000,0.95,0.9834321132075674,468,0.7569947586288551,0.688034188034188
20260907T124300Z_6ac966eb,WD,BTC,depthBoth,30000,0.95,0.9834321132075674,239,0.7397426557254608,0.6401673640167364
20260907T124300Z_6ac966eb,WD,BTC,depthL1_extOFI,1000,0.8,0.887149935143641,3237,0.30392005094213054,0.39666357738646896
20260907T124300Z_6ac966eb,WD,BTC,depthL1_extOFI,2000,0.8,0.887149935143641,2131,0.3891056828440852,0.5129047395588925
20260907T124300Z_6ac966eb,WD,BTC,depthL1_extOFI,5000,0.8,0.887149935143641,1197,0.5440888551089386,0.6106934001670844
20260907T124300Z_6ac966eb,WD,BTC,depthL1_extOFI,10000,0.8,0.887149935143641,737,0.6644512938218513,0.6567164179104478
20260907T124300Z_6ac966eb,WD,BTC,depthL1_extOFI,30000,0.8,0.887149935143641,306,0.7262962587577598,0.6078431372549019
20260907T124300Z_6ac966eb,WD,BTC,depthL1_extOFI,1000,0.9,0.962527069014217,1946,0.3765854644812327,0.4748201438848921
20260907T124300Z_6ac966eb,WD,BTC,depthL1_extOFI,2000,0.9,0.962527069014217,1395,0.5089736183232989,0.5913978494623656
20260907T124300Z_6ac966eb,WD,BTC,depthL1_extOFI,5000,0.9,0.962527069014217,886,0.6405976534682636,0.662528216704289
20260907T124300Z_6ac966eb,WD,BTC,depthL1_extOFI,10000,0.9,0.962527069014217,608,0.6622446419060063,0.6677631578947368
20260907T124300Z_6ac966eb,WD,BTC,depthL1_extOFI,30000,0.9,0.962527069014217,274,0.8121772742943407,0.6313868613138686
20260907T124300Z_6ac966eb,WD,BTC,depthL1_extOFI,1000,0.95,0.9868272361878829,1119,0.4637469759912472,0.5495978552278821
20260907T124300Z_6ac966eb,WD,BTC,depthL1_extOFI,2000,0.95,0.9868272361878829,867,0.6194877936382096,0.6758938869665513
20260907T124300Z_6ac966eb,WD,BTC,depthL1_extOFI,5000,0.95,0.9868272361878829,612,0.7013114184438658,0.7156862745098039
20260907T124300Z_6ac966eb,WD,BTC,depthL1_extOFI,10000,0.95,0.9868272361878829,449,0.6798516509143834,0.6792873051224945
20260907T124300Z_6ac966eb,WD,BTC,depthL1_extOFI,30000,0.95,0.9868272361878829,236,0.6519415627440242,0.6186440677966102
20260907T124300Z_6ac966eb,WD,BTC,gap_depthBoth,1000,0.8,0.43237015539876467,2298,0.2271432742068635,0.2711053089643168
20260907T124300Z_6ac966eb,WD,BTC,gap_depthBoth,2000,0.8,0.43237015539876467,1403,0.3287831519244192,0.38987883107626514
20260907T124300Z_6ac966eb,WD,BTC,gap_depthBoth,5000,0.8,0.43237015539876467,786,0.46084053699449673,0.5152671755725191
20260907T124300Z_6ac966eb,WD,BTC,gap_depthBoth,10000,0.8,0.43237015539876467,523,0.558176685039015,0.5717017208413002
20260907T124300Z_6ac966eb,WD,BTC,gap_depthBoth,30000,0.8,0.43237015539876467,249,0.5396040312574165,0.606425702811245
20260907T124300Z_6ac966eb,WD,BTC,gap_depthBoth,1000,0.9,0.5688809801323025,1285,0.3037529153677048,0.30894941634241246
20260907T124300Z_6ac966eb,WD,BTC,gap_depthBoth,2000,0.9,0.5688809801323025,826,0.4294179204946928,0.4322033898305085
20260907T124300Z_6ac966eb,WD,BTC,gap_depthBoth,5000,0.9,0.5688809801323025,511,0.596313291983273,0.5538160469667319
20260907T124300Z_6ac966eb,WD,BTC,gap_depthBoth,10000,0.9,0.5688809801323025,372,0.7084239041839923,0.6182795698924731
20260907T124300Z_6ac966eb,WD,BTC,gap_depthBoth,30000,0.9,0.5688809801323025,201,0.7848720124879358,0.6616915422885572
20260907T124300Z_6ac966eb,WD,BTC,gap_depthBoth,1000,0.95,0.689051062233492,705,0.38777213801267546,0.3546099290780142
20260907T124300Z_6ac966eb,WD,BTC,gap_depthBoth,2000,0.95,0.689051062233492,479,0.5751231774047442,0.4822546972860125
20260907T124300Z_6ac966eb,WD,BTC,gap_depthBoth,5000,0.95,0.689051062233492,323,0.7902586700995082,0.5944272445820433
20260907T124300Z_6ac966eb,WD,BTC,gap_depthBoth,10000,0.95,0.689051062233492,250,1.0153050720943266,0.672
20260907T124300Z_6ac966eb,WD,BTC,gap_depthBoth,30000,0.95,0.689051062233492,151,1.3730327242919933,0.7284768211920529
20260907T124300Z_6ac966eb,WD,BTC,gap_depthL1,1000,0.8,0.43237015539876467,2324,0.2236389897721983,0.2689328743545611
20260907T124300Z_6ac966eb,WD,BTC,gap_depthL1,2000,0.8,0.43237015539876467,1415,0.3247099408020051,0.3872791519434629
20260907T124300Z_6ac966eb,WD,BTC,gap_depthL1,5000,0.8,0.43237015539876467,793,0.44896605281547375,0.510718789407314
20260907T124300Z_6ac966eb,WD,BTC,gap_depthL1,10000,0.8,0.43237015539876467,527,0.544062314769615,0.5654648956356736
20260907T124300Z_6ac966eb,WD,BTC,gap_depthL1,30000,0.8,0.43237015539876467,251,0.45816218578916057,0.6095617529880478
20260907T124300Z_6ac966eb,WD,BTC,gap_depthL1,1000,0.9,0.5688809801323025,1300,0.300864264784158,0.3076923076923077
20260907T124300Z_6ac966eb,WD,BTC,gap_depthL1,2000,0.9,0.5688809801323025,836,0.4217976560349949,0.42822966507177035
20260907T124300Z_6ac966eb,WD,BTC,gap_depthL1,5000,0.9,0.5688809801323025,518,0.5735628271634896,0.5463320463320464
20260907T124300Z_6ac966eb,WD,BTC,gap_depthL1,10000,0.9,0.5688809801323025,377,0.6909248243933267,0.6074270557029178
20260907T124300Z_6ac966eb,WD,BTC,gap_depthL1,30000,0.9,0.5688809801323025,203,0.720479638586277,0.645320197044335
20260907T124300Z_6ac966eb,WD,BTC,gap_depthL1,1000,0.95,0.689051062233492,717,0.38532776061111546,0.3542538354253835
20260907T124300Z_6ac966eb,WD,BTC,gap_depthL1,2000,0.95,0.689051062233492,486,0.5671732994521219,0.4794238683127572
20260907T124300Z_6ac966eb,WD,BTC,gap_depthL1,5000,0.95,0.689051062233492,327,0.7885700176453836,0.5963302752293578
20260907T124300Z_6ac966eb,WD,BTC,gap_depthL1,10000,0.95,0.689051062233492,253,1.0084369279752405,0.6679841897233202
20260907T124300Z_6ac966eb,WD,BTC,gap_depthL1,30000,0.95,0.689051062233492,153,1.3400968250332426,0.7124183006535948
20260907T124300Z_6ac966eb,WD,BTC,gap_depth_extOFI,1000,0.8,0.43237015539876467,2057,0.25647470641142933,0.28585318424890616
20260907T124300Z_6ac966eb,WD,BTC,gap_depth_extOFI,2000,0.8,0.43237015539876467,1318,0.37715457082584736,0.40895295902883155
20260907T124300Z_6ac966eb,WD,BTC,gap_depth_extOFI,5000,0.8,0.43237015539876467,745,0.4894118415461665,0.5369127516778524
20260907T124300Z_6ac966eb,WD,BTC,gap_depth_extOFI,10000,0.8,0.43237015539876467,502,0.6387554326800098,0.5976095617529881
20260907T124300Z_6ac966eb,WD,BTC,gap_depth_extOFI,30000,0.8,0.43237015539876467,243,0.5184144682246653,0.6255144032921811
20260907T124300Z_6ac966eb,WD,BTC,gap_depth_extOFI,1000,0.9,0.5688809801323025,1124,0.33924577691751445,0.3291814946619217
20260907T124300Z_6ac966eb,WD,BTC,gap_depth_extOFI,2000,0.9,0.5688809801323025,754,0.5063844411412001,0.45755968169761274
20260907T124300Z_6ac966eb,WD,BTC,gap_depth_extOFI,5000,0.9,0.5688809801323025,475,0.6600775805990692,0.5747368421052632
20260907T124300Z_6ac966eb,WD,BTC,gap_depth_extOFI,10000,0.9,0.5688809801323025,347,0.7745959513703352,0.6282420749279539
20260907T124300Z_6ac966eb,WD,BTC,gap_depth_extOFI,30000,0.9,0.5688809801323025,193,0.917791758172388,0.6528497409326425
20260907T124300Z_6ac966eb,WD,BTC,gap_depth_extOFI,1000,0.95,0.689051062233492,600,0.4500642173875483,0.37833333333333335
20260907T124300Z_6ac966eb,WD,BTC,gap_depth_extOFI,2000,0.95,0.689051062233492,419,0.6947818863400794,0.5178997613365155
20260907T124300Z_6ac966eb,WD,BTC,gap_depth_extOFI,5000,0.95,0.689051062233492,286,0.9535557133394088,0.6328671328671329
20260907T124300Z_6ac966eb,WD,BTC,gap_depth_extOFI,10000,0.95,0.689051062233492,229,1.1468464225672717,0.7030567685589519
20260907T124300Z_6ac966eb,WD,BTC,gap_depth_extOFI,30000,0.95,0.689051062233492,142,1.208303093198526,0.6971830985915493
20260907T124300Z_6ac966eb,WD,BTC,gap_extOFI,1000,0.8,0.43237015539876467,2252,0.23015595133876957,0.26865008880994673
20260907T124300Z_6ac966eb,WD,BTC,gap_extOFI,2000,0.8,0.43237015539876467,1428,0.34493295961877096,0.38795518207282914
20260907T124300Z_6ac966eb,WD,BTC,gap_extOFI,5000,0.8,0.43237015539876467,798,0.41849400446103663,0.5050125313283208
20260907T124300Z_6ac966eb,WD,BTC,gap_extOFI,10000,0.8,0.43237015539876467,530,0.47189217977176556,0.560377358490566
20260907T124300Z_6ac966eb,WD,BTC,gap_extOFI,30000,0.8,0.43237015539876467,253,0.47035927464156635,0.6086956521739131
20260907T124300Z_6ac966eb,WD,BTC,gap_extOFI,1000,0.9,0.5688809801323025,1198,0.33791658765848354,0.32387312186978295
20260907T124300Z_6ac966eb,WD,BTC,gap_extOFI,2000,0.9,0.5688809801323025,803,0.5141912400753564,0.44707347447073476
20260907T124300Z_6ac966eb,WD,BTC,gap_extOFI,5000,0.9,0.5688809801323025,495,0.6076893272153165,0.5515151515151515
20260907T124300Z_6ac966eb,WD,BTC,gap_extOFI,10000,0.9,0.5688809801323025,357,0.6767501586500503,0.6050420168067226
20260907T124300Z_6ac966eb,WD,BTC,gap_extOFI,30000,0.9,0.5688809801323025,203,0.6238047822523984,0.6108374384236454
20260907T124300Z_6ac966eb,WD,BTC,gap_extOFI,1000,0.95,0.689051062233492,630,0.45714901728662993,0.3746031746031746
20260907T124300Z_6ac966eb,WD,BTC,gap_extOFI,2000,0.95,0.689051062233492,441,0.7042712995774302,0.5102040816326531
20260907T124300Z_6ac966eb,WD,BTC,gap_extOFI,5000,0.95,0.689051062233492,300,0.9239440308741514,0.62
20260907T124300Z_6ac966eb,WD,BTC,gap_extOFI,10000,0.95,0.689051062233492,237,1.1010301067080608,0.6877637130801688
20260907T124300Z_6ac966eb,WD,BTC,gap_extOFI,30000,0.95,0.689051062233492,146,1.2545189664420227,0.6917808219178082
20260907T124300Z_6ac966eb,WD,BTC,gap_leader1000,1000,0.8,0.43237015539876467,1434,0.2143496353887399,0.3263598326359833
20260907T124300Z_6ac966eb,WD,BTC,gap_leader1000,2000,0.8,0.43237015539876467,1153,0.3001431702188238,0.41543798785776237
20260907T124300Z_6ac966eb,WD,BTC,gap_leader1000,5000,0.8,0.43237015539876467,792,0.2190939237780211,0.4583333333333333
20260907T124300Z_6ac966eb,WD,BTC,gap_leader1000,10000,0.8,0.43237015539876467,545,0.23878165221766734,0.5064220183486239
20260907T124300Z_6ac966eb,WD,BTC,gap_leader1000,30000,0.8,0.43237015539876467,257,0.3259355729955693,0.5758754863813229
20260907T124300Z_6ac966eb,WD,BTC,gap_leader1000,1000,0.9,0.5688809801323025,878,0.3017961706250919,0.3690205011389522
20260907T124300Z_6ac966eb,WD,BTC,gap_leader1000,2000,0.9,0.5688809801323025,743,0.39010469313365215,0.4427994616419919
20260907T124300Z_6ac966eb,WD,BTC,gap_leader1000,5000,0.9,0.5688809801323025,558,0.3700700128462897,0.5161290322580645
20260907T124300Z_6ac966eb,WD,BTC,gap_leader1000,10000,0.9,0.5688809801323025,405,0.2955504014586145,0.528395061728395
20260907T124300Z_6ac966eb,WD,BTC,gap_leader1000,30000,0.9,0.5688809801323025,217,0.24805667283210342,0.5529953917050692
20260907T124300Z_6ac966eb,WD,BTC,gap_leader1000,1000,0.95,0.689051062233492,544,0.37097004591591665,0.41360294117647056
20260907T124300Z_6ac966eb,WD,BTC,gap_leader1000,2000,0.95,0.689051062233492,472,0.4985276405322636,0.4872881355932203
20260907T124300Z_6ac966eb,WD,BTC,gap_leader1000,5000,0.95,0.689051062233492,391,0.5588637881924745,0.5575447570332481
20260907T124300Z_6ac966eb,WD,BTC,gap_leader1000,10000,0.95,0.689051062233492,308,0.4923121542241869,0.5551948051948052
20260907T124300Z_6ac966eb,WD,BTC,gap_leader1000,30000,0.95,0.689051062233492,179,0.7347220640045906,0.6033519553072626
20260907T124300Z_6ac966eb,WD,BTC,gap_localOFI,1000,0.8,0.43237015539876467,2068,0.21072514711322665,0.25918762088974856
20260907T124300Z_6ac966eb,WD,BTC,gap_localOFI,2000,0.8,0.43237015539876467,1355,0.30408972417003105,0.3675276752767528
20260907T124300Z_6ac966eb,WD,BTC,gap_localOFI,5000,0.8,0.43237015539876467,784,0.40763889428698236,0.4897959183673469
20260907T124300Z_6ac966eb,WD,BTC,gap_localOFI,10000,0.8,0.43237015539876467,522,0.5473233402516955,0.5613026819923371
20260907T124300Z_6ac966eb,WD,BTC,gap_localOFI,30000,0.8,0.43237015539876467,251,0.5243980131060295,0.5816733067729084
20260907T124300Z_6ac966eb,WD,BTC,gap_localOFI,1000,0.9,0.5688809801323025,1106,0.29700914797612665,0.3047016274864376
20260907T124300Z_6ac966eb,WD,BTC,gap_localOFI,2000,0.9,0.5688809801323025,757,0.43280605476339945,0.42536327608982827
20260907T124300Z_6ac966eb,WD,BTC,gap_localOFI,5000,0.9,0.5688809801323025,481,0.5543835035480476,0.5301455301455301
20260907T124300Z_6ac966eb,WD,BTC,gap_localOFI,10000,0.9,0.5688809801323025,345,0.6543005203027774,0.5971014492753624
20260907T124300Z_6ac966eb,WD,BTC,gap_localOFI,30000,0.9,0.5688809801323025,203,0.4773331419427366,0.5911330049261084
20260907T124300Z_6ac966eb,WD,BTC,gap_localOFI,1000,0.95,0.689051062233492,592,0.4036412654201489,0.3547297297297297
20260907T124300Z_6ac966eb,WD,BTC,gap_localOFI,2000,0.95,0.689051062233492,423,0.5916162654365515,0.47754137115839246
20260907T124300Z_6ac966eb,WD,BTC,gap_localOFI,5000,0.95,0.689051062233492,289,0.8051261315465341,0.5916955017301038
20260907T124300Z_6ac966eb,WD,BTC,gap_localOFI,10000,0.95,0.689051062233492,230,0.8807119490598337,0.6478260869565218
20260907T124300Z_6ac966eb,WD,BTC,gap_localOFI,30000,0.95,0.689051062233492,142,0.8830975674177104,0.6338028169014085
20260907T124300Z_6ac966eb,WD,BTC,gap_localTrade,1000,0.8,0.43237015539876467,1194,0.33082005483975235,0.3500837520938023
20260907T124300Z_6ac966eb,WD,BTC,gap_localTrade,2000,0.8,0.43237015539876467,930,0.44262446661366256,0.4483870967741935
20260907T124300Z_6ac966eb,WD,BTC,gap_localTrade,5000,0.8,0.43237015539876467,617,0.5023293093455433,0.5235008103727715
20260907T124300Z_6ac966eb,WD,BTC,gap_localTrade,10000,0.8,0.43237015539876467,444,0.563829218534105,0.5698198198198198
20260907T124300Z_6ac966eb,WD,BTC,gap_localTrade,30000,0.8,0.43237015539876467,233,0.7007557372401091,0.6351931330472103
20260907T124300Z_6ac966eb,WD,BTC,gap_localTrade,1000,0.9,0.5688809801323025,675,0.460869464329072,0.40296296296296297
20260907T124300Z_6ac966eb,WD,BTC,gap_localTrade,2000,0.9,0.5688809801323025,538,0.6089186530065809,0.5018587360594795
20260907T124300Z_6ac966eb,WD,BTC,gap_localTrade,5000,0.9,0.5688809801323025,394,0.7292002034667732,0.5862944162436549
20260907T124300Z_6ac966eb,WD,BTC,gap_localTrade,10000,0.9,0.5688809801323025,304,0.8412966499009684,0.6381578947368421
20260907T124300Z_6ac966eb,WD,BTC,gap_localTrade,30000,0.9,0.5688809801323025,177,0.9095435441124783,0.6610169491525424
20260907T124300Z_6ac966eb,WD,BTC,gap_localTrade,1000,0.95,0.689051062233492,375,0.6279239361635263,0.45066666666666666
20260907T124300Z_6ac966eb,WD,BTC,gap_localTrade,2000,0.95,0.689051062233492,301,0.8023447242710622,0.5415282392026578
20260907T124300Z_6ac966eb,WD,BTC,gap_localTrade,5000,0.95,0.689051062233492,235,0.9948127297375522,0.6382978723404256
20260907T124300Z_6ac966eb,WD,BTC,gap_localTrade,10000,0.95,0.689051062233492,194,1.1985464888413457,0.6907216494845361
20260907T124300Z_6ac966eb,WD,BTC,gap_localTrade,30000,0.95,0.689051062233492,129,0.9837589383310805,0.627906976744186
20260907T124300Z_6ac966eb,WD,BTC,leader1000_extOFI,1000,0.8,0.20950462106512538,2542,0.20315683591769715,0.2989771833202203
20260907T124300Z_6ac966eb,WD,BTC,leader1000_extOFI,2000,0.8,0.20950462106512538,1829,0.25682468794531177,0.37889557135046475
20260907T124300Z_6ac966eb,WD,BTC,leader1000_extOFI,5000,0.8,0.20950462106512538,1116,0.34208336898614655,0.4838709677419355
20260907T124300Z_6ac966eb,WD,BTC,leader1000_extOFI,10000,0.8,0.20950462106512538,703,0.22811665274164852,0.4950213371266003
20260907T124300Z_6ac966eb,WD,BTC,leader1000_extOFI,30000,0.8,0.20950462106512538,300,0.20101762182836316,0.5133333333333333
20260907T124300Z_6ac966eb,WD,BTC,leader1000_extOFI,1000,0.9,0.4266098798837102,1474,0.24134258732390268,0.3276797829036635
20260907T124300Z_6ac966eb,WD,BTC,leader1000_extOFI,2000,0.9,0.4266098798837102,1146,0.28294223256638645,0.39528795811518325
20260907T124300Z_6ac966eb,WD,BTC,leader1000_extOFI,5000,0.9,0.4266098798837102,775,0.4165925864361831,0.49290322580645163
20260907T124300Z_6ac966eb,WD,BTC,leader1000_extOFI,10000,0.9,0.4266098798837102,537,0.34903509416744954,0.5009310986964618
20260907T124300Z_6ac966eb,WD,BTC,leader1000_extOFI,30000,0.9,0.4266098798837102,257,0.07901176810033482,0.5097276264591439
20260907T124300Z_6ac966eb,WD,BTC,leader1000_extOFI,1000,0.95,0.6182341775391392,838,0.28350716118410335,0.360381861575179
20260907T124300Z_6ac966eb,WD,BTC,leader1000_extOFI,2000,0.95,0.6182341775391392,678,0.355830769841411,0.4336283185840708
20260907T124300Z_6ac966eb,WD,BTC,leader1000_extOFI,5000,0.95,0.6182341775391392,509,0.36800258603074226,0.5108055009823183
20260907T124300Z_6ac966eb,WD,BTC,leader1000_extOFI,10000,0.95,0.6182341775391392,380,0.35375683970666316,0.5342105263157895
20260907T124300Z_6ac966eb,WD,BTC,leader1000_extOFI,30000,0.95,0.6182341775391392,205,0.6984678101301897,0.5756097560975609
20260907T124300Z_6ac966eb,WD,ETH,depthBoth,1000,0.8,0.7686187511320031,3795,0.3810442434656101,0.4888010540184453
20260907T124300Z_6ac966eb,WD,ETH,depthBoth,2000,0.8,0.7686187511320031,2561,0.4295385983805356,0.563842249121437
20260907T124300Z_6ac966eb,WD,ETH,depthBoth,5000,0.8,0.7686187511320031,1438,0.48627085132943654,0.5841446453407511
20260907T124300Z_6ac966eb,WD,ETH,depthBoth,10000,0.8,0.7686187511320031,848,0.7343586693754531,0.5990566037735849
20260907T124300Z_6ac966eb,WD,ETH,depthBoth,30000,0.8,0.7686187511320031,332,0.38248056734044744,0.5602409638554217
20260907T124300Z_6ac966eb,WD,ETH,depthBoth,1000,0.9,0.8680244925577705,2356,0.45879131403493695,0.5356536502546689
20260907T124300Z_6ac966eb,WD,ETH,depthBoth,2000,0.9,0.8680244925577705,1725,0.5415231438352247,0.6052173913043478
20260907T124300Z_6ac966eb,WD,ETH,depthBoth,5000,0.9,0.8680244925577705,1099,0.6360161789177248,0.6141947224749773
20260907T124300Z_6ac966eb,WD,ETH,depthBoth,10000,0.9,0.8680244925577705,716,0.6215220144746287,0.585195530726257
20260907T124300Z_6ac966eb,WD,ETH,depthBoth,30000,0.9,0.8680244925577705,307,0.7301785395822445,0.5960912052117264
20260907T124300Z_6ac966eb,WD,ETH,depthBoth,1000,0.95,0.9303369097701343,1362,0.5047271389049328,0.5484581497797357
20260907T124300Z_6ac966eb,WD,ETH,depthBoth,2000,0.95,0.9303369097701343,1084,0.6227485496730699,0.6282287822878229
20260907T124300Z_6ac966eb,WD,ETH,depthBoth,5000,0.95,0.9303369097701343,784,0.6925479250458008,0.6301020408163265
20260907T124300Z_6ac966eb,WD,ETH,depthBoth,10000,0.95,0.9303369097701343,561,0.6992091986897548,0.6131907308377896
20260907T124300Z_6ac966eb,WD,ETH,depthBoth,30000,0.95,0.9303369097701343,271,0.5537587795463833,0.5682656826568265
20260907T124300Z_6ac966eb,WD,ETH,depthL1_extOFI,1000,0.8,0.8309119070100124,3830,0.40432200495148773,0.5120104438642298
20260907T124300Z_6ac966eb,WD,ETH,depthL1_extOFI,2000,0.8,0.8309119070100124,2621,0.4735063262638973,0.5780236550934758
20260907T124300Z_6ac966eb,WD,ETH,depthL1_extOFI,5000,0.8,0.8309119070100124,1475,0.5816205019949284,0.6149152542372881
20260907T124300Z_6ac966eb,WD,ETH,depthL1_extOFI,10000,0.8,0.8309119070100124,860,0.6013080121191996,0.5790697674418605
20260907T124300Z_6ac966eb,WD,ETH,depthL1_extOFI,30000,0.8,0.8309119070100124,330,0.6223683551799939,0.5393939393939394
20260907T124300Z_6ac966eb,WD,ETH,depthL1_extOFI,1000,0.9,0.9291609353507565,2402,0.47393688928104877,0.5716069941715237
20260907T124300Z_6ac966eb,WD,ETH,depthL1_extOFI,2000,0.9,0.9291609353507565,1781,0.5988133350937257,0.631106120157215
20260907T124300Z_6ac966eb,WD,ETH,depthL1_extOFI,5000,0.9,0.9291609353507565,1129,0.7304351201389587,0.6474756421612046
20260907T124300Z_6ac966eb,WD,ETH,depthL1_extOFI,10000,0.9,0.9291609353507565,726,0.7201409867742877,0.628099173553719
20260907T124300Z_6ac966eb,WD,ETH,depthL1_extOFI,30000,0.9,0.9291609353507565,307,0.8387536180368199,0.6221498371335505
20260907T124300Z_6ac966eb,WD,ETH,depthL1_extOFI,1000,0.95,0.9719376391982182,1439,0.5662304755605335,0.6198749131341209
20260907T124300Z_6ac966eb,WD,ETH,depthL1_extOFI,2000,0.95,0.9719376391982182,1161,0.6797848095038221,0.6873385012919897
20260907T124300Z_6ac966eb,WD,ETH,depthL1_extOFI,5000,0.95,0.9719376391982182,833,0.7286600286318855,0.6638655462184874
20260907T124300Z_6ac966eb,WD,ETH,depthL1_extOFI,10000,0.95,0.9719376391982182,584,0.8413104937163018,0.636986301369863
20260907T124300Z_6ac966eb,WD,ETH,depthL1_extOFI,30000,0.95,0.9719376391982182,276,0.6785332092220782,0.5688405797101449
20260907T124300Z_6ac966eb,WD,ETH,gap_depthBoth,1000,0.8,0.49988051357363616,2583,0.32572850279539284,0.4072783584978707
20260907T124300Z_6ac966eb,WD,ETH,gap_depthBoth,2000,0.8,0.49988051357363616,1780,0.39031266578646556,0.5056179775280899
20260907T124300Z_6ac966eb,WD,ETH,gap_depthBoth,5000,0.8,0.49988051357363616,1081,0.4508685087487705,0.5559666975023126
20260907T124300Z_6ac966eb,WD,ETH,gap_depthBoth,10000,0.8,0.49988051357363616,700,0.4471547574560885,0.5614285714285714
20260907T124300Z_6ac966eb,WD,ETH,gap_depthBoth,30000,0.8,0.49988051357363616,294,0.2526485370133348,0.5374149659863946
20260907T124300Z_6ac966eb,WD,ETH,gap_depthBoth,1000,0.9,0.6598752779884975,1561,0.44220451895431606,0.4638052530429212
20260907T124300Z_6ac966eb,WD,ETH,gap_depthBoth,2000,0.9,0.6598752779884975,1164,0.47118400853872006,0.5498281786941581
20260907T124300Z_6ac966eb,WD,ETH,gap_depthBoth,5000,0.9,0.6598752779884975,777,0.4909014327559798,0.5688545688545689
20260907T124300Z_6ac966eb,WD,ETH,gap_depthBoth,10000,0.9,0.6598752779884975,551,0.5017294869797919,0.5952813067150635
20260907T124300Z_6ac966eb,WD,ETH,gap_depthBoth,30000,0.9,0.6598752779884975,261,0.64102281575223,0.578544061302682
20260907T124300Z_6ac966eb,WD,ETH,gap_depthBoth,1000,0.95,0.8154200971421943,908,0.5282248181958432,0.5077092511013216
20260907T124300Z_6ac966eb,WD,ETH,gap_depthBoth,2000,0.95,0.8154200971421943,724,0.5623341388271375,0.585635359116022
20260907T124300Z_6ac966eb,WD,ETH,gap_depthBoth,5000,0.95,0.8154200971421943,525,0.6689747745896143,0.6038095238095238
20260907T124300Z_6ac966eb,WD,ETH,gap_depthBoth,10000,0.95,0.8154200971421943,404,0.6163358445469276,0.6262376237623762
20260907T124300Z_6ac966eb,WD,ETH,gap_depthBoth,30000,0.95,0.8154200971421943,219,0.7189682654793377,0.589041095890411
20260907T124300Z_6ac966eb,WD,ETH,gap_depthL1,1000,0.8,0.49988051357363616,2767,0.32051569979002603,0.41127574990964944
20260907T124300Z_6ac966eb,WD,ETH,gap_depthL1,2000,0.8,0.49988051357363616,1868,0.37999149662800386,0.5064239828693791
20260907T124300Z_6ac966eb,WD,ETH,gap_depthL1,5000,0.8,0.49988051357363616,1117,0.4375312433060642,0.5622202327663384
20260907T124300Z_6ac966eb,WD,ETH,gap_depthL1,10000,0.8,0.49988051357363616,715,0.41518960993437337,0.5622377622377622
20260907T124300Z_6ac966eb,WD,ETH,gap_depthL1,30000,0.8,0.49988051357363616,297,0.12595995388798972,0.5218855218855218
20260907T124300Z_6ac966eb,WD,ETH,gap_depthL1,1000,0.9,0.6598752779884975,1693,0.42577355371082143,0.464264619019492
20260907T124300Z_6ac966eb,WD,ETH,gap_depthL1,2000,0.9,0.6598752779884975,1248,0.46804671573109186,0.5528846153846154
20260907T124300Z_6ac966eb,WD,ETH,gap_depthL1,5000,0.9,0.6598752779884975,815,0.5009278632008178,0.5742331288343558
20260907T124300Z_6ac966eb,WD,ETH,gap_depthL1,10000,0.9,0.6598752779884975,569,0.5682735036117043,0.5957820738137083
20260907T124300Z_6ac966eb,WD,ETH,gap_depthL1,30000,0.9,0.6598752779884975,265,0.6785933589034353,0.5660377358490566
20260907T124300Z_6ac966eb,WD,ETH,gap_depthL1,1000,0.95,0.8154200971421943,999,0.4869495760858211,0.5055055055055055
20260907T124300Z_6ac966eb,WD,ETH,gap_depthL1,2000,0.95,0.8154200971421943,790,0.5389591360290301,0.5886075949367089
20260907T124300Z_6ac966eb,WD,ETH,gap_depthL1,5000,0.95,0.8154200971421943,567,0.6516658880198034,0.5961199294532628
20260907T124300Z_6ac966eb,WD,ETH,gap_depthL1,10000,0.95,0.8154200971421943,427,0.6576898967168344,0.6323185011709602
20260907T124300Z_6ac966eb,WD,ETH,gap_depthL1,30000,0.95,0.8154200971421943,224,0.6588365477918375,0.5669642857142857
20260907T124300Z_6ac966eb,WD,ETH,gap_depth_extOFI,1000,0.8,0.49988051357363616,2172,0.39166962084778556,0.429097605893186
20260907T124300Z_6ac966eb,WD,ETH,gap_depth_extOFI,2000,0.8,0.49988051357363616,1530,0.4512413791761573,0.530718954248366
20260907T124300Z_6ac966eb,WD,ETH,gap_depth_extOFI,5000,0.8,0.49988051357363616,971,0.5604762191636876,0.5777548918640577
20260907T124300Z_6ac966eb,WD,ETH,gap_depth_extOFI,10000,0.8,0.49988051357363616,648,0.5639210673390193,0.5895061728395061
20260907T124300Z_6ac966eb,WD,ETH,gap_depth_extOFI,30000,0.8,0.49988051357363616,284,0.4111037384977652,0.5492957746478874
20260907T124300Z_6ac966eb,WD,ETH,gap_depth_extOFI,1000,0.9,0.6598752779884975,1213,0.567002224980779,0.49381698268755153
20260907T124300Z_6ac966eb,WD,ETH,gap_depth_extOFI,2000,0.9,0.6598752779884975,915,0.6374220217435334,0.5825136612021858
20260907T124300Z_6ac966eb,WD,ETH,gap_depth_extOFI,5000,0.9,0.6598752779884975,641,0.7244168640063343,0.5975039001560063
20260907T124300Z_6ac966eb,WD,ETH,gap_depth_extOFI,10000,0.9,0.6598752779884975,472,0.7312348737948415,0.6228813559322034
20260907T124300Z_6ac966eb,WD,ETH,gap_depth_extOFI,30000,0.9,0.6598752779884975,234,0.7097001538060311,0.5769230769230769
20260907T124300Z_6ac966eb,WD,ETH,gap_depth_extOFI,1000,0.95,0.8154200971421943,646,0.7179730128845043,0.5464396284829721
20260907T124300Z_6ac966eb,WD,ETH,gap_depth_extOFI,2000,0.95,0.8154200971421943,512,0.8058240344698968,0.640625
20260907T124300Z_6ac966eb,WD,ETH,gap_depth_extOFI,5000,0.95,0.8154200971421943,401,0.915461153212797,0.6433915211970075
20260907T124300Z_6ac966eb,WD,ETH,gap_depth_extOFI,10000,0.95,0.8154200971421943,312,0.8661473992769947,0.6474358974358975
20260907T124300Z_6ac966eb,WD,ETH,gap_depth_extOFI,30000,0.95,0.8154200971421943,180,0.9200417567404858,0.6166666666666667
20260907T124300Z_6ac966eb,WD,ETH,gap_extOFI,1000,0.8,0.49988051357363616,2491,0.32508769254988906,0.3990365315134484
20260907T124300Z_6ac966eb,WD,ETH,gap_extOFI,2000,0.8,0.49988051357363616,1714,0.3876878594791155,0.5070011668611435
20260907T124300Z_6ac966eb,WD,ETH,gap_extOFI,5000,0.8,0.49988051357363616,1046,0.47686375818245663,0.5640535372848948
20260907T124300Z_6ac966eb,WD,ETH,gap_extOFI,10000,0.8,0.49988051357363616,681,0.46104646011896266,0.5638766519823789
20260907T124300Z_6ac966eb,WD,ETH,gap_extOFI,30000,0.8,0.49988051357363616,292,0.17507422432198755,0.5171232876712328
20260907T124300Z_6ac966eb,WD,ETH,gap_extOFI,1000,0.9,0.6598752779884975,1369,0.5004490004633689,0.46895544192841493
20260907T124300Z_6ac966eb,WD,ETH,gap_extOFI,2000,0.9,0.6598752779884975,1009,0.5765449054314963,0.5629335976214074
20260907T124300Z_6ac966eb,WD,ETH,gap_extOFI,5000,0.9,0.6598752779884975,682,0.6534596880458845,0.5865102639296188
20260907T124300Z_6ac966eb,WD,ETH,gap_extOFI,10000,0.9,0.6598752779884975,502,0.686805444643471,0.601593625498008
20260907T124300Z_6ac966eb,WD,ETH,gap_extOFI,30000,0.9,0.6598752779884975,241,0.6193736867784876,0.5518672199170125
20260907T124300Z_6ac966eb,WD,ETH,gap_extOFI,1000,0.95,0.8154200971421943,723,0.6557208110392063,0.5228215767634855
20260907T124300Z_6ac966eb,WD,ETH,gap_extOFI,2000,0.95,0.8154200971421943,564,0.7686178197694541,0.6187943262411347
20260907T124300Z_6ac966eb,WD,ETH,gap_extOFI,5000,0.95,0.8154200971421943,425,0.8481577387710344,0.6305882352941177
20260907T124300Z_6ac966eb,WD,ETH,gap_extOFI,10000,0.95,0.8154200971421943,329,0.890852690439186,0.6352583586626139
20260907T124300Z_6ac966eb,WD,ETH,gap_extOFI,30000,0.95,0.8154200971421943,186,0.8573973738186842,0.6021505376344086
20260907T124300Z_6ac966eb,WD,ETH,gap_leader1000,1000,0.8,0.49988051357363616,2576,0.2273497600451966,0.41110248447204967
20260907T124300Z_6ac966eb,WD,ETH,gap_leader1000,2000,0.8,0.49988051357363616,1969,0.21855097441170404,0.47993905535804976
20260907T124300Z_6ac966eb,WD,ETH,gap_leader1000,5000,0.8,0.49988051357363616,1206,0.3029393308663549,0.5339966832504146
20260907T124300Z_6ac966eb,WD,ETH,gap_leader1000,10000,0.8,0.49988051357363616,760,0.15561874839103534,0.5171052631578947
20260907T124300Z_6ac966eb,WD,ETH,gap_leader1000,30000,0.8,0.49988051357363616,307,0.05569355465177985,0.511400651465798
20260907T124300Z_6ac966eb,WD,ETH,gap_leader1000,1000,0.9,0.6598752779884975,1741,0.30994959693015617,0.45203905801263644
20260907T124300Z_6ac966eb,WD,ETH,gap_leader1000,2000,0.9,0.6598752779884975,1399,0.3012183279815777,0.5132237312365976
20260907T124300Z_6ac966eb,WD,ETH,gap_leader1000,5000,0.9,0.6598752779884975,948,0.3614633168634777,0.5327004219409283
20260907T124300Z_6ac966eb,WD,ETH,gap_leader1000,10000,0.9,0.6598752779884975,633,0.22221772146360289,0.5292259083728278
20260907T124300Z_6ac966eb,WD,ETH,gap_leader1000,30000,0.9,0.6598752779884975,278,0.2845368196935522,0.49640287769784175
20260907T124300Z_6ac966eb,WD,ETH,gap_leader1000,1000,0.95,0.8154200971421943,1104,0.37034311421881144,0.48641304347826086
20260907T124300Z_6ac966eb,WD,ETH,gap_leader1000,2000,0.95,0.8154200971421943,919,0.37609416030668147,0.5408052230685527
20260907T124300Z_6ac966eb,WD,ETH,gap_leader1000,5000,0.95,0.8154200971421943,678,0.567433925858303,0.5693215339233039
20260907T124300Z_6ac966eb,WD,ETH,gap_leader1000,10000,0.95,0.8154200971421943,481,0.3640898262636755,0.5613305613305614
20260907T124300Z_6ac966eb,WD,ETH,gap_leader1000,30000,0.95,0.8154200971421943,244,0.4284663380540575,0.5409836065573771
20260907T124300Z_6ac966eb,WD,ETH,gap_localOFI,1000,0.8,0.49988051357363616,2293,0.26321821883731356,0.3933711295246402
20260907T124300Z_6ac966eb,WD,ETH,gap_localOFI,2000,0.8,0.49988051357363616,1673,0.3356106965107319,0.49252839210998206
20260907T124300Z_6ac966eb,WD,ETH,gap_localOFI,5000,0.8,0.49988051357363616,1050,0.37021862134619227,0.5428571428571428
20260907T124300Z_6ac966eb,WD,ETH,gap_localOFI,10000,0.8,0.49988051357363616,682,0.40705571555108166,0.5571847507331378
20260907T124300Z_6ac966eb,WD,ETH,gap_localOFI,30000,0.8,0.49988051357363616,293,0.27081627180697143,0.5290102389078498
20260907T124300Z_6ac966eb,WD,ETH,gap_localOFI,1000,0.9,0.6598752779884975,1264,0.37083775872311464,0.4501582278481013
20260907T124300Z_6ac966eb,WD,ETH,gap_localOFI,2000,0.9,0.6598752779884975,987,0.436611531642829,0.5329280648429585
20260907T124300Z_6ac966eb,WD,ETH,gap_localOFI,5000,0.9,0.6598752779884975,687,0.49732778484599194,0.5574963609898108
20260907T124300Z_6ac966eb,WD,ETH,gap_localOFI,10000,0.9,0.6598752779884975,503,0.46440759443081936,0.5805168986083499
20260907T124300Z_6ac966eb,WD,ETH,gap_localOFI,30000,0.9,0.6598752779884975,247,0.9555923472017069,0.5910931174089069
20260907T124300Z_6ac966eb,WD,ETH,gap_localOFI,1000,0.95,0.8154200971421943,657,0.47280944633016264,0.4855403348554033
20260907T124300Z_6ac966eb,WD,ETH,gap_localOFI,2000,0.95,0.8154200971421943,545,0.559027528876728,0.5743119266055046
20260907T124300Z_6ac966eb,WD,ETH,gap_localOFI,5000,0.95,0.8154200971421943,417,0.6307035685894974,0.5947242206235012
20260907T124300Z_6ac966eb,WD,ETH,gap_localOFI,10000,0.95,0.8154200971421943,327,0.5769412874351444,0.5932721712538226
20260907T124300Z_6ac966eb,WD,ETH,gap_localOFI,30000,0.95,0.8154200971421943,187,0.9245578938905914,0.6310160427807486
20260907T124300Z_6ac966eb,WD,ETH,gap_localTrade,1000,0.8,0.49988051357363616,1161,0.5274711153144358,0.4935400516795866
20260907T124300Z_6ac966eb,WD,ETH,gap_localTrade,2000,0.8,0.49988051357363616,947,0.6021120775329559,0.5807814149947201
20260907T124300Z_6ac966eb,WD,ETH,gap_localTrade,5000,0.8,0.49988051357363616,685,0.7370380443811729,0.6072992700729927
20260907T124300Z_6ac966eb,WD,ETH,gap_localTrade,10000,0.8,0.49988051357363616,493,0.632427120175208,0.5801217038539553
20260907T124300Z_6ac966eb,WD,ETH,gap_localTrade,30000,0.8,0.49988051357363616,237,0.6294736708121621,0.5569620253164557
20260907T124300Z_6ac966eb,WD,ETH,gap_localTrade,1000,0.9,0.6598752779884975,709,0.7329611623725453,0.5571227080394923
20260907T124300Z_6ac966eb,WD,ETH,gap_localTrade,2000,0.9,0.6598752779884975,597,0.7995559442276227,0.6164154103852596
20260907T124300Z_6ac966eb,WD,ETH,gap_localTrade,5000,0.9,0.6598752779884975,461,0.9947077914863975,0.6355748373101953
20260907T124300Z_6ac966eb,WD,ETH,gap_localTrade,10000,0.9,0.6598752779884975,360,0.9201919042409596,0.625
20260907T124300Z_6ac966eb,WD,ETH,gap_localTrade,30000,0.9,0.6598752779884975,201,1.429268915080855,0.6517412935323383
20260907T124300Z_6ac966eb,WD,ETH,gap_localTrade,1000,0.95,0.8154200971421943,398,0.9077594771986516,0.6080402010050251
20260907T124300Z_6ac966eb,WD,ETH,gap_localTrade,2000,0.95,0.8154200971421943,346,0.9631035958942846,0.6647398843930635
20260907T124300Z_6ac966eb,WD,ETH,gap_localTrade,5000,0.95,0.8154200971421943,283,1.1329891909032237,0.6749116607773852
20260907T124300Z_6ac966eb,WD,ETH,gap_localTrade,10000,0.95,0.8154200971421943,227,1.1347430749540486,0.6519823788546255
20260907T124300Z_6ac966eb,WD,ETH,gap_localTrade,30000,0.95,0.8154200971421943,141,1.7094197792180863,0.6808510638297872
20260907T124300Z_6ac966eb,WD,ETH,leader1000_extOFI,1000,0.8,0.443637119450393,2997,0.29303759259402207,0.4184184184184184
20260907T124300Z_6ac966eb,WD,ETH,leader1000_extOFI,2000,0.8,0.443637119450393,2179,0.31569227581985926,0.48370812299219823
20260907T124300Z_6ac966eb,WD,ETH,leader1000_extOFI,5000,0.8,0.443637119450393,1281,0.32179386654432385,0.5230288836846214
20260907T124300Z_6ac966eb,WD,ETH,leader1000_extOFI,10000,0.8,0.443637119450393,786,0.3672311946241943,0.5572519083969466
20260907T124300Z_6ac966eb,WD,ETH,leader1000_extOFI,30000,0.8,0.443637119450393,316,0.48398915961447325,0.5348101265822784
20260907T124300Z_6ac966eb,WD,ETH,leader1000_extOFI,1000,0.9,0.6530761605108307,1764,0.36747380602869395,0.46598639455782315
20260907T124300Z_6ac966eb,WD,ETH,leader1000_extOFI,2000,0.9,0.6530761605108307,1377,0.3623795232987461,0.5221496005809731
20260907T124300Z_6ac966eb,WD,ETH,leader1000_extOFI,5000,0.9,0.6530761605108307,934,0.44293651152824853,0.5492505353319058
20260907T124300Z_6ac966eb,WD,ETH,leader1000_extOFI,10000,0.9,0.6530761605108307,630,0.4333601886333629,0.5634920634920635
20260907T124300Z_6ac966eb,WD,ETH,leader1000_extOFI,30000,0.9,0.6530761605108307,282,0.1193252919162407,0.5141843971631206
20260907T124300Z_6ac966eb,WD,ETH,leader1000_extOFI,1000,0.95,0.84126846028351,1018,0.4844857866255391,0.5049115913555993
20260907T124300Z_6ac966eb,WD,ETH,leader1000_extOFI,2000,0.95,0.84126846028351,839,0.5260031246745202,0.5578069129916567
20260907T124300Z_6ac966eb,WD,ETH,leader1000_extOFI,5000,0.95,0.84126846028351,630,0.5954329934379466,0.5904761904761905
20260907T124300Z_6ac966eb,WD,ETH,leader1000_extOFI,10000,0.95,0.84126846028351,471,0.5883797396880505,0.6029723991507431
20260907T124300Z_6ac966eb,WD,ETH,leader1000_extOFI,30000,0.95,0.84126846028351,240,0.32513989547106187,0.5458333333333333
20260907T160215Z_ee5b0782,WD,BTC,depthBoth,1000,0.8,0.8732590692161548,2781,0.18496893883832408,0.23121179431859043
20260907T160215Z_ee5b0782,WD,BTC,depthBoth,2000,0.8,0.8732590692161548,1751,0.2872722323796458,0.3380925185608224
20260907T160215Z_ee5b0782,WD,BTC,depthBoth,5000,0.8,0.8732590692161548,999,0.43124741232017966,0.4774774774774775
20260907T160215Z_ee5b0782,WD,BTC,depthBoth,10000,0.8,0.8732590692161548,638,0.5077481610856218,0.5658307210031348
20260907T160215Z_ee5b0782,WD,BTC,depthBoth,30000,0.8,0.8732590692161548,281,0.49850499373919666,0.594306049822064
20260907T160215Z_ee5b0782,WD,BTC,depthBoth,1000,0.9,0.9493018910261108,1674,0.2552265865471756,0.3070489844683393
20260907T160215Z_ee5b0782,WD,BTC,depthBoth,2000,0.9,0.9493018910261108,1140,0.3770178015701006,0.42719298245614035
20260907T160215Z_ee5b0782,WD,BTC,depthBoth,5000,0.9,0.9493018910261108,726,0.5303950796089545,0.5661157024793388
20260907T160215Z_ee5b0782,WD,BTC,depthBoth,10000,0.9,0.9493018910261108,509,0.6243116818631814,0.6227897838899804
20260907T160215Z_ee5b0782,WD,BTC,depthBoth,30000,0.9,0.9493018910261108,249,0.6061857497609888,0.6345381526104418
20260907T160215Z_ee5b0782,WD,BTC,depthBoth,1000,0.95,0.9844380621632499,932,0.3138020287028786,0.36587982832618027
20260907T160215Z_ee5b0782,WD,BTC,depthBoth,2000,0.95,0.9844380621632499,674,0.45846881498766495,0.5014836795252225
20260907T160215Z_ee5b0782,WD,BTC,depthBoth,5000,0.95,0.9844380621632499,480,0.6170462690521041,0.6166666666666667
20260907T160215Z_ee5b0782,WD,BTC,depthBoth,10000,0.95,0.9844380621632499,366,0.6910754464505331,0.6557377049180327
20260907T160215Z_ee5b0782,WD,BTC,depthBoth,30000,0.95,0.9844380621632499,206,0.8399189023833764,0.7184466019417476
20260907T160215Z_ee5b0782,WD,BTC,depthL1_extOFI,1000,0.8,0.8692066227611253,2680,0.1893954798270393,0.24067164179104478
20260907T160215Z_ee5b0782,WD,BTC,depthL1_extOFI,2000,0.8,0.8692066227611253,1745,0.28951502543937546,0.3461318051575931
20260907T160215Z_ee5b0782,WD,BTC,depthL1_extOFI,5000,0.8,0.8692066227611253,1017,0.4215780622683676,0.47885939036381514
20260907T160215Z_ee5b0782,WD,BTC,depthL1_extOFI,10000,0.8,0.8692066227611253,642,0.49327807259760764,0.5700934579439252
20260907T160215Z_ee5b0782,WD,BTC,depthL1_extOFI,30000,0.8,0.8692066227611253,280,0.5690150383974351,0.5964285714285714
20260907T160215Z_ee5b0782,WD,BTC,depthL1_extOFI,1000,0.9,0.9491810026592096,1616,0.26323537127770097,0.3193069306930693
20260907T160215Z_ee5b0782,WD,BTC,depthL1_extOFI,2000,0.9,0.9491810026592096,1130,0.3795827072886693,0.4336283185840708
20260907T160215Z_ee5b0782,WD,BTC,depthL1_extOFI,5000,0.9,0.9491810026592096,725,0.5383280256470652,0.5751724137931035
20260907T160215Z_ee5b0782,WD,BTC,depthL1_extOFI,10000,0.9,0.9491810026592096,512,0.6146859062362915,0.630859375
20260907T160215Z_ee5b0782,WD,BTC,depthL1_extOFI,30000,0.9,0.9491810026592096,249,0.6782484713112161,0.642570281124498
20260907T160215Z_ee5b0782,WD,BTC,depthL1_extOFI,1000,0.95,0.9873345269221434,899,0.3138708578841315,0.3781979977753059
20260907T160215Z_ee5b0782,WD,BTC,depthL1_extOFI,2000,0.95,0.9873345269221434,667,0.4602570788956987,0.512743628185907
20260907T160215Z_ee5b0782,WD,BTC,depthL1_extOFI,5000,0.95,0.9873345269221434,477,0.6171240499893236,0.6184486373165619
20260907T160215Z_ee5b0782,WD,BTC,depthL1_extOFI,10000,0.95,0.9873345269221434,368,0.6637931106229024,0.654891304347826
20260907T160215Z_ee5b0782,WD,BTC,depthL1_extOFI,30000,0.95,0.9873345269221434,207,0.7211899488877646,0.6859903381642513
20260907T160215Z_ee5b0782,WD,BTC,gap_depthBoth,1000,0.8,0.37300527840633535,2019,0.13564886191352607,0.16097077761267956
20260907T160215Z_ee5b0782,WD,BTC,gap_depthBoth,2000,0.8,0.37300527840633535,1182,0.22204391923016772,0.2639593908629442
20260907T160215Z_ee5b0782,WD,BTC,gap_depthBoth,5000,0.8,0.37300527840633535,638,0.38234895577594064,0.4341692789968652
20260907T160215Z_ee5b0782,WD,BTC,gap_depthBoth,10000,0.8,0.37300527840633535,424,0.5202570221397046,0.5495283018867925
20260907T160215Z_ee5b0782,WD,BTC,gap_depthBoth,30000,0.8,0.37300527840633535,213,0.6901805278514247,0.6150234741784038
20260907T160215Z_ee5b0782,WD,BTC,gap_depthBoth,1000,0.9,0.49219904310793283,1116,0.1612567823616004,0.18189964157706093
20260907T160215Z_ee5b0782,WD,BTC,gap_depthBoth,2000,0.9,0.49219904310793283,670,0.26640180399496644,0.28955223880597014
20260907T160215Z_ee5b0782,WD,BTC,gap_depthBoth,5000,0.9,0.49219904310793283,401,0.4206580978556498,0.45885286783042395
20260907T160215Z_ee5b0782,WD,BTC,gap_depthBoth,10000,0.9,0.49219904310793283,290,0.5736899307041212,0.5758620689655173
20260907T160215Z_ee5b0782,WD,BTC,gap_depthBoth,30000,0.9,0.49219904310793283,162,0.646613329056337,0.5987654320987654
20260907T160215Z_ee5b0782,WD,BTC,gap_depthBoth,1000,0.95,0.6242595396345196,604,0.20601654027585892,0.22019867549668873
20260907T160215Z_ee5b0782,WD,BTC,gap_depthBoth,2000,0.95,0.6242595396345196,377,0.31174817795959125,0.3421750663129973
20260907T160215Z_ee5b0782,WD,BTC,gap_depthBoth,5000,0.95,0.6242595396345196,243,0.5044614635769242,0.51440329218107
20260907T160215Z_ee5b0782,WD,BTC,gap_depthBoth,10000,0.95,0.6242595396345196,188,0.6303586637325869,0.6170212765957447
20260907T160215Z_ee5b0782,WD,BTC,gap_depthBoth,30000,0.95,0.6242595396345196,124,0.7101615241079812,0.6129032258064516
20260907T160215Z_ee5b0782,WD,BTC,gap_depthL1,1000,0.8,0.37300527840633535,2070,0.13282130144450663,0.15797101449275364
20260907T160215Z_ee5b0782,WD,BTC,gap_depthL1,2000,0.8,0.37300527840633535,1214,0.21865332944548585,0.2586490939044481
20260907T160215Z_ee5b0782,WD,BTC,gap_depthL1,5000,0.8,0.37300527840633535,652,0.3712969062735974,0.4294478527607362
20260907T160215Z_ee5b0782,WD,BTC,gap_depthL1,10000,0.8,0.37300527840633535,434,0.515616488002694,0.5391705069124424
20260907T160215Z_ee5b0782,WD,BTC,gap_depthL1,30000,0.8,0.37300527840633535,216,0.6755685029434495,0.5925925925925926
20260907T160215Z_ee5b0782,WD,BTC,gap_depthL1,1000,0.9,0.49219904310793283,1147,0.15672180658219792,0.17785527462946818
20260907T160215Z_ee5b0782,WD,BTC,gap_depthL1,2000,0.9,0.49219904310793283,692,0.2637682327182696,0.2846820809248555
20260907T160215Z_ee5b0782,WD,BTC,gap_depthL1,5000,0.9,0.49219904310793283,413,0.4162262435130782,0.4552058111380145
20260907T160215Z_ee5b0782,WD,BTC,gap_depthL1,10000,0.9,0.49219904310793283,297,0.5840856035968415,0.5723905723905723
20260907T160215Z_ee5b0782,WD,BTC,gap_depthL1,30000,0.9,0.49219904310793283,165,0.6541314922862875,0.6
20260907T160215Z_ee5b0782,WD,BTC,gap_depthL1,1000,0.95,0.6242595396345196,626,0.1990771776607553,0.21565495207667731
20260907T160215Z_ee5b0782,WD,BTC,gap_depthL1,2000,0.95,0.6242595396345196,391,0.3065965279916897,0.340153452685422
20260907T160215Z_ee5b0782,WD,BTC,gap_depthL1,5000,0.95,0.6242595396345196,252,0.50079729832805,0.5158730158730159
20260907T160215Z_ee5b0782,WD,BTC,gap_depthL1,10000,0.95,0.6242595396345196,195,0.6304566299092307,0.6102564102564103
20260907T160215Z_ee5b0782,WD,BTC,gap_depthL1,30000,0.95,0.6242595396345196,128,0.7045157811152947,0.609375
20260907T160215Z_ee5b0782,WD,BTC,gap_depth_extOFI,1000,0.8,0.37300527840633535,1855,0.15315534909563833,0.17358490566037735
20260907T160215Z_ee5b0782,WD,BTC,gap_depth_extOFI,2000,0.8,0.37300527840633535,1126,0.23898277191745929,0.27175843694493784
20260907T160215Z_ee5b0782,WD,BTC,gap_depth_extOFI,5000,0.8,0.37300527840633535,615,0.4123150992895558,0.44390243902439025
20260907T160215Z_ee5b0782,WD,BTC,gap_depth_extOFI,10000,0.8,0.37300527840633535,418,0.5259359286863512,0.5550239234449761
20260907T160215Z_ee5b0782,WD,BTC,gap_depth_extOFI,30000,0.8,0.37300527840633535,212,0.6544179883184076,0.5990566037735849
20260907T160215Z_ee5b0782,WD,BTC,gap_depth_extOFI,1000,0.9,0.49219904310793283,1022,0.18032462400135138,0.1898238747553816
20260907T160215Z_ee5b0782,WD,BTC,gap_depth_extOFI,2000,0.9,0.49219904310793283,637,0.28257130759234783,0.29984301412872844
20260907T160215Z_ee5b0782,WD,BTC,gap_depth_extOFI,5000,0.9,0.49219904310793283,386,0.4606526926457932,0.4740932642487047
20260907T160215Z_ee5b0782,WD,BTC,gap_depth_extOFI,10000,0.9,0.49219904310793283,284,0.5713573637280612,0.5845070422535211
20260907T160215Z_ee5b0782,WD,BTC,gap_depth_extOFI,30000,0.9,0.49219904310793283,157,0.5919942423759019,0.5923566878980892
20260907T160215Z_ee5b0782,WD,BTC,gap_depth_extOFI,1000,0.95,0.6242595396345196,554,0.22948940074900856,0.2328519855595668
20260907T160215Z_ee5b0782,WD,BTC,gap_depth_extOFI,2000,0.95,0.6242595396345196,357,0.33589451829376005,0.3557422969187675
20260907T160215Z_ee5b0782,WD,BTC,gap_depth_extOFI,5000,0.95,0.6242595396345196,228,0.537217261841589,0.5350877192982456
20260907T160215Z_ee5b0782,WD,BTC,gap_depth_extOFI,10000,0.95,0.6242595396345196,181,0.6310200023630619,0.6298342541436464
20260907T160215Z_ee5b0782,WD,BTC,gap_depth_extOFI,30000,0.95,0.6242595396345196,120,0.701075959485462,0.6333333333333333
20260907T160215Z_ee5b0782,WD,BTC,gap_extOFI,1000,0.8,0.37300527840633535,2122,0.12228948939055341,0.1526861451460886
20260907T160215Z_ee5b0782,WD,BTC,gap_extOFI,2000,0.8,0.37300527840633535,1264,0.19152251246624724,0.24208860759493672
20260907T160215Z_ee5b0782,WD,BTC,gap_extOFI,5000,0.8,0.37300527840633535,673,0.33769979561330166,0.4145616641901932
20260907T160215Z_ee5b0782,WD,BTC,gap_extOFI,10000,0.8,0.37300527840633535,443,0.4891410494757737,0.5349887133182845
20260907T160215Z_ee5b0782,WD,BTC,gap_extOFI,30000,0.8,0.37300527840633535,218,0.6249312288250287,0.5871559633027523
20260907T160215Z_ee5b0782,WD,BTC,gap_extOFI,1000,0.9,0.49219904310793283,1105,0.1541389294893051,0.17647058823529413
20260907T160215Z_ee5b0782,WD,BTC,gap_extOFI,2000,0.9,0.49219904310793283,689,0.25085467357347385,0.2844702467343977
20260907T160215Z_ee5b0782,WD,BTC,gap_extOFI,5000,0.9,0.49219904310793283,413,0.4000158741807205,0.45036319612590797
20260907T160215Z_ee5b0782,WD,BTC,gap_extOFI,10000,0.9,0.49219904310793283,300,0.5070278878365936,0.5633333333333334
20260907T160215Z_ee5b0782,WD,BTC,gap_extOFI,30000,0.9,0.49219904310793283,162,0.5243843460975525,0.5740740740740741
20260907T160215Z_ee5b0782,WD,BTC,gap_extOFI,1000,0.95,0.6242595396345196,578,0.22027750322753548,0.2301038062283737
20260907T160215Z_ee5b0782,WD,BTC,gap_extOFI,2000,0.95,0.6242595396345196,372,0.3262008903398776,0.3521505376344086
20260907T160215Z_ee5b0782,WD,BTC,gap_extOFI,5000,0.95,0.6242595396345196,238,0.5260389600216469,0.542016806722689
20260907T160215Z_ee5b0782,WD,BTC,gap_extOFI,10000,0.95,0.6242595396345196,187,0.6228096080741181,0.6310160427807486
20260907T160215Z_ee5b0782,WD,BTC,gap_extOFI,30000,0.95,0.6242595396345196,123,0.718717963694254,0.6260162601626016
20260907T160215Z_ee5b0782,WD,BTC,gap_leader1000,1000,0.8,0.37300527840633535,839,0.18893453608630148,0.23122765196662692
20260907T160215Z_ee5b0782,WD,BTC,gap_leader1000,2000,0.8,0.37300527840633535,729,0.23544873305303585,0.2935528120713306
20260907T160215Z_ee5b0782,WD,BTC,gap_leader1000,5000,0.8,0.37300527840633535,572,0.35011947264242815,0.4230769230769231
20260907T160215Z_ee5b0782,WD,BTC,gap_leader1000,10000,0.8,0.37300527840633535,424,0.44967441466056846,0.5165094339622641
20260907T160215Z_ee5b0782,WD,BTC,gap_leader1000,30000,0.8,0.37300527840633535,217,0.7258117013969312,0.5806451612903226
20260907T160215Z_ee5b0782,WD,BTC,gap_leader1000,1000,0.9,0.49219904310793283,525,0.23564466129364117,0.26095238095238094
20260907T160215Z_ee5b0782,WD,BTC,gap_leader1000,2000,0.9,0.49219904310793283,468,0.2925657241129835,0.3311965811965812
20260907T160215Z_ee5b0782,WD,BTC,gap_leader1000,5000,0.9,0.49219904310793283,387,0.4222886906021567,0.4625322997416021
20260907T160215Z_ee5b0782,WD,BTC,gap_leader1000,10000,0.9,0.49219904310793283,306,0.5349506244311867,0.5620915032679739
20260907T160215Z_ee5b0782,WD,BTC,gap_leader1000,30000,0.9,0.49219904310793283,172,0.49203801868339914,0.563953488372093
20260907T160215Z_ee5b0782,WD,BTC,gap_leader1000,1000,0.95,0.6242595396345196,299,0.31586469923517374,0.32441471571906355
20260907T160215Z_ee5b0782,WD,BTC,gap_leader1000,2000,0.95,0.6242595396345196,271,0.36485938047183064,0.3948339483394834
20260907T160215Z_ee5b0782,WD,BTC,gap_leader1000,5000,0.95,0.6242595396345196,240,0.5160750158306391,0.5458333333333333
20260907T160215Z_ee5b0782,WD,BTC,gap_leader1000,10000,0.95,0.6242595396345196,200,0.6204474334099247,0.62
20260907T160215Z_ee5b0782,WD,BTC,gap_leader1000,30000,0.95,0.6242595396345196,134,0.6402913755863421,0.582089552238806
20260907T160215Z_ee5b0782,WD,BTC,gap_localOFI,1000,0.8,0.37300527840633535,1807,0.1297858296989112,0.16380741560597675
20260907T160215Z_ee5b0782,WD,BTC,gap_localOFI,2000,0.8,0.37300527840633535,1159,0.20271304850603278,0.25366695427092323
20260907T160215Z_ee5b0782,WD,BTC,gap_localOFI,5000,0.8,0.37300527840633535,661,0.34941186416328834,0.42208774583963693
20260907T160215Z_ee5b0782,WD,BTC,gap_localOFI,10000,0.8,0.37300527840633535,436,0.490469429990405,0.5458715596330275
20260907T160215Z_ee5b0782,WD,BTC,gap_localOFI,30000,0.8,0.37300527840633535,213,0.6259682145020303,0.5774647887323944
20260907T160215Z_ee5b0782,WD,BTC,gap_localOFI,1000,0.9,0.49219904310793283,939,0.17379548753008364,0.1959531416400426
20260907T160215Z_ee5b0782,WD,BTC,gap_localOFI,2000,0.9,0.49219904310793283,632,0.26132606395055474,0.28955696202531644
20260907T160215Z_ee5b0782,WD,BTC,gap_localOFI,5000,0.9,0.49219904310793283,394,0.40771441659554497,0.4720812182741117
20260907T160215Z_ee5b0782,WD,BTC,gap_localOFI,10000,0.9,0.49219904310793283,286,0.4953551495567704,0.5594405594405595
20260907T160215Z_ee5b0782,WD,BTC,gap_localOFI,30000,0.9,0.49219904310793283,162,0.5173626015095775,0.5802469135802469
20260907T160215Z_ee5b0782,WD,BTC,gap_localOFI,1000,0.95,0.6242595396345196,501,0.2380059373551799,0.2435129740518962
20260907T160215Z_ee5b0782,WD,BTC,gap_localOFI,2000,0.95,0.6242595396345196,349,0.34381189014372904,0.36103151862464183
20260907T160215Z_ee5b0782,WD,BTC,gap_localOFI,5000,0.95,0.6242595396345196,235,0.5466941735784658,0.5659574468085107
20260907T160215Z_ee5b0782,WD,BTC,gap_localOFI,10000,0.95,0.6242595396345196,187,0.6298291838557175,0.6310160427807486
20260907T160215Z_ee5b0782,WD,BTC,gap_localOFI,30000,0.95,0.6242595396345196,122,0.745218006595331,0.6229508196721312
20260907T160215Z_ee5b0782,WD,BTC,gap_localTrade,1000,0.8,0.37300527840633535,709,0.269362776402562,0.2919605077574048
20260907T160215Z_ee5b0782,WD,BTC,gap_localTrade,2000,0.8,0.37300527840633535,570,0.3387835607273529,0.3736842105263158
20260907T160215Z_ee5b0782,WD,BTC,gap_localTrade,5000,0.8,0.37300527840633535,423,0.47659031856722406,0.5106382978723404
20260907T160215Z_ee5b0782,WD,BTC,gap_localTrade,10000,0.8,0.37300527840633535,317,0.599564153001796,0.5867507886435331
20260907T160215Z_ee5b0782,WD,BTC,gap_localTrade,30000,0.8,0.37300527840633535,193,0.5167487707218992,0.5803108808290155
20260907T160215Z_ee5b0782,WD,BTC,gap_localTrade,1000,0.9,0.49219904310793283,403,0.32429238878046135,0.3250620347394541
20260907T160215Z_ee5b0782,WD,BTC,gap_localTrade,2000,0.9,0.49219904310793283,332,0.41422664570185674,0.4246987951807229
20260907T160215Z_ee5b0782,WD,BTC,gap_localTrade,5000,0.9,0.49219904310793283,258,0.5199891878368696,0.5542635658914729
20260907T160215Z_ee5b0782,WD,BTC,gap_localTrade,10000,0.9,0.49219904310793283,204,0.6253908936489173,0.6127450980392157
20260907T160215Z_ee5b0782,WD,BTC,gap_localTrade,30000,0.9,0.49219904310793283,131,0.6224191839075601,0.5877862595419847
20260907T160215Z_ee5b0782,WD,BTC,gap_localTrade,1000,0.95,0.6242595396345196,228,0.43657770864235745,0.39473684210526316
20260907T160215Z_ee5b0782,WD,BTC,gap_localTrade,2000,0.95,0.6242595396345196,192,0.5554756446191719,0.5104166666666666
20260907T160215Z_ee5b0782,WD,BTC,gap_localTrade,5000,0.95,0.6242595396345196,158,0.6796264204136613,0.6139240506329114
20260907T160215Z_ee5b0782,WD,BTC,gap_localTrade,10000,0.95,0.6242595396345196,130,0.7826781833017187,0.6846153846153846
20260907T160215Z_ee5b0782,WD,BTC,gap_localTrade,30000,0.95,0.6242595396345196,94,0.8989902233678682,0.6276595744680851
20260907T160215Z_ee5b0782,WD,BTC,leader1000_extOFI,1000,0.8,0.048101264696478754,2452,0.11658077091372732,0.16965742251223492
20260907T160215Z_ee5b0782,WD,BTC,leader1000_extOFI,2000,0.8,0.048101264696478754,1773,0.14080545225269375,0.23406655386350816
20260907T160215Z_ee5b0782,WD,BTC,leader1000_extOFI,5000,0.8,0.048101264696478754,1102,0.21138298377019873,0.35208711433756806
20260907T160215Z_ee5b0782,WD,BTC,leader1000_extOFI,10000,0.8,0.048101264696478754,698,0.25057274827172593,0.4183381088825215
20260907T160215Z_ee5b0782,WD,BTC,leader1000_extOFI,30000,0.8,0.048101264696478754,298,0.17366437918114014,0.5
20260907T160215Z_ee5b0782,WD,BTC,leader1000_extOFI,1000,0.9,0.23560997307360299,1280,0.1476759858697401,0.20390625
20260907T160215Z_ee5b0782,WD,BTC,leader1000_extOFI,2000,0.9,0.23560997307360299,1030,0.1705919013582314,0.27475728155339807
20260907T160215Z_ee5b0782,WD,BTC,leader1000_extOFI,5000,0.9,0.23560997307360299,737,0.28084402189288055,0.4043419267299864
20260907T160215Z_ee5b0782,WD,BTC,leader1000_extOFI,10000,0.9,0.23560997307360299,512,0.33477623658332045,0.47265625
20260907T160215Z_ee5b0782,WD,BTC,leader1000_extOFI,30000,0.9,0.23560997307360299,255,0.46114037219014925,0.5686274509803921
20260907T160215Z_ee5b0782,WD,BTC,leader1000_extOFI,1000,0.95,0.43010324018849166,698,0.17604818531138908,0.22206303724928367
20260907T160215Z_ee5b0782,WD,BTC,leader1000_extOFI,2000,0.95,0.43010324018849166,596,0.1870003470627687,0.28523489932885904
20260907T160215Z_ee5b0782,WD,BTC,leader1000_extOFI,5000,0.95,0.43010324018849166,469,0.2967575561583949,0.42430703624733473
20260907T160215Z_ee5b0782,WD,BTC,leader1000_extOFI,10000,0.95,0.43010324018849166,363,0.34634743073564117,0.5013774104683195
20260907T160215Z_ee5b0782,WD,BTC,leader1000_extOFI,30000,0.95,0.43010324018849166,202,0.31793340690297567,0.5148514851485149
20260907T160215Z_ee5b0782,WD,ETH,depthBoth,1000,0.8,0.8126796088560511,3091,0.25695754685160044,0.35975412487868
20260907T160215Z_ee5b0782,WD,ETH,depthBoth,2000,0.8,0.8126796088560511,2067,0.3212862474364877,0.4702467343976778
20260907T160215Z_ee5b0782,WD,ETH,depthBoth,5000,0.8,0.8126796088560511,1192,0.4118568592231812,0.5788590604026845
20260907T160215Z_ee5b0782,WD,ETH,depthBoth,10000,0.8,0.8126796088560511,747,0.3991346206114266,0.5729585006693441
20260907T160215Z_ee5b0782,WD,ETH,depthBoth,30000,0.8,0.8126796088560511,309,0.3464285158535711,0.5469255663430421
20260907T160215Z_ee5b0782,WD,ETH,depthBoth,1000,0.9,0.894397279088053,1819,0.3050092812078451,0.4046179219351292
20260907T160215Z_ee5b0782,WD,ETH,depthBoth,2000,0.9,0.894397279088053,1330,0.37558684799428615,0.5022556390977444
20260907T160215Z_ee5b0782,WD,ETH,depthBoth,5000,0.9,0.894397279088053,879,0.42525654625138987,0.5824800910125142
20260907T160215Z_ee5b0782,WD,ETH,depthBoth,10000,0.9,0.894397279088053,601,0.37034662898056275,0.562396006655574
20260907T160215Z_ee5b0782,WD,ETH,depthBoth,30000,0.9,0.894397279088053,278,0.23875077904929026,0.5107913669064749
20260907T160215Z_ee5b0782,WD,ETH,depthBoth,1000,0.95,0.9409567614189818,1047,0.38209154007857843,0.4498567335243553
20260907T160215Z_ee5b0782,WD,ETH,depthBoth,2000,0.95,0.9409567614189818,818,0.46011480788989534,0.5501222493887531
20260907T160215Z_ee5b0782,WD,ETH,depthBoth,5000,0.95,0.9409567614189818,595,0.5492124843127143,0.626890756302521
20260907T160215Z_ee5b0782,WD,ETH,depthBoth,10000,0.95,0.9409567614189818,453,0.6032565979544245,0.6136865342163356
20260907T160215Z_ee5b0782,WD,ETH,depthBoth,30000,0.95,0.9409567614189818,237,0.4269426296957215,0.5358649789029536
20260907T160215Z_ee5b0782,WD,ETH,depthL1_extOFI,1000,0.8,0.8704975473020322,3080,0.27538788507621526,0.3912337662337662
20260907T160215Z_ee5b0782,WD,ETH,depthL1_extOFI,2000,0.8,0.8704975473020322,2113,0.3501214280019059,0.5030761949834359
20260907T160215Z_ee5b0782,WD,ETH,depthL1_extOFI,5000,0.8,0.8704975473020322,1243,0.4303814573381518,0.587288817377313
20260907T160215Z_ee5b0782,WD,ETH,depthL1_extOFI,10000,0.8,0.8704975473020322,773,0.4232192744766926,0.5937904269081501
20260907T160215Z_ee5b0782,WD,ETH,depthL1_extOFI,30000,0.8,0.8704975473020322,317,0.563566728643417,0.5962145110410094
20260907T160215Z_ee5b0782,WD,ETH,depthL1_extOFI,1000,0.9,0.9408953961194506,1844,0.3448296297264227,0.4495661605206074
20260907T160215Z_ee5b0782,WD,ETH,depthL1_extOFI,2000,0.9,0.9408953961194506,1363,0.4240421684269451,0.5531914893617021
20260907T160215Z_ee5b0782,WD,ETH,depthL1_extOFI,5000,0.9,0.9408953961194506,904,0.5269580329050336,0.6426991150442478
20260907T160215Z_ee5b0782,WD,ETH,depthL1_extOFI,10000,0.9,0.9408953961194506,604,0.5411792280021666,0.6258278145695364
20260907T160215Z_ee5b0782,WD,ETH,depthL1_extOFI,30000,0.9,0.9408953961194506,278,0.5362477392193061,0.5755395683453237
20260907T160215Z_ee5b0782,WD,ETH,depthL1_extOFI,1000,0.95,0.9777758927814063,1083,0.403693821364254,0.4884579870729455
20260907T160215Z_ee5b0782,WD,ETH,depthL1_extOFI,2000,0.95,0.9777758927814063,847,0.49072466795016106,0.5985832349468713
20260907T160215Z_ee5b0782,WD,ETH,depthL1_extOFI,5000,0.95,0.9777758927814063,607,0.5955857237062899,0.6754530477759473
20260907T160215Z_ee5b0782,WD,ETH,depthL1_extOFI,10000,0.95,0.9777758927814063,463,0.603161211584131,0.6263498920086393
20260907T160215Z_ee5b0782,WD,ETH,depthL1_extOFI,30000,0.95,0.9777758927814063,240,0.7575310059626861,0.5916666666666667
20260907T160215Z_ee5b0782,WD,ETH,gap_depthBoth,1000,0.8,0.45215698130407506,2279,0.17793671134175879,0.26107942079859586
20260907T160215Z_ee5b0782,WD,ETH,gap_depthBoth,2000,0.8,0.45215698130407506,1424,0.28059248960150335,0.3960674157303371
20260907T160215Z_ee5b0782,WD,ETH,gap_depthBoth,5000,0.8,0.45215698130407506,852,0.41707243896457996,0.539906103286385
20260907T160215Z_ee5b0782,WD,ETH,gap_depthBoth,10000,0.8,0.45215698130407506,579,0.44109116247001356,0.5785837651122625
20260907T160215Z_ee5b0782,WD,ETH,gap_depthBoth,30000,0.8,0.45215698130407506,274,0.5905179768108917,0.572992700729927
20260907T160215Z_ee5b0782,WD,ETH,gap_depthBoth,1000,0.9,0.5976897201005471,1277,0.22719186195037602,0.28425998433829286
20260907T160215Z_ee5b0782,WD,ETH,gap_depthBoth,2000,0.9,0.5976897201005471,842,0.3345751468234326,0.4168646080760095
20260907T160215Z_ee5b0782,WD,ETH,gap_depthBoth,5000,0.9,0.5976897201005471,554,0.47128503009623873,0.575812274368231
20260907T160215Z_ee5b0782,WD,ETH,gap_depthBoth,10000,0.9,0.5976897201005471,415,0.5100984468940968,0.6024096385542169
20260907T160215Z_ee5b0782,WD,ETH,gap_depthBoth,30000,0.9,0.5976897201005471,232,0.7139845007489672,0.5948275862068966
20260907T160215Z_ee5b0782,WD,ETH,gap_depthBoth,1000,0.95,0.7183128268929414,715,0.2880349222559473,0.32447552447552447
20260907T160215Z_ee5b0782,WD,ETH,gap_depthBoth,2000,0.95,0.7183128268929414,504,0.41264503974704625,0.47023809523809523
20260907T160215Z_ee5b0782,WD,ETH,gap_depthBoth,5000,0.95,0.7183128268929414,371,0.5045379863519109,0.6037735849056604
20260907T160215Z_ee5b0782,WD,ETH,gap_depthBoth,10000,0.95,0.7183128268929414,296,0.5873410312871554,0.6317567567567568
20260907T160215Z_ee5b0782,WD,ETH,gap_depthBoth,30000,0.95,0.7183128268929414,182,0.5295415657077988,0.5824175824175825
20260907T160215Z_ee5b0782,WD,ETH,gap_depthL1,1000,0.8,0.45215698130407506,2450,0.17534494181872481,0.2595918367346939
20260907T160215Z_ee5b0782,WD,ETH,gap_depthL1,2000,0.8,0.45215698130407506,1526,0.2751361898183383,0.39121887287024903
20260907T160215Z_ee5b0782,WD,ETH,gap_depthL1,5000,0.8,0.45215698130407506,896,0.40719712680855974,0.5412946428571429
20260907T160215Z_ee5b0782,WD,ETH,gap_depthL1,10000,0.8,0.45215698130407506,608,0.4687151067672551,0.5855263157894737
20260907T160215Z_ee5b0782,WD,ETH,gap_depthL1,30000,0.8,0.45215698130407506,276,0.5696117266405584,0.5688405797101449
20260907T160215Z_ee5b0782,WD,ETH,gap_depthL1,1000,0.9,0.5976897201005471,1369,0.2249142754689513,0.28268809349890434
20260907T160215Z_ee5b0782,WD,ETH,gap_depthL1,2000,0.9,0.5976897201005471,907,0.325739914555829,0.412348401323043
20260907T160215Z_ee5b0782,WD,ETH,gap_depthL1,5000,0.9,0.5976897201005471,589,0.4578747915813899,0.5585738539898133
20260907T160215Z_ee5b0782,WD,ETH,gap_depthL1,10000,0.9,0.5976897201005471,437,0.5299417287811617,0.6086956521739131
20260907T160215Z_ee5b0782,WD,ETH,gap_depthL1,30000,0.9,0.5976897201005471,236,0.694351511465179,0.5805084745762712
20260907T160215Z_ee5b0782,WD,ETH,gap_depthL1,1000,0.95,0.7183128268929414,755,0.28819782548282,0.3205298013245033
20260907T160215Z_ee5b0782,WD,ETH,gap_depthL1,2000,0.95,0.7183128268929414,534,0.40105346909894735,0.46629213483146065
20260907T160215Z_ee5b0782,WD,ETH,gap_depthL1,5000,0.95,0.7183128268929414,386,0.5173767898511733,0.5984455958549223
20260907T160215Z_ee5b0782,WD,ETH,gap_depthL1,10000,0.95,0.7183128268929414,303,0.6253436700472473,0.636963696369637
20260907T160215Z_ee5b0782,WD,ETH,gap_depthL1,30000,0.95,0.7183128268929414,185,0.6534219183566002,0.6054054054054054
20260907T160215Z_ee5b0782,WD,ETH,gap_depth_extOFI,1000,0.8,0.45215698130407506,2095,0.20797393543919426,0.2701670644391408
20260907T160215Z_ee5b0782,WD,ETH,gap_depth_extOFI,2000,0.8,0.45215698130407506,1351,0.2998753986744182,0.40266469282013323
20260907T160215Z_ee5b0782,WD,ETH,gap_depth_extOFI,5000,0.8,0.45215698130407506,818,0.4670407432521181,0.5513447432762836
20260907T160215Z_ee5b0782,WD,ETH,gap_depth_extOFI,10000,0.8,0.45215698130407506,556,0.5113177086345511,0.5935251798561151
20260907T160215Z_ee5b0782,WD,ETH,gap_depth_extOFI,30000,0.8,0.45215698130407506,267,0.5941869985049454,0.5692883895131086
20260907T160215Z_ee5b0782,WD,ETH,gap_depth_extOFI,1000,0.9,0.5976897201005471,1146,0.25320618786212773,0.2862129144851658
20260907T160215Z_ee5b0782,WD,ETH,gap_depth_extOFI,2000,0.9,0.5976897201005471,770,0.3732354936079722,0.42467532467532465
20260907T160215Z_ee5b0782,WD,ETH,gap_depth_extOFI,5000,0.9,0.5976897201005471,509,0.526581489010715,0.5776031434184676
20260907T160215Z_ee5b0782,WD,ETH,gap_depth_extOFI,10000,0.9,0.5976897201005471,384,0.5864932331888948,0.6197916666666666
20260907T160215Z_ee5b0782,WD,ETH,gap_depth_extOFI,30000,0.9,0.5976897201005471,216,0.5252040624479688,0.5740740740740741
20260907T160215Z_ee5b0782,WD,ETH,gap_depth_extOFI,1000,0.95,0.7183128268929414,618,0.3373646106486553,0.3268608414239482
20260907T160215Z_ee5b0782,WD,ETH,gap_depth_extOFI,2000,0.95,0.7183128268929414,443,0.4767011411137511,0.47404063205417607
20260907T160215Z_ee5b0782,WD,ETH,gap_depth_extOFI,5000,0.95,0.7183128268929414,319,0.6063744964019571,0.6050156739811913
20260907T160215Z_ee5b0782,WD,ETH,gap_depth_extOFI,10000,0.95,0.7183128268929414,257,0.7175333840661736,0.642023346303502
20260907T160215Z_ee5b0782,WD,ETH,gap_depth_extOFI,30000,0.95,0.7183128268929414,167,0.5672819271811801,0.592814371257485
20260907T160215Z_ee5b0782,WD,ETH,gap_extOFI,1000,0.8,0.45215698130407506,2270,0.19413561176804386,0.2607929515418502
20260907T160215Z_ee5b0782,WD,ETH,gap_extOFI,2000,0.8,0.45215698130407506,1459,0.27823260742051,0.39136394790952705
20260907T160215Z_ee5b0782,WD,ETH,gap_extOFI,5000,0.8,0.45215698130407506,869,0.4260069362350838,0.5431530494821634
20260907T160215Z_ee5b0782,WD,ETH,gap_extOFI,10000,0.8,0.45215698130407506,578,0.42999325374710695,0.5916955017301038
20260907T160215Z_ee5b0782,WD,ETH,gap_extOFI,30000,0.8,0.45215698130407506,276,0.5018433352067029,0.5688405797101449
20260907T160215Z_ee5b0782,WD,ETH,gap_extOFI,1000,0.9,0.5976897201005471,1205,0.25286425355414965,0.2871369294605809
20260907T160215Z_ee5b0782,WD,ETH,gap_extOFI,2000,0.9,0.5976897201005471,811,0.37085551336894956,0.4217016029593095
20260907T160215Z_ee5b0782,WD,ETH,gap_extOFI,5000,0.9,0.5976897201005471,535,0.5104729762741788,0.5738317757009346
20260907T160215Z_ee5b0782,WD,ETH,gap_extOFI,10000,0.9,0.5976897201005471,402,0.5565219532101648,0.6094527363184079
20260907T160215Z_ee5b0782,WD,ETH,gap_extOFI,30000,0.9,0.5976897201005471,223,0.586126759350459,0.5919282511210763
20260907T160215Z_ee5b0782,WD,ETH,gap_extOFI,1000,0.95,0.7183128268929414,645,0.3460380639734814,0.3271317829457364
20260907T160215Z_ee5b0782,WD,ETH,gap_extOFI,2000,0.95,0.7183128268929414,462,0.4763772120484992,0.4653679653679654
20260907T160215Z_ee5b0782,WD,ETH,gap_extOFI,5000,0.95,0.7183128268929414,336,0.6031078219449498,0.6041666666666666
20260907T160215Z_ee5b0782,WD,ETH,gap_extOFI,10000,0.95,0.7183128268929414,268,0.7160027362487634,0.6455223880597015
20260907T160215Z_ee5b0782,WD,ETH,gap_extOFI,30000,0.95,0.7183128268929414,172,0.6433017117199764,0.6046511627906976
20260907T160215Z_ee5b0782,WD,ETH,gap_leader1000,1000,0.8,0.45215698130407506,1572,0.16754717497456392,0.29325699745547074
20260907T160215Z_ee5b0782,WD,ETH,gap_leader1000,2000,0.8,0.45215698130407506,1309,0.21137443035650264,0.3964858670741024
20260907T160215Z_ee5b0782,WD,ETH,gap_leader1000,5000,0.8,0.45215698130407506,915,0.3281999588810389,0.5377049180327869
20260907T160215Z_ee5b0782,WD,ETH,gap_leader1000,10000,0.8,0.45215698130407506,631,0.3347786617504674,0.5736925515055468
20260907T160215Z_ee5b0782,WD,ETH,gap_leader1000,30000,0.8,0.45215698130407506,281,0.3995581861325955,0.5338078291814946
20260907T160215Z_ee5b0782,WD,ETH,gap_leader1000,1000,0.9,0.5976897201005471,942,0.25264428032278247,0.3386411889596603
20260907T160215Z_ee5b0782,WD,ETH,gap_leader1000,2000,0.9,0.5976897201005471,809,0.2700524195546672,0.4227441285537701
20260907T160215Z_ee5b0782,WD,ETH,gap_leader1000,5000,0.9,0.5976897201005471,619,0.40672141087688607,0.5718901453957996
20260907T160215Z_ee5b0782,WD,ETH,gap_leader1000,10000,0.9,0.5976897201005471,467,0.42550352874208597,0.5931477516059958
20260907T160215Z_ee5b0782,WD,ETH,gap_leader1000,30000,0.9,0.5976897201005471,246,0.5727864461812364,0.5853658536585366
20260907T160215Z_ee5b0782,WD,ETH,gap_leader1000,1000,0.95,0.7183128268929414,574,0.32973141880954826,0.367595818815331
20260907T160215Z_ee5b0782,WD,ETH,gap_leader1000,2000,0.95,0.7183128268929414,507,0.3715768983786928,0.46745562130177515
20260907T160215Z_ee5b0782,WD,ETH,gap_leader1000,5000,0.95,0.7183128268929414,426,0.4559663629459313,0.5845070422535211
20260907T160215Z_ee5b0782,WD,ETH,gap_leader1000,10000,0.95,0.7183128268929414,333,0.5590281985698681,0.6306306306306306
20260907T160215Z_ee5b0782,WD,ETH,gap_leader1000,30000,0.95,0.7183128268929414,205,0.618389185623188,0.6097560975609756
20260907T160215Z_ee5b0782,WD,ETH,gap_localOFI,1000,0.8,0.45215698130407506,1858,0.19330024886781652,0.28256189451022606
20260907T160215Z_ee5b0782,WD,ETH,gap_localOFI,2000,0.8,0.45215698130407506,1335,0.25337188715823017,0.3947565543071161
20260907T160215Z_ee5b0782,WD,ETH,gap_localOFI,5000,0.8,0.45215698130407506,843,0.41036744370963785,0.5361803084223014
20260907T160215Z_ee5b0782,WD,ETH,gap_localOFI,10000,0.8,0.45215698130407506,574,0.4294316509051244,0.5801393728222997
20260907T160215Z_ee5b0782,WD,ETH,gap_localOFI,30000,0.8,0.45215698130407506,275,0.6998315041689552,0.5818181818181818
20260907T160215Z_ee5b0782,WD,ETH,gap_localOFI,1000,0.9,0.5976897201005471,1000,0.2725925364746496,0.321
20260907T160215Z_ee5b0782,WD,ETH,gap_localOFI,2000,0.9,0.5976897201005471,765,0.3136496359614907,0.4169934640522876
20260907T160215Z_ee5b0782,WD,ETH,gap_localOFI,5000,0.9,0.5976897201005471,537,0.5087914594212812,0.5791433891992551
20260907T160215Z_ee5b0782,WD,ETH,gap_localOFI,10000,0.9,0.5976897201005471,410,0.5088851325958439,0.6048780487804878
20260907T160215Z_ee5b0782,WD,ETH,gap_localOFI,30000,0.9,0.5976897201005471,225,0.7676815105970743,0.6177777777777778
20260907T160215Z_ee5b0782,WD,ETH,gap_localOFI,1000,0.95,0.7183128268929414,551,0.36360996201136253,0.3684210526315789
20260907T160215Z_ee5b0782,WD,ETH,gap_localOFI,2000,0.95,0.7183128268929414,441,0.4311065570722499,0.4852607709750567
20260907T160215Z_ee5b0782,WD,ETH,gap_localOFI,5000,0.95,0.7183128268929414,338,0.5896144974647981,0.6153846153846154
20260907T160215Z_ee5b0782,WD,ETH,gap_localOFI,10000,0.95,0.7183128268929414,271,0.7226800752339017,0.6531365313653137
20260907T160215Z_ee5b0782,WD,ETH,gap_localOFI,30000,0.95,0.7183128268929414,173,0.5820126189136813,0.6069364161849711
20260907T160215Z_ee5b0782,WD,ETH,gap_localTrade,1000,0.8,0.45215698130407506,632,0.4270430587720953,0.41139240506329117
20260907T160215Z_ee5b0782,WD,ETH,gap_localTrade,2000,0.8,0.45215698130407506,544,0.5062568981977862,0.5128676470588235
20260907T160215Z_ee5b0782,WD,ETH,gap_localTrade,5000,0.8,0.45215698130407506,436,0.6733117684511202,0.6077981651376146
20260907T160215Z_ee5b0782,WD,ETH,gap_localTrade,10000,0.8,0.45215698130407506,343,0.6888214985567129,0.6559766763848397
20260907T160215Z_ee5b0782,WD,ETH,gap_localTrade,30000,0.8,0.45215698130407506,209,0.4989773764591855,0.5741626794258373
20260907T160215Z_ee5b0782,WD,ETH,gap_localTrade,1000,0.9,0.5976897201005471,382,0.5095763813446229,0.4319371727748691
20260907T160215Z_ee5b0782,WD,ETH,gap_localTrade,2000,0.9,0.5976897201005471,328,0.6027787487425402,0.5426829268292683
20260907T160215Z_ee5b0782,WD,ETH,gap_localTrade,5000,0.9,0.5976897201005471,275,0.8056480978090992,0.6363636363636364
20260907T160215Z_ee5b0782,WD,ETH,gap_localTrade,10000,0.9,0.5976897201005471,230,0.8577467412052577,0.691304347826087
20260907T160215Z_ee5b0782,WD,ETH,gap_localTrade,30000,0.9,0.5976897201005471,165,0.9218262932714362,0.6181818181818182
20260907T160215Z_ee5b0782,WD,ETH,gap_localTrade,1000,0.95,0.7183128268929414,223,0.6530320058059335,0.484304932735426
20260907T160215Z_ee5b0782,WD,ETH,gap_localTrade,2000,0.95,0.7183128268929414,194,0.7658991613524263,0.6030927835051546
20260907T160215Z_ee5b0782,WD,ETH,gap_localTrade,5000,0.95,0.7183128268929414,172,0.9419968491460303,0.6453488372093024
20260907T160215Z_ee5b0782,WD,ETH,gap_localTrade,10000,0.95,0.7183128268929414,154,1.1314181003776882,0.7077922077922078
20260907T160215Z_ee5b0782,WD,ETH,gap_localTrade,30000,0.95,0.7183128268929414,121,1.037400261477252,0.6033057851239669
20260907T160215Z_ee5b0782,WD,ETH,leader1000_extOFI,1000,0.8,0.27985707648498787,2614,0.16350979416142875,0.2769701606732976
20260907T160215Z_ee5b0782,WD,ETH,leader1000_extOFI,2000,0.8,0.27985707648498787,1968,0.18824070928204803,0.375
20260907T160215Z_ee5b0782,WD,ETH,leader1000_extOFI,5000,0.8,0.27985707648498787,1220,0.2813200898049411,0.5049180327868853
20260907T160215Z_ee5b0782,WD,ETH,leader1000_extOFI,10000,0.8,0.27985707648498787,760,0.20593513330710037,0.5381578947368421
20260907T160215Z_ee5b0782,WD,ETH,leader1000_extOFI,30000,0.8,0.27985707648498787,314,-0.11747938892491111,0.5191082802547771
20260907T160215Z_ee5b0782,WD,ETH,leader1000_extOFI,1000,0.9,0.4891805316894954,1482,0.21249603634904232,0.3124156545209177
20260907T160215Z_ee5b0782,WD,ETH,leader1000_extOFI,2000,0.9,0.4891805316894954,1195,0.2582328809293299,0.42845188284518826
20260907T160215Z_ee5b0782,WD,ETH,leader1000_extOFI,5000,0.9,0.4891805316894954,845,0.39104983788555925,0.5538461538461539
20260907T160215Z_ee5b0782,WD,ETH,leader1000_extOFI,10000,0.9,0.4891805316894954,592,0.4023409724352895,0.5709459459459459
20260907T160215Z_ee5b0782,WD,ETH,leader1000_extOFI,30000,0.9,0.4891805316894954,280,0.2756684006572771,0.5357142857142857
20260907T160215Z_ee5b0782,WD,ETH,leader1000_extOFI,1000,0.95,0.6780450587004193,793,0.283199659637959,0.3619167717528373
20260907T160215Z_ee5b0782,WD,ETH,leader1000_extOFI,2000,0.95,0.6780450587004193,678,0.3684845002646223,0.49262536873156343
20260907T160215Z_ee5b0782,WD,ETH,leader1000_extOFI,5000,0.95,0.6780450587004193,532,0.3925699807388366,0.5582706766917294
20260907T160215Z_ee5b0782,WD,ETH,leader1000_extOFI,10000,0.95,0.6780450587004193,412,0.45287688629348055,0.6043689320388349
20260907T160215Z_ee5b0782,WD,ETH,leader1000_extOFI,30000,0.95,0.6780450587004193,221,0.8043058775092782,0.6063348416289592
