feature,horizon_ms,blocks,positive_blocks,positive_share,min_block,max_block,N,mean_signed_bps,avg_hit_rate,period,q
bitget_ofi,100,6,6,1.0,0.012760544513006756,0.05401041332150037,27442,0.028112583340360008,0.0458421397857299,WEEKEND12,0.8
bitget_ofi,200,6,6,1.0,0.01720423480005835,0.07228882437417784,27442,0.03590258558659583,0.06242256395306465,WEEKEND12,0.8
bitget_ofi,500,6,6,1.0,0.022173659108775105,0.09774354573178093,27441,0.049406866384707565,0.09219780620239787,WEEKEND12,0.8
bitget_ofi,1000,6,6,1.0,0.026885541358660878,0.11929060626557608,27440,0.058900510218299874,0.1278061224489796,WEEKEND12,0.8
bitget_ofi,2000,6,6,1.0,0.035251737583258405,0.16611183998886517,19697,0.08296817952199502,0.17449357770218815,WEEKEND12,0.8
bitget_ofi,5000,6,6,1.0,0.060787873143391666,0.20484143451449136,11186,0.1239082359153859,0.2677453960307527,WEEKEND12,0.8
bitget_ofi,10000,6,6,1.0,0.070470384940449,0.27500553989381543,6683,0.14492046574596468,0.33158761035463113,WEEKEND12,0.8
bitget_ofi,30000,6,6,1.0,0.02963710553268789,0.4859132011683494,2603,0.1496724313115539,0.422205147906262,WEEKEND12,0.8
bitget_trade_flow,100,6,6,1.0,0.015380528925192736,0.045848492802838176,27171,0.02792427557922276,0.040300320194324835,WEEKEND12,0.8
bitget_trade_flow,200,6,6,1.0,0.019014708748271627,0.05490771153254748,27171,0.03335701520416005,0.05285046556990909,WEEKEND12,0.8
bitget_trade_flow,500,6,6,1.0,0.02710719775686953,0.07679570339823599,27171,0.04435211060639724,0.07820838393875823,WEEKEND12,0.8
bitget_trade_flow,1000,6,6,1.0,0.03263981805608347,0.09051978606685877,27170,0.05369013453512984,0.11067353698932646,WEEKEND12,0.8
bitget_trade_flow,2000,6,6,1.0,0.04239587400434523,0.12189358632155838,20223,0.060616451921076245,0.151065618355338,WEEKEND12,0.8
bitget_trade_flow,5000,6,6,1.0,0.04811233314903361,0.10655049551656026,11678,0.0794776079185175,0.22906319575269737,WEEKEND12,0.8
bitget_trade_flow,10000,6,6,1.0,0.03973670450111203,0.2440418718817243,6878,0.09810703032830179,0.29906949694678686,WEEKEND12,0.8
bitget_trade_flow,30000,6,6,1.0,0.01844948669384481,0.3479185304655341,2651,0.16975063501103824,0.4288947566955866,WEEKEND12,0.8
depth_imbalance_l1,100,6,6,1.0,0.02093843124587337,0.07045834318400622,21373,0.03639093248621459,0.06349132082534038,WEEKEND12,0.8
depth_imbalance_l1,200,6,6,1.0,0.024958900942650606,0.09651984931001092,21373,0.050217672262568694,0.08524774247882842,WEEKEND12,0.8
depth_imbalance_l1,500,6,6,1.0,0.044566829194265196,0.15143168910520735,21373,0.08344421837375263,0.1327843540916109,WEEKEND12,0.8
depth_imbalance_l1,1000,6,6,1.0,0.06747717830542888,0.2118312625047283,21372,0.1241744235918747,0.1947875725247988,WEEKEND12,0.8
depth_imbalance_l1,2000,6,6,1.0,0.11616103877004061,0.31214982912063755,12830,0.20289719752686636,0.29976617303195635,WEEKEND12,0.8
depth_imbalance_l1,5000,6,6,1.0,0.2211560822920907,0.4582544770532694,6977,0.33239337881337977,0.45649992833596104,WEEKEND12,0.8
depth_imbalance_l1,10000,6,6,1.0,0.3275515447658093,0.5177450506715242,4423,0.41134965904170295,0.5362875876102193,WEEKEND12,0.8
depth_imbalance_l1,30000,6,6,1.0,0.2652558645903222,0.6774672577812297,2046,0.4406551982450611,0.5884652981427175,WEEKEND12,0.8
depth_imbalance_l5,100,6,6,1.0,0.018849954942946306,0.06174426400056259,22059,0.030260647329659652,0.05104492497393354,WEEKEND12,0.8
depth_imbalance_l5,200,6,6,1.0,0.02291897349456338,0.08325120487983409,22059,0.042590474009067236,0.0714900947459087,WEEKEND12,0.8
depth_imbalance_l5,500,6,6,1.0,0.04259129211289379,0.13213027601882876,22059,0.07287483423264278,0.11718572918083323,WEEKEND12,0.8
depth_imbalance_l5,1000,6,6,1.0,0.0645233406055777,0.19558095408029308,22058,0.10980917442577341,0.17458518451355517,WEEKEND12,0.8
depth_imbalance_l5,2000,6,6,1.0,0.11436786412073133,0.27446061782645204,13322,0.1780418116086821,0.27270680078066356,WEEKEND12,0.8
depth_imbalance_l5,5000,6,6,1.0,0.22212129741178738,0.3719924966604651,7166,0.28072479137090167,0.4186435947530003,WEEKEND12,0.8
depth_imbalance_l5,10000,6,6,1.0,0.3150778604895681,0.4636456920176168,4559,0.36785666707947645,0.5073481026540908,WEEKEND12,0.8
depth_imbalance_l5,30000,6,6,1.0,0.2919126821328474,0.7372652572823666,2052,0.48267710579222817,0.5867446393762183,WEEKEND12,0.8
external_ofi,100,6,6,1.0,0.009961243374142325,0.038057411453261955,49304,0.01829914249102663,0.02932824922927146,WEEKEND12,0.8
external_ofi,200,6,6,1.0,0.011489561289440139,0.056130368793134905,49303,0.024703102562103185,0.04109283410745796,WEEKEND12,0.8
external_ofi,500,6,6,1.0,0.015689345423705942,0.07791645081901791,49303,0.035623286629730654,0.06618258523822079,WEEKEND12,0.8
external_ofi,1000,6,6,1.0,0.01894422381689677,0.09559196654427805,49300,0.044725379321838975,0.09699797160243408,WEEKEND12,0.8
external_ofi,2000,6,6,1.0,0.02190655231092586,0.11594798266376617,30599,0.054448000618210264,0.13925291676198567,WEEKEND12,0.8
external_ofi,5000,6,6,1.0,0.04126839538134177,0.14962646257509807,14686,0.07826559125603283,0.22388669481138498,WEEKEND12,0.8
external_ofi,10000,6,6,1.0,0.03669991887754992,0.27292214067609283,7918,0.10988960235779106,0.3018438999747411,WEEKEND12,0.8
external_ofi,30000,6,6,1.0,0.02371424021802502,0.4947913124931042,2790,0.14349393070674352,0.4103942652329749,WEEKEND12,0.8
external_trade_flow,100,6,6,1.0,0.002647746364821397,0.008733066721303381,69954,0.0047464668105977525,0.011035823541184207,WEEKEND12,0.8
external_trade_flow,200,6,6,1.0,0.0037335987559082187,0.013096709007328785,69954,0.006758406055622963,0.018154787431740857,WEEKEND12,0.8
external_trade_flow,500,6,6,1.0,0.0033131358494796447,0.020202679554284626,69952,0.009426757783022982,0.03671088746569076,WEEKEND12,0.8
external_trade_flow,1000,6,6,1.0,0.004342390078214486,0.02990984418184295,69950,0.01370776506876479,0.0634024303073624,WEEKEND12,0.8
external_trade_flow,2000,6,6,1.0,0.005749465817459756,0.04213818041064844,38645,0.018821974367591147,0.1039203001681977,WEEKEND12,0.8
external_trade_flow,5000,6,6,1.0,0.021830178677534694,0.04824812809624848,16474,0.03371476997071581,0.18926793735583344,WEEKEND12,0.8
external_trade_flow,10000,6,6,1.0,0.003928140038185378,0.13205457924509642,8436,0.038582891802509796,0.2676623992413466,WEEKEND12,0.8
external_trade_flow,30000,6,3,0.5,-0.11266011965178167,0.14652213598802769,2853,0.010928747623378482,0.40168243953732913,WEEKEND12,0.8
fair_accel_100ms,100,6,6,1.0,0.02755642729702061,0.047667798488373526,28391,0.03528297490692318,0.04755028001831566,WEEKEND12,0.8
fair_accel_100ms,200,6,6,1.0,0.029875949007291888,0.06573793298387304,28391,0.04286432412136889,0.062202810749885526,WEEKEND12,0.8
fair_accel_100ms,500,6,6,1.0,0.03437690212447375,0.09860446028494699,28390,0.058661005496961835,0.09284959492779148,WEEKEND12,0.8
fair_accel_100ms,1000,6,6,1.0,0.04442473319486279,0.14496163571002094,28389,0.07950455669533014,0.13311493888477932,WEEKEND12,0.8
fair_accel_100ms,2000,6,6,1.0,0.06317725313023496,0.15989618849820958,18728,0.10091252293607643,0.19163818880820163,WEEKEND12,0.8
fair_accel_100ms,5000,6,6,1.0,0.09925002263547004,0.19634485470187277,10171,0.13860927620885805,0.29259659817127126,WEEKEND12,0.8
fair_accel_100ms,10000,6,6,1.0,0.13877290270577305,0.26277958208020485,6090,0.1837855159733419,0.3665024630541872,WEEKEND12,0.8
fair_accel_100ms,30000,6,6,1.0,0.18528154041070902,0.4269357767822084,2427,0.2826713864614478,0.4820766378244747,WEEKEND12,0.8
fair_gap_reversion,100,6,6,1.0,0.021923207032769572,0.07065525222008423,18912,0.03688324793599489,0.035162859560067684,WEEKEND12,0.8
fair_gap_reversion,200,6,6,1.0,0.027795658570335526,0.08344105928036694,18912,0.04269939273120516,0.04647842639593908,WEEKEND12,0.8
fair_gap_reversion,500,6,6,1.0,0.033957582056682006,0.11438965473465988,18911,0.05834427474519156,0.0732906773835334,WEEKEND12,0.8
fair_gap_reversion,1000,6,6,1.0,0.046738388917503024,0.1697039454477615,18910,0.08406152050614055,0.11554732945531465,WEEKEND12,0.8
fair_gap_reversion,2000,6,6,1.0,0.07855483273106102,0.2476302938946635,10647,0.14024894590287101,0.19291819291819293,WEEKEND12,0.8
fair_gap_reversion,5000,6,6,1.0,0.1547044977382551,0.2578428729489486,5386,0.21551792530658379,0.32565911622725585,WEEKEND12,0.8
fair_gap_reversion,10000,6,6,1.0,0.2210187295539108,0.3801520586284487,3370,0.2995563376882244,0.4264094955489614,WEEKEND12,0.8
fair_gap_reversion,30000,6,6,1.0,0.11204953200319746,0.4418408534500225,1641,0.3571008463045444,0.5246800731261426,WEEKEND12,0.8
leader_gap_1000ms,100,6,6,1.0,0.02294897962826599,0.05403707485113459,22784,0.034840339627141725,0.04551439606741573,WEEKEND12,0.8
leader_gap_1000ms,200,6,6,1.0,0.025846822268115105,0.0629029499049097,22784,0.03863431526673351,0.057496488764044944,WEEKEND12,0.8
leader_gap_1000ms,500,6,6,1.0,0.029746712077224215,0.09547841286882393,22784,0.04779877221853181,0.08413799157303371,WEEKEND12,0.8
leader_gap_1000ms,1000,6,6,1.0,0.035268600234745304,0.10468581218228058,22783,0.057793858707001926,0.12048457182987315,WEEKEND12,0.8
leader_gap_1000ms,2000,6,6,1.0,0.043136730617640645,0.12118874610872965,14798,0.07793518732144762,0.17698337613190973,WEEKEND12,0.8
leader_gap_1000ms,5000,6,6,1.0,0.0773534336543306,0.15566529728666004,8783,0.11068309119549216,0.2740521461915063,WEEKEND12,0.8
leader_gap_1000ms,10000,6,6,1.0,0.11057606773078853,0.25898153154646375,5489,0.1717004962397037,0.35070140280561124,WEEKEND12,0.8
leader_gap_1000ms,30000,6,6,1.0,0.043052099868874254,0.44995458036832714,2298,0.20717356659858993,0.4425587467362924,WEEKEND12,0.8
leader_gap_100ms,100,6,6,1.0,0.018042033027575115,0.02898182253029534,29380,0.023336168845786567,0.03740639891082369,WEEKEND12,0.8
leader_gap_100ms,200,6,6,1.0,0.019256468555032484,0.03694151297143897,29380,0.02508593471680034,0.047345132743362835,WEEKEND12,0.8
leader_gap_100ms,500,6,6,1.0,0.019530619296175902,0.03279463710024451,29379,0.024541954278546822,0.0689608223561047,WEEKEND12,0.8
leader_gap_100ms,1000,6,6,1.0,0.01625551800284093,0.03635135179911612,29378,0.022634178566989845,0.09588807951528354,WEEKEND12,0.8
leader_gap_100ms,2000,6,6,1.0,0.02669786474756015,0.05678009079880559,19034,0.035216357788361186,0.14841861931280867,WEEKEND12,0.8
leader_gap_100ms,5000,6,5,0.8333333333333334,-0.0007048186210593184,0.09498124900019211,10250,0.047786690489820406,0.23785365853658536,WEEKEND12,0.8
leader_gap_100ms,10000,6,6,1.0,0.004717047803238581,0.15144965389970044,6105,0.06750184213340328,0.3199017199017199,WEEKEND12,0.8
leader_gap_100ms,30000,6,5,0.8333333333333334,-0.1571897109852813,0.286153909442428,2436,0.03938954524232788,0.41133004926108374,WEEKEND12,0.8
leader_gap_200ms,100,6,6,1.0,0.019842771822013498,0.029040574328628277,28316,0.024781646938692763,0.03930639920892781,WEEKEND12,0.8
leader_gap_200ms,200,6,6,1.0,0.021835369558561867,0.03275876413228007,28316,0.026662151339624754,0.05021895747987004,WEEKEND12,0.8
leader_gap_200ms,500,6,6,1.0,0.023136634864660846,0.04064638467694902,28315,0.029334748426077684,0.07335334628288893,WEEKEND12,0.8
leader_gap_200ms,1000,6,6,1.0,0.02066040555780316,0.045175273539557,28314,0.030099479248483815,0.10259942078123896,WEEKEND12,0.8
leader_gap_200ms,2000,6,6,1.0,0.02525442720598413,0.066033647891559,18687,0.044642902212691064,0.15438540161609676,WEEKEND12,0.8
leader_gap_200ms,5000,6,6,1.0,0.03094822527472055,0.11952699442048415,10168,0.0603525729360885,0.2464594807238395,WEEKEND12,0.8
leader_gap_200ms,10000,6,6,1.0,0.03380832726189805,0.1605704242060957,6084,0.08461099518219904,0.3252794214332676,WEEKEND12,0.8
leader_gap_200ms,30000,6,5,0.8333333333333334,-0.28851463371206304,0.34980205498970396,2426,0.04707258821240243,0.42250618301731246,WEEKEND12,0.8
leader_gap_500ms,100,6,6,1.0,0.022494655373656355,0.04088345786728781,25353,0.029396455123931985,0.04342681339486451,WEEKEND12,0.8
leader_gap_500ms,200,6,6,1.0,0.024696807820702712,0.04675598039830973,25353,0.032604841473943595,0.05616692304658226,WEEKEND12,0.8
leader_gap_500ms,500,6,6,1.0,0.027272269199835247,0.05593314440600694,25353,0.03772736001696912,0.08247544669269909,WEEKEND12,0.8
leader_gap_500ms,1000,6,6,1.0,0.028333035247412285,0.07404107534144766,25352,0.04500510408988514,0.11620384979488797,WEEKEND12,0.8
leader_gap_500ms,2000,6,6,1.0,0.031388443979774874,0.08456103270662635,17425,0.05767327820329138,0.16459110473457675,WEEKEND12,0.8
leader_gap_500ms,5000,6,6,1.0,0.061917283390002714,0.16922579375539892,9838,0.09446756514523523,0.25930067086806263,WEEKEND12,0.8
leader_gap_500ms,10000,6,6,1.0,0.08149016286623179,0.2223915674312983,5953,0.12143473431597104,0.3352931295145305,WEEKEND12,0.8
leader_gap_500ms,30000,6,6,1.0,0.011288230166209742,0.2569341090394689,2398,0.11068828493592422,0.42827356130108424,WEEKEND12,0.8
bitget_ofi,100,8,8,1.0,0.04244784885835713,0.11006004839534222,34625,0.07032206218555391,0.11803610108303249,WEEKDAY12,0.8
bitget_ofi,200,8,8,1.0,0.05678850662263727,0.13955166703000427,34625,0.0948248503256943,0.16020216606498194,WEEKDAY12,0.8
bitget_ofi,500,8,8,1.0,0.08013252802427726,0.18830216282261555,34623,0.13440348499767715,0.23160904600987783,WEEKDAY12,0.8
bitget_ofi,1000,8,8,1.0,0.1054071111344348,0.22946848545525297,34620,0.16975808551321941,0.2982668977469671,WEEKDAY12,0.8
bitget_ofi,2000,8,8,1.0,0.1240467589037997,0.265549414871075,23651,0.20068856496787021,0.3632404549490508,WEEKDAY12,0.8
bitget_ofi,5000,8,8,1.0,0.1667775223280106,0.37403671739045113,12633,0.2454945081043878,0.4447083036491728,WEEKDAY12,0.8
bitget_ofi,10000,8,8,1.0,0.17322442293026458,0.46211839130227156,7233,0.2693930586315864,0.4921885801188995,WEEKDAY12,0.8
bitget_ofi,30000,8,8,1.0,0.11586206489989284,0.49595545576196465,2692,0.3006933354760264,0.5185735512630015,WEEKDAY12,0.8
bitget_trade_flow,100,8,8,1.0,0.029726952582304133,0.08209891955676135,42819,0.05379504823453157,0.083631098344193,WEEKDAY12,0.8
bitget_trade_flow,200,8,8,1.0,0.03385045636353418,0.09881104045230445,42818,0.06403479389483326,0.1122425148302116,WEEKDAY12,0.8
bitget_trade_flow,500,8,8,1.0,0.04159177541381329,0.1283094217945055,42818,0.08230775279531577,0.16747629501611472,WEEKDAY12,0.8
bitget_trade_flow,1000,8,8,1.0,0.054029406373367915,0.14364447850581583,42817,0.09717402794209594,0.22726954247144826,WEEKDAY12,0.8
bitget_trade_flow,2000,8,8,1.0,0.049950903337954336,0.1626726490097609,28104,0.10765548364814108,0.29486905778536865,WEEKDAY12,0.8
bitget_trade_flow,5000,8,8,1.0,0.047300092728886176,0.17697790452871306,14033,0.11109217368838906,0.38851279127770255,WEEKDAY12,0.8
bitget_trade_flow,10000,8,8,1.0,0.057028288398265625,0.18025932520625954,7725,0.12216580407957764,0.4475080906148867,WEEKDAY12,0.8
bitget_trade_flow,30000,8,7,0.875,-0.3331500850775895,0.39708820694755576,2762,0.10943911170698314,0.49348298334540186,WEEKDAY12,0.8
depth_imbalance_l1,100,8,8,1.0,0.05245058229148599,0.15292279951478033,27824,0.10364929261946218,0.1577055779183439,WEEKDAY12,0.8
depth_imbalance_l1,200,8,8,1.0,0.07348938579415572,0.21519580726560725,27824,0.14560503768252095,0.2132691201840138,WEEKDAY12,0.8
depth_imbalance_l1,500,8,8,1.0,0.11686639304016293,0.3111359288810799,27823,0.22475422698540232,0.30848578514178915,WEEKDAY12,0.8
depth_imbalance_l1,1000,8,8,1.0,0.18075868584737279,0.3938490058734651,27823,0.30010173342535396,0.393738992919527,WEEKDAY12,0.8
depth_imbalance_l1,2000,8,8,1.0,0.28274560460197623,0.46282464890250624,18155,0.3921701376421751,0.5012944092536491,WEEKDAY12,0.8
depth_imbalance_l1,5000,8,8,1.0,0.41129701534685253,0.626660397934775,10166,0.5084836200259829,0.5807593940586268,WEEKDAY12,0.8
depth_imbalance_l1,10000,8,8,1.0,0.3990905755876616,0.7403749944923179,6177,0.563524583846549,0.6004532944795208,WEEKDAY12,0.8
depth_imbalance_l1,30000,8,8,1.0,0.2248295262910311,0.7892772340625392,2498,0.5653484166174674,0.5744595676541233,WEEKDAY12,0.8
depth_imbalance_l5,100,8,8,1.0,0.055392948748398674,0.13102517000944452,27823,0.0932696037652037,0.1396686194874744,WEEKDAY12,0.8
depth_imbalance_l5,200,8,8,1.0,0.07766815884555657,0.18149003138836325,27822,0.13208434147973572,0.1901373014161455,WEEKDAY12,0.8
depth_imbalance_l5,500,8,8,1.0,0.11835304497302898,0.2649143365631007,27821,0.20511236934439941,0.28183746091082273,WEEKDAY12,0.8
depth_imbalance_l5,1000,8,8,1.0,0.17988776144295293,0.33854670536369186,27820,0.2744145733015284,0.3665708123652049,WEEKDAY12,0.8
depth_imbalance_l5,2000,8,8,1.0,0.2646627621661668,0.4562492091727047,18076,0.3608035893404298,0.4748285018809471,WEEKDAY12,0.8
depth_imbalance_l5,5000,8,8,1.0,0.36304771593126905,0.5956786312889707,10092,0.49380406820955147,0.5648038049940547,WEEKDAY12,0.8
depth_imbalance_l5,10000,8,8,1.0,0.34604645439612,0.7793627848613484,6135,0.5614790837216107,0.5879380603096984,WEEKDAY12,0.8
depth_imbalance_l5,30000,8,8,1.0,0.21586137932070468,0.9070068328340709,2495,0.539904644294264,0.571943887775551,WEEKDAY12,0.8
external_ofi,100,8,8,1.0,0.02989221690060684,0.11174204087055356,48943,0.06757566992772725,0.10187360807469914,WEEKDAY12,0.8
external_ofi,200,8,8,1.0,0.040250487651081635,0.15587505048497927,48943,0.0924675957925475,0.1405921173610118,WEEKDAY12,0.8
external_ofi,500,8,8,1.0,0.057051387538977774,0.20117697279843708,48942,0.1318932625375925,0.20767439009439745,WEEKDAY12,0.8
external_ofi,1000,8,8,1.0,0.07798107291477507,0.24001176531792257,48938,0.16173161269162173,0.26936123257999917,WEEKDAY12,0.8
external_ofi,2000,8,8,1.0,0.094208239397322,0.2751969168053913,30492,0.19569341486785222,0.34058113603568146,WEEKDAY12,0.8
external_ofi,5000,8,8,1.0,0.125862336213865,0.33539442780562756,14633,0.24347744551442577,0.43142212806669855,WEEKDAY12,0.8
external_ofi,10000,8,8,1.0,0.14051504008283738,0.49014124570158624,7920,0.27812595294746845,0.48093434343434344,WEEKDAY12,0.8
external_ofi,30000,8,7,0.875,-0.03156120877516589,0.27011985481197337,2786,0.1122320095976515,0.5082555635319455,WEEKDAY12,0.8
external_trade_flow,100,8,8,1.0,0.004041995013377962,0.020592666587812777,73735,0.01135513143261652,0.02966026988540042,WEEKDAY12,0.8
external_trade_flow,200,8,8,1.0,0.005885630473251707,0.026579921615490058,73735,0.015474214923211438,0.04950159354444972,WEEKDAY12,0.8
external_trade_flow,500,8,8,1.0,0.010141135578004267,0.036998280201524895,73732,0.023276515901306097,0.09816633212173818,WEEKDAY12,0.8
external_trade_flow,1000,8,8,1.0,0.012731926425644722,0.049154777736018805,73729,0.02817586287544965,0.15759063597770212,WEEKDAY12,0.8
external_trade_flow,2000,8,8,1.0,0.012354812520443499,0.06850797267152195,39738,0.037542593575966184,0.23740500276813126,WEEKDAY12,0.8
external_trade_flow,5000,8,7,0.875,-0.03231583106386929,0.17456218910947383,16682,0.07024253835488059,0.35193621867881547,WEEKDAY12,0.8
external_trade_flow,10000,8,7,0.875,-0.0025861836025707252,0.09319191115147465,8486,0.061576331476313625,0.42776337497053973,WEEKDAY12,0.8
external_trade_flow,30000,8,7,0.875,-0.002984797456207931,0.47841257948550225,2858,0.23741860733481004,0.5034989503149055,WEEKDAY12,0.8
fair_accel_100ms,100,8,8,1.0,0.04908606184351897,0.11597881716840226,34857,0.0878046290395204,0.12261525661990418,WEEKDAY12,0.8
fair_accel_100ms,200,8,8,1.0,0.06304146848157227,0.14283230226184515,34857,0.1104392244764804,0.16286542157959663,WEEKDAY12,0.8
fair_accel_100ms,500,8,8,1.0,0.08484863226673117,0.19492972272382264,34854,0.14962488982499159,0.23437768979170254,WEEKDAY12,0.8
fair_accel_100ms,1000,8,8,1.0,0.10982694062975433,0.223274599253489,34852,0.17885631300810959,0.3018478136118444,WEEKDAY12,0.8
fair_accel_100ms,2000,8,8,1.0,0.14771365510444176,0.3135092623308262,23244,0.2191498056546141,0.3778609533643091,WEEKDAY12,0.8
fair_accel_100ms,5000,8,8,1.0,0.19872640340180228,0.3364964415975653,12350,0.2802199839435873,0.46558704453441296,WEEKDAY12,0.8
fair_accel_100ms,10000,8,8,1.0,0.1785529581953667,0.4698507448604894,7073,0.307457830654479,0.5034638767142655,WEEKDAY12,0.8
fair_accel_100ms,30000,8,8,1.0,0.05074988575790632,0.6114367194098892,2660,0.3193066994474428,0.518796992481203,WEEKDAY12,0.8
fair_gap_reversion,100,8,8,1.0,0.03637311299056343,0.13459827552543535,22632,0.08462553126709652,0.08982856132909155,WEEKDAY12,0.8
fair_gap_reversion,200,8,8,1.0,0.0481574125856426,0.15417527942516954,22632,0.10465408648936923,0.12424885118416401,WEEKDAY12,0.8
fair_gap_reversion,500,8,8,1.0,0.06582374374933944,0.1956392356223543,22630,0.13953254297373296,0.19041095890410958,WEEKDAY12,0.8
fair_gap_reversion,1000,8,8,1.0,0.09291279700083384,0.23885216775851387,22629,0.17884208881189864,0.26390914313491537,WEEKDAY12,0.8
fair_gap_reversion,2000,8,8,1.0,0.1609943723656999,0.3365642973142203,14125,0.24504826681976802,0.37309734513274334,WEEKDAY12,0.8
fair_gap_reversion,5000,8,8,1.0,0.22773234712037413,0.4712023609748871,7907,0.3426091593483349,0.49158973061843936,WEEKDAY12,0.8
fair_gap_reversion,10000,8,8,1.0,0.15427464977683922,0.7028406432834516,5047,0.41517327038846025,0.5391321577174559,WEEKDAY12,0.8
fair_gap_reversion,30000,8,7,0.875,-0.04159631832780351,0.6193819686407404,2218,0.32961788259909974,0.5509467989179441,WEEKDAY12,0.8
leader_gap_1000ms,100,8,8,1.0,0.035304143348629705,0.113982003822382,25540,0.07083854505486105,0.1009397024275646,WEEKDAY12,0.8
leader_gap_1000ms,200,8,8,1.0,0.03656170039625412,0.12156537563323576,25540,0.08276731103855661,0.13547376664056382,WEEKDAY12,0.8
leader_gap_1000ms,500,8,8,1.0,0.051950973065728503,0.14448019760468733,25538,0.10279119940603056,0.20314824966716266,WEEKDAY12,0.8
leader_gap_1000ms,1000,8,8,1.0,0.070106669017305,0.16827910558307194,25536,0.1297783681343583,0.27474937343358397,WEEKDAY12,0.8
leader_gap_1000ms,2000,8,8,1.0,0.09244813506368613,0.21716971211587302,17253,0.15164682322329692,0.3566336289340984,WEEKDAY12,0.8
leader_gap_1000ms,5000,8,8,1.0,0.1408112318530238,0.27878382549911396,10086,0.20233459544523175,0.44784850287527267,WEEKDAY12,0.8
leader_gap_1000ms,10000,8,8,1.0,0.05246430191065933,0.33531426530985037,6185,0.2212187597890332,0.4939369442198868,WEEKDAY12,0.8
leader_gap_1000ms,30000,8,7,0.875,-0.17661252574855513,0.707610570742277,2505,0.29287149756316366,0.5261477045908184,WEEKDAY12,0.8
leader_gap_100ms,100,8,8,1.0,0.024944854327538256,0.07776780698703915,36831,0.0535341593098159,0.09391545165757106,WEEKDAY12,0.8
leader_gap_100ms,200,8,8,1.0,0.02726551900567445,0.09434350038264508,36831,0.06283264188884015,0.1244875240965491,WEEKDAY12,0.8
leader_gap_100ms,500,8,8,1.0,0.0231357214545501,0.11607897673381333,36829,0.07273453067525051,0.18243775285780228,WEEKDAY12,0.8
leader_gap_100ms,1000,8,8,1.0,0.027441285626424453,0.12774926188510552,36827,0.08417514394764128,0.24237651722920683,WEEKDAY12,0.8
leader_gap_100ms,2000,8,8,1.0,0.04383611140943331,0.17141792613705287,24006,0.10109715589509125,0.32071148879446804,WEEKDAY12,0.8
leader_gap_100ms,5000,8,8,1.0,0.05007061563381398,0.20626966860316645,12520,0.1290128495151559,0.4148562300319489,WEEKDAY12,0.8
leader_gap_100ms,10000,8,8,1.0,0.016863106797229334,0.2142335555436305,7132,0.12094405666649627,0.46116096466629275,WEEKDAY12,0.8
leader_gap_100ms,30000,8,7,0.875,-0.10658483980456762,0.4215411397553639,2671,0.12923348226622333,0.5005615874204418,WEEKDAY12,0.8
leader_gap_200ms,100,8,8,1.0,0.02688518215929733,0.08390088693118068,34735,0.05718430758865187,0.09854613502231178,WEEKDAY12,0.8
leader_gap_200ms,200,8,8,1.0,0.030541367185530813,0.10444596843434184,34735,0.06763935568373865,0.13061753274794877,WEEKDAY12,0.8
leader_gap_200ms,500,8,8,1.0,0.03337319455426252,0.12941746384378652,34732,0.08284367124267768,0.19129333179776575,WEEKDAY12,0.8
leader_gap_200ms,1000,8,8,1.0,0.040354752090377866,0.15280806306672517,34730,0.1013305848953942,0.25473653901526055,WEEKDAY12,0.8
leader_gap_200ms,2000,8,8,1.0,0.046101156208357245,0.18414524542129782,23181,0.1121621572333283,0.3300116474699107,WEEKDAY12,0.8
leader_gap_200ms,5000,8,8,1.0,0.10301476088707819,0.23255075310451842,12337,0.15666587914294697,0.42222582475480264,WEEKDAY12,0.8
leader_gap_200ms,10000,8,8,1.0,0.07741825698810989,0.3333100313267454,7075,0.19019255587613695,0.47533568904593637,WEEKDAY12,0.8
leader_gap_200ms,30000,8,7,0.875,-0.0452440293396058,0.6216271424648853,2661,0.13329232739146857,0.501315295001879,WEEKDAY12,0.8
leader_gap_500ms,100,8,8,1.0,0.029868911938971284,0.11130677828320597,28771,0.06876779238099316,0.10524486462062493,WEEKDAY12,0.8
leader_gap_500ms,200,8,8,1.0,0.033775467448457726,0.1257794381202489,28771,0.08044236586004949,0.13871606826318167,WEEKDAY12,0.8
leader_gap_500ms,500,8,8,1.0,0.03985469584254009,0.1458053996298811,28769,0.10011913165310735,0.20407382946922034,WEEKDAY12,0.8
leader_gap_500ms,1000,8,8,1.0,0.04938663982296668,0.16759099266338395,28767,0.12187167190013291,0.2707616365974902,WEEKDAY12,0.8
leader_gap_500ms,2000,8,8,1.0,0.07732120688368556,0.21164430628363085,20083,0.1391810612817306,0.34392272070905744,WEEKDAY12,0.8
leader_gap_500ms,5000,8,8,1.0,0.13995531700397607,0.2675166010674722,11231,0.1969845226309713,0.4349568159558365,WEEKDAY12,0.8
leader_gap_500ms,10000,8,8,1.0,0.1103587031644101,0.312692108365464,6687,0.20527752840584743,0.48526992672349334,WEEKDAY12,0.8
leader_gap_500ms,30000,8,8,1.0,0.09746730421434588,0.5550558204765529,2597,0.29808446086503065,0.5186753946861764,WEEKDAY12,0.8
bitget_ofi,100,14,14,1.0,0.012760544513006756,0.11006004839534222,62067,0.051659769526494974,0.08611661591505954,ALL24,0.8
bitget_ofi,200,14,14,1.0,0.01720423480005835,0.13955166703000427,62067,0.06877324820266047,0.1169703707284064,ALL24,0.8
bitget_ofi,500,14,14,1.0,0.022173659108775105,0.18830216282261555,62064,0.09682304849086971,0.16996970868780614,ALL24,0.8
bitget_ofi,1000,14,14,1.0,0.026885541358660878,0.22946848545525297,62060,0.12074210313982926,0.22289719626168225,ALL24,0.8
bitget_ofi,2000,14,14,1.0,0.035251737583258405,0.265549414871075,43348,0.14719732126279955,0.2774753160468764,ALL24,0.8
bitget_ofi,5000,14,14,1.0,0.060787873143391666,0.37403671739045113,23819,0.18839454418037022,0.36160208237121627,ALL24,0.8
bitget_ofi,10000,14,14,1.0,0.070470384940449,0.46211839130227156,13916,0.20961651808440257,0.4150617993676344,ALL24,0.8
bitget_ofi,30000,14,14,1.0,0.02963710553268789,0.49595545576196465,5295,0.2264520864599505,0.4711992445703494,ALL24,0.8
bitget_trade_flow,100,14,14,1.0,0.015380528925192736,0.08209891955676135,69990,0.04375168827143119,0.06680954422060294,ALL24,0.8
bitget_trade_flow,200,14,14,1.0,0.019014708748271627,0.09881104045230445,69989,0.05212512344941638,0.08918544342682422,ALL24,0.8
bitget_trade_flow,500,14,14,1.0,0.02710719775686953,0.1283094217945055,69989,0.06757268365709256,0.1328208718512909,ALL24,0.8
bitget_trade_flow,1000,14,14,1.0,0.03263981805608347,0.14364447850581583,69987,0.08029293025442154,0.18200522954262935,ALL24,0.8
bitget_trade_flow,2000,14,14,1.0,0.04239587400434523,0.1626726490097609,48327,0.08797144907913344,0.23469282181803133,ALL24,0.8
bitget_trade_flow,5000,14,14,1.0,0.047300092728886176,0.17697790452871306,25711,0.09673275946643892,0.3160903893275252,ALL24,0.8
bitget_trade_flow,10000,14,14,1.0,0.03973670450111203,0.2440418718817243,14603,0.11083414306052161,0.3775936451414093,ALL24,0.8
bitget_trade_flow,30000,14,13,0.9285714285714286,-0.3331500850775895,0.39708820694755576,5413,0.1389764936170238,0.4618510992056161,ALL24,0.8
depth_imbalance_l1,100,14,14,1.0,0.02093843124587337,0.15292279951478033,49197,0.07442976843855886,0.11677541313494726,ALL24,0.8
depth_imbalance_l1,200,14,14,1.0,0.024958900942650606,0.21519580726560725,49197,0.10416523116747656,0.1576518893428461,ALL24,0.8
depth_imbalance_l1,500,14,14,1.0,0.044566829194265196,0.3111359288810799,49196,0.16336267454095993,0.2321530205707781,ALL24,0.8
depth_imbalance_l1,1000,14,14,1.0,0.06747717830542888,0.3938490058734651,49195,0.22367285923567778,0.3073076532167903,ALL24,0.8
depth_imbalance_l1,2000,14,14,1.0,0.11616103877004061,0.46282464890250624,30985,0.3137976405732898,0.4178473454897531,ALL24,0.8
depth_imbalance_l1,5000,14,14,1.0,0.2211560822920907,0.626660397934775,17143,0.4368169564933263,0.5301872484395963,ALL24,0.8
depth_imbalance_l1,10000,14,14,1.0,0.3275515447658093,0.7403749944923179,10600,0.5000274430529796,0.5736792452830188,ALL24,0.8
depth_imbalance_l1,30000,14,14,1.0,0.2248295262910311,0.7892772340625392,4544,0.509203538802779,0.5807658450704225,ALL24,0.8
depth_imbalance_l5,100,14,14,1.0,0.018849954942946306,0.13102517000944452,49882,0.06540555320564982,0.10047712601740107,ALL24,0.8
depth_imbalance_l5,200,14,14,1.0,0.02291897349456338,0.18149003138836325,49881,0.0925072435359199,0.13766764900463102,ALL24,0.8
depth_imbalance_l5,500,14,14,1.0,0.04259129211289379,0.2649143365631007,49880,0.146631459419976,0.2090216519647153,ALL24,0.8
depth_imbalance_l5,1000,14,14,1.0,0.0645233406055777,0.33854670536369186,49878,0.20161963588620696,0.2816672681342476,ALL24,0.8
depth_imbalance_l5,2000,14,14,1.0,0.11436786412073133,0.4562492091727047,31398,0.28325876473560335,0.38906936747563536,ALL24,0.8
depth_imbalance_l5,5000,14,14,1.0,0.22212129741178738,0.5956786312889707,17258,0.4053276458068533,0.5041140340711554,ALL24,0.8
depth_imbalance_l5,10000,14,14,1.0,0.3150778604895681,0.7793627848613484,10694,0.478935171483768,0.5535814475406771,ALL24,0.8
depth_imbalance_l5,30000,14,14,1.0,0.21586137932070468,0.9070068328340709,4547,0.5140786251594108,0.5786232680888498,ALL24,0.8
external_ofi,100,14,14,1.0,0.009961243374142325,0.11174204087055356,98247,0.042846875066417614,0.06546764786711044,ALL24,0.8
external_ofi,200,14,14,1.0,0.011489561289440139,0.15587505048497927,98246,0.058461195432832125,0.09066017954929463,ALL24,0.8
external_ofi,500,14,14,1.0,0.015689345423705942,0.20117697279843708,98245,0.08358140318408531,0.13666853274975826,ALL24,0.8
external_ofi,1000,14,14,1.0,0.01894422381689677,0.24001176531792257,98238,0.10301291620828239,0.18286202895010079,ALL24,0.8
external_ofi,2000,14,14,1.0,0.02190655231092586,0.2751969168053913,61091,0.12494701309631806,0.23974071467155555,ALL24,0.8
external_ofi,5000,14,14,1.0,0.04126839538134177,0.33539442780562756,29319,0.16072219152763365,0.3274668303830281,ALL24,0.8
external_ofi,10000,14,14,1.0,0.03669991887754992,0.49014124570158624,15838,0.1940183999755613,0.3914004293471398,ALL24,0.8
external_ofi,30000,14,13,0.9285714285714286,-0.03156120877516589,0.4947913124931042,5576,0.12787418317985502,0.45928981348637016,ALL24,0.8
external_trade_flow,100,14,14,1.0,0.002647746364821397,0.020592666587812777,143689,0.0081377485781969,0.02059308645755764,ALL24,0.8
external_trade_flow,200,14,14,1.0,0.0037335987559082187,0.026579921615490058,143689,0.011230983405675065,0.03424061688786198,ALL24,0.8
external_trade_flow,500,14,14,1.0,0.0033131358494796447,0.036998280201524895,143684,0.016533814696647678,0.06824698644247097,ALL24,0.8
external_trade_flow,1000,14,14,1.0,0.004342390078214486,0.049154777736018805,143679,0.021132081657751822,0.1117351874665052,ALL24,0.8
external_trade_flow,2000,14,14,1.0,0.005749465817459756,0.06850797267152195,78383,0.02831280740667369,0.17159333018639245,ALL24,0.8
external_trade_flow,5000,14,13,0.9285714285714286,-0.03231583106386929,0.17456218910947383,33156,0.052093230345448514,0.27111231752925563,ALL24,0.8
external_trade_flow,10000,14,13,0.9285714285714286,-0.0025861836025707252,0.13205457924509642,16922,0.050113581382458916,0.3479494149627704,ALL24,0.8
external_trade_flow,30000,14,10,0.7142857142857143,-0.11266011965178167,0.47841257948550225,5711,0.1242728238018536,0.45263526527753456,ALL24,0.8
fair_accel_100ms,100,14,14,1.0,0.02755642729702061,0.11597881716840226,63248,0.06422851149464044,0.08891980774095623,ALL24,0.8
fair_accel_100ms,200,14,14,1.0,0.029875949007291888,0.14283230226184515,63248,0.08010594917952285,0.11767961042246396,ALL24,0.8
fair_accel_100ms,500,14,14,1.0,0.03437690212447375,0.19492972272382264,63244,0.1087915352605623,0.1708462462842325,ALL24,0.8
fair_accel_100ms,1000,14,14,1.0,0.04442473319486279,0.223274599253489,63241,0.13425712877693843,0.2261033190493509,ALL24,0.8
fair_accel_100ms,2000,14,14,1.0,0.06317725313023496,0.3135092623308262,41972,0.16639206642958848,0.29476794053178307,ALL24,0.8
fair_accel_100ms,5000,14,14,1.0,0.09925002263547004,0.3364964415975653,22521,0.21626534123811547,0.3874605923360419,ALL24,0.8
fair_accel_100ms,10000,14,14,1.0,0.13877290270577305,0.4698507448604894,13163,0.25023953722531206,0.44009724226999924,ALL24,0.8
fair_accel_100ms,30000,14,14,1.0,0.05074988575790632,0.6114367194098892,5087,0.30182804707531585,0.5012777668566936,ALL24,0.8
fair_gap_reversion,100,14,14,1.0,0.021923207032769572,0.13459827552543535,41544,0.06289189795403581,0.06494319275948392,ALL24,0.8
fair_gap_reversion,200,14,14,1.0,0.027795658570335526,0.15417527942516954,41544,0.07645056327652505,0.08884556133256306,ALL24,0.8
fair_gap_reversion,500,14,14,1.0,0.033957582056682006,0.1956392356223543,41541,0.10257263973428407,0.13709347391733467,ALL24,0.8
fair_gap_reversion,1000,14,14,1.0,0.046738388917503024,0.23885216775851387,41539,0.13569467200692292,0.19636967668937624,ALL24,0.8
fair_gap_reversion,2000,14,14,1.0,0.07855483273106102,0.3365642973142203,24772,0.20000554238079646,0.2956563862425319,ALL24,0.8
fair_gap_reversion,5000,14,14,1.0,0.1547044977382551,0.4712023609748871,13293,0.2911148851778037,0.42435868502219215,ALL24,0.8
fair_gap_reversion,10000,14,14,1.0,0.15427464977683922,0.7028406432834516,8417,0.3688825417203131,0.4940002376143519,ALL24,0.8
fair_gap_reversion,30000,14,13,0.9285714285714286,-0.04159631832780351,0.6193819686407404,3859,0.3413047298239338,0.5397771443379114,ALL24,0.8
leader_gap_1000ms,100,14,14,1.0,0.02294897962826599,0.113982003822382,48324,0.05386596181537017,0.07480754904395331,ALL24,0.8
leader_gap_1000ms,200,14,14,1.0,0.025846822268115105,0.12156537563323576,48324,0.061959303099122426,0.09870871616588031,ALL24,0.8
leader_gap_1000ms,500,14,14,1.0,0.029746712077224215,0.14448019760468733,48322,0.07686206855383132,0.14703447704979097,ALL24,0.8
leader_gap_1000ms,1000,14,14,1.0,0.035268600234745304,0.16827910558307194,48319,0.09583679073657564,0.2020116310354105,ALL24,0.8
leader_gap_1000ms,2000,14,14,1.0,0.043136730617640645,0.21716971211587302,32051,0.11761403834683237,0.27368880846151444,ALL24,0.8
leader_gap_1000ms,5000,14,14,1.0,0.0773534336543306,0.27878382549911396,18869,0.15967334355983967,0.36695108378822405,ALL24,0.8
leader_gap_1000ms,10000,14,14,1.0,0.05246430191065933,0.33531426530985037,11674,0.19793575922176665,0.4265890011992462,ALL24,0.8
leader_gap_1000ms,30000,14,13,0.9285714285714286,-0.17661252574855513,0.707610570742277,4803,0.2518692395251478,0.4861544867790964,ALL24,0.8
leader_gap_100ms,100,14,14,1.0,0.018042033027575115,0.07776780698703915,66211,0.04013431699006267,0.068840524988295,ALL24,0.8
leader_gap_100ms,200,14,14,1.0,0.019256468555032484,0.09434350038264508,66211,0.046083185503729966,0.09025690595218318,ALL24,0.8
leader_gap_100ms,500,14,14,1.0,0.019530619296175902,0.11607897673381333,66208,0.05134965721647275,0.13208373610439825,ALL24,0.8
leader_gap_100ms,1000,14,14,1.0,0.01625551800284093,0.12774926188510552,66205,0.05686677628730177,0.17737331017294766,ALL24,0.8
leader_gap_100ms,2000,14,14,1.0,0.02669786474756015,0.17141792613705287,43040,0.07196204643497275,0.24451672862453533,ALL24,0.8
leader_gap_100ms,5000,14,13,0.9285714285714286,-0.0007048186210593184,0.20626966860316645,22770,0.09244859259773437,0.33517786561264823,ALL24,0.8
leader_gap_100ms,10000,14,14,1.0,0.004717047803238581,0.2142335555436305,13237,0.09629612135452734,0.3960111807811438,ALL24,0.8
leader_gap_100ms,30000,14,12,0.8571428571428571,-0.1571897109852813,0.4215411397553639,5107,0.08637861040599044,0.457998825141962,ALL24,0.8
leader_gap_200ms,100,14,14,1.0,0.019842771822013498,0.08390088693118068,63051,0.04263237758017868,0.07194176143122234,ALL24,0.8
leader_gap_200ms,200,14,14,1.0,0.021835369558561867,0.10444596843434184,63051,0.04923662585855064,0.09451079285023235,ALL24,0.8
leader_gap_200ms,500,14,14,1.0,0.023136634864660846,0.12941746384378652,63047,0.05881231131195887,0.13832537630656494,ALL24,0.8
leader_gap_200ms,1000,14,14,1.0,0.02066040555780316,0.15280806306672517,63044,0.069339633729754,0.18640949178351626,ALL24,0.8
leader_gap_200ms,2000,14,14,1.0,0.02525442720598413,0.18414524542129782,41868,0.08202619854003872,0.25162415209706696,ALL24,0.8
leader_gap_200ms,5000,14,14,1.0,0.03094822527472055,0.23255075310451842,22505,0.11315049600536257,0.3428127082870473,ALL24,0.8
leader_gap_200ms,10000,14,14,1.0,0.03380832726189805,0.3333100313267454,13159,0.14137743198663788,0.40595789953643896,ALL24,0.8
leader_gap_200ms,30000,14,12,0.8571428571428571,-0.28851463371206304,0.6216271424648853,5087,0.09217396937133597,0.4637310792215451,ALL24,0.8
leader_gap_500ms,100,14,14,1.0,0.022494655373656355,0.11130677828320597,54124,0.05032529896812139,0.07628778360801124,ALL24,0.8
leader_gap_500ms,200,14,14,1.0,0.024696807820702712,0.1257794381202489,54124,0.05803410416910015,0.10004803783903629,ALL24,0.8
leader_gap_500ms,500,14,14,1.0,0.027272269199835247,0.1458053996298811,54122,0.07089222602709552,0.14711208011529509,ALL24,0.8
leader_gap_500ms,1000,14,14,1.0,0.028333035247412285,0.16759099266338395,54119,0.08586359290522536,0.19835917145549622,ALL24,0.8
leader_gap_500ms,2000,14,14,1.0,0.031388443979774874,0.21164430628363085,37508,0.10131518946393697,0.26061106963847713,ALL24,0.8
leader_gap_500ms,5000,14,14,1.0,0.061917283390002714,0.2675166010674722,21069,0.1491150543247075,0.35293559257677154,ALL24,0.8
leader_gap_500ms,10000,14,14,1.0,0.08149016286623179,0.312692108365464,12640,0.16579049096779094,0.4146360759493671,ALL24,0.8
leader_gap_500ms,30000,14,14,1.0,0.011288230166209742,0.5550558204765529,4995,0.2081192897182845,0.4752752752752753,ALL24,0.8
bitget_ofi,100,6,6,1.0,0.020757938783317584,0.07015162546798595,17294,0.039668217620471784,0.06626575690991095,WEEKEND12,0.9
bitget_ofi,200,6,6,1.0,0.026294483268653468,0.0950454487685075,17293,0.05069080367817811,0.0874920488058752,WEEKEND12,0.9
bitget_ofi,500,6,6,1.0,0.03602274454407707,0.12633117188214138,17293,0.07064279464603374,0.124096455213092,WEEKEND12,0.9
bitget_ofi,1000,6,6,1.0,0.0417425554671372,0.1457149564789904,17292,0.08409606532326866,0.1621559102475133,WEEKEND12,0.9
bitget_ofi,2000,6,6,1.0,0.059671367308293144,0.19510893208853733,13583,0.11449787097377986,0.2142383862180667,WEEKEND12,0.9
bitget_ofi,5000,6,6,1.0,0.102775762988236,0.2167024892886084,8680,0.15657281815326657,0.3107142857142857,WEEKEND12,0.9
bitget_ofi,10000,6,6,1.0,0.13611818664527692,0.24261351632836908,5606,0.1890196875799965,0.3772743489118801,WEEKEND12,0.9
bitget_ofi,30000,6,6,1.0,0.08731107007351757,0.32614647659278373,2400,0.1893199377340526,0.45416666666666666,WEEKEND12,0.9
bitget_trade_flow,100,6,6,1.0,0.015380528925192736,0.045848492802838176,27171,0.02792427557922276,0.040300320194324835,WEEKEND12,0.9
bitget_trade_flow,200,6,6,1.0,0.019014708748271627,0.05490771153254748,27171,0.03335701520416005,0.05285046556990909,WEEKEND12,0.9
bitget_trade_flow,500,6,6,1.0,0.02710719775686953,0.07679570339823599,27171,0.04435211060639724,0.07820838393875823,WEEKEND12,0.9
bitget_trade_flow,1000,6,6,1.0,0.03263981805608347,0.09051978606685877,27170,0.05369013453512984,0.11067353698932646,WEEKEND12,0.9
bitget_trade_flow,2000,6,6,1.0,0.04239587400434523,0.12189358632155838,20223,0.060616451921076245,0.151065618355338,WEEKEND12,0.9
bitget_trade_flow,5000,6,6,1.0,0.04811233314903361,0.10655049551656026,11678,0.0794776079185175,0.22906319575269737,WEEKEND12,0.9
bitget_trade_flow,10000,6,6,1.0,0.03973670450111203,0.2440418718817243,6878,0.09810703032830179,0.29906949694678686,WEEKEND12,0.9
bitget_trade_flow,30000,6,6,1.0,0.01844948669384481,0.3479185304655341,2651,0.16975063501103824,0.4288947566955866,WEEKEND12,0.9
depth_imbalance_l1,100,6,6,1.0,0.03494427823528137,0.08491544504841594,12034,0.053513628471037536,0.08949642679075952,WEEKEND12,0.9
depth_imbalance_l1,200,6,6,1.0,0.04393290114330366,0.11713710439520342,12034,0.07371646389738523,0.1184144922718963,WEEKEND12,0.9
depth_imbalance_l1,500,6,6,1.0,0.06903035379762348,0.18280498423048072,12034,0.11833771075710121,0.17766328735250125,WEEKEND12,0.9
depth_imbalance_l1,1000,6,6,1.0,0.1035655271293905,0.24877033014512773,12033,0.1665072460391903,0.24914817584974652,WEEKEND12,0.9
depth_imbalance_l1,2000,6,6,1.0,0.17067729303263557,0.3713728134124136,7773,0.2617296011954683,0.3667824520777049,WEEKEND12,0.9
depth_imbalance_l1,5000,6,6,1.0,0.3130313149610352,0.48244994986590184,4698,0.4042841613383554,0.524904214559387,WEEKEND12,0.9
depth_imbalance_l1,10000,6,6,1.0,0.4547210259956539,0.6395395329225186,3255,0.48903983384167626,0.5993855606758832,WEEKEND12,0.9
depth_imbalance_l1,30000,6,6,1.0,0.40533193030812276,0.7701910251697123,1716,0.5533274301885989,0.6171328671328671,WEEKEND12,0.9
depth_imbalance_l5,100,6,6,1.0,0.029039760054565083,0.08205472855562142,12367,0.043905604291115896,0.07269345839734778,WEEKEND12,0.9
depth_imbalance_l5,200,6,6,1.0,0.036910668759021256,0.10648739999040642,12367,0.05985497025460964,0.09921565456456699,WEEKEND12,0.9
depth_imbalance_l5,500,6,6,1.0,0.06427444047379513,0.15157312290957,12367,0.09587648185261063,0.1501576776906283,WEEKEND12,0.9
depth_imbalance_l5,1000,6,6,1.0,0.09800148598526548,0.22750370425923255,12366,0.1438367100793322,0.2172893417434902,WEEKEND12,0.9
depth_imbalance_l5,2000,6,6,1.0,0.1638867370608044,0.31735616478453715,8006,0.22840414667418266,0.3276292780414689,WEEKEND12,0.9
depth_imbalance_l5,5000,6,6,1.0,0.2858896620725919,0.4860662779404723,4777,0.35040523323214806,0.47979903705254345,WEEKEND12,0.9
depth_imbalance_l5,10000,6,6,1.0,0.3621395810231477,0.6453885576729363,3297,0.4466703358210222,0.5732484076433121,WEEKEND12,0.9
depth_imbalance_l5,30000,6,6,1.0,0.2894313290147609,0.7229726252626829,1713,0.5162551910260899,0.6170461179217747,WEEKEND12,0.9
external_ofi,100,6,6,1.0,0.017841984469356326,0.06594726041998762,32784,0.03345858387785173,0.04901781356759395,WEEKEND12,0.9
external_ofi,200,6,6,1.0,0.02124723638325347,0.08247357442995064,32784,0.0417846059781138,0.0646351878965349,WEEKEND12,0.9
external_ofi,500,6,6,1.0,0.026673037018272058,0.1095469343303362,32784,0.05738916018665867,0.09501586139580283,WEEKEND12,0.9
external_ofi,1000,6,6,1.0,0.03522852685438039,0.13934785543899617,32782,0.07191737645042763,0.13153559880422183,WEEKEND12,0.9
external_ofi,2000,6,6,1.0,0.04491107360416735,0.20718149387966162,22758,0.10343494275609985,0.18006854732401792,WEEKEND12,0.9
external_ofi,5000,6,6,1.0,0.06744021130828344,0.21476488703034388,12403,0.13109446014770434,0.2630008868822059,WEEKEND12,0.9
external_ofi,10000,6,6,1.0,0.1041449830097725,0.3336966718998237,7120,0.17903636841186246,0.34241573033707867,WEEKEND12,0.9
external_ofi,30000,6,6,1.0,0.1505958892758284,0.3034625443956631,2673,0.21793085328413597,0.4403292181069959,WEEKEND12,0.9
external_trade_flow,100,6,6,1.0,0.002647746364821397,0.008733066721303381,69954,0.0047464668105977525,0.011035823541184207,WEEKEND12,0.9
external_trade_flow,200,6,6,1.0,0.0037335987559082187,0.013096709007328785,69954,0.006758406055622963,0.018154787431740857,WEEKEND12,0.9
external_trade_flow,500,6,6,1.0,0.0033131358494796447,0.020202679554284626,69952,0.009426757783022982,0.03671088746569076,WEEKEND12,0.9
external_trade_flow,1000,6,6,1.0,0.004342390078214486,0.02990984418184295,69950,0.01370776506876479,0.0634024303073624,WEEKEND12,0.9
external_trade_flow,2000,6,6,1.0,0.005749465817459756,0.04213818041064844,38645,0.018821974367591147,0.1039203001681977,WEEKEND12,0.9
external_trade_flow,5000,6,6,1.0,0.021830178677534694,0.04824812809624848,16474,0.03371476997071581,0.18926793735583344,WEEKEND12,0.9
external_trade_flow,10000,6,6,1.0,0.003928140038185378,0.13205457924509642,8436,0.038582891802509796,0.2676623992413466,WEEKEND12,0.9
external_trade_flow,30000,6,3,0.5,-0.11266011965178167,0.14652213598802769,2853,0.010928747623378482,0.40168243953732913,WEEKEND12,0.9
fair_accel_100ms,100,6,6,1.0,0.0402817608138342,0.08678322659244386,21401,0.05161291054257982,0.06523059670108873,WEEKEND12,0.9
fair_accel_100ms,200,6,6,1.0,0.0436026151786986,0.10160718320038731,21401,0.05975378239081931,0.08219242091491052,WEEKEND12,0.9
fair_accel_100ms,500,6,6,1.0,0.04868802207653402,0.12302910937176018,21401,0.07395689368754624,0.11373300313069483,WEEKEND12,0.9
fair_accel_100ms,1000,6,6,1.0,0.061138304145086024,0.15575780074134107,21400,0.09341653818474131,0.1552803738317757,WEEKEND12,0.9
fair_accel_100ms,2000,6,6,1.0,0.07980832039983143,0.17354104894738856,15721,0.11869055710057713,0.20978309267858278,WEEKEND12,0.9
fair_accel_100ms,5000,6,6,1.0,0.12759015374902669,0.22862467995650626,9319,0.15247144713755215,0.30743642021676143,WEEKEND12,0.9
fair_accel_100ms,10000,6,6,1.0,0.1485124760343421,0.2759033189686538,5792,0.1854736496054427,0.37396408839779005,WEEKEND12,0.9
fair_accel_100ms,30000,6,6,1.0,0.15139951478938043,0.5801961680349065,2379,0.3061225496432698,0.47414880201765447,WEEKEND12,0.9
fair_gap_reversion,100,6,6,1.0,0.045032735452920775,0.12595644160391145,9944,0.06556833091227042,0.05078439259855189,WEEKEND12,0.9
fair_gap_reversion,200,6,6,1.0,0.04943317902772369,0.1504078523423188,9944,0.07476046893118747,0.0667739340305712,WEEKEND12,0.9
fair_gap_reversion,500,6,6,1.0,0.058521809155171994,0.16970109067818626,9944,0.095229450618614,0.09835076427996782,WEEKEND12,0.9
fair_gap_reversion,1000,6,6,1.0,0.07469872334717957,0.23953841649306007,9944,0.12926631571487054,0.14430812550281577,WEEKEND12,0.9
fair_gap_reversion,2000,6,6,1.0,0.13033510306556953,0.3447060827000471,5835,0.2109629972909046,0.23256212510711224,WEEKEND12,0.9
fair_gap_reversion,5000,6,6,1.0,0.24946752305944236,0.4389905268937486,3226,0.3416362863822024,0.3862368257904526,WEEKEND12,0.9
fair_gap_reversion,10000,6,6,1.0,0.2976011196065946,0.5059055867790622,2224,0.4241053821356818,0.4779676258992806,WEEKEND12,0.9
fair_gap_reversion,30000,6,6,1.0,0.4212519846886002,0.9516295166758559,1240,0.6082804195087332,0.5653225806451613,WEEKEND12,0.9
leader_gap_1000ms,100,6,6,1.0,0.05124427581871647,0.09125848690492394,11866,0.06675967171681971,0.07213888420697792,WEEKEND12,0.9
leader_gap_1000ms,200,6,6,1.0,0.05374435291930125,0.09672120719954659,11866,0.06956116969697194,0.08823529411764706,WEEKEND12,0.9
leader_gap_1000ms,500,6,6,1.0,0.059313676883396414,0.11439664248002315,11866,0.08090932425075409,0.12042811393898534,WEEKEND12,0.9
leader_gap_1000ms,1000,6,6,1.0,0.06920025683993218,0.14588911015267875,11865,0.10007266256497341,0.16485461441213653,WEEKEND12,0.9
leader_gap_1000ms,2000,6,6,1.0,0.08756009123876944,0.17221300045940746,8676,0.12903241567050783,0.23075149838635317,WEEKEND12,0.9
leader_gap_1000ms,5000,6,6,1.0,0.012746034859278122,0.21089373259767827,5847,0.1415349457395864,0.3203352146399863,WEEKEND12,0.9
leader_gap_1000ms,10000,6,6,1.0,0.14828181732748513,0.2883298883822533,4046,0.21324506722258607,0.3961937716262976,WEEKEND12,0.9
leader_gap_1000ms,30000,6,6,1.0,0.11047050567832585,0.6544502405511388,1947,0.2344154483806041,0.48073959938366717,WEEKEND12,0.9
leader_gap_100ms,100,6,6,1.0,0.030292999923976258,0.04047954071589541,23062,0.03452465339043829,0.050862891336397535,WEEKEND12,0.9
leader_gap_100ms,200,6,6,1.0,0.03321818207133983,0.048191387427643215,23062,0.03821440484448159,0.0639146648165814,WEEKEND12,0.9
leader_gap_100ms,500,6,6,1.0,0.03578353982860974,0.05076107515208673,23062,0.042834434539364225,0.08962795941375423,WEEKEND12,0.9
leader_gap_100ms,1000,6,6,1.0,0.03768298336432262,0.07962226386917684,23061,0.04961633291955628,0.12289146177529162,WEEKEND12,0.9
leader_gap_100ms,2000,6,6,1.0,0.040463869579984435,0.08950978825492266,16459,0.059899165080403806,0.1724892156267088,WEEKEND12,0.9
leader_gap_100ms,5000,6,6,1.0,0.012473484193483469,0.1317141117671629,9527,0.07095941469592124,0.2611525139078409,WEEKEND12,0.9
leader_gap_100ms,10000,6,6,1.0,0.09303039149702108,0.19052930988848416,5852,0.1294071128781921,0.3415926179084074,WEEKEND12,0.9
leader_gap_100ms,30000,6,4,0.6666666666666666,-0.020847189830827135,0.3428693259266684,2394,0.07090419255816754,0.42105263157894735,WEEKEND12,0.9
leader_gap_200ms,100,6,6,1.0,0.03271971850367319,0.047151782037018315,21324,0.0390611729372809,0.05458638154192459,WEEKEND12,0.9
leader_gap_200ms,200,6,6,1.0,0.03600292890898025,0.052010275123023336,21324,0.042712949180925816,0.06813918589382854,WEEKEND12,0.9
leader_gap_200ms,500,6,6,1.0,0.041160398568560505,0.0701697985658999,21324,0.051593040216616926,0.09618270493340837,WEEKEND12,0.9
leader_gap_200ms,1000,6,6,1.0,0.04404019146031795,0.08446123905405567,21323,0.06110474732884583,0.1315480936078413,WEEKEND12,0.9
leader_gap_200ms,2000,6,6,1.0,0.04728610517533616,0.10354736650757572,15676,0.07670988256748208,0.1803393722888492,WEEKEND12,0.9
leader_gap_200ms,5000,6,6,1.0,0.025388132554368496,0.1635828937076516,9306,0.08653550339617488,0.26778422523103373,WEEKEND12,0.9
leader_gap_200ms,10000,6,6,1.0,0.08588623343233455,0.21314050788806052,5780,0.12375600233603316,0.3453287197231834,WEEKEND12,0.9
leader_gap_200ms,30000,6,5,0.8333333333333334,-0.08682075508951334,0.2670695669473145,2374,0.14030036025527354,0.43639427127211455,WEEKEND12,0.9
leader_gap_500ms,100,6,6,1.0,0.03946150065718541,0.07313592201028837,15450,0.05317806725242573,0.06543689320388349,WEEKEND12,0.9
leader_gap_500ms,200,6,6,1.0,0.043572728003144975,0.07425447066203752,15450,0.05624320365489112,0.0798705501618123,WEEKEND12,0.9
leader_gap_500ms,500,6,6,1.0,0.05209852568970994,0.10166586546328359,15449,0.06786392533880085,0.11101042138649751,WEEKEND12,0.9
leader_gap_500ms,1000,6,6,1.0,0.05945712569449325,0.11379577327168922,15449,0.08034037047059533,0.1483591170949576,WEEKEND12,0.9
leader_gap_500ms,2000,6,6,1.0,0.05991105525060817,0.14129370071478073,11882,0.09516994410227274,0.197020703585255,WEEKEND12,0.9
leader_gap_500ms,5000,6,6,1.0,0.08874688191210486,0.1998273434709412,7637,0.12756040070488409,0.28636899306010216,WEEKEND12,0.9
leader_gap_500ms,10000,6,6,1.0,0.13208744947013207,0.2177326066129379,4967,0.17494898414221297,0.3585665391584457,WEEKEND12,0.9
leader_gap_500ms,30000,6,6,1.0,0.09257458867161154,0.7295120944007939,2190,0.24868967885537183,0.45844748858447487,WEEKEND12,0.9
bitget_ofi,100,8,8,1.0,0.06537309378189794,0.14276571655462733,23504,0.09446323090127734,0.15452688904016337,WEEKDAY12,0.9
bitget_ofi,200,8,8,1.0,0.09123089131247723,0.18514418325996282,23504,0.12613452737436573,0.20451837985023827,WEEKDAY12,0.9
bitget_ofi,500,8,8,1.0,0.12325664976879443,0.23790319959435288,23503,0.17283535127406469,0.2817087180359954,WEEKDAY12,0.9
bitget_ofi,1000,8,8,1.0,0.15636190259580268,0.28108390103977604,23501,0.21347267046227075,0.3498149014935535,WEEKDAY12,0.9
bitget_ofi,2000,8,8,1.0,0.1850818088345348,0.29847274117627504,17557,0.24542235355908332,0.4142507262060717,WEEKDAY12,0.9
bitget_ofi,5000,8,8,1.0,0.24946638569972823,0.3759685992163466,10529,0.30105838891544595,0.48675087852597587,WEEKDAY12,0.9
bitget_ofi,10000,8,8,1.0,0.21306204047163524,0.5090966347269588,6422,0.3420885037912955,0.5216443475552788,WEEKDAY12,0.9
bitget_ofi,30000,8,6,0.75,-0.15893753049470244,0.5884086566161304,2558,0.16438721330810227,0.5258014073494918,WEEKDAY12,0.9
bitget_trade_flow,100,8,8,1.0,0.029726952582304133,0.08209891955676135,42819,0.05379504823453157,0.083631098344193,WEEKDAY12,0.9
bitget_trade_flow,200,8,8,1.0,0.03385045636353418,0.09881104045230445,42818,0.06403479389483326,0.1122425148302116,WEEKDAY12,0.9
bitget_trade_flow,500,8,8,1.0,0.04159177541381329,0.1283094217945055,42818,0.08230775279531577,0.16747629501611472,WEEKDAY12,0.9
bitget_trade_flow,1000,8,8,1.0,0.054029406373367915,0.14364447850581583,42817,0.09717402794209594,0.22726954247144826,WEEKDAY12,0.9
bitget_trade_flow,2000,8,8,1.0,0.049950903337954336,0.1626726490097609,28104,0.10765548364814108,0.29486905778536865,WEEKDAY12,0.9
bitget_trade_flow,5000,8,8,1.0,0.047300092728886176,0.17697790452871306,14033,0.11109217368838906,0.38851279127770255,WEEKDAY12,0.9
bitget_trade_flow,10000,8,8,1.0,0.057028288398265625,0.18025932520625954,7725,0.12216580407957764,0.4475080906148867,WEEKDAY12,0.9
bitget_trade_flow,30000,8,7,0.875,-0.3331500850775895,0.39708820694755576,2762,0.10943911170698314,0.49348298334540186,WEEKDAY12,0.9
depth_imbalance_l1,100,8,8,1.0,0.08317420326996382,0.20659096032173294,16922,0.14692236680968188,0.21628649095851554,WEEKDAY12,0.9
depth_imbalance_l1,200,8,8,1.0,0.11385872319704497,0.28007131958628156,16922,0.20333860861534048,0.2830043730055549,WEEKDAY12,0.9
depth_imbalance_l1,500,8,8,1.0,0.1811712257658805,0.38831347283272555,16922,0.294712421688049,0.37909230587401016,WEEKDAY12,0.9
depth_imbalance_l1,1000,8,8,1.0,0.2523371852101609,0.4580870524345232,16922,0.37336341078166996,0.46141118071149984,WEEKDAY12,0.9
depth_imbalance_l1,2000,8,8,1.0,0.377022594437602,0.5748428478840718,12037,0.492065834589796,0.5665863587272576,WEEKDAY12,0.9
depth_imbalance_l1,5000,8,8,1.0,0.5032937232809161,0.7466778116181909,7625,0.6265982477045177,0.6314754098360655,WEEKDAY12,0.9
depth_imbalance_l1,10000,8,8,1.0,0.5038585257537831,0.8237227715548546,5094,0.6514912953846773,0.6307420494699647,WEEKDAY12,0.9
depth_imbalance_l1,30000,8,8,1.0,0.4692450523767793,0.8762482785621178,2276,0.719591747178702,0.5957820738137083,WEEKDAY12,0.9
depth_imbalance_l5,100,8,8,1.0,0.0881465886951741,0.17036849163994053,16731,0.12734885989022884,0.18522503137887752,WEEKDAY12,0.9
depth_imbalance_l5,200,8,8,1.0,0.11820681110810621,0.2422525764722177,16731,0.1775488068553468,0.24696670850517005,WEEKDAY12,0.9
depth_imbalance_l5,500,8,8,1.0,0.1798870379753978,0.3456818436076828,16731,0.26571354606311653,0.34486880640726797,WEEKDAY12,0.9
depth_imbalance_l5,1000,8,8,1.0,0.2512860161524753,0.4253286348884132,16730,0.3430523179194503,0.4254632396891811,WEEKDAY12,0.9
depth_imbalance_l5,2000,8,8,1.0,0.33225446690752397,0.531868255812535,11864,0.4529986676324288,0.5326196898179366,WEEKDAY12,0.9
depth_imbalance_l5,5000,8,8,1.0,0.35731887467283924,0.6944691056554211,7498,0.5532241318666805,0.6025606828487596,WEEKDAY12,0.9
depth_imbalance_l5,10000,8,8,1.0,0.2908983620820249,0.8727995491885064,5013,0.5927120522511607,0.6068222621184919,WEEKDAY12,0.9
depth_imbalance_l5,30000,8,8,1.0,0.3523599644689199,0.9176608302801321,2257,0.632767193936083,0.58883473637572,WEEKDAY12,0.9
external_ofi,100,8,8,1.0,0.05265218726868316,0.18302508938157871,32727,0.11936041203137365,0.16475692852995996,WEEKDAY12,0.9
external_ofi,200,8,8,1.0,0.06813398187770772,0.23062862130442047,32726,0.15312669725234193,0.21145266760374015,WEEKDAY12,0.9
external_ofi,500,8,8,1.0,0.0974968181004431,0.28719194744634086,32726,0.2061288398937466,0.28472773941208823,WEEKDAY12,0.9
external_ofi,1000,8,8,1.0,0.12174918171795324,0.3252067611884798,32722,0.2467207378510747,0.34701424118330176,WEEKDAY12,0.9
external_ofi,2000,8,8,1.0,0.14644644481194885,0.428716644838555,22788,0.2943914170050545,0.4105669650693347,WEEKDAY12,0.9
external_ofi,5000,8,8,1.0,0.1876208853738763,0.47631443147512287,12355,0.34454254715713545,0.48158640226628896,WEEKDAY12,0.9
external_ofi,10000,8,8,1.0,0.24444648913401687,0.4883404809287179,7158,0.38129425064595024,0.5177423861413802,WEEKDAY12,0.9
external_ofi,30000,8,8,1.0,0.1358279424895843,0.6562902345408655,2679,0.36484983349183703,0.5255692422545726,WEEKDAY12,0.9
external_trade_flow,100,8,8,1.0,0.004041995013377962,0.020592666587812777,73735,0.01135513143261652,0.02966026988540042,WEEKDAY12,0.9
external_trade_flow,200,8,8,1.0,0.005885630473251707,0.026579921615490058,73735,0.015474214923211438,0.04950159354444972,WEEKDAY12,0.9
external_trade_flow,500,8,8,1.0,0.010141135578004267,0.036998280201524895,73732,0.023276515901306097,0.09816633212173818,WEEKDAY12,0.9
external_trade_flow,1000,8,8,1.0,0.012731926425644722,0.049154777736018805,73729,0.02817586287544965,0.15759063597770212,WEEKDAY12,0.9
external_trade_flow,2000,8,8,1.0,0.012354812520443499,0.06850797267152195,39738,0.037542593575966184,0.23740500276813126,WEEKDAY12,0.9
external_trade_flow,5000,8,7,0.875,-0.03231583106386929,0.17456218910947383,16682,0.07024253835488059,0.35193621867881547,WEEKDAY12,0.9
external_trade_flow,10000,8,7,0.875,-0.0025861836025707252,0.09319191115147465,8486,0.061576331476313625,0.42776337497053973,WEEKDAY12,0.9
external_trade_flow,30000,8,7,0.875,-0.002984797456207931,0.47841257948550225,2858,0.23741860733481004,0.5034989503149055,WEEKDAY12,0.9
fair_accel_100ms,100,8,8,1.0,0.07264653914750353,0.20799090926543318,24130,0.13635686777122857,0.1758806464981351,WEEKDAY12,0.9
fair_accel_100ms,200,8,8,1.0,0.08955353328382913,0.23733651566799013,24130,0.16764990570519053,0.22105263157894736,WEEKDAY12,0.9
fair_accel_100ms,500,8,8,1.0,0.11771890039810612,0.2817006701783703,24129,0.21320396424456015,0.2935471838866095,WEEKDAY12,0.9
fair_accel_100ms,1000,8,8,1.0,0.14604156763256854,0.3287345595769617,24127,0.24791335567142445,0.3548721349525428,WEEKDAY12,0.9
fair_accel_100ms,2000,8,8,1.0,0.16892765545235147,0.3990645715709605,17783,0.29246073095155783,0.41944553787324973,WEEKDAY12,0.9
fair_accel_100ms,5000,8,8,1.0,0.21543601298126192,0.5048911945679969,10494,0.35842750243760196,0.4908519153802173,WEEKDAY12,0.9
fair_accel_100ms,10000,8,8,1.0,0.25711311006109255,0.5054057076795737,6393,0.4004213238006572,0.5290161113718129,WEEKDAY12,0.9
fair_accel_100ms,30000,8,8,1.0,0.20920128291197168,0.7325912972917215,2546,0.3444407022771317,0.549096622152396,WEEKDAY12,0.9
fair_gap_reversion,100,8,8,1.0,0.06529193751345695,0.23888716326969536,12748,0.14121691500860417,0.12794163790398494,WEEKDAY12,0.9
fair_gap_reversion,200,8,8,1.0,0.07889874658355434,0.25393928792077197,12748,0.1672784035166201,0.16661437088170694,WEEKDAY12,0.9
fair_gap_reversion,500,8,8,1.0,0.10561938592362759,0.32782941332221055,12748,0.22001995044689424,0.24199874490116097,WEEKDAY12,0.9
fair_gap_reversion,1000,8,8,1.0,0.12168981312233573,0.3613178114491155,12746,0.27017577517735836,0.31696218421465555,WEEKDAY12,0.9
fair_gap_reversion,2000,8,8,1.0,0.21017276295348147,0.5227861921273328,8589,0.361405658412309,0.42985213645360343,WEEKDAY12,0.9
fair_gap_reversion,5000,8,8,1.0,0.3337788036516137,0.7108760656202738,5405,0.4698029982617537,0.5345050878815911,WEEKDAY12,0.9
fair_gap_reversion,10000,8,8,1.0,0.21610357168294064,0.7721394251195981,3776,0.522768149062774,0.5683262711864406,WEEKDAY12,0.9
fair_gap_reversion,30000,8,8,1.0,0.2979754991935929,1.0866062963591205,1874,0.6770687191379179,0.5709711846318036,WEEKDAY12,0.9
leader_gap_1000ms,100,8,8,1.0,0.051230606370562176,0.19258820224972148,15526,0.1137462601588745,0.12991111683627463,WEEKDAY12,0.9
leader_gap_1000ms,200,8,8,1.0,0.05849933337104946,0.19943571853389533,15526,0.1338681364391542,0.17390184207136417,WEEKDAY12,0.9
leader_gap_1000ms,500,8,8,1.0,0.07555852230665976,0.23527301299843634,15525,0.15978433356139468,0.2484380032206119,WEEKDAY12,0.9
leader_gap_1000ms,1000,8,8,1.0,0.08376645610376932,0.27681480797100655,15523,0.1957986517610889,0.3215873220382658,WEEKDAY12,0.9
leader_gap_1000ms,2000,8,8,1.0,0.10915057992733865,0.33158369651373154,11415,0.22325723644446463,0.40052562417871224,WEEKDAY12,0.9
leader_gap_1000ms,5000,8,8,1.0,0.22043401378910615,0.41689332156945247,7501,0.30636512872143107,0.48713504866017865,WEEKDAY12,0.9
leader_gap_1000ms,10000,8,8,1.0,0.10407950557427327,0.48397667544028944,4998,0.3038447346817137,0.5234093637454982,WEEKDAY12,0.9
leader_gap_1000ms,30000,8,8,1.0,0.1229100109206361,0.7364594665398838,2267,0.42573057510042334,0.5434494927216585,WEEKDAY12,0.9
leader_gap_100ms,100,8,8,1.0,0.03508443292871284,0.1022536987799363,30238,0.07021137242480915,0.11392949269131557,WEEKDAY12,0.9
leader_gap_100ms,200,8,8,1.0,0.038746180338884204,0.12860708685039857,30238,0.08364860870239733,0.14825715986507043,WEEKDAY12,0.9
leader_gap_100ms,500,8,8,1.0,0.04713522481028019,0.15681763922200817,30236,0.10371336423806685,0.21070908850377035,WEEKDAY12,0.9
leader_gap_100ms,1000,8,8,1.0,0.058426268163473204,0.18176880214900934,30234,0.12143632710394399,0.27277237547132366,WEEKDAY12,0.9
leader_gap_100ms,2000,8,8,1.0,0.07071507777109726,0.2295825572440001,21299,0.1422851219553029,0.3444293159303254,WEEKDAY12,0.9
leader_gap_100ms,5000,8,8,1.0,0.11644598337622371,0.23317559156834225,11799,0.17840569874009324,0.4319857615052123,WEEKDAY12,0.9
leader_gap_100ms,10000,8,8,1.0,0.07019068889683643,0.3455767062540035,6909,0.2042049075643579,0.4787957736286004,WEEKDAY12,0.9
leader_gap_100ms,30000,8,7,0.875,-0.10288269203964637,0.3275803523571349,2638,0.12351704934576493,0.5109931766489765,WEEKDAY12,0.9
leader_gap_200ms,100,8,8,1.0,0.03757523479585274,0.12544027257065338,24972,0.08298839638219767,0.12137594105398046,WEEKDAY12,0.9
leader_gap_200ms,200,8,8,1.0,0.04473016090712622,0.14549090620993316,24972,0.09742642050367696,0.15765657536440814,WEEKDAY12,0.9
leader_gap_200ms,500,8,8,1.0,0.05966421506770605,0.16491306252584617,24969,0.1165441986205762,0.2209139332772638,WEEKDAY12,0.9
leader_gap_200ms,1000,8,8,1.0,0.07046573517955185,0.18947731615394237,24967,0.1419833362807081,0.28585733167781474,WEEKDAY12,0.9
leader_gap_200ms,2000,8,8,1.0,0.08870521795551818,0.2506107832077344,18260,0.1576338414929102,0.35613362541073385,WEEKDAY12,0.9
leader_gap_200ms,5000,8,8,1.0,0.15226826645919375,0.2920805688602379,10656,0.21300050078026753,0.43740615615615613,WEEKDAY12,0.9
leader_gap_200ms,10000,8,8,1.0,0.18837407370379286,0.29386999050349216,6488,0.23675171561018218,0.48951911220715166,WEEKDAY12,0.9
leader_gap_200ms,30000,8,8,1.0,0.006768084944017458,0.6984185569836869,2560,0.24960313561191735,0.517578125,WEEKDAY12,0.9
leader_gap_500ms,100,8,8,1.0,0.051680604451806514,0.17989068129068014,18127,0.1057498707677097,0.13311634578253434,WEEKDAY12,0.9
leader_gap_500ms,200,8,8,1.0,0.045210448388460486,0.185037550429822,18127,0.12282915281571928,0.17289126717051911,WEEKDAY12,0.9
leader_gap_500ms,500,8,8,1.0,0.06756889089051411,0.2266393771519742,18125,0.147086557713658,0.24049655172413792,WEEKDAY12,0.9
leader_gap_500ms,1000,8,8,1.0,0.08181221536398785,0.24321479709660113,18123,0.17116242461300019,0.30546818959333444,WEEKDAY12,0.9
leader_gap_500ms,2000,8,8,1.0,0.1059903083046071,0.2545633647578284,13852,0.1871469695525577,0.37402541149292523,WEEKDAY12,0.9
leader_gap_500ms,5000,8,8,1.0,0.16586015099654577,0.29662031919895376,8761,0.22948682778205878,0.4601072936879352,WEEKDAY12,0.9
leader_gap_500ms,10000,8,8,1.0,0.13482331234760225,0.5122822873809447,5621,0.2876674214588854,0.5114748265433197,WEEKDAY12,0.9
leader_gap_500ms,30000,8,8,1.0,0.0600617193670946,0.5706218080326065,2416,0.2973869945510427,0.5223509933774835,WEEKDAY12,0.9
bitget_ofi,100,14,14,1.0,0.020757938783317584,0.14276571655462733,40798,0.07123599035815634,0.11711358399921565,ALL24,0.9
bitget_ofi,200,14,14,1.0,0.026294483268653468,0.18514418325996282,40797,0.09415550161565374,0.15491335147192195,ALL24,0.9
bitget_ofi,500,14,14,1.0,0.03602274454407707,0.23790319959435288,40796,0.12951698962663508,0.21489851946269242,ALL24,0.9
bitget_ofi,1000,14,14,1.0,0.0417425554671372,0.28108390103977604,40793,0.1586304118379081,0.27026695756624913,ALL24,0.9
bitget_ofi,2000,14,14,1.0,0.059671367308293144,0.29847274117627504,31140,0.1883142210299832,0.3270070648683365,ALL24,0.9
bitget_ofi,5000,14,14,1.0,0.102775762988236,0.3759685992163466,19209,0.23576947464527487,0.40720495601020357,ALL24,0.9
bitget_ofi,10000,14,14,1.0,0.13611818664527692,0.5090966347269588,12028,0.27074632024618894,0.45435650149650814,ALL24,0.9
bitget_ofi,30000,14,12,0.8571428571428571,-0.15893753049470244,0.5884086566161304,4958,0.17645630137229767,0.491125453812021,ALL24,0.9
bitget_trade_flow,100,14,14,1.0,0.015380528925192736,0.08209891955676135,69990,0.04375168827143119,0.06680954422060294,ALL24,0.9
bitget_trade_flow,200,14,14,1.0,0.019014708748271627,0.09881104045230445,69989,0.05212512344941638,0.08918544342682422,ALL24,0.9
bitget_trade_flow,500,14,14,1.0,0.02710719775686953,0.1283094217945055,69989,0.06757268365709256,0.1328208718512909,ALL24,0.9
bitget_trade_flow,1000,14,14,1.0,0.03263981805608347,0.14364447850581583,69987,0.08029293025442154,0.18200522954262935,ALL24,0.9
bitget_trade_flow,2000,14,14,1.0,0.04239587400434523,0.1626726490097609,48327,0.08797144907913344,0.23469282181803133,ALL24,0.9
bitget_trade_flow,5000,14,14,1.0,0.047300092728886176,0.17697790452871306,25711,0.09673275946643892,0.3160903893275252,ALL24,0.9
bitget_trade_flow,10000,14,14,1.0,0.03973670450111203,0.2440418718817243,14603,0.11083414306052161,0.3775936451414093,ALL24,0.9
bitget_trade_flow,30000,14,13,0.9285714285714286,-0.3331500850775895,0.39708820694755576,5413,0.1389764936170238,0.4618510992056161,ALL24,0.9
depth_imbalance_l1,100,14,14,1.0,0.03494427823528137,0.20659096032173294,28956,0.10810206161672548,0.16359303771239123,ALL24,0.9
depth_imbalance_l1,200,14,14,1.0,0.04393290114330366,0.28007131958628156,28956,0.14946815380335424,0.2146014642906479,ALL24,0.9
depth_imbalance_l1,500,14,14,1.0,0.06903035379762348,0.38831347283272555,28956,0.22141178377732146,0.29537919602154994,ALL24,0.9
depth_imbalance_l1,1000,14,14,1.0,0.1035655271293905,0.4580870524345232,28955,0.28739897526634417,0.37319979278190296,ALL24,0.9
depth_imbalance_l1,2000,14,14,1.0,0.17067729303263557,0.5748428478840718,19810,0.4016870591140711,0.4881877839475013,ALL24,0.9
depth_imbalance_l1,5000,14,14,1.0,0.3130313149610352,0.7466778116181909,12323,0.5418435956110152,0.590846384808894,ALL24,0.9
depth_imbalance_l1,10000,14,14,1.0,0.4547210259956539,0.8237227715548546,8349,0.5881568233134749,0.6185171876871481,ALL24,0.9
depth_imbalance_l1,30000,14,14,1.0,0.40533193030812276,0.8762482785621178,3992,0.6481214145246398,0.6049599198396793,ALL24,0.9
depth_imbalance_l5,100,14,14,1.0,0.029039760054565083,0.17036849163994053,29098,0.09188447257858438,0.13739775929617157,ALL24,0.9
depth_imbalance_l5,200,14,14,1.0,0.036910668759021256,0.2422525764722177,29098,0.12752751064112877,0.1841707333837377,ALL24,0.9
depth_imbalance_l5,500,14,14,1.0,0.06427444047379513,0.3456818436076828,29098,0.19353075091941851,0.26211423465530276,ALL24,0.9
depth_imbalance_l5,1000,14,14,1.0,0.09800148598526548,0.4253286348884132,29096,0.2583843152197356,0.3369879021171295,ALL24,0.9
depth_imbalance_l5,2000,14,14,1.0,0.1638867370608044,0.531868255812535,19870,0.3625052738331476,0.4500251635631605,ALL24,0.9
depth_imbalance_l5,5000,14,14,1.0,0.2858896620725919,0.6944691056554211,12275,0.4742941213756694,0.554786150712831,ALL24,0.9
depth_imbalance_l5,10000,14,14,1.0,0.2908983620820249,0.8727995491885064,8310,0.5347698694509001,0.5935018050541516,ALL24,0.9
depth_imbalance_l5,30000,14,14,1.0,0.2894313290147609,0.9176608302801321,3970,0.582493878826557,0.601007556675063,ALL24,0.9
external_ofi,100,14,14,1.0,0.017841984469356326,0.18302508938157871,65511,0.0763721270993002,0.10683701973714338,ALL24,0.9
external_ofi,200,14,14,1.0,0.02124723638325347,0.23062862130442047,65510,0.0974063626418352,0.13797893451381468,ALL24,0.9
external_ofi,500,14,14,1.0,0.026673037018272058,0.28719194744634086,65510,0.1316931558834097,0.18978781865364067,ALL24,0.9
external_ofi,1000,14,14,1.0,0.03522852685438039,0.3252067611884798,65504,0.15923899943149705,0.23917623351245726,ALL24,0.9
external_ofi,2000,14,14,1.0,0.04491107360416735,0.428716644838555,45546,0.19897606898420284,0.2953936679401045,ALL24,0.9
external_ofi,5000,14,14,1.0,0.06744021130828344,0.47631443147512287,24758,0.2376115905702555,0.372081751353098,ALL24,0.9
external_ofi,10000,14,14,1.0,0.1041449830097725,0.4883404809287179,14278,0.28043445785237237,0.43031236867908673,ALL24,0.9
external_ofi,30000,14,14,1.0,0.1358279424895843,0.6562902345408655,5352,0.2914726970764437,0.4829970104633782,ALL24,0.9
external_trade_flow,100,14,14,1.0,0.002647746364821397,0.020592666587812777,143689,0.0081377485781969,0.02059308645755764,ALL24,0.9
external_trade_flow,200,14,14,1.0,0.0037335987559082187,0.026579921615490058,143689,0.011230983405675065,0.03424061688786198,ALL24,0.9
external_trade_flow,500,14,14,1.0,0.0033131358494796447,0.036998280201524895,143684,0.016533814696647678,0.06824698644247097,ALL24,0.9
external_trade_flow,1000,14,14,1.0,0.004342390078214486,0.049154777736018805,143679,0.021132081657751822,0.1117351874665052,ALL24,0.9
external_trade_flow,2000,14,14,1.0,0.005749465817459756,0.06850797267152195,78383,0.02831280740667369,0.17159333018639245,ALL24,0.9
external_trade_flow,5000,14,13,0.9285714285714286,-0.03231583106386929,0.17456218910947383,33156,0.052093230345448514,0.27111231752925563,ALL24,0.9
external_trade_flow,10000,14,13,0.9285714285714286,-0.0025861836025707252,0.13205457924509642,16922,0.050113581382458916,0.3479494149627704,ALL24,0.9
external_trade_flow,30000,14,10,0.7142857142857143,-0.11266011965178167,0.47841257948550225,5711,0.1242728238018536,0.45263526527753456,ALL24,0.9
fair_accel_100ms,100,14,14,1.0,0.0402817608138342,0.20799090926543318,45531,0.09652454630562686,0.12387164788825196,ALL24,0.9
fair_accel_100ms,200,14,14,1.0,0.0436026151786986,0.23733651566799013,45531,0.11693533903521053,0.1557839713601722,ALL24,0.9
fair_accel_100ms,500,14,14,1.0,0.04868802207653402,0.2817006701783703,45530,0.14775203020127758,0.20902701515484295,ALL24,0.9
fair_accel_100ms,1000,14,14,1.0,0.061138304145086024,0.3287345595769617,45527,0.17529201241983705,0.26105388011509656,ALL24,0.9
fair_accel_100ms,2000,14,14,1.0,0.07980832039983143,0.3990645715709605,33504,0.21092297715764466,0.321066141356256,ALL24,0.9
fair_accel_100ms,5000,14,14,1.0,0.12759015374902669,0.5048911945679969,19813,0.26155653492429437,0.404582849644173,ALL24,0.9
fair_accel_100ms,10000,14,14,1.0,0.1485124760343421,0.5054057076795737,12185,0.2982484121109828,0.455313910545753,ALL24,0.9
fair_accel_100ms,30000,14,14,1.0,0.15139951478938043,0.7325912972917215,4925,0.32593128397947535,0.5128934010152284,ALL24,0.9
fair_gap_reversion,100,14,14,1.0,0.045032735452920775,0.23888716326969536,22692,0.10806648665262221,0.09413008989952407,ALL24,0.9
fair_gap_reversion,200,14,14,1.0,0.04943317902772369,0.25393928792077197,22692,0.12673555398737885,0.12286268288383571,ALL24,0.9
fair_gap_reversion,500,14,14,1.0,0.058521809155171994,0.32782941332221055,22692,0.16533474287187136,0.1790498854221752,ALL24,0.9
fair_gap_reversion,1000,14,14,1.0,0.07469872334717957,0.3613178114491155,22690,0.20842153697132149,0.24129572498898194,ALL24,0.9
fair_gap_reversion,2000,14,14,1.0,0.13033510306556953,0.5227861921273328,14424,0.30054647041706534,0.3500415973377704,ALL24,0.9
fair_gap_reversion,5000,14,14,1.0,0.24946752305944236,0.7108760656202738,8631,0.4218982580782949,0.47908701193372727,ALL24,0.9
fair_gap_reversion,10000,14,14,1.0,0.21610357168294064,0.7721394251195981,6000,0.4861971501217984,0.5348333333333334,ALL24,0.9
fair_gap_reversion,30000,14,14,1.0,0.2979754991935929,1.0866062963591205,3114,0.6496771033575105,0.5687219010918433,ALL24,0.9
leader_gap_1000ms,100,14,14,1.0,0.051230606370562176,0.19258820224972148,27392,0.0933920378146345,0.1048846378504673,ALL24,0.9
leader_gap_1000ms,200,14,14,1.0,0.05374435291930125,0.19943571853389533,27392,0.10601086178368052,0.1367917640186916,ALL24,0.9
leader_gap_1000ms,500,14,14,1.0,0.059313676883396414,0.23527301299843634,27391,0.1256150494724581,0.19298309663758167,ALL24,0.9
leader_gap_1000ms,1000,14,14,1.0,0.06920025683993218,0.27681480797100655,27388,0.15432834134003184,0.2536877464583029,ALL24,0.9
leader_gap_1000ms,2000,14,14,1.0,0.08756009123876944,0.33158369651373154,20091,0.1825676468254885,0.32721118908964214,ALL24,0.9
leader_gap_1000ms,5000,14,14,1.0,0.012746034859278122,0.41689332156945247,13348,0.23416239573560207,0.41406952352412346,ALL24,0.9
leader_gap_1000ms,10000,14,14,1.0,0.10407950557427327,0.48397667544028944,9044,0.2633133045026303,0.46649712516585584,ALL24,0.9
leader_gap_1000ms,30000,14,14,1.0,0.11047050567832585,0.7364594665398838,4214,0.33733699377069204,0.5144755576649265,ALL24,0.9
leader_gap_100ms,100,14,14,1.0,0.030292999923976258,0.1022536987799363,53300,0.0547703383840838,0.08664165103189493,ALL24,0.9
leader_gap_100ms,200,14,14,1.0,0.03321818207133983,0.12860708685039857,53300,0.0639900043989967,0.11176360225140713,ALL24,0.9
leader_gap_100ms,500,14,14,1.0,0.03578353982860974,0.15681763922200817,53298,0.07737110230119343,0.1583173852677399,ALL24,0.9
leader_gap_100ms,1000,14,14,1.0,0.03768298336432262,0.18176880214900934,53295,0.09035947400541385,0.20791819119992494,ALL24,0.9
leader_gap_100ms,2000,14,14,1.0,0.040463869579984435,0.2295825572440001,37758,0.10637245538917216,0.2694793156417183,ALL24,0.9
leader_gap_100ms,5000,14,14,1.0,0.012473484193483469,0.23317559156834225,21326,0.13040603879032175,0.3556691362655913,ALL24,0.9
leader_gap_100ms,10000,14,14,1.0,0.07019068889683643,0.3455767062540035,12761,0.16990377955687871,0.4158764987069979,ALL24,0.9
leader_gap_100ms,30000,14,11,0.7857142857142857,-0.10288269203964637,0.3428693259266684,5032,0.09848621088203119,0.4682034976152623,ALL24,0.9
leader_gap_200ms,100,14,14,1.0,0.03271971850367319,0.12544027257065338,46296,0.06275545805622124,0.09061257992051149,ALL24,0.9
leader_gap_200ms,200,14,14,1.0,0.03600292890898025,0.14549090620993316,46296,0.07222532186694063,0.11642474511836876,ALL24,0.9
leader_gap_200ms,500,14,14,1.0,0.041160398568560505,0.16491306252584617,46293,0.08662566878224152,0.16345883826928478,ALL24,0.9
leader_gap_200ms,1000,14,14,1.0,0.04404019146031795,0.18947731615394237,46290,0.10472746779462991,0.21477640959170446,ALL24,0.9
leader_gap_200ms,2000,14,14,1.0,0.04728610517533616,0.2506107832077344,33936,0.12025277182898365,0.27492927864214994,ALL24,0.9
leader_gap_200ms,5000,14,14,1.0,0.025388132554368496,0.2920805688602379,19962,0.15404432075540198,0.35833082857429116,ALL24,0.9
leader_gap_200ms,10000,14,14,1.0,0.08588623343233455,0.29386999050349216,12268,0.18351441346438976,0.4215846103684382,ALL24,0.9
leader_gap_200ms,30000,14,13,0.9285714285714286,-0.08682075508951334,0.6984185569836869,4934,0.1970119745465196,0.47851641670044587,ALL24,0.9
leader_gap_500ms,100,14,14,1.0,0.03946150065718541,0.17989068129068014,33577,0.0815596702044927,0.10197456592310213,ALL24,0.9
leader_gap_500ms,200,14,14,1.0,0.043572728003144975,0.185037550429822,33577,0.09219053368551722,0.130089049051434,ALL24,0.9
leader_gap_500ms,500,14,14,1.0,0.05209852568970994,0.2266393771519742,33574,0.1106324429951506,0.18091380234705426,ALL24,0.9
leader_gap_500ms,1000,14,14,1.0,0.05945712569449325,0.24321479709660113,33572,0.12936837259208953,0.23317049922554509,ALL24,0.9
leader_gap_500ms,2000,14,14,1.0,0.05991105525060817,0.2545633647578284,25734,0.144678988811115,0.29229812699152874,ALL24,0.9
leader_gap_500ms,5000,14,14,1.0,0.08874688191210486,0.29662031919895376,16398,0.18201688488729215,0.3791925844615197,ALL24,0.9
leader_gap_500ms,10000,14,14,1.0,0.13208744947013207,0.5122822873809447,10588,0.23478940123297756,0.4397431054023423,ALL24,0.9
leader_gap_500ms,30000,14,14,1.0,0.0600617193670946,0.7295120944007939,4606,0.27423303854289705,0.49196699956578377,ALL24,0.9
bitget_ofi,100,6,6,1.0,0.0332735709284183,0.08598792187281935,10376,0.055363430839268965,0.09213569776407093,WEEKEND12,0.95
bitget_ofi,200,6,6,1.0,0.04229046946942777,0.11232731083621647,10376,0.06832733113280018,0.11478411719352352,WEEKEND12,0.95
bitget_ofi,500,6,6,1.0,0.06024923912819305,0.15448933825598976,10376,0.09423984937528032,0.1569005397070162,WEEKEND12,0.95
bitget_ofi,1000,6,6,1.0,0.07153368815102998,0.16820043416063898,10376,0.10680782171986546,0.19824595219737856,WEEKEND12,0.95
bitget_ofi,2000,6,6,1.0,0.09412092250419883,0.21102708732239162,8783,0.14492842009899234,0.2525333029716498,WEEKEND12,0.95
bitget_ofi,5000,6,6,1.0,0.1491351262307415,0.3768331919010023,6306,0.2200377690708488,0.3460196638122423,WEEKEND12,0.95
bitget_ofi,10000,6,6,1.0,0.1942859273970371,0.391886652098549,4401,0.2565805446931819,0.4126334923880936,WEEKEND12,0.95
bitget_ofi,30000,6,6,1.0,0.22154344652119967,0.5811470605775578,2107,0.33852401865545445,0.4883720930232558,WEEKEND12,0.95
bitget_trade_flow,100,6,6,1.0,0.015380528925192736,0.045848492802838176,27171,0.02792427557922276,0.040300320194324835,WEEKEND12,0.95
bitget_trade_flow,200,6,6,1.0,0.019014708748271627,0.05490771153254748,27171,0.03335701520416005,0.05285046556990909,WEEKEND12,0.95
bitget_trade_flow,500,6,6,1.0,0.02710719775686953,0.07679570339823599,27171,0.04435211060639724,0.07820838393875823,WEEKEND12,0.95
bitget_trade_flow,1000,6,6,1.0,0.03263981805608347,0.09051978606685877,27170,0.05369013453512984,0.11067353698932646,WEEKEND12,0.95
bitget_trade_flow,2000,6,6,1.0,0.04239587400434523,0.12189358632155838,20223,0.060616451921076245,0.151065618355338,WEEKEND12,0.95
bitget_trade_flow,5000,6,6,1.0,0.04811233314903361,0.10655049551656026,11678,0.0794776079185175,0.22906319575269737,WEEKEND12,0.95
bitget_trade_flow,10000,6,6,1.0,0.03973670450111203,0.2440418718817243,6878,0.09810703032830179,0.29906949694678686,WEEKEND12,0.95
bitget_trade_flow,30000,6,6,1.0,0.01844948669384481,0.3479185304655341,2651,0.16975063501103824,0.4288947566955866,WEEKEND12,0.95
depth_imbalance_l1,100,6,6,1.0,0.052597692368801886,0.1112801945951701,6801,0.07334185915734465,0.1199823555359506,WEEKEND12,0.95
depth_imbalance_l1,200,6,6,1.0,0.06313200859106861,0.1507240154728007,6801,0.09762465474464975,0.1517423908248787,WEEKEND12,0.95
depth_imbalance_l1,500,6,6,1.0,0.09529901921289471,0.2209813267210406,6801,0.1469343041052146,0.21805616821055726,WEEKEND12,0.95
depth_imbalance_l1,1000,6,6,1.0,0.1445079243784555,0.27442429604312013,6801,0.20097014597523807,0.2959858844287605,WEEKEND12,0.95
depth_imbalance_l1,2000,6,6,1.0,0.22417086917588497,0.41048340751085205,4657,0.30900102293742987,0.42409276358170495,WEEKEND12,0.95
depth_imbalance_l1,5000,6,6,1.0,0.39532551516171294,0.578599228858142,3099,0.467022135731556,0.5801871571474669,WEEKEND12,0.95
depth_imbalance_l1,10000,6,6,1.0,0.4746635107764609,0.6300918835280388,2358,0.5521796728373296,0.6412213740458015,WEEKEND12,0.95
depth_imbalance_l1,30000,6,6,1.0,0.1985363064920554,0.8479316702245726,1404,0.6198726854121992,0.6588319088319088,WEEKEND12,0.95
depth_imbalance_l5,100,6,6,1.0,0.037627285955903825,0.09419504830630873,6886,0.05883662552654894,0.09628231193726401,WEEKEND12,0.95
depth_imbalance_l5,200,6,6,1.0,0.05707167548415197,0.11955201536948887,6886,0.0793551391734216,0.12663374963694451,WEEKEND12,0.95
depth_imbalance_l5,500,6,6,1.0,0.09118423943278975,0.1870183452483623,6886,0.13026138902092474,0.1906767354051699,WEEKEND12,0.95
depth_imbalance_l5,1000,6,6,1.0,0.1371770084421694,0.25905929037456504,6886,0.18363883066291828,0.26459483009003776,WEEKEND12,0.95
depth_imbalance_l5,2000,6,6,1.0,0.2106961680536319,0.37153955842361136,4706,0.27438149138461326,0.38185295367615807,WEEKEND12,0.95
depth_imbalance_l5,5000,6,6,1.0,0.3512746786206014,0.6166615100838182,3108,0.42284871385568035,0.5376447876447876,WEEKEND12,0.95
depth_imbalance_l5,10000,6,6,1.0,0.39607436071531504,0.7362790265518833,2320,0.5060204279660686,0.6125,WEEKEND12,0.95
depth_imbalance_l5,30000,6,6,1.0,0.3293470771690607,0.9796097967491577,1395,0.5809750979845116,0.6379928315412187,WEEKEND12,0.95
external_ofi,100,6,6,1.0,0.03755084046914354,0.10824214141963291,19925,0.06248298807537886,0.08381430363864492,WEEKEND12,0.95
external_ofi,200,6,6,1.0,0.04125358122805327,0.13352421848881862,19925,0.0754841190876491,0.10504391468005018,WEEKEND12,0.95
external_ofi,500,6,6,1.0,0.05140250032098124,0.17555221780666172,19925,0.09862590096887523,0.14132998745294856,WEEKEND12,0.95
external_ofi,1000,6,6,1.0,0.06239223996566134,0.22195686990388955,19924,0.12028192261663911,0.18379843404938767,WEEKEND12,0.95
external_ofi,2000,6,6,1.0,0.07800047117367048,0.265694932836353,15244,0.15453284876579965,0.23773287850957753,WEEKEND12,0.95
external_ofi,5000,6,6,1.0,0.12926256615019274,0.27512357648214153,9480,0.19535823874567676,0.325,WEEKEND12,0.95
external_ofi,10000,6,6,1.0,0.1596281748102261,0.30213231814095826,5977,0.22294608748605083,0.38715074452066256,WEEKEND12,0.95
external_ofi,30000,6,6,1.0,0.19658498035424984,0.5277935770312607,2465,0.28866826992781736,0.4645030425963489,WEEKEND12,0.95
external_trade_flow,100,6,6,1.0,0.002647746364821397,0.008733066721303381,69954,0.0047464668105977525,0.011035823541184207,WEEKEND12,0.95
external_trade_flow,200,6,6,1.0,0.0037335987559082187,0.013096709007328785,69954,0.006758406055622963,0.018154787431740857,WEEKEND12,0.95
external_trade_flow,500,6,6,1.0,0.0033131358494796447,0.020202679554284626,69952,0.009426757783022982,0.03671088746569076,WEEKEND12,0.95
external_trade_flow,1000,6,6,1.0,0.004342390078214486,0.02990984418184295,69950,0.01370776506876479,0.0634024303073624,WEEKEND12,0.95
external_trade_flow,2000,6,6,1.0,0.005749465817459756,0.04213818041064844,38645,0.018821974367591147,0.1039203001681977,WEEKEND12,0.95
external_trade_flow,5000,6,6,1.0,0.021830178677534694,0.04824812809624848,16474,0.03371476997071581,0.18926793735583344,WEEKEND12,0.95
external_trade_flow,10000,6,6,1.0,0.003928140038185378,0.13205457924509642,8436,0.038582891802509796,0.2676623992413466,WEEKEND12,0.95
external_trade_flow,30000,6,3,0.5,-0.11266011965178167,0.14652213598802769,2853,0.010928747623378482,0.40168243953732913,WEEKEND12,0.95
fair_accel_100ms,100,6,6,1.0,0.05684134445867175,0.12086493253430401,13961,0.07897580166920896,0.09383281999856743,WEEKEND12,0.95
fair_accel_100ms,200,6,6,1.0,0.06294455294736884,0.14703420718804594,13961,0.08958268749344422,0.11345892128071056,WEEKEND12,0.95
fair_accel_100ms,500,6,6,1.0,0.07164732845032448,0.18761131741313322,13961,0.10897128946456743,0.1466943628679894,WEEKEND12,0.95
fair_accel_100ms,1000,6,6,1.0,0.08126347265552272,0.23567119298815017,13960,0.1298546863809695,0.18782234957020058,WEEKEND12,0.95
fair_accel_100ms,2000,6,6,1.0,0.09354308518671763,0.23109848306105418,11137,0.15457700225456933,0.24028014725689145,WEEKEND12,0.95
fair_accel_100ms,5000,6,6,1.0,0.14080817166325515,0.26443190613277845,7272,0.2046742168699525,0.33745874587458746,WEEKEND12,0.95
fair_accel_100ms,10000,6,6,1.0,0.16167684784853578,0.39563268944921626,4816,0.24861858216233595,0.4075996677740864,WEEKEND12,0.95
fair_accel_100ms,30000,6,6,1.0,0.13789738625441852,0.6515014495795769,2161,0.361974426703787,0.4997686256362795,WEEKEND12,0.95
fair_gap_reversion,100,6,6,1.0,0.07849847811778454,0.22031822626558192,5260,0.11576479567204236,0.07737642585551331,WEEKEND12,0.95
fair_gap_reversion,200,6,6,1.0,0.08235292293723823,0.2381476517557396,5260,0.1238286476832468,0.09296577946768061,WEEKEND12,0.95
fair_gap_reversion,500,6,6,1.0,0.09365565577159037,0.27324480045481353,5260,0.14971300093062723,0.12775665399239544,WEEKEND12,0.95
fair_gap_reversion,1000,6,6,1.0,0.11941322354829413,0.3471438727473573,5260,0.18971047363711221,0.1779467680608365,WEEKEND12,0.95
fair_gap_reversion,2000,6,6,1.0,0.19903053738353543,0.582614714094945,3229,0.31421626865277447,0.28213069061628987,WEEKEND12,0.95
fair_gap_reversion,5000,6,6,1.0,0.33588960235588344,0.651893753918862,1949,0.46090312598155087,0.4335556695741406,WEEKEND12,0.95
fair_gap_reversion,10000,6,6,1.0,0.4575709148921712,0.6282569568215739,1435,0.5678093401555597,0.5289198606271777,WEEKEND12,0.95
fair_gap_reversion,30000,6,6,1.0,0.42753435986628385,0.908105740657933,915,0.6691877453751954,0.5967213114754099,WEEKEND12,0.95
leader_gap_1000ms,100,6,6,1.0,0.08037619825884083,0.14190889200704068,6307,0.10365807894992,0.0962422704931029,WEEKEND12,0.95
leader_gap_1000ms,200,6,6,1.0,0.0972887451738115,0.16336019839593638,6307,0.1133521986025533,0.11669573489773268,WEEKEND12,0.95
leader_gap_1000ms,500,6,6,1.0,0.10726638197316594,0.1703730839542468,6307,0.12820295754781108,0.15363881401617252,WEEKEND12,0.95
leader_gap_1000ms,1000,6,6,1.0,0.12238938508803328,0.2050706786750975,6307,0.1531264376658319,0.20437609005866497,WEEKEND12,0.95
leader_gap_1000ms,2000,6,6,1.0,0.15083521442136014,0.2761016667556741,5067,0.19575920933535748,0.27017959344779946,WEEKEND12,0.95
leader_gap_1000ms,5000,6,6,1.0,0.18560071872633674,0.34013191018457073,3826,0.2361633641656145,0.36487192890747516,WEEKEND12,0.95
leader_gap_1000ms,10000,6,6,1.0,0.2173442464377751,0.4232280797375737,2904,0.2838602168409266,0.4290633608815427,WEEKEND12,0.95
leader_gap_1000ms,30000,6,6,1.0,0.1315377805043607,0.5244634024662077,1614,0.3232568844482182,0.5123915737298637,WEEKEND12,0.95
leader_gap_100ms,100,6,6,1.0,0.037908066255779714,0.05537092792604751,19036,0.044641606469764096,0.05993906282832528,WEEKEND12,0.95
leader_gap_100ms,200,6,6,1.0,0.041620288126169525,0.06778275445611975,19036,0.04945333956970834,0.07422777894515654,WEEKEND12,0.95
leader_gap_100ms,500,6,6,1.0,0.04679116099262643,0.07086607186649087,19036,0.05570003024635882,0.10275267913427191,WEEKEND12,0.95
leader_gap_100ms,1000,6,6,1.0,0.053383977153170205,0.10821452363761076,19035,0.07025059898965164,0.14026792750197006,WEEKEND12,0.95
leader_gap_100ms,2000,6,6,1.0,0.05352804690189935,0.10558541037256615,14546,0.0786093267486817,0.1860992712773271,WEEKEND12,0.95
leader_gap_100ms,5000,6,6,1.0,0.06119625254508538,0.15450629268566823,8911,0.10281876975553775,0.2738188755470766,WEEKEND12,0.95
leader_gap_100ms,10000,6,6,1.0,0.11938346027997922,0.20970997206322634,5610,0.14951454785348783,0.3484848484848485,WEEKEND12,0.95
leader_gap_100ms,30000,6,6,1.0,0.08215860970293787,0.36595844422698665,2355,0.14418954102934406,0.437791932059448,WEEKEND12,0.95
leader_gap_200ms,100,6,6,1.0,0.04573883777068453,0.08243805789523677,14325,0.06037916178175259,0.07287958115183246,WEEKEND12,0.95
leader_gap_200ms,200,6,6,1.0,0.05100534433743076,0.09866395815907317,14325,0.065505821543787,0.08781849912739965,WEEKEND12,0.95
leader_gap_200ms,500,6,6,1.0,0.05996598963368368,0.09994735344403213,14325,0.0737485529838537,0.11720767888307156,WEEKEND12,0.95
leader_gap_200ms,1000,6,6,1.0,0.0659509197235484,0.13648131932170332,14324,0.08731184705100352,0.15358838313320303,WEEKEND12,0.95
leader_gap_200ms,2000,6,6,1.0,0.06358941553336074,0.15703767739485275,11433,0.09897358489643998,0.20187177468730866,WEEKEND12,0.95
leader_gap_200ms,5000,6,6,1.0,0.09407076902348285,0.17149683241528685,7459,0.124836858646123,0.2871698619117844,WEEKEND12,0.95
leader_gap_200ms,10000,6,6,1.0,0.043505416009166686,0.20190811224811497,4913,0.14336586253708486,0.35619784245878283,WEEKEND12,0.95
leader_gap_200ms,30000,6,6,1.0,0.09917877394610618,0.2754343851059779,2182,0.16025444971307273,0.4560036663611366,WEEKEND12,0.95
leader_gap_500ms,100,6,6,1.0,0.0769089066799889,0.14006765386542416,8578,0.09252487091542529,0.09372814175798555,WEEKEND12,0.95
leader_gap_500ms,200,6,6,1.0,0.07943663940774043,0.15329904461381721,8578,0.09790471442707536,0.11226393098624388,WEEKEND12,0.95
leader_gap_500ms,500,6,6,1.0,0.08629447996444961,0.12718718064709578,8578,0.10273938481258019,0.14548845884821637,WEEKEND12,0.95
leader_gap_500ms,1000,6,6,1.0,0.09577388207648183,0.16486619500630922,8578,0.12476711811957972,0.19037071578456516,WEEKEND12,0.95
leader_gap_500ms,2000,6,6,1.0,0.10553537914142785,0.20445131825299598,7104,0.1469381994130708,0.24352477477477477,WEEKEND12,0.95
leader_gap_500ms,5000,6,6,1.0,0.046570995922760254,0.23020605931367633,5113,0.14862351525279674,0.325640524154117,WEEKEND12,0.95
leader_gap_500ms,10000,6,6,1.0,0.17447517180365327,0.2789554191319909,3634,0.2266263339545754,0.41029168959823886,WEEKEND12,0.95
leader_gap_500ms,30000,6,6,1.0,0.027978458062249176,0.3871801977619669,1839,0.23373670652194883,0.4850462207721588,WEEKEND12,0.95
bitget_ofi,100,8,8,1.0,0.085114868991756,0.1649463934829943,14985,0.11450992992687195,0.18651985318651984,WEEKDAY12,0.95
bitget_ofi,200,8,8,1.0,0.11081089913345336,0.2052870910245714,14984,0.14779593339744726,0.24152429257875066,WEEKDAY12,0.95
bitget_ofi,500,8,8,1.0,0.15359158481919236,0.24319683242769402,14984,0.1937176113059383,0.31346769887880405,WEEKDAY12,0.95
bitget_ofi,1000,8,8,1.0,0.1801563843104786,0.2818099867550238,14982,0.2315478436604318,0.37825390468562275,WEEKDAY12,0.95
bitget_ofi,2000,8,8,1.0,0.20737482925484835,0.3240131159289238,12206,0.2721942183953202,0.4373259052924791,WEEKDAY12,0.95
bitget_ofi,5000,8,8,1.0,0.19048036235681035,0.4022310201809964,8206,0.3153711918747842,0.4975627589568608,WEEKDAY12,0.95
bitget_ofi,10000,8,8,1.0,0.19036075822936804,0.42995537018059515,5397,0.28727802012674186,0.5156568463961461,WEEKDAY12,0.95
bitget_ofi,30000,8,8,1.0,0.000856595359176844,0.695376820818219,2367,0.24858032000911856,0.5213350232361639,WEEKDAY12,0.95
bitget_trade_flow,100,8,8,1.0,0.029726952582304133,0.08209891955676135,42819,0.05379504823453157,0.083631098344193,WEEKDAY12,0.95
bitget_trade_flow,200,8,8,1.0,0.03385045636353418,0.09881104045230445,42818,0.06403479389483326,0.1122425148302116,WEEKDAY12,0.95
bitget_trade_flow,500,8,8,1.0,0.04159177541381329,0.1283094217945055,42818,0.08230775279531577,0.16747629501611472,WEEKDAY12,0.95
bitget_trade_flow,1000,8,8,1.0,0.054029406373367915,0.14364447850581583,42817,0.09717402794209594,0.22726954247144826,WEEKDAY12,0.95
bitget_trade_flow,2000,8,8,1.0,0.049950903337954336,0.1626726490097609,28104,0.10765548364814108,0.29486905778536865,WEEKDAY12,0.95
bitget_trade_flow,5000,8,8,1.0,0.047300092728886176,0.17697790452871306,14033,0.11109217368838906,0.38851279127770255,WEEKDAY12,0.95
bitget_trade_flow,10000,8,8,1.0,0.057028288398265625,0.18025932520625954,7725,0.12216580407957764,0.4475080906148867,WEEKDAY12,0.95
bitget_trade_flow,30000,8,7,0.875,-0.3331500850775895,0.39708820694755576,2762,0.10943911170698314,0.49348298334540186,WEEKDAY12,0.95
depth_imbalance_l1,100,8,8,1.0,0.11586512738057186,0.2577210292593544,9727,0.1896577693570015,0.27068983242520817,WEEKDAY12,0.95
depth_imbalance_l1,200,8,8,1.0,0.15664764687719798,0.3375710964071913,9727,0.25366271832136983,0.3427572735684178,WEEKDAY12,0.95
depth_imbalance_l1,500,8,8,1.0,0.22747119340248273,0.4732156650554855,9727,0.3550925543061504,0.4355916521023954,WEEKDAY12,0.95
depth_imbalance_l1,1000,8,8,1.0,0.30775469619782575,0.54760763635355,9725,0.44162897682838553,0.5193830334190231,WEEKDAY12,0.95
depth_imbalance_l1,2000,8,8,1.0,0.4547217532743424,0.6582005775745345,7453,0.5626983360299387,0.6227022675432712,WEEKDAY12,0.95
depth_imbalance_l1,5000,8,8,1.0,0.582157162542463,0.7566091086538582,5262,0.6656300874849201,0.6628658304827062,WEEKDAY12,0.95
depth_imbalance_l1,10000,8,8,1.0,0.47758821160837434,0.8347218970331528,3856,0.6746589599639221,0.6348547717842323,WEEKDAY12,0.95
depth_imbalance_l1,30000,8,8,1.0,0.6098520422293123,1.0645547998345561,1957,0.7559391242248025,0.6060296371997956,WEEKDAY12,0.95
depth_imbalance_l5,100,8,8,1.0,0.12004354766957628,0.238053853734603,9702,0.16778136070200875,0.2290249433106576,WEEKDAY12,0.95
depth_imbalance_l5,200,8,8,1.0,0.15831115656977085,0.3310225738178053,9702,0.23041690846408322,0.2985982271696557,WEEKDAY12,0.95
depth_imbalance_l5,500,8,8,1.0,0.22977948245711174,0.42749782115627827,9702,0.32915226307184087,0.3948670377241806,WEEKDAY12,0.95
depth_imbalance_l5,1000,8,8,1.0,0.30483460002903295,0.4981924533948045,9701,0.41443409428618516,0.4785073703741882,WEEKDAY12,0.95
depth_imbalance_l5,2000,8,8,1.0,0.41609135001463604,0.6019387661847735,7443,0.5287858079849245,0.5790675802767701,WEEKDAY12,0.95
depth_imbalance_l5,5000,8,8,1.0,0.4888526606444317,0.7398177948202213,5256,0.6395681872317645,0.6343226788432268,WEEKDAY12,0.95
depth_imbalance_l5,10000,8,8,1.0,0.5379391335094065,0.8285941013525057,3846,0.6738132451222651,0.6263650546021841,WEEKDAY12,0.95
depth_imbalance_l5,30000,8,8,1.0,0.19256394214524722,0.8274724403252137,1967,0.6225013373922984,0.6065073716319268,WEEKDAY12,0.95
external_ofi,100,8,8,1.0,0.09405079474685231,0.26656402445000904,20374,0.18825909346314115,0.23623245312653382,WEEKDAY12,0.95
external_ofi,200,8,8,1.0,0.11908023375407722,0.3126822711839291,20373,0.2319194173066924,0.29170961566779563,WEEKDAY12,0.95
external_ofi,500,8,8,1.0,0.16085371233383242,0.3766231079996402,20372,0.2920203609665884,0.3666797565285686,WEEKDAY12,0.95
external_ofi,1000,8,8,1.0,0.1979581067992091,0.38429230086442634,20370,0.3321595122929143,0.42415316642120765,WEEKDAY12,0.95
external_ofi,2000,8,8,1.0,0.2471525743091037,0.4647173070457987,15614,0.38553865136035376,0.48085051876521073,WEEKDAY12,0.95
external_ofi,5000,8,8,1.0,0.3264938723887075,0.5744546008821906,9678,0.4523075378870282,0.5334779913205208,WEEKDAY12,0.95
external_ofi,10000,8,8,1.0,0.3943917276931885,0.5860995132995979,6091,0.48855458191088225,0.5621408635692005,WEEKDAY12,0.95
external_ofi,30000,8,8,1.0,0.35975399706234773,0.9702818010117374,2497,0.5450638929689888,0.5690828994793753,WEEKDAY12,0.95
external_trade_flow,100,8,8,1.0,0.004041995013377962,0.020592666587812777,73735,0.01135513143261652,0.02966026988540042,WEEKDAY12,0.95
external_trade_flow,200,8,8,1.0,0.005885630473251707,0.026579921615490058,73735,0.015474214923211438,0.04950159354444972,WEEKDAY12,0.95
external_trade_flow,500,8,8,1.0,0.010141135578004267,0.036998280201524895,73732,0.023276515901306097,0.09816633212173818,WEEKDAY12,0.95
external_trade_flow,1000,8,8,1.0,0.012731926425644722,0.049154777736018805,73729,0.02817586287544965,0.15759063597770212,WEEKDAY12,0.95
external_trade_flow,2000,8,8,1.0,0.012354812520443499,0.06850797267152195,39738,0.037542593575966184,0.23740500276813126,WEEKDAY12,0.95
external_trade_flow,5000,8,7,0.875,-0.03231583106386929,0.17456218910947383,16682,0.07024253835488059,0.35193621867881547,WEEKDAY12,0.95
external_trade_flow,10000,8,7,0.875,-0.0025861836025707252,0.09319191115147465,8486,0.061576331476313625,0.42776337497053973,WEEKDAY12,0.95
external_trade_flow,30000,8,7,0.875,-0.002984797456207931,0.47841257948550225,2858,0.23741860733481004,0.5034989503149055,WEEKDAY12,0.95
fair_accel_100ms,100,8,8,1.0,0.10652837379792372,0.2947448587512129,15434,0.19724810240521712,0.23525981599066995,WEEKDAY12,0.95
fair_accel_100ms,200,8,8,1.0,0.12505797172766023,0.32105666600152455,15434,0.23317861584078836,0.28359466113774784,WEEKDAY12,0.95
fair_accel_100ms,500,8,8,1.0,0.16210721975851977,0.3651549689046702,15433,0.2836593685442569,0.3559256139441457,WEEKDAY12,0.95
fair_accel_100ms,1000,8,8,1.0,0.1968318204962943,0.3979267974828959,15431,0.3159678605725353,0.4139718747974856,WEEKDAY12,0.95
fair_accel_100ms,2000,8,8,1.0,0.22548157355507545,0.4608358968231558,12351,0.3493983089508501,0.46894988260059917,WEEKDAY12,0.95
fair_accel_100ms,5000,8,8,1.0,0.2739578244316084,0.577820640112912,8143,0.4361019100754758,0.529534569568955,WEEKDAY12,0.95
fair_accel_100ms,10000,8,8,1.0,0.33005120264072385,0.6873181061265743,5349,0.4729804238999124,0.5563656758272574,WEEKDAY12,0.95
fair_accel_100ms,30000,8,8,1.0,0.2202539994554963,0.898706059195629,2347,0.5310647296791878,0.5551768214742224,WEEKDAY12,0.95
fair_gap_reversion,100,8,8,1.0,0.09702192159777195,0.3918107483576165,7144,0.223325577769473,0.1759518477043673,WEEKDAY12,0.95
fair_gap_reversion,200,8,8,1.0,0.11114920300986354,0.41570363973280333,7144,0.26582877468140426,0.21822508398656215,WEEKDAY12,0.95
fair_gap_reversion,500,8,8,1.0,0.16185147877566605,0.49239189706063313,7144,0.31915642214976003,0.2988521836506159,WEEKDAY12,0.95
fair_gap_reversion,1000,8,8,1.0,0.17344229298591476,0.5516480440460746,7143,0.386570151451219,0.37057258854822905,WEEKDAY12,0.95
fair_gap_reversion,2000,8,8,1.0,0.2724011313230917,0.7204765868905731,5098,0.5083254792119684,0.4858768144370341,WEEKDAY12,0.95
fair_gap_reversion,5000,8,8,1.0,0.4546864314900713,0.86749521854233,3562,0.6507094152502331,0.5788882650196518,WEEKDAY12,0.95
fair_gap_reversion,10000,8,8,1.0,0.35424868462159026,1.0165592082013428,2670,0.6729914473558355,0.6059925093632959,WEEKDAY12,0.95
fair_gap_reversion,30000,8,8,1.0,0.4147701650493208,1.5868485217370067,1535,0.7987708360083732,0.5954397394136808,WEEKDAY12,0.95
leader_gap_1000ms,100,8,8,1.0,0.06792035530669195,0.2970600479464726,9344,0.1659336435266513,0.15903253424657535,WEEKDAY12,0.95
leader_gap_1000ms,200,8,8,1.0,0.07441920200117136,0.30659522120677457,9344,0.19021929145416372,0.2053724315068493,WEEKDAY12,0.95
leader_gap_1000ms,500,8,8,1.0,0.09566999539832517,0.3445836336278509,9343,0.2343500304206529,0.28834421492026113,WEEKDAY12,0.95
leader_gap_1000ms,1000,8,8,1.0,0.10322783779197607,0.40968339245678886,9342,0.2809462290240671,0.3613787197602227,WEEKDAY12,0.95
leader_gap_1000ms,2000,8,8,1.0,0.11876859134130978,0.5144864499856986,7250,0.3362010903947176,0.44468965517241377,WEEKDAY12,0.95
leader_gap_1000ms,5000,8,8,1.0,0.19692935905535275,0.526144815110228,5293,0.39165106501138325,0.5206877007368222,WEEKDAY12,0.95
leader_gap_1000ms,10000,8,8,1.0,0.25958602330759156,0.628564742951345,3828,0.4487724212657171,0.5574712643678161,WEEKDAY12,0.95
leader_gap_1000ms,30000,8,8,1.0,0.1648299220263733,0.9458045685316405,1949,0.48997166179379453,0.5515649050795279,WEEKDAY12,0.95
leader_gap_100ms,100,8,8,1.0,0.042935436394078694,0.15905248467170294,21224,0.09690928250110199,0.1342348284960422,WEEKDAY12,0.95
leader_gap_100ms,200,8,8,1.0,0.049252742682702064,0.16267122448369287,21224,0.11212549882118218,0.1708914436486996,WEEKDAY12,0.95
leader_gap_100ms,500,8,8,1.0,0.05868197772586375,0.18128630353146957,21223,0.13135377402963716,0.2325307449465203,WEEKDAY12,0.95
leader_gap_100ms,1000,8,8,1.0,0.07558625866162397,0.20293640401113833,21221,0.15287963627646198,0.2952264266528439,WEEKDAY12,0.95
leader_gap_100ms,2000,8,8,1.0,0.09183375443836335,0.241924573444464,16186,0.15890096056910477,0.35956999876436424,WEEKDAY12,0.95
leader_gap_100ms,5000,8,8,1.0,0.13417033600176392,0.2622772100964771,9861,0.21194126261478663,0.4454923435757023,WEEKDAY12,0.95
leader_gap_100ms,10000,8,8,1.0,0.13462943970369193,0.36695851160774,6147,0.23128954281241185,0.49796648771758584,WEEKDAY12,0.95
leader_gap_100ms,30000,8,7,0.875,-0.07835317776386722,0.7843277988437747,2502,0.2931238979747822,0.5179856115107914,WEEKDAY12,0.95
leader_gap_200ms,100,8,8,1.0,0.05626093264240566,0.21100113369838094,16093,0.11930434530962639,0.14459702976449387,WEEKDAY12,0.95
leader_gap_200ms,200,8,8,1.0,0.05508166009509979,0.21038728274488788,16093,0.13582308231779758,0.18343379108929347,WEEKDAY12,0.95
leader_gap_200ms,500,8,8,1.0,0.07300925729882694,0.26555812856156863,16092,0.1629968074031093,0.2513049962714392,WEEKDAY12,0.95
leader_gap_200ms,1000,8,8,1.0,0.08502434079553735,0.2952133149895017,16090,0.18631068823318986,0.3151025481665631,WEEKDAY12,0.95
leader_gap_200ms,2000,8,8,1.0,0.10888382310896914,0.28681726533378077,12748,0.19624377882811567,0.3757452149356762,WEEKDAY12,0.95
leader_gap_200ms,5000,8,8,1.0,0.13399022744419534,0.33908876128716253,8326,0.24707799305772077,0.4590439586836416,WEEKDAY12,0.95
leader_gap_200ms,10000,8,8,1.0,0.12748512035137707,0.468965514208271,5429,0.2943097983879256,0.5096702891876957,WEEKDAY12,0.95
leader_gap_200ms,30000,8,6,0.75,-0.17499379528122297,0.5187260588300066,2366,0.255376695833044,0.5139475908706678,WEEKDAY12,0.95
leader_gap_500ms,100,8,8,1.0,0.06981515214870562,0.2713614882838655,11006,0.15233643302930774,0.16036707250590587,WEEKDAY12,0.95
leader_gap_500ms,200,8,8,1.0,0.07256539153399146,0.28354911286826995,11006,0.17814060367548973,0.205524259494821,WEEKDAY12,0.95
leader_gap_500ms,500,8,8,1.0,0.09357963596704369,0.34408988359071085,11005,0.20946072353565753,0.27996365288505226,WEEKDAY12,0.95
leader_gap_500ms,1000,8,8,1.0,0.09455504549371366,0.38820362647380896,11004,0.24527209084786314,0.3510541621228644,WEEKDAY12,0.95
leader_gap_500ms,2000,8,8,1.0,0.11505125447920049,0.4166860202731388,8996,0.26511901532830606,0.4129613161405069,WEEKDAY12,0.95
leader_gap_500ms,5000,8,8,1.0,0.14099319515129807,0.5260096795096365,6366,0.33643730262457977,0.5014137606032045,WEEKDAY12,0.95
leader_gap_500ms,10000,8,8,1.0,0.044841458241450145,0.4664435951676533,4453,0.36760661602128286,0.535593981585448,WEEKDAY12,0.95
leader_gap_500ms,30000,8,7,0.875,-0.15778369203685141,0.8392006550438834,2123,0.4056490422200515,0.5445124823363166,WEEKDAY12,0.95
bitget_ofi,100,14,14,1.0,0.0332735709284183,0.1649463934829943,25361,0.0903111966540133,0.14790426245021884,ALL24,0.95
bitget_ofi,200,14,14,1.0,0.04229046946942777,0.2052870910245714,25360,0.11528149266014533,0.18966876971608831,ALL24,0.95
bitget_ofi,500,14,14,1.0,0.06024923912819305,0.24319683242769402,25360,0.15301645760749558,0.24940851735015773,ALL24,0.95
bitget_ofi,1000,14,14,1.0,0.07153368815102998,0.2818099867550238,25358,0.18050665477900119,0.3045981544285827,ALL24,0.95
bitget_ofi,2000,14,14,1.0,0.09412092250419883,0.3240131159289238,20989,0.21893891769320736,0.3599980942398399,ALL24,0.95
bitget_ofi,5000,14,14,1.0,0.1491351262307415,0.4022310201809964,14512,0.27394529853123284,0.4317116868798236,ALL24,0.95
bitget_ofi,10000,14,14,1.0,0.19036075822936804,0.42995537018059515,9798,0.27348953376390284,0.46938150642988363,ALL24,0.95
bitget_ofi,30000,14,14,1.0,0.000856595359176844,0.695376820818219,4474,0.2909386957462285,0.505811354492624,ALL24,0.95
bitget_trade_flow,100,14,14,1.0,0.015380528925192736,0.08209891955676135,69990,0.04375168827143119,0.06680954422060294,ALL24,0.95
bitget_trade_flow,200,14,14,1.0,0.019014708748271627,0.09881104045230445,69989,0.05212512344941638,0.08918544342682422,ALL24,0.95
bitget_trade_flow,500,14,14,1.0,0.02710719775686953,0.1283094217945055,69989,0.06757268365709256,0.1328208718512909,ALL24,0.95
bitget_trade_flow,1000,14,14,1.0,0.03263981805608347,0.14364447850581583,69987,0.08029293025442154,0.18200522954262935,ALL24,0.95
bitget_trade_flow,2000,14,14,1.0,0.04239587400434523,0.1626726490097609,48327,0.08797144907913344,0.23469282181803133,ALL24,0.95
bitget_trade_flow,5000,14,14,1.0,0.047300092728886176,0.17697790452871306,25711,0.09673275946643892,0.3160903893275252,ALL24,0.95
bitget_trade_flow,10000,14,14,1.0,0.03973670450111203,0.2440418718817243,14603,0.11083414306052161,0.3775936451414093,ALL24,0.95
bitget_trade_flow,30000,14,13,0.9285714285714286,-0.3331500850775895,0.39708820694755576,5413,0.1389764936170238,0.4618510992056161,ALL24,0.95
depth_imbalance_l1,100,14,14,1.0,0.052597692368801886,0.2577210292593544,16528,0.14179568651165628,0.20867618586640851,ALL24,0.95
depth_imbalance_l1,200,14,14,1.0,0.06313200859106861,0.3375710964071913,16528,0.18945562306572644,0.26415779283639884,ALL24,0.95
depth_imbalance_l1,500,14,14,1.0,0.09529901921289471,0.4732156650554855,16528,0.2694388599924667,0.34607938044530495,ALL24,0.95
depth_imbalance_l1,1000,14,14,1.0,0.1445079243784555,0.54760763635355,16526,0.3425898440296287,0.4274476582355077,ALL24,0.95
depth_imbalance_l1,2000,14,14,1.0,0.22417086917588497,0.6582005775745345,12110,0.4651369498142645,0.5463253509496284,ALL24,0.95
depth_imbalance_l1,5000,14,14,1.0,0.39532551516171294,0.7566091086538582,8361,0.5920161606240572,0.6322210261930391,ALL24,0.95
depth_imbalance_l1,10000,14,14,1.0,0.4746635107764609,0.8347218970331528,6214,0.6281822687755562,0.6372706791116833,ALL24,0.95
depth_imbalance_l1,30000,14,14,1.0,0.1985363064920554,1.0645547998345561,3361,0.6990997073569372,0.6280868789050877,ALL24,0.95
depth_imbalance_l5,100,14,14,1.0,0.037627285955903825,0.238053853734603,16588,0.12255629159071044,0.17392090667952737,ALL24,0.95
depth_imbalance_l5,200,14,14,1.0,0.05707167548415197,0.3310225738178053,16588,0.16770824296278738,0.2272124427296841,ALL24,0.95
depth_imbalance_l5,500,14,14,1.0,0.09118423943278975,0.42749782115627827,16588,0.2465888100507046,0.31010368941403427,ALL24,0.95
depth_imbalance_l5,1000,14,14,1.0,0.1371770084421694,0.4981924533948045,16587,0.31862073531169816,0.3897027792849822,ALL24,0.95
depth_imbalance_l5,2000,14,14,1.0,0.2106961680536319,0.6019387661847735,12149,0.43024051916106537,0.5026751172936044,ALL24,0.95
depth_imbalance_l5,5000,14,14,1.0,0.3512746786206014,0.7398177948202213,8364,0.559036847770637,0.5983978957436633,ALL24,0.95
depth_imbalance_l5,10000,14,14,1.0,0.39607436071531504,0.8285941013525057,6166,0.6106800411322594,0.6211482322413234,ALL24,0.95
depth_imbalance_l5,30000,14,14,1.0,0.19256394214524722,0.9796097967491577,3362,0.6052707889170271,0.6195716835217132,ALL24,0.95
external_ofi,100,14,14,1.0,0.03755084046914354,0.26656402445000904,40299,0.12607172157175023,0.16087247822526612,ALL24,0.95
external_ofi,200,14,14,1.0,0.04125358122805327,0.3126822711839291,40298,0.15457132764927917,0.19941436299568216,ALL24,0.95
external_ofi,500,14,14,1.0,0.05140250032098124,0.3766231079996402,40297,0.19639575825535843,0.2552547336029977,ALL24,0.95
external_ofi,1000,14,14,1.0,0.06239223996566134,0.38429230086442634,40294,0.2273933164148653,0.30530600089343324,ALL24,0.95
external_ofi,2000,14,14,1.0,0.07800047117367048,0.4647173070457987,30858,0.2714206769371448,0.3607492384470802,ALL24,0.95
external_ofi,5000,14,14,1.0,0.12926256615019274,0.5744546008821906,19158,0.32516068770120443,0.4303163169433135,ALL24,0.95
external_ofi,10000,14,14,1.0,0.1596281748102261,0.5860995132995979,12068,0.3570048660360714,0.4754723235001657,ALL24,0.95
external_ofi,30000,14,14,1.0,0.19658498035424984,0.9702818010117374,4962,0.4176928307367261,0.5171301894397421,ALL24,0.95
external_trade_flow,100,14,14,1.0,0.002647746364821397,0.020592666587812777,143689,0.0081377485781969,0.02059308645755764,ALL24,0.95
external_trade_flow,200,14,14,1.0,0.0037335987559082187,0.026579921615490058,143689,0.011230983405675065,0.03424061688786198,ALL24,0.95
external_trade_flow,500,14,14,1.0,0.0033131358494796447,0.036998280201524895,143684,0.016533814696647678,0.06824698644247097,ALL24,0.95
external_trade_flow,1000,14,14,1.0,0.004342390078214486,0.049154777736018805,143679,0.021132081657751822,0.1117351874665052,ALL24,0.95
external_trade_flow,2000,14,14,1.0,0.005749465817459756,0.06850797267152195,78383,0.02831280740667369,0.17159333018639245,ALL24,0.95
external_trade_flow,5000,14,13,0.9285714285714286,-0.03231583106386929,0.17456218910947383,33156,0.052093230345448514,0.27111231752925563,ALL24,0.95
external_trade_flow,10000,14,13,0.9285714285714286,-0.0025861836025707252,0.13205457924509642,16922,0.050113581382458916,0.3479494149627704,ALL24,0.95
external_trade_flow,30000,14,10,0.7142857142857143,-0.11266011965178167,0.47841257948550225,5711,0.1242728238018536,0.45263526527753456,ALL24,0.95
fair_accel_100ms,100,14,14,1.0,0.05684134445867175,0.2947448587512129,29395,0.14107529782704362,0.16808981119237965,ALL24,0.95
fair_accel_100ms,200,14,14,1.0,0.06294455294736884,0.32105666600152455,29395,0.16497848807561494,0.20278959006633782,ALL24,0.95
fair_accel_100ms,500,14,14,1.0,0.07164732845032448,0.3651549689046702,29394,0.20068936541329327,0.2565489555691638,ALL24,0.95
fair_accel_100ms,1000,14,14,1.0,0.08126347265552272,0.3979267974828959,29391,0.22756869376248262,0.30655642883876016,ALL24,0.95
fair_accel_100ms,2000,14,14,1.0,0.09354308518671763,0.4608358968231558,23488,0.2570224194465722,0.36052452316076294,ALL24,0.95
fair_accel_100ms,5000,14,14,1.0,0.14080817166325515,0.577820640112912,15415,0.3269262899009337,0.43892312682452156,ALL24,0.95
fair_accel_100ms,10000,14,14,1.0,0.16167684784853578,0.6873181061265743,10165,0.36668169002798245,0.4858829316281358,ALL24,0.95
fair_accel_100ms,30000,14,14,1.0,0.13789738625441852,0.898706059195629,4508,0.45000790964151227,0.5286157941437445,ALL24,0.95
fair_gap_reversion,100,14,14,1.0,0.07849847811778454,0.3918107483576165,12404,0.17771370145276183,0.13415027410512737,ALL24,0.95
fair_gap_reversion,200,14,14,1.0,0.08235292293723823,0.41570363973280333,12404,0.2056126614912794,0.16510802966784907,ALL24,0.95
fair_gap_reversion,500,14,14,1.0,0.09365565577159037,0.49239189706063313,12404,0.24730279464148539,0.2262979683972912,ALL24,0.95
fair_gap_reversion,1000,14,14,1.0,0.11941322354829413,0.5516480440460746,12403,0.3030837445091726,0.2888817221639926,ALL24,0.95
fair_gap_reversion,2000,14,14,1.0,0.19903053738353543,0.7204765868905731,8327,0.4330548366161191,0.40686922060766184,ALL24,0.95
fair_gap_reversion,5000,14,14,1.0,0.33588960235588344,0.86749521854233,5511,0.5835832207692565,0.5274904735982581,ALL24,0.95
fair_gap_reversion,10000,14,14,1.0,0.35424868462159026,1.0165592082013428,4105,0.636222549954521,0.5790499390986602,ALL24,0.95
fair_gap_reversion,30000,14,14,1.0,0.4147701650493208,1.5868485217370067,2450,0.7503755184861863,0.5959183673469388,ALL24,0.95
leader_gap_1000ms,100,14,14,1.0,0.06792035530669195,0.2970600479464726,15651,0.1408379955945419,0.13372947415500608,ALL24,0.95
leader_gap_1000ms,200,14,14,1.0,0.07441920200117136,0.30659522120677457,15651,0.15924358673145547,0.1696377228292122,ALL24,0.95
leader_gap_1000ms,500,14,14,1.0,0.09566999539832517,0.3445836336278509,15650,0.19157242092486929,0.23405750798722044,ALL24,0.95
leader_gap_1000ms,1000,14,14,1.0,0.10322783779197607,0.40968339245678886,15649,0.2294311530386118,0.2981021151511279,ALL24,0.95
leader_gap_1000ms,2000,14,14,1.0,0.11876859134130978,0.5144864499856986,12317,0.2784257383343313,0.37289924494600957,ALL24,0.95
leader_gap_1000ms,5000,14,14,1.0,0.18560071872633674,0.526144815110228,9119,0.326414093475479,0.4553130825748437,ALL24,0.95
leader_gap_1000ms,10000,14,14,1.0,0.2173442464377751,0.628564742951345,6732,0.37763382327855266,0.5020796197266786,ALL24,0.95
leader_gap_1000ms,30000,14,14,1.0,0.1315377805043607,0.9458045685316405,3563,0.4144516924882206,0.5338198147628404,ALL24,0.95
leader_gap_100ms,100,14,14,1.0,0.037908066255779714,0.15905248467170294,40260,0.07219573354599647,0.09910581222056632,ALL24,0.95
leader_gap_100ms,200,14,14,1.0,0.041620288126169525,0.16267122448369287,40260,0.08249243316020216,0.12518628912071536,ALL24,0.95
leader_gap_100ms,500,14,14,1.0,0.04679116099262643,0.18128630353146957,40259,0.09558178101792583,0.17116669564569412,ALL24,0.95
leader_gap_100ms,1000,14,14,1.0,0.053383977153170205,0.20293640401113833,40256,0.11380859780382598,0.22195449125596184,ALL24,0.95
leader_gap_100ms,2000,14,14,1.0,0.05352804690189935,0.241924573444464,30732,0.12089750796101308,0.2774632305089158,ALL24,0.95
leader_gap_100ms,5000,14,14,1.0,0.06119625254508538,0.2622772100964771,18772,0.1601412128668234,0.36399957383336884,ALL24,0.95
leader_gap_100ms,10000,14,14,1.0,0.11938346027997922,0.36695851160774,11757,0.192269578389552,0.4266394488389895,ALL24,0.95
leader_gap_100ms,30000,14,13,0.9285714285714286,-0.07835317776386722,0.7843277988437747,4857,0.22091051304447404,0.47910232653901585,ALL24,0.95
leader_gap_200ms,100,14,14,1.0,0.04573883777068453,0.21100113369838094,30418,0.09155422189464867,0.11082253928594911,ALL24,0.95
leader_gap_200ms,200,14,14,1.0,0.05100534433743076,0.21038728274488788,30418,0.10270799386399715,0.13840489184035767,ALL24,0.95
leader_gap_200ms,500,14,14,1.0,0.05996598963368368,0.26555812856156863,30417,0.12096500793058286,0.18815136272479205,ALL24,0.95
leader_gap_200ms,1000,14,14,1.0,0.0659509197235484,0.2952133149895017,30414,0.1396854695479253,0.23903465509304925,ALL24,0.95
leader_gap_200ms,2000,14,14,1.0,0.06358941553336074,0.28681726533378077,24181,0.15025353329563776,0.29353624746701956,ALL24,0.95
leader_gap_200ms,5000,14,14,1.0,0.09407076902348285,0.33908876128716253,15785,0.18931450737028918,0.3778270509977827,ALL24,0.95
leader_gap_200ms,10000,14,14,1.0,0.043505416009166686,0.468965514208271,10342,0.22260340147870292,0.4367627151421388,ALL24,0.95
leader_gap_200ms,30000,14,12,0.8571428571428571,-0.17499379528122297,0.5187260588300066,4548,0.20973976948436823,0.4861477572559367,ALL24,0.95
leader_gap_500ms,100,14,14,1.0,0.06981515214870562,0.2713614882838655,19584,0.12613833356990803,0.13117851307189543,ALL24,0.95
leader_gap_500ms,200,14,14,1.0,0.07256539153399146,0.28354911286826995,19584,0.14299643200612194,0.1646752450980392,ALL24,0.95
leader_gap_500ms,500,14,14,1.0,0.08629447996444961,0.34408988359071085,19583,0.1627132566732484,0.22105908185671244,ALL24,0.95
leader_gap_500ms,1000,14,14,1.0,0.09455504549371366,0.38820362647380896,19582,0.1924842420038628,0.2806659176795016,ALL24,0.95
leader_gap_500ms,2000,14,14,1.0,0.10553537914142785,0.4166860202731388,16100,0.2129726478586271,0.3381987577639752,ALL24,0.95
leader_gap_500ms,5000,14,14,1.0,0.046570995922760254,0.5260096795096365,11479,0.25278089572224277,0.42312048087812526,ALL24,0.95
leader_gap_500ms,10000,14,14,1.0,0.044841458241450145,0.4664435951676533,8087,0.30425526879358233,0.4792877457648077,ALL24,0.95
leader_gap_500ms,30000,14,13,0.9285714285714286,-0.15778369203685141,0.8392006550438834,3962,0.32585429579178027,0.5169106511862696,ALL24,0.95
