session,period,asset,feature,horizon_ms,q,threshold,N,mean_signed_bps,median_signed_bps,hit_rate,mean_abs_move
20260905T073818Z_e44d99bd,WE,BTC,bitget_ofi,100,0.8,0.030699319773946784,7382,0.015159517523813906,0.0,0.024112706583581684,0.01655064506503563
20260905T073818Z_e44d99bd,WE,BTC,bitget_ofi,200,0.8,0.030699319773946784,7382,0.01720423480005835,0.0,0.02898943375778922,0.02183383131483388
20260905T073818Z_e44d99bd,WE,BTC,bitget_ofi,500,0.8,0.030699319773946784,7382,0.022173659108775105,0.0,0.04023299918721214,0.03558776865126898
20260905T073818Z_e44d99bd,WE,BTC,bitget_ofi,1000,0.8,0.030699319773946784,7382,0.026885541358660878,0.0,0.05770793822812246,0.055526227774213906
20260905T073818Z_e44d99bd,WE,BTC,bitget_ofi,2000,0.8,0.030699319773946784,5252,0.035251737583258405,0.0,0.08415841584158416,0.09073620076481148
20260905T073818Z_e44d99bd,WE,BTC,bitget_ofi,5000,0.8,0.030699319773946784,2907,0.060787873143391666,0.0,0.14551083591331268,0.18735747332565728
20260905T073818Z_e44d99bd,WE,BTC,bitget_ofi,10000,0.8,0.030699319773946784,1715,0.07269662378135114,0.0,0.20233236151603498,0.31433652447188876
20260905T073818Z_e44d99bd,WE,BTC,bitget_ofi,30000,0.8,0.030699319773946784,659,0.02963710553268789,0.0,0.3171471927162367,0.7230407918421675
20260905T073818Z_e44d99bd,WE,BTC,bitget_ofi,100,0.9,0.09758401073335057,4513,0.02342247823567444,0.0,0.03434522490582761,0.02521439703778651
20260905T073818Z_e44d99bd,WE,BTC,bitget_ofi,200,0.9,0.09758401073335057,4513,0.026294483268653468,0.0,0.0409926877908265,0.033132692721065414
20260905T073818Z_e44d99bd,WE,BTC,bitget_ofi,500,0.9,0.09758401073335057,4513,0.03602274454407707,0.0,0.05849767338799025,0.05110337841427672
20260905T073818Z_e44d99bd,WE,BTC,bitget_ofi,1000,0.9,0.09758401073335057,4513,0.0417425554671372,0.0,0.07844006204298692,0.07305066964405806
20260905T073818Z_e44d99bd,WE,BTC,bitget_ofi,2000,0.9,0.09758401073335057,3495,0.059671367308293144,0.0,0.11301859799713877,0.11505194373333459
20260905T073818Z_e44d99bd,WE,BTC,bitget_ofi,5000,0.9,0.09758401073335057,2205,0.102775762988236,0.0,0.1782312925170068,0.2132335733947817
20260905T073818Z_e44d99bd,WE,BTC,bitget_ofi,10000,0.9,0.09758401073335057,1418,0.13611818664527692,0.0,0.25952045133991536,0.3537395141161297
20260905T073818Z_e44d99bd,WE,BTC,bitget_ofi,30000,0.9,0.09758401073335057,598,0.16486588310588005,0.0,0.3377926421404682,0.7675351301734129
20260905T073818Z_e44d99bd,WE,BTC,bitget_ofi,100,0.95,0.20920357274721257,2647,0.037763409523756175,0.0,0.055534567434831886,0.04088429779758913
20260905T073818Z_e44d99bd,WE,BTC,bitget_ofi,200,0.95,0.20920357274721257,2647,0.044330182094933744,0.0,0.0657347941065357,0.05098037224317028
20260905T073818Z_e44d99bd,WE,BTC,bitget_ofi,500,0.95,0.20920357274721257,2647,0.06024923912819305,0.0,0.09104646769928221,0.07583494569617373
20260905T073818Z_e44d99bd,WE,BTC,bitget_ofi,1000,0.95,0.20920357274721257,2647,0.07153368815102998,0.0,0.11484699659992444,0.09967222699337462
20260905T073818Z_e44d99bd,WE,BTC,bitget_ofi,2000,0.95,0.20920357274721257,2238,0.09412092250419883,0.0,0.15683646112600536,0.15009821449293437
20260905T073818Z_e44d99bd,WE,BTC,bitget_ofi,5000,0.95,0.20920357274721257,1611,0.1491351262307415,0.0,0.22780881440099318,0.26012653934072766
20260905T073818Z_e44d99bd,WE,BTC,bitget_ofi,10000,0.95,0.20920357274721257,1109,0.1942859273970371,0.0,0.3155996393146979,0.40594846519691696
20260905T073818Z_e44d99bd,WE,BTC,bitget_ofi,30000,0.95,0.20920357274721257,524,0.23154230959565536,0.0,0.3931297709923664,0.8491489703817767
20260905T073818Z_e44d99bd,WE,BTC,bitget_trade_flow,100,0.8,1.0,6422,0.02072235978213696,0.0,0.02600436001245718,0.022399828078796615
20260905T073818Z_e44d99bd,WE,BTC,bitget_trade_flow,200,0.8,1.0,6422,0.023896085605153723,0.0,0.03192151977577079,0.029363049575854176
20260905T073818Z_e44d99bd,WE,BTC,bitget_trade_flow,500,0.8,1.0,6422,0.027914951723896547,0.0,0.041887262535035816,0.04148103953803476
20260905T073818Z_e44d99bd,WE,BTC,bitget_trade_flow,1000,0.8,1.0,6422,0.03263981805608347,0.0,0.05792587978822797,0.05990051952305026
20260905T073818Z_e44d99bd,WE,BTC,bitget_trade_flow,2000,0.8,1.0,4910,0.04239587400434523,0.0,0.0835030549898167,0.0924514504653838
20260905T073818Z_e44d99bd,WE,BTC,bitget_trade_flow,5000,0.8,1.0,2879,0.04811233314903361,0.0,0.13094824591872178,0.18340948679268387
20260905T073818Z_e44d99bd,WE,BTC,bitget_trade_flow,10000,0.8,1.0,1711,0.050057171328597966,0.0,0.18468731735827001,0.3102686079728501
20260905T073818Z_e44d99bd,WE,BTC,bitget_trade_flow,30000,0.8,1.0,664,0.15581154404959383,0.0,0.3433734939759036,0.7179944235533114
20260905T073818Z_e44d99bd,WE,BTC,bitget_trade_flow,100,0.9,1.0,6422,0.02072235978213696,0.0,0.02600436001245718,0.022399828078796615
20260905T073818Z_e44d99bd,WE,BTC,bitget_trade_flow,200,0.9,1.0,6422,0.023896085605153723,0.0,0.03192151977577079,0.029363049575854176
20260905T073818Z_e44d99bd,WE,BTC,bitget_trade_flow,500,0.9,1.0,6422,0.027914951723896547,0.0,0.041887262535035816,0.04148103953803476
20260905T073818Z_e44d99bd,WE,BTC,bitget_trade_flow,1000,0.9,1.0,6422,0.03263981805608347,0.0,0.05792587978822797,0.05990051952305026
20260905T073818Z_e44d99bd,WE,BTC,bitget_trade_flow,2000,0.9,1.0,4910,0.04239587400434523,0.0,0.0835030549898167,0.0924514504653838
20260905T073818Z_e44d99bd,WE,BTC,bitget_trade_flow,5000,0.9,1.0,2879,0.04811233314903361,0.0,0.13094824591872178,0.18340948679268387
20260905T073818Z_e44d99bd,WE,BTC,bitget_trade_flow,10000,0.9,1.0,1711,0.050057171328597966,0.0,0.18468731735827001,0.3102686079728501
20260905T073818Z_e44d99bd,WE,BTC,bitget_trade_flow,30000,0.9,1.0,664,0.15581154404959383,0.0,0.3433734939759036,0.7179944235533114
20260905T073818Z_e44d99bd,WE,BTC,bitget_trade_flow,100,0.95,1.0,6422,0.02072235978213696,0.0,0.02600436001245718,0.022399828078796615
20260905T073818Z_e44d99bd,WE,BTC,bitget_trade_flow,200,0.95,1.0,6422,0.023896085605153723,0.0,0.03192151977577079,0.029363049575854176
20260905T073818Z_e44d99bd,WE,BTC,bitget_trade_flow,500,0.95,1.0,6422,0.027914951723896547,0.0,0.041887262535035816,0.04148103953803476
20260905T073818Z_e44d99bd,WE,BTC,bitget_trade_flow,1000,0.95,1.0,6422,0.03263981805608347,0.0,0.05792587978822797,0.05990051952305026
20260905T073818Z_e44d99bd,WE,BTC,bitget_trade_flow,2000,0.95,1.0,4910,0.04239587400434523,0.0,0.0835030549898167,0.0924514504653838
20260905T073818Z_e44d99bd,WE,BTC,bitget_trade_flow,5000,0.95,1.0,2879,0.04811233314903361,0.0,0.13094824591872178,0.18340948679268387
20260905T073818Z_e44d99bd,WE,BTC,bitget_trade_flow,10000,0.95,1.0,1711,0.050057171328597966,0.0,0.18468731735827001,0.3102686079728501
20260905T073818Z_e44d99bd,WE,BTC,bitget_trade_flow,30000,0.95,1.0,664,0.15581154404959383,0.0,0.3433734939759036,0.7179944235533114
20260905T073818Z_e44d99bd,WE,BTC,depth_imbalance_l1,100,0.8,0.7720943112588021,4888,0.02093843124587337,0.0,0.03375613747954174,0.022321031657718527
20260905T073818Z_e44d99bd,WE,BTC,depth_imbalance_l1,200,0.8,0.7720943112588021,4888,0.024958900942650606,0.0,0.04378068739770868,0.030548940205675328
20260905T073818Z_e44d99bd,WE,BTC,depth_imbalance_l1,500,0.8,0.7720943112588021,4888,0.044566829194265196,0.0,0.07262684124386252,0.05302335549647332
20260905T073818Z_e44d99bd,WE,BTC,depth_imbalance_l1,1000,0.8,0.7720943112588021,4888,0.06747717830542888,0.0,0.1147708674304419,0.08283403673857709
20260905T073818Z_e44d99bd,WE,BTC,depth_imbalance_l1,2000,0.8,0.7720943112588021,2788,0.11616103877004061,0.0,0.1951219512195122,0.14931995518614022
20260905T073818Z_e44d99bd,WE,BTC,depth_imbalance_l1,5000,0.8,0.7720943112588021,1430,0.2211560822920907,0.0,0.33426573426573425,0.30667100858282675
20260905T073818Z_e44d99bd,WE,BTC,depth_imbalance_l1,10000,0.8,0.7720943112588021,889,0.3275515447658093,0.0,0.4578177727784027,0.4939131595925095
20260905T073818Z_e44d99bd,WE,BTC,depth_imbalance_l1,30000,0.8,0.7720943112588021,433,0.45632631097926957,0.25119300981398235,0.5889145496535797,0.9462774637355761
20260905T073818Z_e44d99bd,WE,BTC,depth_imbalance_l1,100,0.9,0.8775856745909232,2674,0.03494427823528137,0.0,0.053103964098728494,0.03866436207603983
20260905T073818Z_e44d99bd,WE,BTC,depth_imbalance_l1,200,0.9,0.8775856745909232,2674,0.04393290114330366,0.0,0.06843679880329095,0.049662315271605924
20260905T073818Z_e44d99bd,WE,BTC,depth_imbalance_l1,500,0.9,0.8775856745909232,2674,0.06903035379762348,0.0,0.10508601346297682,0.07912648807273608
20260905T073818Z_e44d99bd,WE,BTC,depth_imbalance_l1,1000,0.9,0.8775856745909232,2674,0.1035655271293905,0.0,0.16566940912490652,0.12067735383752133
20260905T073818Z_e44d99bd,WE,BTC,depth_imbalance_l1,2000,0.9,0.8775856745909232,1610,0.17067729303263557,0.0,0.2639751552795031,0.20887993813369804
20260905T073818Z_e44d99bd,WE,BTC,depth_imbalance_l1,5000,0.9,0.8775856745909232,901,0.3130313149610352,0.0,0.42286348501664817,0.39950316691778065
20260905T073818Z_e44d99bd,WE,BTC,depth_imbalance_l1,10000,0.9,0.8775856745909232,610,0.4547210259956539,0.188421972709099,0.559016393442623,0.6212228431673112
20260905T073818Z_e44d99bd,WE,BTC,depth_imbalance_l1,30000,0.9,0.8775856745909232,340,0.5957004909800188,0.4144762756665844,0.65,1.028807876366338
20260905T073818Z_e44d99bd,WE,BTC,depth_imbalance_l1,100,0.95,0.938089448259998,1517,0.05308467274321673,0.0,0.08108108108108109,0.056428463129124605
20260905T073818Z_e44d99bd,WE,BTC,depth_imbalance_l1,200,0.95,0.938089448259998,1517,0.06313200859106861,0.0,0.1008569545154911,0.07066259339306244
20260905T073818Z_e44d99bd,WE,BTC,depth_imbalance_l1,500,0.95,0.938089448259998,1517,0.09529901921289471,0.0,0.14634146341463414,0.10726745871920466
20260905T073818Z_e44d99bd,WE,BTC,depth_imbalance_l1,1000,0.95,0.938089448259998,1517,0.1445079243784555,0.0,0.22544495715227422,0.15960386088677717
20260905T073818Z_e44d99bd,WE,BTC,depth_imbalance_l1,2000,0.95,0.938089448259998,977,0.22417086917588497,0.0,0.34390992835209827,0.260237796930773
20260905T073818Z_e44d99bd,WE,BTC,depth_imbalance_l1,5000,0.95,0.938089448259998,609,0.39532551516171294,0.05024548057792482,0.5155993431855501,0.47979417750382203
20260905T073818Z_e44d99bd,WE,BTC,depth_imbalance_l1,10000,0.95,0.938089448259998,446,0.5561654689619577,0.401603907328814,0.6367713004484304,0.7046744153018872
20260905T073818Z_e44d99bd,WE,BTC,depth_imbalance_l1,30000,0.95,0.938089448259998,281,0.7412148559793269,0.6281126911603921,0.7117437722419929,1.1289145373177218
20260905T073818Z_e44d99bd,WE,BTC,depth_imbalance_l5,100,0.8,0.7796522366813495,4909,0.018849954942946306,0.0,0.031982073742106334,0.018993286942953977
20260905T073818Z_e44d99bd,WE,BTC,depth_imbalance_l5,200,0.8,0.7796522366813495,4909,0.02291897349456338,0.0,0.042778569973518026,0.02702144349541206
20260905T073818Z_e44d99bd,WE,BTC,depth_imbalance_l5,500,0.8,0.7796522366813495,4909,0.04259129211289379,0.0,0.07027907924220819,0.049880498078424824
20260905T073818Z_e44d99bd,WE,BTC,depth_imbalance_l5,1000,0.8,0.7796522366813495,4909,0.0645233406055777,0.0,0.11142798940721124,0.07819674636406716
20260905T073818Z_e44d99bd,WE,BTC,depth_imbalance_l5,2000,0.8,0.7796522366813495,2800,0.11436786412073133,0.0,0.18964285714285714,0.14242291483804997
20260905T073818Z_e44d99bd,WE,BTC,depth_imbalance_l5,5000,0.8,0.7796522366813495,1425,0.22212129741178738,0.0,0.32280701754385965,0.2986133932907927
20260905T073818Z_e44d99bd,WE,BTC,depth_imbalance_l5,10000,0.8,0.7796522366813495,890,0.3150778604895681,0.0,0.4449438202247191,0.4802876494207821
20260905T073818Z_e44d99bd,WE,BTC,depth_imbalance_l5,30000,0.8,0.7796522366813495,429,0.49883680854166884,0.3265853678738937,0.5944055944055944,0.928672897283237
20260905T073818Z_e44d99bd,WE,BTC,depth_imbalance_l5,100,0.9,0.874325050746556,2737,0.029039760054565083,0.0,0.046766532700036535,0.030839237757768534
20260905T073818Z_e44d99bd,WE,BTC,depth_imbalance_l5,200,0.9,0.874325050746556,2737,0.036910668759021256,0.0,0.06247716477895506,0.041646053797215796
20260905T073818Z_e44d99bd,WE,BTC,depth_imbalance_l5,500,0.9,0.874325050746556,2737,0.06427444047379513,0.0,0.10047497259773475,0.0735331268469567
20260905T073818Z_e44d99bd,WE,BTC,depth_imbalance_l5,1000,0.9,0.874325050746556,2737,0.09800148598526548,0.0,0.15747168432590428,0.11370063617376792
20260905T073818Z_e44d99bd,WE,BTC,depth_imbalance_l5,2000,0.9,0.874325050746556,1652,0.1638867370608044,0.0,0.2542372881355932,0.19411131347023758
20260905T073818Z_e44d99bd,WE,BTC,depth_imbalance_l5,5000,0.9,0.874325050746556,914,0.29342276218178764,0.0,0.41684901531728663,0.38540198182832747
20260905T073818Z_e44d99bd,WE,BTC,depth_imbalance_l5,10000,0.9,0.874325050746556,620,0.4293712663845442,0.16311301152868612,0.5451612903225806,0.5970887264570119
20260905T073818Z_e44d99bd,WE,BTC,depth_imbalance_l5,30000,0.9,0.874325050746556,342,0.6089391632567349,0.4519143211334452,0.6432748538011696,1.03988019478026
20260905T073818Z_e44d99bd,WE,BTC,depth_imbalance_l5,100,0.95,0.9365437985205914,1531,0.04680559184047618,0.0,0.07576747224036577,0.04700252848304433
20260905T073818Z_e44d99bd,WE,BTC,depth_imbalance_l5,200,0.95,0.9365437985205914,1531,0.05707167548415197,0.0,0.09405617243631613,0.060859761259823446
20260905T073818Z_e44d99bd,WE,BTC,depth_imbalance_l5,500,0.95,0.9365437985205914,1531,0.09118423943278975,0.0,0.14304376224689747,0.09841766402992612
20260905T073818Z_e44d99bd,WE,BTC,depth_imbalance_l5,1000,0.95,0.9365437985205914,1531,0.1371770084421694,0.0,0.21750489875898105,0.15123239409214667
20260905T073818Z_e44d99bd,WE,BTC,depth_imbalance_l5,2000,0.95,0.9365437985205914,985,0.2106961680536319,0.0,0.3319796954314721,0.24616524722545993
20260905T073818Z_e44d99bd,WE,BTC,depth_imbalance_l5,5000,0.95,0.9365437985205914,600,0.3822529120746224,0.01255664825210991,0.5016666666666667,0.45715934770459266
20260905T073818Z_e44d99bd,WE,BTC,depth_imbalance_l5,10000,0.95,0.9365437985205914,443,0.5367472355941149,0.3644525546033719,0.6252821670428894,0.6855313587964533
20260905T073818Z_e44d99bd,WE,BTC,depth_imbalance_l5,30000,0.95,0.9365437985205914,281,0.6725865643785183,0.5774654165738856,0.6868327402135231,1.087438309342917
20260905T073818Z_e44d99bd,WE,BTC,external_ofi,100,0.8,0.014173882185171108,12065,0.009961243374142325,0.0,0.014504765851636967,0.011632521567949439
20260905T073818Z_e44d99bd,WE,BTC,external_ofi,200,0.8,0.014173882185171108,12064,0.011489561289440139,0.0,0.017738726790450927,0.01455379802794203
20260905T073818Z_e44d99bd,WE,BTC,external_ofi,500,0.8,0.014173882185171108,12064,0.015689345423705942,0.0,0.028431697612732097,0.026257648468032146
20260905T073818Z_e44d99bd,WE,BTC,external_ofi,1000,0.8,0.014173882185171108,12064,0.01894422381689677,0.0,0.04285477453580902,0.04576018053641833
20260905T073818Z_e44d99bd,WE,BTC,external_ofi,2000,0.8,0.014173882185171108,7529,0.02190655231092586,0.0,0.06800371895338027,0.07975220482004808
20260905T073818Z_e44d99bd,WE,BTC,external_ofi,5000,0.8,0.014173882185171108,3630,0.04313490483827823,0.0,0.12396694214876033,0.16648354716975128
20260905T073818Z_e44d99bd,WE,BTC,external_ofi,10000,0.8,0.014173882185171108,1969,0.03669991887754992,0.0,0.1797866937531742,0.2975942019678619
20260905T073818Z_e44d99bd,WE,BTC,external_ofi,30000,0.8,0.014173882185171108,696,0.02371424021802502,0.0,0.3103448275862069,0.7206773850199355
20260905T073818Z_e44d99bd,WE,BTC,external_ofi,100,0.9,0.033959699526107306,7940,0.01828917010526475,0.0,0.02455919395465995,0.019402305261497464
20260905T073818Z_e44d99bd,WE,BTC,external_ofi,200,0.9,0.033959699526107306,7940,0.02124723638325347,0.0,0.030226700251889168,0.025054628836566194
20260905T073818Z_e44d99bd,WE,BTC,external_ofi,500,0.9,0.033959699526107306,7940,0.026673037018272058,0.0,0.04370277078085642,0.040701534010438745
20260905T073818Z_e44d99bd,WE,BTC,external_ofi,1000,0.9,0.033959699526107306,7940,0.03522852685438039,0.0,0.06423173803526448,0.06320194036094674
20260905T073818Z_e44d99bd,WE,BTC,external_ofi,2000,0.9,0.033959699526107306,5532,0.04491107360416735,0.0,0.09255242227042661,0.09913772975798524
20260905T073818Z_e44d99bd,WE,BTC,external_ofi,5000,0.9,0.033959699526107306,3037,0.06744021130828344,0.0,0.1465261771485018,0.19065876477397276
20260905T073818Z_e44d99bd,WE,BTC,external_ofi,10000,0.9,0.033959699526107306,1752,0.10866041107091406,0.0,0.22317351598173515,0.3215231062098481
20260905T073818Z_e44d99bd,WE,BTC,external_ofi,30000,0.9,0.033959699526107306,663,0.15802333992436698,0.0,0.3469079939668175,0.7309115174275008
20260905T073818Z_e44d99bd,WE,BTC,external_ofi,100,0.95,0.06683840675863312,4812,0.03769086577003641,0.0,0.04821280133000831,0.038181164666264825
20260905T073818Z_e44d99bd,WE,BTC,external_ofi,200,0.95,0.06683840675863312,4812,0.04125358122805327,0.0,0.05486284289276808,0.04538101948266685
20260905T073818Z_e44d99bd,WE,BTC,external_ofi,500,0.95,0.06683840675863312,4812,0.05140250032098124,0.0,0.07231920199501247,0.06426570210434294
20260905T073818Z_e44d99bd,WE,BTC,external_ofi,1000,0.95,0.06683840675863312,4812,0.06239223996566134,0.0,0.100166251039069,0.09406133350924092
20260905T073818Z_e44d99bd,WE,BTC,external_ofi,2000,0.95,0.06683840675863312,3698,0.07800047117367048,0.0,0.136019469983775,0.13458145704145152
20260905T073818Z_e44d99bd,WE,BTC,external_ofi,5000,0.95,0.06683840675863312,2307,0.12926256615019274,0.0,0.20156046814044212,0.23697438891216357
20260905T073818Z_e44d99bd,WE,BTC,external_ofi,10000,0.95,0.06683840675863312,1471,0.1596281748102261,0.0,0.26580557443915703,0.36546429741740066
20260905T073818Z_e44d99bd,WE,BTC,external_ofi,30000,0.95,0.06683840675863312,609,0.19658498035424984,0.0,0.36617405582922824,0.7762930471536782
20260905T073818Z_e44d99bd,WE,BTC,external_trade_flow,100,0.8,1.0,17370,0.002647746364821397,0.0,0.005066206102475533,0.003907824245974343
20260905T073818Z_e44d99bd,WE,BTC,external_trade_flow,200,0.8,1.0,17370,0.0037335987559082187,0.0,0.008117443868739206,0.007147221939966502
20260905T073818Z_e44d99bd,WE,BTC,external_trade_flow,500,0.8,1.0,17369,0.005217497240558544,0.0,0.01773274224192527,0.017223237199657657
20260905T073818Z_e44d99bd,WE,BTC,external_trade_flow,1000,0.8,1.0,17369,0.009870425839164178,0.0,0.030859577408025793,0.033068851159720546
20260905T073818Z_e44d99bd,WE,BTC,external_trade_flow,2000,0.8,1.0,9633,0.01025696300682825,0.0,0.04962109415550711,0.062375795175576856
20260905T073818Z_e44d99bd,WE,BTC,external_trade_flow,5000,0.8,1.0,4115,0.021830178677534694,0.0,0.10230862697448359,0.150690615482549
20260905T073818Z_e44d99bd,WE,BTC,external_trade_flow,10000,0.8,1.0,2107,0.005832176394000956,0.0,0.15757000474608449,0.2779195255774147
20260905T073818Z_e44d99bd,WE,BTC,external_trade_flow,30000,0.8,1.0,714,0.012064697607581736,0.0,0.3025210084033613,0.7086119724965056
20260905T073818Z_e44d99bd,WE,BTC,external_trade_flow,100,0.9,1.0,17370,0.002647746364821397,0.0,0.005066206102475533,0.003907824245974343
20260905T073818Z_e44d99bd,WE,BTC,external_trade_flow,200,0.9,1.0,17370,0.0037335987559082187,0.0,0.008117443868739206,0.007147221939966502
20260905T073818Z_e44d99bd,WE,BTC,external_trade_flow,500,0.9,1.0,17369,0.005217497240558544,0.0,0.01773274224192527,0.017223237199657657
20260905T073818Z_e44d99bd,WE,BTC,external_trade_flow,1000,0.9,1.0,17369,0.009870425839164178,0.0,0.030859577408025793,0.033068851159720546
20260905T073818Z_e44d99bd,WE,BTC,external_trade_flow,2000,0.9,1.0,9633,0.01025696300682825,0.0,0.04962109415550711,0.062375795175576856
20260905T073818Z_e44d99bd,WE,BTC,external_trade_flow,5000,0.9,1.0,4115,0.021830178677534694,0.0,0.10230862697448359,0.150690615482549
20260905T073818Z_e44d99bd,WE,BTC,external_trade_flow,10000,0.9,1.0,2107,0.005832176394000956,0.0,0.15757000474608449,0.2779195255774147
20260905T073818Z_e44d99bd,WE,BTC,external_trade_flow,30000,0.9,1.0,714,0.012064697607581736,0.0,0.3025210084033613,0.7086119724965056
20260905T073818Z_e44d99bd,WE,BTC,external_trade_flow,100,0.95,1.0,17370,0.002647746364821397,0.0,0.005066206102475533,0.003907824245974343
20260905T073818Z_e44d99bd,WE,BTC,external_trade_flow,200,0.95,1.0,17370,0.0037335987559082187,0.0,0.008117443868739206,0.007147221939966502
20260905T073818Z_e44d99bd,WE,BTC,external_trade_flow,500,0.95,1.0,17369,0.005217497240558544,0.0,0.01773274224192527,0.017223237199657657
20260905T073818Z_e44d99bd,WE,BTC,external_trade_flow,1000,0.95,1.0,17369,0.009870425839164178,0.0,0.030859577408025793,0.033068851159720546
20260905T073818Z_e44d99bd,WE,BTC,external_trade_flow,2000,0.95,1.0,9633,0.01025696300682825,0.0,0.04962109415550711,0.062375795175576856
20260905T073818Z_e44d99bd,WE,BTC,external_trade_flow,5000,0.95,1.0,4115,0.021830178677534694,0.0,0.10230862697448359,0.150690615482549
20260905T073818Z_e44d99bd,WE,BTC,external_trade_flow,10000,0.95,1.0,2107,0.005832176394000956,0.0,0.15757000474608449,0.2779195255774147
20260905T073818Z_e44d99bd,WE,BTC,external_trade_flow,30000,0.95,1.0,714,0.012064697607581736,0.0,0.3025210084033613,0.7086119724965056
20260905T073818Z_e44d99bd,WE,BTC,fair_accel_100ms,100,0.8,5.033966445286534e-07,6316,0.027771645310972187,0.0,0.03214059531348955,0.028479229193685757
20260905T073818Z_e44d99bd,WE,BTC,fair_accel_100ms,200,0.8,5.033966445286534e-07,6316,0.029875949007291888,0.0,0.0383153894870171,0.035850717285317954
20260905T073818Z_e44d99bd,WE,BTC,fair_accel_100ms,500,0.8,5.033966445286534e-07,6316,0.03437690212447375,0.0,0.05145661811272958,0.049577158018222635
20260905T073818Z_e44d99bd,WE,BTC,fair_accel_100ms,1000,0.8,5.033966445286534e-07,6316,0.04442473319486279,0.0,0.07504749841671944,0.07043777904359835
20260905T073818Z_e44d99bd,WE,BTC,fair_accel_100ms,2000,0.8,5.033966445286534e-07,4052,0.06317725313023496,0.0,0.11747285291214216,0.11931244662564058
20260905T073818Z_e44d99bd,WE,BTC,fair_accel_100ms,5000,0.8,5.033966445286534e-07,2169,0.11046816034989987,0.0,0.19778699861687413,0.23642119097081984
20260905T073818Z_e44d99bd,WE,BTC,fair_accel_100ms,10000,0.8,5.033966445286534e-07,1319,0.18316899630218023,0.0,0.2850644427596664,0.39997915971141024
20260905T073818Z_e44d99bd,WE,BTC,fair_accel_100ms,30000,0.8,5.033966445286534e-07,545,0.27661261828228983,0.0,0.41651376146788993,0.8327878918538651
20260905T073818Z_e44d99bd,WE,BTC,fair_accel_100ms,100,0.9,7.383333472334293e-07,4585,0.0402817608138342,0.0,0.04689203925845147,0.04147549340851469
20260905T073818Z_e44d99bd,WE,BTC,fair_accel_100ms,200,0.9,7.383333472334293e-07,4585,0.0436026151786986,0.0,0.05474372955288986,0.050207353343614695
20260905T073818Z_e44d99bd,WE,BTC,fair_accel_100ms,500,0.9,7.383333472334293e-07,4585,0.04868802207653402,0.0,0.06957470010905126,0.06505387872450683
20260905T073818Z_e44d99bd,WE,BTC,fair_accel_100ms,1000,0.9,7.383333472334293e-07,4585,0.061138304145086024,0.0,0.09487459105779716,0.08902137826309153
20260905T073818Z_e44d99bd,WE,BTC,fair_accel_100ms,2000,0.9,7.383333472334293e-07,3318,0.07980832039983143,0.0,0.1350210970464135,0.13828361098477923
20260905T073818Z_e44d99bd,WE,BTC,fair_accel_100ms,5000,0.9,7.383333472334293e-07,1945,0.12759015374902669,0.0,0.212853470437018,0.25503377950706113
20260905T073818Z_e44d99bd,WE,BTC,fair_accel_100ms,10000,0.9,7.383333472334293e-07,1243,0.18465994860562637,0.0,0.2912308930008045,0.4109492743021621
20260905T073818Z_e44d99bd,WE,BTC,fair_accel_100ms,30000,0.9,7.383333472334293e-07,536,0.26653497552181143,0.0,0.4085820895522388,0.8377462429695055
20260905T073818Z_e44d99bd,WE,BTC,fair_accel_100ms,100,0.95,0.007388124584146517,3345,0.05684134445867175,0.0,0.06367713004484304,0.0583727797660376
20260905T073818Z_e44d99bd,WE,BTC,fair_accel_100ms,200,0.95,0.007388124584146517,3345,0.0629897912679163,0.0,0.07144992526158446,0.0665269837383058
20260905T073818Z_e44d99bd,WE,BTC,fair_accel_100ms,500,0.95,0.007388124584146517,3345,0.07164732845032448,0.0,0.08789237668161436,0.08458416028398322
20260905T073818Z_e44d99bd,WE,BTC,fair_accel_100ms,1000,0.95,0.007388124584146517,3345,0.08126347265552272,0.0,0.10762331838565023,0.10775040488050486
20260905T073818Z_e44d99bd,WE,BTC,fair_accel_100ms,2000,0.95,0.007388124584146517,2635,0.09354308518671763,0.0,0.1426944971537002,0.1569414812763393
20260905T073818Z_e44d99bd,WE,BTC,fair_accel_100ms,5000,0.95,0.007388124584146517,1664,0.14080817166325515,0.0,0.2247596153846154,0.27432488386566756
20260905T073818Z_e44d99bd,WE,BTC,fair_accel_100ms,10000,0.95,0.007388124584146517,1108,0.19589844817459798,0.0,0.30144404332129965,0.43786877328974555
20260905T073818Z_e44d99bd,WE,BTC,fair_accel_100ms,30000,0.95,0.007388124584146517,497,0.25953525485536255,0.0,0.42857142857142855,0.8714427525252124
20260905T073818Z_e44d99bd,WE,BTC,fair_gap_reversion,100,0.8,0.33075622686684625,4514,0.025693699636677253,0.0,0.023260965883916705,0.029498770167275104
20260905T073818Z_e44d99bd,WE,BTC,fair_gap_reversion,200,0.8,0.33075622686684625,4514,0.028419860349624505,0.0,0.028356225077536552,0.035983940386909406
20260905T073818Z_e44d99bd,WE,BTC,fair_gap_reversion,500,0.8,0.33075622686684625,4514,0.033957582056682006,0.0,0.043420469649977846,0.04994664065012571
20260905T073818Z_e44d99bd,WE,BTC,fair_gap_reversion,1000,0.8,0.33075622686684625,4514,0.046738388917503024,0.0,0.06956136464333186,0.07540714194705454
20260905T073818Z_e44d99bd,WE,BTC,fair_gap_reversion,2000,0.8,0.33075622686684625,2447,0.07855483273106102,0.0,0.12219043727012668,0.14421784155873446
20260905T073818Z_e44d99bd,WE,BTC,fair_gap_reversion,5000,0.8,0.33075622686684625,1145,0.1547044977382551,0.0,0.2314410480349345,0.3184976556444444
20260905T073818Z_e44d99bd,WE,BTC,fair_gap_reversion,10000,0.8,0.33075622686684625,694,0.24984008840359095,0.0,0.33861671469740634,0.531622026898695
20260905T073818Z_e44d99bd,WE,BTC,fair_gap_reversion,30000,0.8,0.33075622686684625,334,0.43718954072137833,0.0,0.49700598802395207,1.052478346702038
20260905T073818Z_e44d99bd,WE,BTC,fair_gap_reversion,100,0.9,0.44852834352759896,2355,0.045032735452920775,0.0,0.037367303609341825,0.051389030805560086
20260905T073818Z_e44d99bd,WE,BTC,fair_gap_reversion,200,0.9,0.44852834352759896,2355,0.04943317902772369,0.0,0.04501061571125265,0.05871001929934273
20260905T073818Z_e44d99bd,WE,BTC,fair_gap_reversion,500,0.9,0.44852834352759896,2355,0.058521809155171994,0.0,0.06284501061571125,0.0778337731008769
20260905T073818Z_e44d99bd,WE,BTC,fair_gap_reversion,1000,0.9,0.44852834352759896,2355,0.07469872334717957,0.0,0.09384288747346073,0.10509063538820233
20260905T073818Z_e44d99bd,WE,BTC,fair_gap_reversion,2000,0.9,0.44852834352759896,1326,0.13033510306556953,0.0,0.16063348416289594,0.18912097515224557
20260905T073818Z_e44d99bd,WE,BTC,fair_gap_reversion,5000,0.9,0.44852834352759896,678,0.24946752305944236,0.0,0.28466076696165193,0.38608758307826174
20260905T073818Z_e44d99bd,WE,BTC,fair_gap_reversion,10000,0.9,0.44852834352759896,446,0.37362162451896447,0.0,0.3923766816143498,0.6159692673547039
20260905T073818Z_e44d99bd,WE,BTC,fair_gap_reversion,30000,0.9,0.44852834352759896,250,0.5583525259393197,0.37670095896332323,0.56,1.192305252406431
20260905T073818Z_e44d99bd,WE,BTC,fair_gap_reversion,100,0.95,0.5454764002248423,1245,0.07849847811778454,0.0,0.05943775100401606,0.08662784300356458
20260905T073818Z_e44d99bd,WE,BTC,fair_gap_reversion,200,0.95,0.5454764002248423,1245,0.08235292293723823,0.0,0.06666666666666667,0.09499920926839203
20260905T073818Z_e44d99bd,WE,BTC,fair_gap_reversion,500,0.95,0.5454764002248423,1245,0.09365565577159037,0.0,0.0859437751004016,0.11582305657875398
20260905T073818Z_e44d99bd,WE,BTC,fair_gap_reversion,1000,0.95,0.5454764002248423,1245,0.11941322354829413,0.0,0.12369477911646587,0.1511008296494772
20260905T073818Z_e44d99bd,WE,BTC,fair_gap_reversion,2000,0.95,0.5454764002248423,731,0.19903053738353543,0.0,0.20656634746922026,0.2549558002317483
20260905T073818Z_e44d99bd,WE,BTC,fair_gap_reversion,5000,0.95,0.5454764002248423,408,0.33588960235588344,0.0,0.34558823529411764,0.5074862357363332
20260905T073818Z_e44d99bd,WE,BTC,fair_gap_reversion,10000,0.95,0.5454764002248423,287,0.5310450183984837,0.0,0.47735191637630664,0.7773704440536466
20260905T073818Z_e44d99bd,WE,BTC,fair_gap_reversion,30000,0.95,0.5454764002248423,190,0.5832258128678347,0.49001069362098404,0.5947368421052631,1.33537887004759
20260905T073818Z_e44d99bd,WE,BTC,leader_gap_1000ms,100,0.8,0.0063944198618978015,5788,0.02294897962826599,0.0,0.027643400138217002,0.031081562096607077
20260905T073818Z_e44d99bd,WE,BTC,leader_gap_1000ms,200,0.8,0.0063944198618978015,5788,0.025846822268115105,0.0,0.03265376641326883,0.03790365219720021
20260905T073818Z_e44d99bd,WE,BTC,leader_gap_1000ms,500,0.8,0.0063944198618978015,5788,0.029746712077224215,0.0,0.04457498272287491,0.049968097611189435
20260905T073818Z_e44d99bd,WE,BTC,leader_gap_1000ms,1000,0.8,0.0063944198618978015,5788,0.035268600234745304,0.0,0.0647892190739461,0.07556397967998808
20260905T073818Z_e44d99bd,WE,BTC,leader_gap_1000ms,2000,0.8,0.0063944198618978015,3532,0.043136730617640645,0.0,0.0985277463193658,0.13144911283110478
20260905T073818Z_e44d99bd,WE,BTC,leader_gap_1000ms,5000,0.8,0.0063944198618978015,2009,0.0773534336543306,0.0,0.17272274763563963,0.24915214790319726
20260905T073818Z_e44d99bd,WE,BTC,leader_gap_1000ms,10000,0.8,0.0063944198618978015,1252,0.11057606773078853,0.0,0.24440894568690097,0.4082251107655868
20260905T073818Z_e44d99bd,WE,BTC,leader_gap_1000ms,30000,0.8,0.0063944198618978015,526,0.10956041818469553,0.0,0.3574144486692015,0.8697802575312831
20260905T073818Z_e44d99bd,WE,BTC,leader_gap_1000ms,100,0.9,0.08411564308479352,3017,0.05124427581871647,0.0,0.054027179317202516,0.06308813272904541
20260905T073818Z_e44d99bd,WE,BTC,leader_gap_1000ms,200,0.9,0.08411564308479352,3017,0.05374435291930125,0.0,0.060656281073914485,0.07217995095392084
20260905T073818Z_e44d99bd,WE,BTC,leader_gap_1000ms,500,0.9,0.08411564308479352,3017,0.059313676883396414,0.0,0.07490884985084521,0.08558342987181936
20260905T073818Z_e44d99bd,WE,BTC,leader_gap_1000ms,1000,0.9,0.08411564308479352,3017,0.06920025683993218,0.0,0.09943652635067948,0.11403552905900505
20260905T073818Z_e44d99bd,WE,BTC,leader_gap_1000ms,2000,0.9,0.08411564308479352,2050,0.08756009123876944,0.0,0.14585365853658536,0.1842407686815908
20260905T073818Z_e44d99bd,WE,BTC,leader_gap_1000ms,5000,0.9,0.08411564308479352,1322,0.10128774338604563,0.0,0.21709531013615735,0.3275208785347439
20260905T073818Z_e44d99bd,WE,BTC,leader_gap_1000ms,10000,0.9,0.08411564308479352,888,0.14828181732748513,0.0,0.29617117117117114,0.5006167672485428
20260905T073818Z_e44d99bd,WE,BTC,leader_gap_1000ms,30000,0.9,0.08411564308479352,436,0.174770750938125,0.0,0.41743119266055045,0.9421615633295375
20260905T073818Z_e44d99bd,WE,BTC,leader_gap_1000ms,100,0.95,0.19592514614549106,1463,0.09169562227168739,0.0,0.09090909090909091,0.115159953286936
20260905T073818Z_e44d99bd,WE,BTC,leader_gap_1000ms,200,0.95,0.19592514614549106,1463,0.0972887451738115,0.0,0.09979494190020506,0.12818273833437765
20260905T073818Z_e44d99bd,WE,BTC,leader_gap_1000ms,500,0.95,0.19592514614549106,1463,0.10726638197316594,0.0,0.12166780587833219,0.14993832818892255
20260905T073818Z_e44d99bd,WE,BTC,leader_gap_1000ms,1000,0.95,0.19592514614549106,1463,0.12238938508803328,0.0,0.15311004784688995,0.18882434452144223
20260905T073818Z_e44d99bd,WE,BTC,leader_gap_1000ms,2000,0.95,0.19592514614549106,1121,0.15083521442136014,0.0,0.20071364852809992,0.27170644560397283
20260905T073818Z_e44d99bd,WE,BTC,leader_gap_1000ms,5000,0.95,0.19592514614549106,830,0.18560071872633674,0.0,0.28072289156626506,0.4448082810355438
20260905T073818Z_e44d99bd,WE,BTC,leader_gap_1000ms,10000,0.95,0.19592514614549106,617,0.2173442464377751,0.0,0.34683954619124796,0.6294525276702609
20260905T073818Z_e44d99bd,WE,BTC,leader_gap_1000ms,30000,0.95,0.19592514614549106,350,0.3713747523224503,0.0,0.48857142857142855,1.1415958400003212
20260905T073818Z_e44d99bd,WE,BTC,leader_gap_100ms,100,0.8,0.0004119660336828426,6538,0.019216622750578824,0.0,0.024319363719791987,0.02757868050029957
20260905T073818Z_e44d99bd,WE,BTC,leader_gap_100ms,200,0.8,0.0004119660336828426,6538,0.020616178034466554,0.0,0.02860201896604466,0.03461308132636714
20260905T073818Z_e44d99bd,WE,BTC,leader_gap_100ms,500,0.8,0.0004119660336828426,6538,0.02165343887368907,0.0,0.038390945243193635,0.04699772298121718
20260905T073818Z_e44d99bd,WE,BTC,leader_gap_100ms,1000,0.8,0.0004119660336828426,6538,0.02059423253810658,0.0,0.05185071887427348,0.06858298676241385
20260905T073818Z_e44d99bd,WE,BTC,leader_gap_100ms,2000,0.8,0.0004119660336828426,4138,0.02669786474756015,0.0,0.08385693571773804,0.11826870905735899
20260905T073818Z_e44d99bd,WE,BTC,leader_gap_100ms,5000,0.8,0.0004119660336828426,2192,0.05586510232488794,0.0,0.1551094890510949,0.23340173311139417
20260905T073818Z_e44d99bd,WE,BTC,leader_gap_100ms,10000,0.8,0.0004119660336828426,1326,0.07247338286752995,0.0,0.22850678733031674,0.39879740978757505
20260905T073818Z_e44d99bd,WE,BTC,leader_gap_100ms,30000,0.8,0.0004119660336828426,548,0.03893241903441039,0.0,0.3284671532846715,0.8243782048282362
20260905T073818Z_e44d99bd,WE,BTC,leader_gap_100ms,100,0.9,0.0005786671700126274,4841,0.030547954348851197,0.0,0.03738896922123528,0.03996064115920212
20260905T073818Z_e44d99bd,WE,BTC,leader_gap_100ms,200,0.9,0.0005786671700126274,4841,0.03321818207133983,0.0,0.042966329270811815,0.048308198896165847
20260905T073818Z_e44d99bd,WE,BTC,leader_gap_100ms,500,0.9,0.0005786671700126274,4841,0.036776500828397285,0.0,0.05556703160504028,0.06295517320327686
20260905T073818Z_e44d99bd,WE,BTC,leader_gap_100ms,1000,0.9,0.0005786671700126274,4841,0.03791769586348706,0.0,0.07147283619086965,0.08530137223543323
20260905T073818Z_e44d99bd,WE,BTC,leader_gap_100ms,2000,0.9,0.0005786671700126274,3409,0.040463869579984435,0.0,0.10296274567321795,0.13688226266637604
20260905T073818Z_e44d99bd,WE,BTC,leader_gap_100ms,5000,0.9,0.0005786671700126274,1969,0.0726684555233847,0.0,0.17673946165566276,0.2554830184318912
20260905T073818Z_e44d99bd,WE,BTC,leader_gap_100ms,10000,0.9,0.0005786671700126274,1250,0.10958508642816991,0.0,0.2472,0.41096371362442186
20260905T073818Z_e44d99bd,WE,BTC,leader_gap_100ms,30000,0.9,0.0005786671700126274,535,0.055276839786161755,0.0,0.3383177570093458,0.8348262876688859
20260905T073818Z_e44d99bd,WE,BTC,leader_gap_100ms,100,0.95,0.0008055266982080419,4056,0.037908066255779714,0.0,0.04585798816568047,0.04788197861422485
20260905T073818Z_e44d99bd,WE,BTC,leader_gap_100ms,200,0.95,0.0008055266982080419,4056,0.041620288126169525,0.0,0.05276134122287968,0.05702376360742496
20260905T073818Z_e44d99bd,WE,BTC,leader_gap_100ms,500,0.95,0.0008055266982080419,4056,0.04679116099262643,0.0,0.0673076923076923,0.07311045988330367
20260905T073818Z_e44d99bd,WE,BTC,leader_gap_100ms,1000,0.95,0.0008055266982080419,4056,0.053383977153170205,0.0,0.08579881656804733,0.09666878715817107
20260905T073818Z_e44d99bd,WE,BTC,leader_gap_100ms,2000,0.95,0.0008055266982080419,3072,0.05352804690189935,0.0,0.115234375,0.14718803518263723
20260905T073818Z_e44d99bd,WE,BTC,leader_gap_100ms,5000,0.95,0.0008055266982080419,1868,0.09162511573509736,0.0,0.1911134903640257,0.26395637653948045
20260905T073818Z_e44d99bd,WE,BTC,leader_gap_100ms,10000,0.95,0.0008055266982080419,1216,0.12339266246916364,0.0,0.2623355263157895,0.41592928203793694
20260905T073818Z_e44d99bd,WE,BTC,leader_gap_100ms,30000,0.95,0.0008055266982080419,531,0.09865553280053285,0.0,0.3578154425612053,0.8411538815574935
20260905T073818Z_e44d99bd,WE,BTC,leader_gap_200ms,100,0.8,0.0008709963168122643,6325,0.019842771822013498,0.0,0.025296442687747035,0.028420820882185657
20260905T073818Z_e44d99bd,WE,BTC,leader_gap_200ms,200,0.8,0.0008709963168122643,6325,0.021835369558561867,0.0,0.03035573122529644,0.0354760963785973
20260905T073818Z_e44d99bd,WE,BTC,leader_gap_200ms,500,0.8,0.0008709963168122643,6325,0.023136634864660846,0.0,0.0407905138339921,0.04955413955919942
20260905T073818Z_e44d99bd,WE,BTC,leader_gap_200ms,1000,0.8,0.0008709963168122643,6325,0.02282169749573493,0.0,0.05486166007905138,0.07066525659475367
20260905T073818Z_e44d99bd,WE,BTC,leader_gap_200ms,2000,0.8,0.0008709963168122643,4055,0.02525442720598413,0.0,0.08606658446362515,0.11957098908379371
20260905T073818Z_e44d99bd,WE,BTC,leader_gap_200ms,5000,0.8,0.0008709963168122643,2169,0.05760567195210581,0.0,0.1632088520055325,0.23712729895292822
20260905T073818Z_e44d99bd,WE,BTC,leader_gap_200ms,10000,0.8,0.0008709963168122643,1317,0.09959848304915923,0.0,0.24069855732725892,0.4009773818620046
20260905T073818Z_e44d99bd,WE,BTC,leader_gap_200ms,30000,0.8,0.0008709963168122643,545,0.019182652970042804,0.0,0.3284403669724771,0.83479133176099
20260905T073818Z_e44d99bd,WE,BTC,leader_gap_200ms,100,0.9,0.0012779287555628267,4584,0.03271971850367319,0.0,0.03992146596858639,0.041914619598039514
20260905T073818Z_e44d99bd,WE,BTC,leader_gap_200ms,200,0.9,0.0012779287555628267,4584,0.03600292890898025,0.0,0.046465968586387435,0.05074397236052031
20260905T073818Z_e44d99bd,WE,BTC,leader_gap_200ms,500,0.9,0.0012779287555628267,4584,0.041160398568560505,0.0,0.060209424083769635,0.06622650738594973
20260905T073818Z_e44d99bd,WE,BTC,leader_gap_200ms,1000,0.9,0.0012779287555628267,4584,0.04404019146031795,0.0,0.07744328097731239,0.08985967618862327
20260905T073818Z_e44d99bd,WE,BTC,leader_gap_200ms,2000,0.9,0.0012779287555628267,3315,0.04728610517533616,0.0,0.10829562594268477,0.1389921265678847
20260905T073818Z_e44d99bd,WE,BTC,leader_gap_200ms,5000,0.9,0.0012779287555628267,1943,0.07876394546083296,0.0,0.184251158003088,0.2571642023401105
20260905T073818Z_e44d99bd,WE,BTC,leader_gap_200ms,10000,0.9,0.0012779287555628267,1240,0.13154229284337682,0.0,0.26048387096774195,0.4129256285012935
20260905T073818Z_e44d99bd,WE,BTC,leader_gap_200ms,30000,0.9,0.0012779287555628267,534,0.04945390399960494,0.0,0.3408239700374532,0.842928578616176
20260905T073818Z_e44d99bd,WE,BTC,leader_gap_200ms,100,0.95,0.011959929203822082,3450,0.04573883777068453,0.0,0.05217391304347826,0.05700221817384792
20260905T073818Z_e44d99bd,WE,BTC,leader_gap_200ms,200,0.95,0.011959929203822082,3450,0.05100534433743076,0.0,0.059420289855072465,0.06527540393774044
20260905T073818Z_e44d99bd,WE,BTC,leader_gap_200ms,500,0.95,0.011959929203822082,3450,0.05996598963368368,0.0,0.07507246376811594,0.08207626105477132
20260905T073818Z_e44d99bd,WE,BTC,leader_gap_200ms,1000,0.95,0.011959929203822082,3450,0.0659509197235484,0.0,0.09304347826086956,0.10494215525489849
20260905T073818Z_e44d99bd,WE,BTC,leader_gap_200ms,2000,0.95,0.011959929203822082,2720,0.06358941553336074,0.0,0.11948529411764706,0.15417589735351803
20260905T073818Z_e44d99bd,WE,BTC,leader_gap_200ms,5000,0.95,0.011959929203822082,1715,0.09407076902348285,0.0,0.1900874635568513,0.2717377712573706
20260905T073818Z_e44d99bd,WE,BTC,leader_gap_200ms,10000,0.95,0.011959929203822082,1136,0.14938952239936074,0.0,0.27024647887323944,0.4355045462759436
20260905T073818Z_e44d99bd,WE,BTC,leader_gap_200ms,30000,0.95,0.011959929203822082,508,0.09917877394610618,0.0,0.36023622047244097,0.8717144415016213
20260905T073818Z_e44d99bd,WE,BTC,leader_gap_500ms,100,0.8,0.0025440470238164464,5860,0.022494655373656355,0.0,0.027474402730375425,0.03001294495602196
20260905T073818Z_e44d99bd,WE,BTC,leader_gap_500ms,200,0.8,0.0025440470238164464,5860,0.024696807820702712,0.0,0.033276450511945395,0.038361869474899606
20260905T073818Z_e44d99bd,WE,BTC,leader_gap_500ms,500,0.8,0.0025440470238164464,5860,0.027272269199835247,0.0,0.04522184300341297,0.05253255884065313
20260905T073818Z_e44d99bd,WE,BTC,leader_gap_500ms,1000,0.8,0.0025440470238164464,5860,0.028333035247412285,0.0,0.06194539249146758,0.07661870588895557
20260905T073818Z_e44d99bd,WE,BTC,leader_gap_500ms,2000,0.8,0.0025440470238164464,3842,0.031388443979774874,0.0,0.09135866736074962,0.12604820131788266
20260905T073818Z_e44d99bd,WE,BTC,leader_gap_500ms,5000,0.8,0.0025440470238164464,2123,0.06817930204975489,0.0,0.16862929816297692,0.24056968840482862
20260905T073818Z_e44d99bd,WE,BTC,leader_gap_500ms,10000,0.8,0.0025440470238164464,1301,0.08149016286623179,0.0,0.23443504996156803,0.40543881905132984
20260905T073818Z_e44d99bd,WE,BTC,leader_gap_500ms,30000,0.8,0.0025440470238164464,539,0.02431324086972922,0.0,0.3358070500927644,0.8455956864436988
20260905T073818Z_e44d99bd,WE,BTC,leader_gap_500ms,100,0.9,0.012234780431624959,3803,0.03946150065718541,0.0,0.04417565080199842,0.04965272515970397
20260905T073818Z_e44d99bd,WE,BTC,leader_gap_500ms,200,0.9,0.012234780431624959,3803,0.043572728003144975,0.0,0.05153825926899816,0.05817517168626072
20260905T073818Z_e44d99bd,WE,BTC,leader_gap_500ms,500,0.9,0.012234780431624959,3803,0.05209852568970994,0.0,0.06705232711017618,0.07385284558901581
20260905T073818Z_e44d99bd,WE,BTC,leader_gap_500ms,1000,0.9,0.012234780431624959,3803,0.05945712569449325,0.0,0.088088351301604,0.10043372528302089
20260905T073818Z_e44d99bd,WE,BTC,leader_gap_500ms,2000,0.9,0.012234780431624959,2875,0.05991105525060817,0.0,0.1137391304347826,0.1486011052915933
20260905T073818Z_e44d99bd,WE,BTC,leader_gap_500ms,5000,0.9,0.012234780431624959,1774,0.09434868773339923,0.0,0.18771138669673054,0.2661900266669837
20260905T073818Z_e44d99bd,WE,BTC,leader_gap_500ms,10000,0.9,0.012234780431624959,1155,0.13208744947013207,0.0,0.2606060606060606,0.4318536203186388
20260905T073818Z_e44d99bd,WE,BTC,leader_gap_500ms,30000,0.9,0.012234780431624959,513,0.09257458867161154,0.0,0.3489278752436647,0.8717223939525462
20260905T073818Z_e44d99bd,WE,BTC,leader_gap_500ms,100,0.95,0.11184379115540509,1996,0.07694652998661672,0.0,0.0781563126252505,0.09649669435020748
20260905T073818Z_e44d99bd,WE,BTC,leader_gap_500ms,200,0.95,0.11184379115540509,1996,0.07943663940774043,0.0,0.08466933867735471,0.1060180919075047
20260905T073818Z_e44d99bd,WE,BTC,leader_gap_500ms,500,0.95,0.11184379115540509,1996,0.08629447996444961,0.0,0.10070140280561123,0.12332015044668979
20260905T073818Z_e44d99bd,WE,BTC,leader_gap_500ms,1000,0.95,0.11184379115540509,1996,0.09577388207648183,0.0,0.12625250501002003,0.1522792560987591
20260905T073818Z_e44d99bd,WE,BTC,leader_gap_500ms,2000,0.95,0.11184379115540509,1620,0.10553537914142785,0.0,0.16049382716049382,0.21372304793113664
20260905T073818Z_e44d99bd,WE,BTC,leader_gap_500ms,5000,0.95,0.11184379115540509,1118,0.12039341163509953,0.0,0.22808586762075134,0.36098551828685516
20260905T073818Z_e44d99bd,WE,BTC,leader_gap_500ms,10000,0.95,0.11184379115540509,784,0.17447517180365327,0.0,0.3086734693877551,0.5366548298063201
20260905T073818Z_e44d99bd,WE,BTC,leader_gap_500ms,30000,0.95,0.11184379115540509,403,0.2607578539720068,0.0,0.4441687344913151,1.0148554166981871
20260905T073818Z_e44d99bd,WE,ETH,bitget_ofi,100,0.8,0.16077169581120582,5751,0.031889858498876766,0.0,0.048861067640410365,0.03962447722652981
20260905T073818Z_e44d99bd,WE,ETH,bitget_ofi,200,0.8,0.16077169581120582,5751,0.038003556097188515,0.0,0.06537993392453487,0.05240721264886562
20260905T073818Z_e44d99bd,WE,ETH,bitget_ofi,500,0.8,0.16077169581120582,5751,0.05432001483789869,0.0,0.09876543209876543,0.08395051952400588
20260905T073818Z_e44d99bd,WE,ETH,bitget_ofi,1000,0.8,0.16077169581120582,5751,0.06868295286074193,0.0,0.13615023474178403,0.1276746268247048
20260905T073818Z_e44d99bd,WE,ETH,bitget_ofi,2000,0.8,0.16077169581120582,4293,0.08978753683014536,0.0,0.18704868390402982,0.19078678553584177
20260905T073818Z_e44d99bd,WE,ETH,bitget_ofi,5000,0.8,0.16077169581120582,2550,0.1303076149604589,0.0,0.2984313725490196,0.3537981874152925
20260905T073818Z_e44d99bd,WE,ETH,bitget_ofi,10000,0.8,0.16077169581120582,1559,0.1631653233868631,0.0,0.37780628608082106,0.5702375430996226
20260905T073818Z_e44d99bd,WE,ETH,bitget_ofi,30000,0.8,0.16077169581120582,631,0.06816606263563482,0.0,0.42630744849445323,1.1448091237387255
20260905T073818Z_e44d99bd,WE,ETH,bitget_ofi,100,0.9,0.3312248480040294,3586,0.042588476450660225,0.0,0.07110987172336866,0.05605900581940752
20260905T073818Z_e44d99bd,WE,ETH,bitget_ofi,200,0.9,0.3312248480040294,3586,0.049350433219469005,0.0,0.09007250418293362,0.07158772081539465
20260905T073818Z_e44d99bd,WE,ETH,bitget_ofi,500,0.9,0.3312248480040294,3586,0.07107454363174177,0.0,0.12827663134411602,0.10596902602898614
20260905T073818Z_e44d99bd,WE,ETH,bitget_ofi,1000,0.9,0.3312248480040294,3586,0.08865772601463498,0.0,0.16787506971556052,0.1549936295819105
20260905T073818Z_e44d99bd,WE,ETH,bitget_ofi,2000,0.9,0.3312248480040294,2932,0.12399817821145045,0.0,0.23090040927694405,0.2234347583837856
20260905T073818Z_e44d99bd,WE,ETH,bitget_ofi,5000,0.9,0.3312248480040294,1956,0.17882348131505724,0.0,0.3445807770961145,0.39454015824135635
20260905T073818Z_e44d99bd,WE,ETH,bitget_ofi,10000,0.9,0.3312248480040294,1294,0.21512579853892347,0.0,0.41576506955177744,0.6261741538358669
20260905T073818Z_e44d99bd,WE,ETH,bitget_ofi,30000,0.9,0.3312248480040294,580,0.18226583281077216,0.0,0.49310344827586206,1.2005247235224226
20260905T073818Z_e44d99bd,WE,ETH,bitget_ofi,100,0.95,0.6913224083896452,2133,0.06044429390841038,0.0,0.0947022972339428,0.07971393904332931
20260905T073818Z_e44d99bd,WE,ETH,bitget_ofi,200,0.95,0.6913224083896452,2133,0.06925536212153705,0.0,0.11439287388654477,0.09646639618479105
20260905T073818Z_e44d99bd,WE,ETH,bitget_ofi,500,0.95,0.6913224083896452,2133,0.09485854015383005,0.0,0.16033755274261605,0.13507025016792754
20260905T073818Z_e44d99bd,WE,ETH,bitget_ofi,1000,0.95,0.6913224083896452,2133,0.10934537575986521,0.0,0.20440693858415376,0.18126618762696753
20260905T073818Z_e44d99bd,WE,ETH,bitget_ofi,2000,0.95,0.6913224083896452,1862,0.15189051354786476,0.0,0.2679914070891514,0.26393015894375643
20260905T073818Z_e44d99bd,WE,ETH,bitget_ofi,5000,0.95,0.6913224083896452,1388,0.2022999389348326,0.0,0.3746397694524496,0.436841870605788
20260905T073818Z_e44d99bd,WE,ETH,bitget_ofi,10000,0.95,0.6913224083896452,999,0.24443450275917236,0.0,0.43043043043043044,0.6514765773961559
20260905T073818Z_e44d99bd,WE,ETH,bitget_ofi,30000,0.95,0.6913224083896452,496,0.22154344652119967,0.0,0.4959677419354839,1.2601170449298116
20260905T073818Z_e44d99bd,WE,ETH,bitget_trade_flow,100,0.8,1.0,5117,0.03841854573196337,0.0,0.04201680672268908,0.0483693930842857
20260905T073818Z_e44d99bd,WE,ETH,bitget_trade_flow,200,0.8,1.0,5117,0.041959791679397396,0.0,0.05256986515536447,0.05827657031660312
20260905T073818Z_e44d99bd,WE,ETH,bitget_trade_flow,500,0.8,1.0,5117,0.05209237451704199,0.0,0.0799296462771155,0.08450487439654261
20260905T073818Z_e44d99bd,WE,ETH,bitget_trade_flow,1000,0.8,1.0,5117,0.06209629886332506,0.0,0.1145202266953293,0.12547182896623454
20260905T073818Z_e44d99bd,WE,ETH,bitget_trade_flow,2000,0.8,1.0,4041,0.07524941806816629,0.0,0.1613462014352883,0.18691981940117147
20260905T073818Z_e44d99bd,WE,ETH,bitget_trade_flow,5000,0.8,1.0,2548,0.09614261509676837,0.0,0.25274725274725274,0.3529749960083239
20260905T073818Z_e44d99bd,WE,ETH,bitget_trade_flow,10000,0.8,1.0,1568,0.06237359929759695,0.0,0.31441326530612246,0.569357482028491
20260905T073818Z_e44d99bd,WE,ETH,bitget_trade_flow,30000,0.8,1.0,641,0.17707106017393137,0.0,0.46177847113884557,1.1287713839652336
20260905T073818Z_e44d99bd,WE,ETH,bitget_trade_flow,100,0.9,1.0,5117,0.03841854573196337,0.0,0.04201680672268908,0.0483693930842857
20260905T073818Z_e44d99bd,WE,ETH,bitget_trade_flow,200,0.9,1.0,5117,0.041959791679397396,0.0,0.05256986515536447,0.05827657031660312
20260905T073818Z_e44d99bd,WE,ETH,bitget_trade_flow,500,0.9,1.0,5117,0.05209237451704199,0.0,0.0799296462771155,0.08450487439654261
20260905T073818Z_e44d99bd,WE,ETH,bitget_trade_flow,1000,0.9,1.0,5117,0.06209629886332506,0.0,0.1145202266953293,0.12547182896623454
20260905T073818Z_e44d99bd,WE,ETH,bitget_trade_flow,2000,0.9,1.0,4041,0.07524941806816629,0.0,0.1613462014352883,0.18691981940117147
20260905T073818Z_e44d99bd,WE,ETH,bitget_trade_flow,5000,0.9,1.0,2548,0.09614261509676837,0.0,0.25274725274725274,0.3529749960083239
20260905T073818Z_e44d99bd,WE,ETH,bitget_trade_flow,10000,0.9,1.0,1568,0.06237359929759695,0.0,0.31441326530612246,0.569357482028491
20260905T073818Z_e44d99bd,WE,ETH,bitget_trade_flow,30000,0.9,1.0,641,0.17707106017393137,0.0,0.46177847113884557,1.1287713839652336
20260905T073818Z_e44d99bd,WE,ETH,bitget_trade_flow,100,0.95,1.0,5117,0.03841854573196337,0.0,0.04201680672268908,0.0483693930842857
20260905T073818Z_e44d99bd,WE,ETH,bitget_trade_flow,200,0.95,1.0,5117,0.041959791679397396,0.0,0.05256986515536447,0.05827657031660312
20260905T073818Z_e44d99bd,WE,ETH,bitget_trade_flow,500,0.95,1.0,5117,0.05209237451704199,0.0,0.0799296462771155,0.08450487439654261
20260905T073818Z_e44d99bd,WE,ETH,bitget_trade_flow,1000,0.95,1.0,5117,0.06209629886332506,0.0,0.1145202266953293,0.12547182896623454
20260905T073818Z_e44d99bd,WE,ETH,bitget_trade_flow,2000,0.95,1.0,4041,0.07524941806816629,0.0,0.1613462014352883,0.18691981940117147
20260905T073818Z_e44d99bd,WE,ETH,bitget_trade_flow,5000,0.95,1.0,2548,0.09614261509676837,0.0,0.25274725274725274,0.3529749960083239
20260905T073818Z_e44d99bd,WE,ETH,bitget_trade_flow,10000,0.95,1.0,1568,0.06237359929759695,0.0,0.31441326530612246,0.569357482028491
20260905T073818Z_e44d99bd,WE,ETH,bitget_trade_flow,30000,0.95,1.0,641,0.17707106017393137,0.0,0.46177847113884557,1.1287713839652336
20260905T073818Z_e44d99bd,WE,ETH,depth_imbalance_l1,100,0.8,0.7570159027128157,5259,0.028608353609413897,0.0,0.05191100969766115,0.033317140769685935
20260905T073818Z_e44d99bd,WE,ETH,depth_imbalance_l1,200,0.8,0.7570159027128157,5259,0.042793404245304915,0.0,0.07358813462635481,0.04819850942383474
20260905T073818Z_e44d99bd,WE,ETH,depth_imbalance_l1,500,0.8,0.7570159027128157,5259,0.07050822246309328,0.0,0.1163719338277239,0.08042786745887182
20260905T073818Z_e44d99bd,WE,ETH,depth_imbalance_l1,1000,0.8,0.7570159027128157,5259,0.11184745941981901,0.0,0.1814033086138049,0.130646788392209
20260905T073818Z_e44d99bd,WE,ETH,depth_imbalance_l1,2000,0.8,0.7570159027128157,3149,0.1839764447825842,0.0,0.28771038424896794,0.23117016321348313
20260905T073818Z_e44d99bd,WE,ETH,depth_imbalance_l1,5000,0.8,0.7570159027128157,1744,0.3105712772026859,0.0,0.4547018348623853,0.42640896206159945
20260905T073818Z_e44d99bd,WE,ETH,depth_imbalance_l1,10000,0.8,0.7570159027128157,1123,0.3799834069150185,0.16273558519074957,0.5253784505788067,0.6593979540854888
20260905T073818Z_e44d99bd,WE,ETH,depth_imbalance_l1,30000,0.8,0.7570159027128157,524,0.3477240219893938,0.2034112241166999,0.549618320610687,1.208584515565712
20260905T073818Z_e44d99bd,WE,ETH,depth_imbalance_l1,100,0.9,0.871161027337648,2907,0.047154713456187936,0.0,0.07808737530099759,0.05327609776472045
20260905T073818Z_e44d99bd,WE,ETH,depth_imbalance_l1,200,0.9,0.871161027337648,2907,0.0651635028523231,0.0,0.10388716890264878,0.07201309499650771
20260905T073818Z_e44d99bd,WE,ETH,depth_imbalance_l1,500,0.9,0.871161027337648,2907,0.10487117257569567,0.0,0.1613347093223254,0.11715498377720329
20260905T073818Z_e44d99bd,WE,ETH,depth_imbalance_l1,1000,0.9,0.871161027337648,2907,0.14929363961418984,0.0,0.2328861369109047,0.17272692460055272
20260905T073818Z_e44d99bd,WE,ETH,depth_imbalance_l1,2000,0.9,0.871161027337648,1886,0.23528370449799232,0.0,0.35683987274655354,0.2861183609839177
20260905T073818Z_e44d99bd,WE,ETH,depth_imbalance_l1,5000,0.9,0.871161027337648,1161,0.3725438872423328,0.08149676967334386,0.5254091300602929,0.4884818573733684
20260905T073818Z_e44d99bd,WE,ETH,depth_imbalance_l1,10000,0.9,0.871161027337648,820,0.46887292889187004,0.3255334212773362,0.5878048780487805,0.7175294559706791
20260905T073818Z_e44d99bd,WE,ETH,depth_imbalance_l1,30000,0.9,0.871161027337648,444,0.40533193030812276,0.24446391241508267,0.5608108108108109,1.2844107631618833
20260905T073818Z_e44d99bd,WE,ETH,depth_imbalance_l1,100,0.95,0.943344790802418,1673,0.0670846144997605,0.0,0.10280932456664674,0.07083432174432579
20260905T073818Z_e44d99bd,WE,ETH,depth_imbalance_l1,200,0.95,0.943344790802418,1673,0.09147337309543607,0.0,0.13090257023311416,0.09522308034000133
20260905T073818Z_e44d99bd,WE,ETH,depth_imbalance_l1,500,0.95,0.943344790802418,1673,0.1349644606545051,0.0,0.19784817692767484,0.1432893597302599
20260905T073818Z_e44d99bd,WE,ETH,depth_imbalance_l1,1000,0.95,0.943344790802418,1673,0.1989635944862111,0.0,0.2785415421398685,0.2138608793480516
20260905T073818Z_e44d99bd,WE,ETH,depth_imbalance_l1,2000,0.95,0.943344790802418,1140,0.3018907517713823,0.0,0.4149122807017544,0.3358219747041388
20260905T073818Z_e44d99bd,WE,ETH,depth_imbalance_l1,5000,0.95,0.943344790802418,758,0.45041714632118796,0.2846813005112586,0.5857519788918206,0.5396591561365235
20260905T073818Z_e44d99bd,WE,ETH,depth_imbalance_l1,10000,0.95,0.943344790802418,591,0.5892674234603668,0.448242279102505,0.6429780033840947,0.7805350375159009
20260905T073818Z_e44d99bd,WE,ETH,depth_imbalance_l1,30000,0.95,0.943344790802418,354,0.5904268774561059,0.40745646654355494,0.6242937853107344,1.2885145751713605
20260905T073818Z_e44d99bd,WE,ETH,depth_imbalance_l5,100,0.8,0.6106045741932803,5668,0.02123280935784964,0.0,0.0389908256880734,0.024953694520357606
20260905T073818Z_e44d99bd,WE,ETH,depth_imbalance_l5,200,0.8,0.6106045741932803,5668,0.031584757871895366,0.0,0.0561044460127029,0.036770670585791365
20260905T073818Z_e44d99bd,WE,ETH,depth_imbalance_l5,500,0.8,0.6106045741932803,5668,0.0525570072642302,0.0,0.09386026817219478,0.06541431232573516
20260905T073818Z_e44d99bd,WE,ETH,depth_imbalance_l5,1000,0.8,0.6106045741932803,5668,0.08400224523809802,0.0,0.1524347212420607,0.11546909248749183
20260905T073818Z_e44d99bd,WE,ETH,depth_imbalance_l5,2000,0.8,0.6106045741932803,3471,0.14107541284937675,0.0,0.24575050417747046,0.20785357806656193
20260905T073818Z_e44d99bd,WE,ETH,depth_imbalance_l5,5000,0.8,0.6106045741932803,1905,0.23259045483989288,0.0,0.3889763779527559,0.39238314444618294
20260905T073818Z_e44d99bd,WE,ETH,depth_imbalance_l5,10000,0.8,0.6106045741932803,1229,0.3338276589568205,0.0,0.49145646867371845,0.6326154199561759
20260905T073818Z_e44d99bd,WE,ETH,depth_imbalance_l5,30000,0.8,0.6106045741932803,541,0.2919126821328474,0.12211652358884297,0.5304990757855823,1.2206417846253728
20260905T073818Z_e44d99bd,WE,ETH,depth_imbalance_l5,100,0.9,0.7449091770258591,3047,0.031254799040237244,0.0,0.055464391204463406,0.034887749952580184
20260905T073818Z_e44d99bd,WE,ETH,depth_imbalance_l5,200,0.9,0.7449091770258591,3047,0.045900758041599696,0.0,0.08007876599934362,0.050869259284733015
20260905T073818Z_e44d99bd,WE,ETH,depth_imbalance_l5,500,0.9,0.7449091770258591,3047,0.07291750840725103,0.0,0.11978995733508369,0.08325831248074393
20260905T073818Z_e44d99bd,WE,ETH,depth_imbalance_l5,1000,0.9,0.7449091770258591,3047,0.11250414537552444,0.0,0.1824745651460453,0.13150524062466473
20260905T073818Z_e44d99bd,WE,ETH,depth_imbalance_l5,2000,0.9,0.7449091770258591,1979,0.17694453404333071,0.0,0.2890348660939869,0.23265395705910885
20260905T073818Z_e44d99bd,WE,ETH,depth_imbalance_l5,5000,0.9,0.7449091770258591,1193,0.2858896620725919,0.0,0.4358759430008382,0.41925284003798224
20260905T073818Z_e44d99bd,WE,ETH,depth_imbalance_l5,10000,0.9,0.7449091770258591,845,0.3621395810231477,0.16295436259701374,0.5337278106508876,0.6470040333908521
20260905T073818Z_e44d99bd,WE,ETH,depth_imbalance_l5,30000,0.9,0.7449091770258591,445,0.2894313290147609,0.12226981688373495,0.5460674157303371,1.1845280548179398
20260905T073818Z_e44d99bd,WE,ETH,depth_imbalance_l5,100,0.95,0.8388040385061669,1656,0.037627285955903825,0.0,0.06884057971014493,0.044556964892700404
20260905T073818Z_e44d99bd,WE,ETH,depth_imbalance_l5,200,0.95,0.8388040385061669,1656,0.05825618965431919,0.0,0.09420289855072464,0.0685281198244909
20260905T073818Z_e44d99bd,WE,ETH,depth_imbalance_l5,500,0.95,0.8388040385061669,1656,0.09992116513773189,0.0,0.15157004830917875,0.1129954417284303
20260905T073818Z_e44d99bd,WE,ETH,depth_imbalance_l5,1000,0.95,0.8388040385061669,1656,0.1380020603898112,0.0,0.21497584541062803,0.16218623387194114
20260905T073818Z_e44d99bd,WE,ETH,depth_imbalance_l5,2000,0.95,0.8388040385061669,1108,0.21441996931212057,0.0,0.3276173285198556,0.272173015200411
20260905T073818Z_e44d99bd,WE,ETH,depth_imbalance_l5,5000,0.95,0.8388040385061669,734,0.3512746786206014,0.0,0.4891008174386921,0.476718672966704
20260905T073818Z_e44d99bd,WE,ETH,depth_imbalance_l5,10000,0.95,0.8388040385061669,556,0.4488590400128753,0.2849431946765607,0.5845323741007195,0.7020789399738514
20260905T073818Z_e44d99bd,WE,ETH,depth_imbalance_l5,30000,0.95,0.8388040385061669,341,0.40998490044050506,0.2854975406631364,0.5747800586510264,1.290045876216585
20260905T073818Z_e44d99bd,WE,ETH,external_ofi,100,0.8,0.02831715887380532,12238,0.018345482785037878,0.0,0.02704690308873999,0.022406680236110955
20260905T073818Z_e44d99bd,WE,ETH,external_ofi,200,0.8,0.02831715887380532,12238,0.023758122417747825,0.0,0.03840496813204772,0.032035064990967824
20260905T073818Z_e44d99bd,WE,ETH,external_ofi,500,0.8,0.02831715887380532,12238,0.03234043493781259,0.0,0.060712534727896714,0.05444093260264144
20260905T073818Z_e44d99bd,WE,ETH,external_ofi,1000,0.8,0.02831715887380532,12238,0.03911081779963087,0.0,0.09102794574276843,0.08815856019231157
20260905T073818Z_e44d99bd,WE,ETH,external_ofi,2000,0.8,0.02831715887380532,7600,0.04949994790722237,0.0,0.13,0.15131953423515407
20260905T073818Z_e44d99bd,WE,ETH,external_ofi,5000,0.8,0.02831715887380532,3652,0.07123226901659412,0.0,0.2346659364731654,0.3094956567427911
20260905T073818Z_e44d99bd,WE,ETH,external_ofi,10000,0.8,0.02831715887380532,1975,0.09681367396089838,0.0,0.33367088607594936,0.5303609029799873
20260905T073818Z_e44d99bd,WE,ETH,external_ofi,30000,0.8,0.02831715887380532,696,0.12423026002100622,0.0,0.4396551724137931,1.103277885867536
20260905T073818Z_e44d99bd,WE,ETH,external_ofi,100,0.9,0.06175305877296938,7990,0.03654302731514726,0.0,0.04943679599499374,0.04156513849428936
20260905T073818Z_e44d99bd,WE,ETH,external_ofi,200,0.9,0.06175305877296938,7990,0.043522009419042905,0.0,0.06170212765957447,0.0526711803359199
20260905T073818Z_e44d99bd,WE,ETH,external_ofi,500,0.9,0.06175305877296938,7990,0.05620845826268414,0.0,0.09299123904881101,0.07953262959342372
20260905T073818Z_e44d99bd,WE,ETH,external_ofi,1000,0.9,0.06175305877296938,7990,0.0689331034670983,0.0,0.12615769712140176,0.11729871741840991
20260905T073818Z_e44d99bd,WE,ETH,external_ofi,2000,0.9,0.06175305877296938,5567,0.09485165120189289,0.0,0.1792707023531525,0.1870577522673924
20260905T073818Z_e44d99bd,WE,ETH,external_ofi,5000,0.9,0.06175305877296938,3049,0.13763189811153276,0.0,0.2850114791734995,0.3401046304817565
20260905T073818Z_e44d99bd,WE,ETH,external_ofi,10000,0.9,0.06175305877296938,1762,0.20036473713924038,0.0,0.3904653802497162,0.5430958644196432
20260905T073818Z_e44d99bd,WE,ETH,external_ofi,30000,0.9,0.06175305877296938,666,0.1505958892758284,0.0,0.45345345345345345,1.1545323719391625
20260905T073818Z_e44d99bd,WE,ETH,external_ofi,100,0.95,0.13760046443362647,4797,0.06711196346838735,0.0,0.08567854909318325,0.07563146484072113
20260905T073818Z_e44d99bd,WE,ETH,external_ofi,200,0.95,0.13760046443362647,4797,0.07683022660864883,0.0,0.10360642067959142,0.09203837205770747
20260905T073818Z_e44d99bd,WE,ETH,external_ofi,500,0.95,0.13760046443362647,4797,0.09493789280785177,0.0,0.14112987283718992,0.12013543416158716
20260905T073818Z_e44d99bd,WE,ETH,external_ofi,1000,0.95,0.13760046443362647,4797,0.11803359652325277,0.0,0.18344798832603712,0.16513986274756903
20260905T073818Z_e44d99bd,WE,ETH,external_ofi,2000,0.95,0.13760046443362647,3694,0.15373791564368783,0.0,0.2466161342717921,0.23834343682271492
20260905T073818Z_e44d99bd,WE,ETH,external_ofi,5000,0.95,0.13760046443362647,2311,0.2104014922215096,0.0,0.3574210298572047,0.41460217983698966
20260905T073818Z_e44d99bd,WE,ETH,external_ofi,10000,0.95,0.13760046443362647,1465,0.2248624062995694,0.0,0.4252559726962457,0.6239330636425012
20260905T073818Z_e44d99bd,WE,ETH,external_ofi,30000,0.95,0.13760046443362647,610,0.26602900589636563,0.0,0.47704918032786886,1.1682245209060342
20260905T073818Z_e44d99bd,WE,ETH,external_trade_flow,100,0.8,1.0,17174,0.003897752561862336,0.0,0.009898684057295912,0.00890070888313786
20260905T073818Z_e44d99bd,WE,ETH,external_trade_flow,200,0.8,1.0,17174,0.005455320030914061,0.0,0.016070804704786303,0.015498540930611615
20260905T073818Z_e44d99bd,WE,ETH,external_trade_flow,500,0.8,1.0,17174,0.007397408773146853,0.0,0.03348084313497147,0.0375404550018955
20260905T073818Z_e44d99bd,WE,ETH,external_trade_flow,1000,0.8,1.0,17173,0.01263102233856527,0.0,0.061317183951551855,0.07138184414639462
20260905T073818Z_e44d99bd,WE,ETH,external_trade_flow,2000,0.8,1.0,9555,0.006451306399435192,0.0,0.1000523286237572,0.12984651659124027
20260905T073818Z_e44d99bd,WE,ETH,external_trade_flow,5000,0.8,1.0,4100,0.04074924659744462,0.0,0.2026829268292683,0.28721587111451463
20260905T073818Z_e44d99bd,WE,ETH,external_trade_flow,10000,0.8,1.0,2105,0.028924407415380007,0.0,0.28788598574821855,0.5050983913495614
20260905T073818Z_e44d99bd,WE,ETH,external_trade_flow,30000,0.8,1.0,713,0.04492363341443996,0.0,0.4277699859747546,1.0968400116054817
20260905T073818Z_e44d99bd,WE,ETH,external_trade_flow,100,0.9,1.0,17174,0.003897752561862336,0.0,0.009898684057295912,0.00890070888313786
20260905T073818Z_e44d99bd,WE,ETH,external_trade_flow,200,0.9,1.0,17174,0.005455320030914061,0.0,0.016070804704786303,0.015498540930611615
20260905T073818Z_e44d99bd,WE,ETH,external_trade_flow,500,0.9,1.0,17174,0.007397408773146853,0.0,0.03348084313497147,0.0375404550018955
20260905T073818Z_e44d99bd,WE,ETH,external_trade_flow,1000,0.9,1.0,17173,0.01263102233856527,0.0,0.061317183951551855,0.07138184414639462
20260905T073818Z_e44d99bd,WE,ETH,external_trade_flow,2000,0.9,1.0,9555,0.006451306399435192,0.0,0.1000523286237572,0.12984651659124027
20260905T073818Z_e44d99bd,WE,ETH,external_trade_flow,5000,0.9,1.0,4100,0.04074924659744462,0.0,0.2026829268292683,0.28721587111451463
20260905T073818Z_e44d99bd,WE,ETH,external_trade_flow,10000,0.9,1.0,2105,0.028924407415380007,0.0,0.28788598574821855,0.5050983913495614
20260905T073818Z_e44d99bd,WE,ETH,external_trade_flow,30000,0.9,1.0,713,0.04492363341443996,0.0,0.4277699859747546,1.0968400116054817
20260905T073818Z_e44d99bd,WE,ETH,external_trade_flow,100,0.95,1.0,17174,0.003897752561862336,0.0,0.009898684057295912,0.00890070888313786
20260905T073818Z_e44d99bd,WE,ETH,external_trade_flow,200,0.95,1.0,17174,0.005455320030914061,0.0,0.016070804704786303,0.015498540930611615
20260905T073818Z_e44d99bd,WE,ETH,external_trade_flow,500,0.95,1.0,17174,0.007397408773146853,0.0,0.03348084313497147,0.0375404550018955
20260905T073818Z_e44d99bd,WE,ETH,external_trade_flow,1000,0.95,1.0,17173,0.01263102233856527,0.0,0.061317183951551855,0.07138184414639462
20260905T073818Z_e44d99bd,WE,ETH,external_trade_flow,2000,0.95,1.0,9555,0.006451306399435192,0.0,0.1000523286237572,0.12984651659124027
20260905T073818Z_e44d99bd,WE,ETH,external_trade_flow,5000,0.95,1.0,4100,0.04074924659744462,0.0,0.2026829268292683,0.28721587111451463
20260905T073818Z_e44d99bd,WE,ETH,external_trade_flow,10000,0.95,1.0,2105,0.028924407415380007,0.0,0.28788598574821855,0.5050983913495614
20260905T073818Z_e44d99bd,WE,ETH,external_trade_flow,30000,0.95,1.0,713,0.04492363341443996,0.0,0.4277699859747546,1.0968400116054817
20260905T073818Z_e44d99bd,WE,ETH,fair_accel_100ms,100,0.8,7.324954441158228e-07,7530,0.034508255818399655,0.0,0.040770252324037186,0.04012052307032443
20260905T073818Z_e44d99bd,WE,ETH,fair_accel_100ms,200,0.8,7.324954441158228e-07,7530,0.03885999371268919,0.0,0.05139442231075697,0.05126542282851976
20260905T073818Z_e44d99bd,WE,ETH,fair_accel_100ms,500,0.8,7.324954441158228e-07,7530,0.05024027556255488,0.0,0.07622841965471447,0.07455966896902722
20260905T073818Z_e44d99bd,WE,ETH,fair_accel_100ms,1000,0.8,7.324954441158228e-07,7530,0.06367330344675892,0.0,0.10956175298804781,0.10982152427589041
20260905T073818Z_e44d99bd,WE,ETH,fair_accel_100ms,2000,0.8,7.324954441158228e-07,5068,0.0929255347351006,0.0,0.1659431728492502,0.18165642462981288
20260905T073818Z_e44d99bd,WE,ETH,fair_accel_100ms,5000,0.8,7.324954441158228e-07,2786,0.13180062463310888,0.0,0.26453697056712133,0.3405979802699899
20260905T073818Z_e44d99bd,WE,ETH,fair_accel_100ms,10000,0.8,7.324954441158228e-07,1650,0.13877290270577305,0.0,0.3339393939393939,0.5509825814831721
20260905T073818Z_e44d99bd,WE,ETH,fair_accel_100ms,30000,0.8,7.324954441158228e-07,646,0.2339426861668097,0.0,0.48761609907120745,1.1657972468390534
20260905T073818Z_e44d99bd,WE,ETH,fair_accel_100ms,100,0.9,1.1967159356135803e-06,5929,0.04410135953711315,0.0,0.050261426884803506,0.05390878051614234
20260905T073818Z_e44d99bd,WE,ETH,fair_accel_100ms,200,0.9,1.1967159356135803e-06,5929,0.047307561550521446,0.0,0.06223646483386743,0.06578311215044637
20260905T073818Z_e44d99bd,WE,ETH,fair_accel_100ms,500,0.9,1.1967159356135803e-06,5929,0.054529152941466055,0.0,0.0866925282509698,0.08885061688462728
20260905T073818Z_e44d99bd,WE,ETH,fair_accel_100ms,1000,0.9,1.1967159356135803e-06,5929,0.0676208533104882,0.0,0.12278630460448642,0.12774274277471054
20260905T073818Z_e44d99bd,WE,ETH,fair_accel_100ms,2000,0.9,1.1967159356135803e-06,4420,0.09364875690119977,0.0,0.17692307692307693,0.19464965768529438
20260905T073818Z_e44d99bd,WE,ETH,fair_accel_100ms,5000,0.9,1.1967159356135803e-06,2614,0.13670351997913502,0.0,0.2773527161438409,0.3548543015078646
20260905T073818Z_e44d99bd,WE,ETH,fair_accel_100ms,10000,0.9,1.1967159356135803e-06,1596,0.1485124760343421,0.0,0.34210526315789475,0.5517993371280229
20260905T073818Z_e44d99bd,WE,ETH,fair_accel_100ms,30000,0.9,1.1967159356135803e-06,635,0.3158756071179317,0.0,0.4818897637795276,1.1473213785703602
20260905T073818Z_e44d99bd,WE,ETH,fair_accel_100ms,100,0.95,0.052872282042129536,3546,0.08041622785735157,0.0,0.08432036097010716,0.09401199868065618
20260905T073818Z_e44d99bd,WE,ETH,fair_accel_100ms,200,0.95,0.052872282042129536,3546,0.08468053286149993,0.0,0.09983079526226735,0.11113812282518626
20260905T073818Z_e44d99bd,WE,ETH,fair_accel_100ms,500,0.95,0.052872282042129536,3546,0.0954787959740455,0.0,0.12774957698815567,0.13687403257475522
20260905T073818Z_e44d99bd,WE,ETH,fair_accel_100ms,1000,0.95,0.052872282042129536,3546,0.10886533271940126,0.0,0.16751269035532995,0.17881551614731808
20260905T073818Z_e44d99bd,WE,ETH,fair_accel_100ms,2000,0.95,0.052872282042129536,2865,0.13997246472716762,0.0,0.22233856893542758,0.25075859475202805
20260905T073818Z_e44d99bd,WE,ETH,fair_accel_100ms,5000,0.95,0.052872282042129536,1883,0.20206415772515948,0.0,0.3420074349442379,0.432189776493527
20260905T073818Z_e44d99bd,WE,ETH,fair_accel_100ms,10000,0.95,0.052872282042129536,1248,0.2634229883234492,0.0,0.4150641025641026,0.6360028456160436
20260905T073818Z_e44d99bd,WE,ETH,fair_accel_100ms,30000,0.95,0.052872282042129536,553,0.33276533460981583,0.0,0.49005424954792043,1.1949503178704586
20260905T073818Z_e44d99bd,WE,ETH,fair_gap_reversion,100,0.8,0.46097091006913626,4703,0.031063323292847538,0.0,0.02891771209866043,0.03779931591637626
20260905T073818Z_e44d99bd,WE,ETH,fair_gap_reversion,200,0.8,0.46097091006913626,4703,0.03825741620713552,0.0,0.04039974484371678,0.04956581880239789
20260905T073818Z_e44d99bd,WE,ETH,fair_gap_reversion,500,0.8,0.46097091006913626,4703,0.05160840795288047,0.0,0.06527748245800553,0.07574515232874186
20260905T073818Z_e44d99bd,WE,ETH,fair_gap_reversion,1000,0.8,0.46097091006913626,4703,0.07336661843326686,0.0,0.10270040399744844,0.1140525192009403
20260905T073818Z_e44d99bd,WE,ETH,fair_gap_reversion,2000,0.8,0.46097091006913626,2647,0.12273915609488172,0.0,0.1730260672459388,0.20982352026218623
20260905T073818Z_e44d99bd,WE,ETH,fair_gap_reversion,5000,0.8,0.46097091006913626,1322,0.22453837619434042,0.0,0.3154311649016641,0.4506398080741984
20260905T073818Z_e44d99bd,WE,ETH,fair_gap_reversion,10000,0.8,0.46097091006913626,830,0.34066762489829017,0.0,0.42891566265060244,0.7396956403843753
20260905T073818Z_e44d99bd,WE,ETH,fair_gap_reversion,30000,0.8,0.46097091006913626,409,0.41423443906373947,0.24447138158297466,0.5403422982885085,1.3551190413119538
20260905T073818Z_e44d99bd,WE,ETH,fair_gap_reversion,100,0.9,0.6001090906160302,2475,0.05867096518473814,0.0,0.044444444444444446,0.06421626008419767
20260905T073818Z_e44d99bd,WE,ETH,fair_gap_reversion,200,0.9,0.6001090906160302,2475,0.06729047703336428,0.0,0.059393939393939395,0.07750859651614837
20260905T073818Z_e44d99bd,WE,ETH,fair_gap_reversion,500,0.9,0.6001090906160302,2475,0.08420860428876133,0.0,0.08525252525252525,0.1062009630952655
20260905T073818Z_e44d99bd,WE,ETH,fair_gap_reversion,1000,0.9,0.6001090906160302,2475,0.11292707413528456,0.0,0.12484848484848485,0.14863962048672447
20260905T073818Z_e44d99bd,WE,ETH,fair_gap_reversion,2000,0.9,0.6001090906160302,1448,0.18328858931905992,0.0,0.20511049723756905,0.2686221686852423
20260905T073818Z_e44d99bd,WE,ETH,fair_gap_reversion,5000,0.9,0.6001090906160302,796,0.33687159558179214,0.0,0.36432160804020103,0.5132654649905362
20260905T073818Z_e44d99bd,WE,ETH,fair_gap_reversion,10000,0.9,0.6001090906160302,549,0.43748556226645496,0.0,0.4553734061930783,0.8324958109427747
20260905T073818Z_e44d99bd,WE,ETH,fair_gap_reversion,30000,0.9,0.6001090906160302,304,0.6536528573378246,0.4070931955560485,0.5822368421052632,1.4712787980622597
20260905T073818Z_e44d99bd,WE,ETH,fair_gap_reversion,100,0.95,0.7334299514548669,1288,0.10931913302502917,0.0,0.06677018633540373,0.12057547755591212
20260905T073818Z_e44d99bd,WE,ETH,fair_gap_reversion,200,0.95,0.7334299514548669,1288,0.12110812831090825,0.0,0.08618012422360248,0.1391937491774676
20260905T073818Z_e44d99bd,WE,ETH,fair_gap_reversion,500,0.95,0.7334299514548669,1288,0.12566510904105227,0.0,0.10791925465838509,0.1586028992666295
20260905T073818Z_e44d99bd,WE,ETH,fair_gap_reversion,1000,0.95,0.7334299514548669,1288,0.16290723580249056,0.0,0.1513975155279503,0.2096838322511932
20260905T073818Z_e44d99bd,WE,ETH,fair_gap_reversion,2000,0.95,0.7334299514548669,793,0.25844421077162405,0.0,0.244640605296343,0.3556813856737239
20260905T073818Z_e44d99bd,WE,ETH,fair_gap_reversion,5000,0.95,0.7334299514548669,473,0.4508477769174513,0.0,0.4080338266384778,0.6255808201573159
20260905T073818Z_e44d99bd,WE,ETH,fair_gap_reversion,10000,0.95,0.7334299514548669,349,0.6168442697493073,0.04069258784532719,0.501432664756447,0.9749567514471762
20260905T073818Z_e44d99bd,WE,ETH,fair_gap_reversion,30000,0.95,0.7334299514548669,221,0.6715489352364492,0.4072498621024705,0.5927601809954751,1.5721367688414016
20260905T073818Z_e44d99bd,WE,ETH,leader_gap_1000ms,100,0.8,0.051981188963249256,5738,0.03714211426552495,0.0,0.04496340188218892,0.05722541613560774
20260905T073818Z_e44d99bd,WE,ETH,leader_gap_1000ms,200,0.8,0.051981188963249256,5738,0.0389417467491473,0.0,0.053502962704775184,0.06889532983931261
20260905T073818Z_e44d99bd,WE,ETH,leader_gap_1000ms,500,0.8,0.051981188963249256,5738,0.0412891897296136,0.0,0.07685604740327641,0.0931183951077069
20260905T073818Z_e44d99bd,WE,ETH,leader_gap_1000ms,1000,0.8,0.051981188963249256,5738,0.051232384519623426,0.0,0.11049146043917742,0.13270459224630732
20260905T073818Z_e44d99bd,WE,ETH,leader_gap_1000ms,2000,0.8,0.051981188963249256,3793,0.07345081733941039,0.0,0.1682045873978381,0.22264716398940818
20260905T073818Z_e44d99bd,WE,ETH,leader_gap_1000ms,5000,0.8,0.051981188963249256,2289,0.09959018994876123,0.0,0.2817824377457405,0.3947635688646173
20260905T073818Z_e44d99bd,WE,ETH,leader_gap_1000ms,10000,0.8,0.051981188963249256,1434,0.14140950348893283,0.0,0.35564853556485354,0.6230702416451498
20260905T073818Z_e44d99bd,WE,ETH,leader_gap_1000ms,30000,0.8,0.051981188963249256,588,0.16036834953679346,0.0,0.4387755102040816,1.2094529856731593
20260905T073818Z_e44d99bd,WE,ETH,leader_gap_1000ms,100,0.9,0.19306297935555222,2818,0.06749428050014808,0.0,0.06919801277501775,0.09825354618685352
20260905T073818Z_e44d99bd,WE,ETH,leader_gap_1000ms,200,0.9,0.19306297935555222,2818,0.07102565865617057,0.0,0.08268275372604685,0.11301305863143683
20260905T073818Z_e44d99bd,WE,ETH,leader_gap_1000ms,500,0.9,0.19306297935555222,2818,0.07549310708179154,0.0,0.11355571327182398,0.1419083056856434
20260905T073818Z_e44d99bd,WE,ETH,leader_gap_1000ms,1000,0.9,0.19306297935555222,2818,0.0963709776255033,0.0,0.15507452093683463,0.19661939132372042
20260905T073818Z_e44d99bd,WE,ETH,leader_gap_1000ms,2000,0.9,0.19306297935555222,2138,0.1286321098559734,0.0,0.22170252572497662,0.2943167896269769
20260905T073818Z_e44d99bd,WE,ETH,leader_gap_1000ms,5000,0.9,0.19306297935555222,1486,0.18167512817749487,0.0,0.33714670255720053,0.4742436248947244
20260905T073818Z_e44d99bd,WE,ETH,leader_gap_1000ms,10000,0.9,0.19306297935555222,1036,0.24879678049673085,0.0,0.416988416988417,0.7205579209429233
20260905T073818Z_e44d99bd,WE,ETH,leader_gap_1000ms,30000,0.9,0.19306297935555222,500,0.14181522111164713,0.0,0.486,1.3143230368462677
20260905T073818Z_e44d99bd,WE,ETH,leader_gap_1000ms,100,0.95,0.4057818296032197,1530,0.09932310388064246,0.0,0.08366013071895424,0.1297986295734571
20260905T073818Z_e44d99bd,WE,ETH,leader_gap_1000ms,200,0.95,0.4057818296032197,1530,0.10488274181026219,0.0,0.09869281045751634,0.14717857244176033
20260905T073818Z_e44d99bd,WE,ETH,leader_gap_1000ms,500,0.95,0.4057818296032197,1530,0.10784589356991627,0.0,0.12941176470588237,0.1840404903342087
20260905T073818Z_e44d99bd,WE,ETH,leader_gap_1000ms,1000,0.95,0.4057818296032197,1530,0.1352389659403662,0.0,0.17450980392156862,0.235277470378067
20260905T073818Z_e44d99bd,WE,ETH,leader_gap_1000ms,2000,0.95,0.4057818296032197,1289,0.17646575370102197,0.0,0.2373933281613654,0.33432550326824295
20260905T073818Z_e44d99bd,WE,ETH,leader_gap_1000ms,5000,0.95,0.4057818296032197,1006,0.2273189995915703,0.0,0.3518886679920477,0.5111932978553146
20260905T073818Z_e44d99bd,WE,ETH,leader_gap_1000ms,10000,0.95,0.4057818296032197,765,0.2603762836188174,0.0,0.4235294117647059,0.7800889169468634
20260905T073818Z_e44d99bd,WE,ETH,leader_gap_1000ms,30000,0.95,0.4057818296032197,421,0.2468759927415535,0.1628647916889204,0.5320665083135392,1.357988168190451
20260905T073818Z_e44d99bd,WE,ETH,leader_gap_100ms,100,0.8,0.0005831276553692264,7803,0.02408830682950393,0.0,0.031910803537101115,0.03861978088220427
20260905T073818Z_e44d99bd,WE,ETH,leader_gap_100ms,200,0.8,0.0005831276553692264,7803,0.022125366329106208,0.0,0.03716519287453544,0.04932834382027761
20260905T073818Z_e44d99bd,WE,ETH,leader_gap_100ms,500,0.8,0.0005831276553692264,7803,0.022254547332217895,0.0,0.05561963347430476,0.07267533294404298
20260905T073818Z_e44d99bd,WE,ETH,leader_gap_100ms,1000,0.8,0.0005831276553692264,7803,0.017437864462755043,0.0,0.07727797001153403,0.10909419103580742
20260905T073818Z_e44d99bd,WE,ETH,leader_gap_100ms,2000,0.8,0.0005831276553692264,5150,0.031071800277310043,0.0,0.12485436893203883,0.18055397905905166
20260905T073818Z_e44d99bd,WE,ETH,leader_gap_100ms,5000,0.8,0.0005831276553692264,2802,0.04238307776732274,0.0,0.21805852962169878,0.3418929023873122
20260905T073818Z_e44d99bd,WE,ETH,leader_gap_100ms,10000,0.8,0.0005831276553692264,1660,0.04590640148015806,0.0,0.29759036144578316,0.5513329072506483
20260905T073818Z_e44d99bd,WE,ETH,leader_gap_100ms,30000,0.8,0.0005831276553692264,647,0.0044485611623218775,0.0,0.3987635239567233,1.1524776661668734
20260905T073818Z_e44d99bd,WE,ETH,leader_gap_100ms,100,0.9,0.0008263431384706243,6226,0.03428858084189271,0.0,0.041278509476389336,0.05009312808727451
20260905T073818Z_e44d99bd,WE,ETH,leader_gap_100ms,200,0.9,0.0008263431384706243,6226,0.03415749742616246,0.0,0.04914873112752972,0.06161692972589636
20260905T073818Z_e44d99bd,WE,ETH,leader_gap_100ms,500,0.9,0.0008263431384706243,6226,0.03578353982860974,0.0,0.06938644394474783,0.08380278283690319
20260905T073818Z_e44d99bd,WE,ETH,leader_gap_100ms,1000,0.9,0.0008263431384706243,6226,0.03768298336432262,0.0,0.09765499518149695,0.12429616373240326
20260905T073818Z_e44d99bd,WE,ETH,leader_gap_100ms,2000,0.9,0.0008263431384706243,4513,0.052798601292134595,0.0,0.14424994460447596,0.19452980628477087
20260905T073818Z_e44d99bd,WE,ETH,leader_gap_100ms,5000,0.9,0.0008263431384706243,2629,0.06855061291953124,0.0,0.23545074172689234,0.3546830028737692
20260905T073818Z_e44d99bd,WE,ETH,leader_gap_100ms,10000,0.9,0.0008263431384706243,1596,0.09303039149702108,0.0,0.30952380952380953,0.5557134378877362
20260905T073818Z_e44d99bd,WE,ETH,leader_gap_100ms,30000,0.9,0.0008263431384706243,640,-0.002412596618706775,0.0,0.4140625,1.150988587724255
20260905T073818Z_e44d99bd,WE,ETH,leader_gap_100ms,100,0.95,0.0018483862144570069,5466,0.04321626415444772,0.0,0.048664471276985,0.060109995451615134
20260905T073818Z_e44d99bd,WE,ETH,leader_gap_100ms,200,0.95,0.0018483862144570069,5466,0.04396802198798724,0.0,0.057628979143798026,0.0723645092193175
20260905T073818Z_e44d99bd,WE,ETH,leader_gap_100ms,500,0.95,0.0018483862144570069,5466,0.04723644346682758,0.0,0.08086351994145627,0.09642855702110475
20260905T073818Z_e44d99bd,WE,ETH,leader_gap_100ms,1000,0.95,0.0018483862144570069,5466,0.05596237672886231,0.0,0.11214782290523234,0.13543838126349445
20260905T073818Z_e44d99bd,WE,ETH,leader_gap_100ms,2000,0.95,0.0018483862144570069,4208,0.07084647053915206,0.0,0.15613117870722434,0.2011270292785332
20260905T073818Z_e44d99bd,WE,ETH,leader_gap_100ms,5000,0.95,0.0018483862144570069,2542,0.09366296698749492,0.0,0.25334382376081827,0.36346574692452593
20260905T073818Z_e44d99bd,WE,ETH,leader_gap_100ms,10000,0.95,0.0018483862144570069,1565,0.11938346027997922,0.0,0.3207667731629393,0.5629249928405151
20260905T073818Z_e44d99bd,WE,ETH,leader_gap_100ms,30000,0.95,0.0018483862144570069,633,0.08215860970293787,0.0,0.43285939968404424,1.142981405877945
20260905T073818Z_e44d99bd,WE,ETH,leader_gap_200ms,100,0.8,0.0012760993851191292,7505,0.026963486002210064,0.0,0.034110592938041306,0.04130343291695493
20260905T073818Z_e44d99bd,WE,ETH,leader_gap_200ms,200,0.8,0.0012760993851191292,7505,0.026638333333838686,0.0,0.040772818121252496,0.05207889286928893
20260905T073818Z_e44d99bd,WE,ETH,leader_gap_200ms,500,0.8,0.0012760993851191292,7505,0.02715138906631871,0.0,0.05956029313790806,0.075365755286321
20260905T073818Z_e44d99bd,WE,ETH,leader_gap_200ms,1000,0.8,0.0012760993851191292,7505,0.02529321515283477,0.0,0.08381079280479681,0.11229458735648325
20260905T073818Z_e44d99bd,WE,ETH,leader_gap_200ms,2000,0.8,0.0012760993851191292,5053,0.03685066398211398,0.0,0.13021967148228775,0.18514840363475035
20260905T073818Z_e44d99bd,WE,ETH,leader_gap_200ms,5000,0.8,0.0012760993851191292,2787,0.04627135364577683,0.0,0.22138500179404377,0.34174641145334833
20260905T073818Z_e44d99bd,WE,ETH,leader_gap_200ms,10000,0.8,0.0012760993851191292,1648,0.050421418445539185,0.0,0.30097087378640774,0.5522924187478103
20260905T073818Z_e44d99bd,WE,ETH,leader_gap_200ms,30000,0.8,0.0012760993851191292,646,0.04593539058219363,0.0,0.41640866873065013,1.1578233784932732
20260905T073818Z_e44d99bd,WE,ETH,leader_gap_200ms,100,0.9,0.002135768197595333,5877,0.039742998247001574,0.0,0.04560149736259997,0.05680027886657018
20260905T073818Z_e44d99bd,WE,ETH,leader_gap_200ms,200,0.9,0.002135768197595333,5877,0.04085143445534451,0.0,0.05461970393057682,0.06862068981473064
20260905T073818Z_e44d99bd,WE,ETH,leader_gap_200ms,500,0.9,0.002135768197595333,5877,0.0440013501480524,0.0,0.07605921388463502,0.0914167010274629
20260905T073818Z_e44d99bd,WE,ETH,leader_gap_200ms,1000,0.9,0.002135768197595333,5877,0.051749891487118,0.0,0.10702739492938575,0.13133514609251196
20260905T073818Z_e44d99bd,WE,ETH,leader_gap_200ms,2000,0.9,0.002135768197595333,4389,0.063392652989628,0.0,0.14992025518341306,0.19766122381342408
20260905T073818Z_e44d99bd,WE,ETH,leader_gap_200ms,5000,0.9,0.002135768197595333,2608,0.07781331313853868,0.0,0.24118098159509202,0.356098569708676
20260905T073818Z_e44d99bd,WE,ETH,leader_gap_200ms,10000,0.9,0.002135768197595333,1590,0.10167454567694513,0.0,0.3182389937106918,0.5551618440863448
20260905T073818Z_e44d99bd,WE,ETH,leader_gap_200ms,30000,0.9,0.002135768197595333,635,0.18889028779180622,0.0,0.4409448818897638,1.1278425986263836
20260905T073818Z_e44d99bd,WE,ETH,leader_gap_200ms,100,0.95,0.08127835735637325,3601,0.06333621600782553,0.0,0.06942515967786726,0.09378907926781285
20260905T073818Z_e44d99bd,WE,ETH,leader_gap_200ms,200,0.95,0.08127835735637325,3601,0.06325739913046331,0.0,0.07997778394890308,0.10884147648203243
20260905T073818Z_e44d99bd,WE,ETH,leader_gap_200ms,500,0.95,0.08127835735637325,3601,0.06483122202390744,0.0,0.10524854207164676,0.13424893099849666
20260905T073818Z_e44d99bd,WE,ETH,leader_gap_200ms,1000,0.95,0.08127835735637325,3601,0.07218536298070839,0.0,0.139128019994446,0.17974761561325986
20260905T073818Z_e44d99bd,WE,ETH,leader_gap_200ms,2000,0.95,0.08127835735637325,2911,0.09559478354704867,0.0,0.18996908278941943,0.25440377222535127
20260905T073818Z_e44d99bd,WE,ETH,leader_gap_200ms,5000,0.95,0.08127835735637325,1908,0.118082710786837,0.0,0.2914046121593291,0.4256952145664742
20260905T073818Z_e44d99bd,WE,ETH,leader_gap_200ms,10000,0.95,0.08127835735637325,1256,0.14424413118846727,0.0,0.3646496815286624,0.6596631859517893
20260905T073818Z_e44d99bd,WE,ETH,leader_gap_200ms,30000,0.95,0.08127835735637325,553,0.13323408053834895,0.0,0.4593128390596745,1.2158684550905474
20260905T073818Z_e44d99bd,WE,ETH,leader_gap_500ms,100,0.8,0.00443783883712616,6741,0.030583373388900003,0.0,0.03856994511200119,0.04874120722928619
20260905T073818Z_e44d99bd,WE,ETH,leader_gap_500ms,200,0.8,0.00443783883712616,6741,0.030963625496928732,0.0,0.04732235573357069,0.060368872481382306
20260905T073818Z_e44d99bd,WE,ETH,leader_gap_500ms,500,0.8,0.00443783883712616,6741,0.032180627655516776,0.0,0.06809078771695594,0.08238804926649043
20260905T073818Z_e44d99bd,WE,ETH,leader_gap_500ms,1000,0.8,0.00443783883712616,6741,0.03628953440459305,0.0,0.09642486278000297,0.11995581652591941
20260905T073818Z_e44d99bd,WE,ETH,leader_gap_500ms,2000,0.8,0.00443783883712616,4753,0.04604984942213947,0.0,0.13864927414264674,0.18820987283115415
20260905T073818Z_e44d99bd,WE,ETH,leader_gap_500ms,5000,0.8,0.00443783883712616,2703,0.061917283390002714,0.0,0.23529411764705882,0.35207234882052557
20260905T073818Z_e44d99bd,WE,ETH,leader_gap_500ms,10000,0.8,0.00443783883712616,1630,0.09696069849909951,0.0,0.3159509202453988,0.5604718643982081
20260905T073818Z_e44d99bd,WE,ETH,leader_gap_500ms,30000,0.8,0.00443783883712616,640,0.10909691416304375,0.0,0.44375,1.1529514323457075
20260905T073818Z_e44d99bd,WE,ETH,leader_gap_500ms,100,0.9,0.08388956980772139,3844,0.05631495498178482,0.0,0.06425598335067638,0.08613332875302702
20260905T073818Z_e44d99bd,WE,ETH,leader_gap_500ms,200,0.9,0.08388956980772139,3844,0.05530907102030898,0.0,0.07336108220603538,0.099640393674593
20260905T073818Z_e44d99bd,WE,ETH,leader_gap_500ms,500,0.9,0.08388956980772139,3844,0.05703592447112353,0.0,0.10119667013527575,0.12511577523878736
20260905T073818Z_e44d99bd,WE,ETH,leader_gap_500ms,1000,0.9,0.08388956980772139,3844,0.06940096105801066,0.0,0.136576482830385,0.1734252904066521
20260905T073818Z_e44d99bd,WE,ETH,leader_gap_500ms,2000,0.9,0.08388956980772139,2988,0.08940711627450415,0.0,0.18674698795180722,0.2534147881051582
20260905T073818Z_e44d99bd,WE,ETH,leader_gap_500ms,5000,0.9,0.08388956980772139,1936,0.1234540018500179,0.0,0.29235537190082644,0.4259555777933001
20260905T073818Z_e44d99bd,WE,ETH,leader_gap_500ms,10000,0.9,0.08388956980772139,1262,0.17341323920644777,0.0,0.3652931854199683,0.6648102629571949
20260905T073818Z_e44d99bd,WE,ETH,leader_gap_500ms,30000,0.9,0.08388956980772139,552,0.1722502870689509,0.0,0.47644927536231885,1.239296816262176
20260905T073818Z_e44d99bd,WE,ETH,leader_gap_500ms,100,0.95,0.21915034333360356,2145,0.08453541003787055,0.0,0.08578088578088579,0.12444953608820936
20260905T073818Z_e44d99bd,WE,ETH,leader_gap_500ms,200,0.95,0.21915034333360356,2145,0.08762809084813936,0.0,0.0993006993006993,0.1421976632913572
20260905T073818Z_e44d99bd,WE,ETH,leader_gap_500ms,500,0.95,0.21915034333360356,2145,0.08781246561083564,0.0,0.1296037296037296,0.17392213458379976
20260905T073818Z_e44d99bd,WE,ETH,leader_gap_500ms,1000,0.95,0.21915034333360356,2145,0.10996886129467569,0.0,0.17062937062937064,0.22739466490829432
20260905T073818Z_e44d99bd,WE,ETH,leader_gap_500ms,2000,0.95,0.21915034333360356,1820,0.1387779104484066,0.0,0.22527472527472528,0.3173093910672637
20260905T073818Z_e44d99bd,WE,ETH,leader_gap_500ms,5000,0.95,0.21915034333360356,1332,0.16377303390895853,0.0,0.3280780780780781,0.4960476757741392
20260905T073818Z_e44d99bd,WE,ETH,leader_gap_500ms,10000,0.95,0.21915034333360356,951,0.2789554191319909,0.0,0.42586750788643535,0.7471007372354549
20260905T073818Z_e44d99bd,WE,ETH,leader_gap_500ms,30000,0.95,0.21915034333360356,478,0.15799647171294948,0.020335205528717096,0.5,1.317284986539123
20260906T054317Z_7973d176,WE,BTC,bitget_ofi,100,0.8,0.06252999738999974,3879,0.017541092155701207,0.0,0.03274039700953854,0.021027719005317566
20260906T054317Z_7973d176,WE,BTC,bitget_ofi,200,0.8,0.06252999738999974,3879,0.02301274791501796,0.0,0.04305233307553493,0.02965977975493365
20260906T054317Z_7973d176,WE,BTC,bitget_ofi,500,0.8,0.06252999738999974,3879,0.038290138201342964,0.0,0.07295694766692447,0.06106551343193695
20260906T054317Z_7973d176,WE,BTC,bitget_ofi,1000,0.8,0.06252999738999974,3879,0.04571516822570004,0.0,0.10311936065996391,0.10161794500792318
20260906T054317Z_7973d176,WE,BTC,bitget_ofi,2000,0.8,0.06252999738999974,2679,0.07008720362829109,0.0,0.14818962299365435,0.1573100325733721
20260906T054317Z_7973d176,WE,BTC,bitget_ofi,5000,0.8,0.06252999738999974,1471,0.1346184519204925,0.0,0.2399728076138681,0.3179457852640585
20260906T054317Z_7973d176,WE,BTC,bitget_ofi,10000,0.8,0.06252999738999974,875,0.13997884227911175,0.0,0.30514285714285716,0.5097951348057629
20260906T054317Z_7973d176,WE,BTC,bitget_ofi,30000,0.8,0.06252999738999974,331,0.18372106270399413,0.0,0.4169184290030212,1.0992193419593534
20260906T054317Z_7973d176,WE,BTC,bitget_ofi,100,0.9,0.16904092281779928,2390,0.03076812099611988,0.0,0.05230125523012552,0.037475839733155686
20260906T054317Z_7973d176,WE,BTC,bitget_ofi,200,0.9,0.16904092281779928,2390,0.03969042868344843,0.0,0.06610878661087866,0.050122681411649536
20260906T054317Z_7973d176,WE,BTC,bitget_ofi,500,0.9,0.16904092281779928,2390,0.05627056799684942,0.0,0.10083682008368201,0.08197529542758165
20260906T054317Z_7973d176,WE,BTC,bitget_ofi,1000,0.9,0.16904092281779928,2389,0.07108923192147433,0.0,0.14148179154457932,0.13656170100180062
20260906T054317Z_7973d176,WE,BTC,bitget_ofi,2000,0.9,0.16904092281779928,1815,0.10880871023663369,0.0,0.18787878787878787,0.19574021984741988
20260906T054317Z_7973d176,WE,BTC,bitget_ofi,5000,0.9,0.16904092281779928,1116,0.15039835780508554,0.0,0.2867383512544803,0.3852743227616893
20260906T054317Z_7973d176,WE,BTC,bitget_ofi,10000,0.9,0.16904092281779928,718,0.20963445310286322,0.0,0.3607242339832869,0.5575458600808662
20260906T054317Z_7973d176,WE,BTC,bitget_ofi,30000,0.9,0.16904092281779928,302,0.25006712573165363,0.0,0.46688741721854304,1.1419515047892528
20260906T054317Z_7973d176,WE,BTC,bitget_ofi,100,0.95,0.3932511332139147,1477,0.04444611192656288,0.0,0.07853757616790792,0.05222488020791226
20260906T054317Z_7973d176,WE,BTC,bitget_ofi,200,0.95,0.3932511332139147,1477,0.05919669308043533,0.0,0.0988490182802979,0.07166491379378492
20260906T054317Z_7973d176,WE,BTC,bitget_ofi,500,0.95,0.3932511332139147,1477,0.0794083823478785,0.0,0.14082599864590387,0.11388011514642912
20260906T054317Z_7973d176,WE,BTC,bitget_ofi,1000,0.95,0.3932511332139147,1477,0.10132532097232042,0.0,0.19025050778605282,0.16945892399530219
20260906T054317Z_7973d176,WE,BTC,bitget_ofi,2000,0.95,0.3932511332139147,1218,0.15460385395298576,0.0,0.24466338259441708,0.2445292008387607
20260906T054317Z_7973d176,WE,BTC,bitget_ofi,5000,0.95,0.3932511332139147,829,0.2545929572317222,0.0,0.3401688781664656,0.4227971742266965
20260906T054317Z_7973d176,WE,BTC,bitget_ofi,10000,0.95,0.3932511332139147,573,0.30052266500822455,0.0,0.41535776614310643,0.6532430147080414
20260906T054317Z_7973d176,WE,BTC,bitget_ofi,30000,0.95,0.3932511332139147,268,0.4696831947577369,0.17557378741024765,0.5447761194029851,1.1774607273843372
20260906T054317Z_7973d176,WE,BTC,bitget_trade_flow,100,0.8,1.0,4156,0.015380528925192736,0.0,0.030798845043310877,0.02261228120066548
20260906T054317Z_7973d176,WE,BTC,bitget_trade_flow,200,0.8,1.0,4156,0.019014708748271627,0.0,0.039701636188642926,0.03170391750793511
20260906T054317Z_7973d176,WE,BTC,bitget_trade_flow,500,0.8,1.0,4156,0.02710719775686953,0.0,0.06063522617901829,0.05801232749943337
20260906T054317Z_7973d176,WE,BTC,bitget_trade_flow,1000,0.8,1.0,4156,0.03956449948841279,0.0,0.08950914340712224,0.09537030513015676
20260906T054317Z_7973d176,WE,BTC,bitget_trade_flow,2000,0.8,1.0,2958,0.04381568336040712,0.0,0.11933739012846518,0.15091236166747923
20260906T054317Z_7973d176,WE,BTC,bitget_trade_flow,5000,0.8,1.0,1601,0.09071904397932012,0.0,0.19362898188632105,0.2859885271799217
20260906T054317Z_7973d176,WE,BTC,bitget_trade_flow,10000,0.8,1.0,917,0.13119902795250935,0.0,0.2595419847328244,0.47953364218556005
20260906T054317Z_7973d176,WE,BTC,bitget_trade_flow,30000,0.8,1.0,340,0.07446337722260514,0.0,0.38823529411764707,1.0518763304438328
20260906T054317Z_7973d176,WE,BTC,bitget_trade_flow,100,0.9,1.0,4156,0.015380528925192736,0.0,0.030798845043310877,0.02261228120066548
20260906T054317Z_7973d176,WE,BTC,bitget_trade_flow,200,0.9,1.0,4156,0.019014708748271627,0.0,0.039701636188642926,0.03170391750793511
20260906T054317Z_7973d176,WE,BTC,bitget_trade_flow,500,0.9,1.0,4156,0.02710719775686953,0.0,0.06063522617901829,0.05801232749943337
20260906T054317Z_7973d176,WE,BTC,bitget_trade_flow,1000,0.9,1.0,4156,0.03956449948841279,0.0,0.08950914340712224,0.09537030513015676
20260906T054317Z_7973d176,WE,BTC,bitget_trade_flow,2000,0.9,1.0,2958,0.04381568336040712,0.0,0.11933739012846518,0.15091236166747923
20260906T054317Z_7973d176,WE,BTC,bitget_trade_flow,5000,0.9,1.0,1601,0.09071904397932012,0.0,0.19362898188632105,0.2859885271799217
20260906T054317Z_7973d176,WE,BTC,bitget_trade_flow,10000,0.9,1.0,917,0.13119902795250935,0.0,0.2595419847328244,0.47953364218556005
20260906T054317Z_7973d176,WE,BTC,bitget_trade_flow,30000,0.9,1.0,340,0.07446337722260514,0.0,0.38823529411764707,1.0518763304438328
20260906T054317Z_7973d176,WE,BTC,bitget_trade_flow,100,0.95,1.0,4156,0.015380528925192736,0.0,0.030798845043310877,0.02261228120066548
20260906T054317Z_7973d176,WE,BTC,bitget_trade_flow,200,0.95,1.0,4156,0.019014708748271627,0.0,0.039701636188642926,0.03170391750793511
20260906T054317Z_7973d176,WE,BTC,bitget_trade_flow,500,0.95,1.0,4156,0.02710719775686953,0.0,0.06063522617901829,0.05801232749943337
20260906T054317Z_7973d176,WE,BTC,bitget_trade_flow,1000,0.95,1.0,4156,0.03956449948841279,0.0,0.08950914340712224,0.09537030513015676
20260906T054317Z_7973d176,WE,BTC,bitget_trade_flow,2000,0.95,1.0,2958,0.04381568336040712,0.0,0.11933739012846518,0.15091236166747923
20260906T054317Z_7973d176,WE,BTC,bitget_trade_flow,5000,0.95,1.0,1601,0.09071904397932012,0.0,0.19362898188632105,0.2859885271799217
20260906T054317Z_7973d176,WE,BTC,bitget_trade_flow,10000,0.95,1.0,917,0.13119902795250935,0.0,0.2595419847328244,0.47953364218556005
20260906T054317Z_7973d176,WE,BTC,bitget_trade_flow,30000,0.95,1.0,340,0.07446337722260514,0.0,0.38823529411764707,1.0518763304438328
20260906T054317Z_7973d176,WE,BTC,depth_imbalance_l1,100,0.8,0.7927645429983412,2683,0.030184077903945433,0.0,0.05516213194185613,0.03302842219548838
20260906T054317Z_7973d176,WE,BTC,depth_imbalance_l1,200,0.8,0.7927645429983412,2683,0.04275614754850186,0.0,0.07193440178904212,0.04778299116559786
20260906T054317Z_7973d176,WE,BTC,depth_imbalance_l1,500,0.8,0.7927645429983412,2683,0.08053224885971318,0.0,0.12262392843831532,0.08833756975477766
20260906T054317Z_7973d176,WE,BTC,depth_imbalance_l1,1000,0.8,0.7927645429983412,2682,0.1214557706065021,0.0,0.18456375838926176,0.1468700907710385
20260906T054317Z_7973d176,WE,BTC,depth_imbalance_l1,2000,0.8,0.7927645429983412,1605,0.20989840401820184,0.0,0.2872274143302181,0.24804893215250842
20260906T054317Z_7973d176,WE,BTC,depth_imbalance_l1,5000,0.8,0.7927645429983412,859,0.35884724302900767,0.0,0.43655413271245636,0.46376870317261565
20260906T054317Z_7973d176,WE,BTC,depth_imbalance_l1,10000,0.8,0.7927645429983412,552,0.4910101790691915,0.18808411876293316,0.5434782608695652,0.7014292189035495
20260906T054317Z_7973d176,WE,BTC,depth_imbalance_l1,30000,0.8,0.7927645429983412,260,0.6553369793732545,0.4513894509883867,0.6423076923076924,1.213116817824844
20260906T054317Z_7973d176,WE,BTC,depth_imbalance_l1,100,0.9,0.8952662343229791,1535,0.04455161701751017,0.0,0.08794788273615635,0.049523197300382966
20260906T054317Z_7973d176,WE,BTC,depth_imbalance_l1,200,0.9,0.8952662343229791,1535,0.0653477696059265,0.0,0.10879478827361563,0.06982234182535071
20260906T054317Z_7973d176,WE,BTC,depth_imbalance_l1,500,0.9,0.8952662343229791,1535,0.11436885891658963,0.0,0.1732899022801303,0.1224982278024828
20260906T054317Z_7973d176,WE,BTC,depth_imbalance_l1,1000,0.9,0.8952662343229791,1534,0.16963020358235822,0.0,0.24445893089960888,0.19615874798113023
20260906T054317Z_7973d176,WE,BTC,depth_imbalance_l1,2000,0.9,0.8952662343229791,988,0.2861919361362527,0.0,0.3603238866396761,0.3230292601740417
20260906T054317Z_7973d176,WE,BTC,depth_imbalance_l1,5000,0.9,0.8952662343229791,599,0.47614873492322257,0.12530189926575797,0.5225375626043406,0.5518388548496066
20260906T054317Z_7973d176,WE,BTC,depth_imbalance_l1,10000,0.9,0.8952662343229791,412,0.6395395329225186,0.3258610906438312,0.6286407766990292,0.8149154957635333
20260906T054317Z_7973d176,WE,BTC,depth_imbalance_l1,30000,0.9,0.8952662343229791,223,0.7701910251697123,0.651649079683015,0.7130044843049327,1.3443152819837372
20260906T054317Z_7973d176,WE,BTC,depth_imbalance_l1,100,0.95,0.9608848990060918,847,0.06512135657399613,0.0,0.12514757969303425,0.07092175190840617
20260906T054317Z_7973d176,WE,BTC,depth_imbalance_l1,200,0.95,0.9608848990060918,847,0.0899427583906526,0.0,0.15230224321133412,0.10306834709457997
20260906T054317Z_7973d176,WE,BTC,depth_imbalance_l1,500,0.95,0.9608848990060918,847,0.13838253019107555,0.0,0.22195985832349469,0.15468400013938788
20260906T054317Z_7973d176,WE,BTC,depth_imbalance_l1,1000,0.95,0.9608848990060918,847,0.20890872763664872,0.0,0.2987012987012987,0.23659348165935717
20260906T054317Z_7973d176,WE,BTC,depth_imbalance_l1,2000,0.95,0.9608848990060918,576,0.3472659167116807,0.0,0.4288194444444444,0.39706292059877696
20260906T054317Z_7973d176,WE,BTC,depth_imbalance_l1,5000,0.95,0.9608848990060918,385,0.578599228858142,0.2764511960133697,0.5844155844155844,0.648503161940377
20260906T054317Z_7973d176,WE,BTC,depth_imbalance_l1,10000,0.95,0.9608848990060918,294,0.6300918835280388,0.40089371755736597,0.6564625850340136,0.8599562291049205
20260906T054317Z_7973d176,WE,BTC,depth_imbalance_l1,30000,0.95,0.9608848990060918,182,0.8479316702245726,0.7143439034140493,0.7472527472527473,1.3949750416416138
20260906T054317Z_7973d176,WE,BTC,depth_imbalance_l5,100,0.8,0.7938738924353378,2694,0.031999717202309035,0.0,0.054194506310319225,0.0334074476771053
20260906T054317Z_7973d176,WE,BTC,depth_imbalance_l5,200,0.8,0.7938738924353378,2694,0.04737217365622977,0.0,0.07423904974016332,0.04933806785876155
20260906T054317Z_7973d176,WE,BTC,depth_imbalance_l5,500,0.8,0.7938738924353378,2694,0.08366911647298458,0.0,0.12100965107646622,0.08796615357720614
20260906T054317Z_7973d176,WE,BTC,depth_imbalance_l5,1000,0.8,0.7938738924353378,2693,0.12297138769504602,0.0,0.18009654660230226,0.1434338711413075
20260906T054317Z_7973d176,WE,BTC,depth_imbalance_l5,2000,0.8,0.7938738924353378,1617,0.20690115800964884,0.0,0.27767470624613483,0.24660896864509302
20260906T054317Z_7973d176,WE,BTC,depth_imbalance_l5,5000,0.8,0.7938738924353378,858,0.3719924966604651,0.0,0.4393939393939394,0.46837715856668366
20260906T054317Z_7973d176,WE,BTC,depth_imbalance_l5,10000,0.8,0.7938738924353378,551,0.4636456920176168,0.18808234998118448,0.5335753176043557,0.697983495421041
20260906T054317Z_7973d176,WE,BTC,depth_imbalance_l5,30000,0.8,0.7938738924353378,255,0.7372652572823666,0.5125788091039052,0.6470588235294118,1.2874836378536323
20260906T054317Z_7973d176,WE,BTC,depth_imbalance_l5,100,0.9,0.8848219255403381,1545,0.043892544825914384,0.0,0.07572815533980583,0.045469552931126776
20260906T054317Z_7973d176,WE,BTC,depth_imbalance_l5,200,0.9,0.8848219255403381,1545,0.06356606047620149,0.0,0.1022653721682848,0.06876702838365807
20260906T054317Z_7973d176,WE,BTC,depth_imbalance_l5,500,0.9,0.8848219255403381,1545,0.11567149575468767,0.0,0.17216828478964402,0.12191399109356194
20260906T054317Z_7973d176,WE,BTC,depth_imbalance_l5,1000,0.9,0.8848219255403381,1544,0.1692494711922116,0.0,0.23575129533678757,0.19416404861943806
20260906T054317Z_7973d176,WE,BTC,depth_imbalance_l5,2000,0.9,0.8848219255403381,1007,0.2802086209721079,0.0,0.3416087388282026,0.31363473591611984
20260906T054317Z_7973d176,WE,BTC,depth_imbalance_l5,5000,0.9,0.8848219255403381,596,0.4860662779404723,0.0939479879187668,0.5100671140939598,0.5594540985495902
20260906T054317Z_7973d176,WE,BTC,depth_imbalance_l5,10000,0.9,0.8848219255403381,417,0.6453885576729363,0.3259523921758365,0.6211031175059952,0.7943648246382659
20260906T054317Z_7973d176,WE,BTC,depth_imbalance_l5,30000,0.9,0.8848219255403381,222,0.7229726252626829,0.5828872129594901,0.7027027027027027,1.3384842685534777
20260906T054317Z_7973d176,WE,BTC,depth_imbalance_l5,100,0.95,0.95007371417794,880,0.0696338853126499,0.0,0.11363636363636363,0.07216046516196416
20260906T054317Z_7973d176,WE,BTC,depth_imbalance_l5,200,0.95,0.95007371417794,880,0.0979901691198955,0.0,0.14659090909090908,0.10691048242644285
20260906T054317Z_7973d176,WE,BTC,depth_imbalance_l5,500,0.95,0.95007371417794,880,0.15887650521673927,0.0,0.21931818181818183,0.16831715911860995
20260906T054317Z_7973d176,WE,BTC,depth_imbalance_l5,1000,0.95,0.95007371417794,880,0.22257467453444338,0.0,0.3,0.24143003768080012
20260906T054317Z_7973d176,WE,BTC,depth_imbalance_l5,2000,0.95,0.95007371417794,605,0.37153955842361136,0.0,0.41983471074380163,0.40880103088750197
20260906T054317Z_7973d176,WE,BTC,depth_imbalance_l5,5000,0.95,0.95007371417794,397,0.6166615100838182,0.28841861330262064,0.5768261964735516,0.6589738641004478
20260906T054317Z_7973d176,WE,BTC,depth_imbalance_l5,10000,0.95,0.95007371417794,303,0.7362790265518833,0.47658733377815554,0.6534653465346535,0.8661041572967865
20260906T054317Z_7973d176,WE,BTC,depth_imbalance_l5,30000,0.95,0.95007371417794,186,0.9796097967491577,0.7262945052573357,0.7526881720430108,1.378778393006519
20260906T054317Z_7973d176,WE,BTC,external_ofi,100,0.8,0.022561000588131014,6222,0.01252612309719484,0.0,0.02378656380585021,0.015288274474472875
20260906T054317Z_7973d176,WE,BTC,external_ofi,200,0.8,0.022561000588131014,6222,0.016467311393324056,0.0,0.03230472516875603,0.02364237618427566
20260906T054317Z_7973d176,WE,BTC,external_ofi,500,0.8,0.022561000588131014,6222,0.027223397871490737,0.0,0.053359048537447766,0.04562760731531837
20260906T054317Z_7973d176,WE,BTC,external_ofi,1000,0.8,0.022561000588131014,6221,0.034583532797993276,0.0,0.07956920109307185,0.07888120224483589
20260906T054317Z_7973d176,WE,BTC,external_ofi,2000,0.8,0.022561000588131014,3869,0.04448777119359561,0.0,0.11320754716981132,0.1360211709001548
20260906T054317Z_7973d176,WE,BTC,external_ofi,5000,0.8,0.022561000588131014,1855,0.04126839538134177,0.0,0.18867924528301888,0.27641617260137746
20260906T054317Z_7973d176,WE,BTC,external_ofi,10000,0.8,0.022561000588131014,993,0.08882101289837359,0.0,0.26686807653575023,0.4705055714526687
20260906T054317Z_7973d176,WE,BTC,external_ofi,30000,0.8,0.022561000588131014,349,0.14859382713288216,0.0,0.44412607449856734,1.0680060151447277
20260906T054317Z_7973d176,WE,BTC,external_ofi,100,0.9,0.0546771667570705,4159,0.02251773368318862,0.0,0.036787689348401056,0.026046115448632758
20260906T054317Z_7973d176,WE,BTC,external_ofi,200,0.9,0.0546771667570705,4159,0.030142401569857508,0.0,0.048809810050492904,0.0378992387227196
20260906T054317Z_7973d176,WE,BTC,external_ofi,500,0.9,0.0546771667570705,4159,0.04579139682536741,0.0,0.07646068766530416,0.06599194367352608
20260906T054317Z_7973d176,WE,BTC,external_ofi,1000,0.9,0.0546771667570705,4158,0.05802523852897424,0.0,0.10678210678210678,0.10230463975752419
20260906T054317Z_7973d176,WE,BTC,external_ofi,2000,0.9,0.0546771667570705,2862,0.08993079540089101,0.0,0.15129280223619845,0.16584385916336836
20260906T054317Z_7973d176,WE,BTC,external_ofi,5000,0.9,0.0546771667570705,1572,0.12940074027206577,0.0,0.23282442748091603,0.3036137189327252
20260906T054317Z_7973d176,WE,BTC,external_ofi,10000,0.9,0.0546771667570705,896,0.1955453220942984,0.0,0.31138392857142855,0.5277150100214368
20260906T054317Z_7973d176,WE,BTC,external_ofi,30000,0.9,0.0546771667570705,333,0.2923813637489501,0.0,0.4804804804804805,1.0555444113796173
20260906T054317Z_7973d176,WE,BTC,external_ofi,100,0.95,0.1246446171303753,2516,0.048190639060367906,0.0,0.07313195548489666,0.053513402477425344
20260906T054317Z_7973d176,WE,BTC,external_ofi,200,0.95,0.1246446171303753,2516,0.060516274412862815,0.0,0.09022257551669316,0.06876186599892456
20260906T054317Z_7973d176,WE,BTC,external_ofi,500,0.95,0.1246446171303753,2516,0.0857670440901158,0.0,0.1271860095389507,0.105339567641883
20260906T054317Z_7973d176,WE,BTC,external_ofi,1000,0.95,0.1246446171303753,2516,0.10748715197757161,0.0,0.17011128775834658,0.15798551957363488
20260906T054317Z_7973d176,WE,BTC,external_ofi,2000,0.95,0.1246446171303753,1910,0.15152196086202133,0.0,0.225130890052356,0.22884714943355972
20260906T054317Z_7973d176,WE,BTC,external_ofi,5000,0.95,0.1246446171303753,1181,0.2174982672503277,0.0,0.3056731583403895,0.37716809385566713
20260906T054317Z_7973d176,WE,BTC,external_ofi,10000,0.95,0.1246446171303753,734,0.30213231814095826,0.0,0.3923705722070845,0.5698643154695654
20260906T054317Z_7973d176,WE,BTC,external_ofi,30000,0.95,0.1246446171303753,307,0.3568807537632966,0.0,0.4820846905537459,1.0804902275420756
20260906T054317Z_7973d176,WE,BTC,external_trade_flow,100,0.8,1.0,8881,0.004120939816960419,0.0,0.009796194122283526,0.007095418110479639
20260906T054317Z_7973d176,WE,BTC,external_trade_flow,200,0.8,1.0,8881,0.006147818796043651,0.0,0.015426190744285553,0.012876974155911877
20260906T054317Z_7973d176,WE,BTC,external_trade_flow,500,0.8,1.0,8881,0.010246448623229973,0.0,0.030401981758810946,0.031386594986436
20260906T054317Z_7973d176,WE,BTC,external_trade_flow,1000,0.8,1.0,8880,0.012665347564770623,0.0,0.05168918918918919,0.05822072580661882
20260906T054317Z_7973d176,WE,BTC,external_trade_flow,2000,0.8,1.0,4882,0.026541122138203962,0.0,0.08848832445718968,0.11035555235120238
20260906T054317Z_7973d176,WE,BTC,external_trade_flow,5000,0.8,1.0,2066,0.03290217505533662,0.0,0.16747337850919652,0.24893058060039647
20260906T054317Z_7973d176,WE,BTC,external_trade_flow,10000,0.8,1.0,1057,0.003928140038185378,0.0,0.23841059602649006,0.44081824682581283
20260906T054317Z_7973d176,WE,BTC,external_trade_flow,30000,0.8,1.0,357,-0.11266011965178167,0.0,0.4005602240896359,1.0321491106577783
20260906T054317Z_7973d176,WE,BTC,external_trade_flow,100,0.9,1.0,8881,0.004120939816960419,0.0,0.009796194122283526,0.007095418110479639
20260906T054317Z_7973d176,WE,BTC,external_trade_flow,200,0.9,1.0,8881,0.006147818796043651,0.0,0.015426190744285553,0.012876974155911877
20260906T054317Z_7973d176,WE,BTC,external_trade_flow,500,0.9,1.0,8881,0.010246448623229973,0.0,0.030401981758810946,0.031386594986436
20260906T054317Z_7973d176,WE,BTC,external_trade_flow,1000,0.9,1.0,8880,0.012665347564770623,0.0,0.05168918918918919,0.05822072580661882
20260906T054317Z_7973d176,WE,BTC,external_trade_flow,2000,0.9,1.0,4882,0.026541122138203962,0.0,0.08848832445718968,0.11035555235120238
20260906T054317Z_7973d176,WE,BTC,external_trade_flow,5000,0.9,1.0,2066,0.03290217505533662,0.0,0.16747337850919652,0.24893058060039647
20260906T054317Z_7973d176,WE,BTC,external_trade_flow,10000,0.9,1.0,1057,0.003928140038185378,0.0,0.23841059602649006,0.44081824682581283
20260906T054317Z_7973d176,WE,BTC,external_trade_flow,30000,0.9,1.0,357,-0.11266011965178167,0.0,0.4005602240896359,1.0321491106577783
20260906T054317Z_7973d176,WE,BTC,external_trade_flow,100,0.95,1.0,8881,0.004120939816960419,0.0,0.009796194122283526,0.007095418110479639
20260906T054317Z_7973d176,WE,BTC,external_trade_flow,200,0.95,1.0,8881,0.006147818796043651,0.0,0.015426190744285553,0.012876974155911877
20260906T054317Z_7973d176,WE,BTC,external_trade_flow,500,0.95,1.0,8881,0.010246448623229973,0.0,0.030401981758810946,0.031386594986436
20260906T054317Z_7973d176,WE,BTC,external_trade_flow,1000,0.95,1.0,8880,0.012665347564770623,0.0,0.05168918918918919,0.05822072580661882
20260906T054317Z_7973d176,WE,BTC,external_trade_flow,2000,0.95,1.0,4882,0.026541122138203962,0.0,0.08848832445718968,0.11035555235120238
20260906T054317Z_7973d176,WE,BTC,external_trade_flow,5000,0.95,1.0,2066,0.03290217505533662,0.0,0.16747337850919652,0.24893058060039647
20260906T054317Z_7973d176,WE,BTC,external_trade_flow,10000,0.95,1.0,1057,0.003928140038185378,0.0,0.23841059602649006,0.44081824682581283
20260906T054317Z_7973d176,WE,BTC,external_trade_flow,30000,0.95,1.0,357,-0.11266011965178167,0.0,0.4005602240896359,1.0321491106577783
20260906T054317Z_7973d176,WE,BTC,fair_accel_100ms,100,0.8,5.76297704995405e-07,3258,0.030234872487851373,0.0,0.04665438919582566,0.03658041195045823
20260906T054317Z_7973d176,WE,BTC,fair_accel_100ms,200,0.8,5.76297704995405e-07,3258,0.03884492891161749,0.0,0.061694290976058934,0.051502308380258315
20260906T054317Z_7973d176,WE,BTC,fair_accel_100ms,500,0.8,5.76297704995405e-07,3258,0.05537935795913629,0.0,0.09392265193370165,0.08279638768471563
20260906T054317Z_7973d176,WE,BTC,fair_accel_100ms,1000,0.8,5.76297704995405e-07,3258,0.08067823454712165,0.0,0.13014119091467158,0.12796862214571583
20260906T054317Z_7973d176,WE,BTC,fair_accel_100ms,2000,0.8,5.76297704995405e-07,2112,0.10743193182547917,0.0,0.1893939393939394,0.20883215736765345
20260906T054317Z_7973d176,WE,BTC,fair_accel_100ms,5000,0.8,5.76297704995405e-07,1169,0.19634485470187277,0.0,0.3028229255774166,0.38031357634347834
20260906T054317Z_7973d176,WE,BTC,fair_accel_100ms,10000,0.8,5.76297704995405e-07,720,0.26277958208020485,0.0,0.3902777777777778,0.6027885673113572
20260906T054317Z_7973d176,WE,BTC,fair_accel_100ms,30000,0.8,5.76297704995405e-07,298,0.4269357767822084,0.175319972569974,0.5436241610738255,1.1868612267573664
20260906T054317Z_7973d176,WE,BTC,fair_accel_100ms,100,0.9,8.499865865985926e-07,2425,0.04435422801399008,0.0,0.06556701030927835,0.049417974660299215
20260906T054317Z_7973d176,WE,BTC,fair_accel_100ms,200,0.9,8.499865865985926e-07,2425,0.055829314529372676,0.0,0.08329896907216496,0.06591295979409795
20260906T054317Z_7973d176,WE,BTC,fair_accel_100ms,500,0.9,8.499865865985926e-07,2425,0.08132714235089716,0.0,0.12041237113402062,0.10272369799497993
20260906T054317Z_7973d176,WE,BTC,fair_accel_100ms,1000,0.9,8.499865865985926e-07,2425,0.11240625796654534,0.0,0.16164948453608247,0.15563870045112402
20260906T054317Z_7973d176,WE,BTC,fair_accel_100ms,2000,0.9,8.499865865985926e-07,1774,0.14098837640925427,0.0,0.21927846674182638,0.2357429383551178
20260906T054317Z_7973d176,WE,BTC,fair_accel_100ms,5000,0.9,8.499865865985926e-07,1078,0.22862467995650626,0.0,0.31539888682745826,0.40071879305759656
20260906T054317Z_7973d176,WE,BTC,fair_accel_100ms,10000,0.9,8.499865865985926e-07,695,0.2759033189686538,0.0,0.3971223021582734,0.6123772240254887
20260906T054317Z_7973d176,WE,BTC,fair_accel_100ms,30000,0.9,8.499865865985926e-07,292,0.5801961680349065,0.175319972569974,0.5376712328767124,1.2009669498071145
20260906T054317Z_7973d176,WE,BTC,fair_accel_100ms,100,0.95,0.029254103350910797,1696,0.061374703180671404,0.0,0.08903301886792453,0.06729857261235545
20260906T054317Z_7973d176,WE,BTC,fair_accel_100ms,200,0.95,0.029254103350910797,1696,0.07495022763880144,0.0,0.11025943396226415,0.08680407701214064
20260906T054317Z_7973d176,WE,BTC,fair_accel_100ms,500,0.95,0.029254103350910797,1696,0.10181361415902812,0.0,0.14858490566037735,0.12923117951611318
20260906T054317Z_7973d176,WE,BTC,fair_accel_100ms,1000,0.95,0.029254103350910797,1696,0.13314766283415821,0.0,0.19398584905660377,0.18876840901853717
20260906T054317Z_7973d176,WE,BTC,fair_accel_100ms,2000,0.95,0.029254103350910797,1346,0.16666592859205753,0.0,0.24962852897473997,0.2707252752558828
20260906T054317Z_7973d176,WE,BTC,fair_accel_100ms,5000,0.95,0.029254103350910797,882,0.2635724404446351,0.0,0.33900226757369617,0.43975582003072844
20260906T054317Z_7973d176,WE,BTC,fair_accel_100ms,10000,0.95,0.029254103350910797,589,0.39563268944921626,0.0,0.432937181663837,0.6711701449385246
20260906T054317Z_7973d176,WE,BTC,fair_accel_100ms,30000,0.95,0.029254103350910797,266,0.6148798803646256,0.2942440450625756,0.5639097744360902,1.2977973470647854
20260906T054317Z_7973d176,WE,BTC,fair_gap_reversion,100,0.8,0.3836690880136829,2323,0.021923207032769572,0.0,0.031855359448988374,0.03228028553368565
20260906T054317Z_7973d176,WE,BTC,fair_gap_reversion,200,0.8,0.3836690880136829,2323,0.027795658570335526,0.0,0.04218682737839001,0.04579418240490418
20260906T054317Z_7973d176,WE,BTC,fair_gap_reversion,500,0.8,0.3836690880136829,2323,0.04378753083245598,0.0,0.0680154972018941,0.07443549741566463
20260906T054317Z_7973d176,WE,BTC,fair_gap_reversion,1000,0.8,0.3836690880136829,2323,0.0640937613415721,0.0,0.10804993542832544,0.12308377528541763
20260906T054317Z_7973d176,WE,BTC,fair_gap_reversion,2000,0.8,0.3836690880136829,1295,0.12129449375362597,0.0,0.18455598455598454,0.23218699394657896
20260906T054317Z_7973d176,WE,BTC,fair_gap_reversion,5000,0.8,0.3836690880136829,646,0.19023333435960868,0.0,0.30959752321981426,0.454436149272897
20260906T054317Z_7973d176,WE,BTC,fair_gap_reversion,10000,0.8,0.3836690880136829,397,0.31233333314582634,0.0,0.40554156171284633,0.7820218321706165
20260906T054317Z_7973d176,WE,BTC,fair_gap_reversion,30000,0.8,0.3836690880136829,195,0.313865661295804,0.1504190109601288,0.517948717948718,1.280739460297105
20260906T054317Z_7973d176,WE,BTC,fair_gap_reversion,100,0.9,0.48794814540598086,1229,0.05066945246609536,0.0,0.05044751830756713,0.0608289506694308
20260906T054317Z_7973d176,WE,BTC,fair_gap_reversion,200,0.9,0.48794814540598086,1229,0.05829357713727461,0.0,0.06590724165988608,0.07931735777139798
20260906T054317Z_7973d176,WE,BTC,fair_gap_reversion,500,0.9,0.48794814540598086,1229,0.09340196302773152,0.0,0.10496338486574451,0.1235579477435438
20260906T054317Z_7973d176,WE,BTC,fair_gap_reversion,1000,0.9,0.48794814540598086,1229,0.12328219172400261,0.0,0.15134255492270138,0.17983885611625144
20260906T054317Z_7973d176,WE,BTC,fair_gap_reversion,2000,0.9,0.48794814540598086,712,0.20683662898517877,0.0,0.24578651685393257,0.33013275183681023
20260906T054317Z_7973d176,WE,BTC,fair_gap_reversion,5000,0.9,0.48794814540598086,385,0.35387647587479526,0.0,0.3922077922077922,0.6332934853231871
20260906T054317Z_7973d176,WE,BTC,fair_gap_reversion,10000,0.9,0.48794814540598086,261,0.5059055867790622,0.0,0.4942528735632184,0.9835876227597237
20260906T054317Z_7973d176,WE,BTC,fair_gap_reversion,30000,0.9,0.48794814540598086,145,0.4353392774825063,0.2256460528647885,0.5517241379310345,1.4875993941756187
20260906T054317Z_7973d176,WE,BTC,fair_gap_reversion,100,0.95,0.6024408985386142,659,0.09274148833428306,0.0,0.08497723823975721,0.10651225711200744
20260906T054317Z_7973d176,WE,BTC,fair_gap_reversion,200,0.95,0.6024408985386142,659,0.09710603640896859,0.0,0.09711684370257967,0.12489650869167138
20260906T054317Z_7973d176,WE,BTC,fair_gap_reversion,500,0.95,0.6024408985386142,659,0.13912547411545798,0.0,0.13808801213960548,0.17549647697135443
20260906T054317Z_7973d176,WE,BTC,fair_gap_reversion,1000,0.95,0.6024408985386142,659,0.16832275002944863,0.0,0.18209408194233687,0.23796443815558338
20260906T054317Z_7973d176,WE,BTC,fair_gap_reversion,2000,0.95,0.6024408985386142,402,0.28539935330011323,0.0,0.2885572139303483,0.4353879195523157
20260906T054317Z_7973d176,WE,BTC,fair_gap_reversion,5000,0.95,0.6024408985386142,231,0.4405362420241223,0.0,0.4199134199134199,0.7541909834037474
20260906T054317Z_7973d176,WE,BTC,fair_gap_reversion,10000,0.95,0.6024408985386142,171,0.5284728947505167,0.10655050572440347,0.5087719298245614,1.0905554460081488
20260906T054317Z_7973d176,WE,BTC,fair_gap_reversion,30000,0.95,0.6024408985386142,105,0.43097331352888024,0.5385414045715619,0.580952380952381,1.5900501471565718
20260906T054317Z_7973d176,WE,BTC,leader_gap_1000ms,100,0.8,0.011949591915508323,2857,0.02594763423789667,0.0,0.04200210010500525,0.037248537098451176
20260906T054317Z_7973d176,WE,BTC,leader_gap_1000ms,200,0.8,0.011949591915508323,2857,0.031080797119845183,0.0,0.05390269513475674,0.04904760286746098
20260906T054317Z_7973d176,WE,BTC,leader_gap_1000ms,500,0.8,0.011949591915508323,2857,0.041389629161773925,0.0,0.08190409520476023,0.08670042774195362
20260906T054317Z_7973d176,WE,BTC,leader_gap_1000ms,1000,0.8,0.011949591915508323,2856,0.06088972155977678,0.0,0.12219887955182072,0.1424707156435561
20260906T054317Z_7973d176,WE,BTC,leader_gap_1000ms,2000,0.8,0.011949591915508323,1834,0.08983234811039711,0.0,0.18538713195201745,0.22723651168762496
20260906T054317Z_7973d176,WE,BTC,leader_gap_1000ms,5000,0.8,0.011949591915508323,1104,0.14357150783857503,0.0,0.266304347826087,0.3977389985419019
20260906T054317Z_7973d176,WE,BTC,leader_gap_1000ms,10000,0.8,0.011949591915508323,690,0.25898153154646375,0.0,0.3753623188405797,0.6313169940068505
20260906T054317Z_7973d176,WE,BTC,leader_gap_1000ms,30000,0.8,0.011949591915508323,297,0.043052099868874254,0.0,0.468013468013468,1.205439843422332
20260906T054317Z_7973d176,WE,BTC,leader_gap_1000ms,100,0.9,0.15940232965257467,1408,0.05623168209389231,0.0,0.07741477272727272,0.07387520184524222
20260906T054317Z_7973d176,WE,BTC,leader_gap_1000ms,200,0.9,0.15940232965257467,1408,0.06020592957493421,0.0,0.09303977272727272,0.09562912484483643
20260906T054317Z_7973d176,WE,BTC,leader_gap_1000ms,500,0.9,0.15940232965257467,1408,0.07744367340723417,0.0,0.13068181818181818,0.15229451033886782
20260906T054317Z_7973d176,WE,BTC,leader_gap_1000ms,1000,0.9,0.15940232965257467,1407,0.09784896798237179,0.0,0.1812366737739872,0.21705730913979498
20260906T054317Z_7973d176,WE,BTC,leader_gap_1000ms,2000,0.9,0.15940232965257467,1015,0.15017269753184487,0.0,0.25517241379310346,0.3299462629049834
20260906T054317Z_7973d176,WE,BTC,leader_gap_1000ms,5000,0.9,0.15940232965257467,683,0.15866123153565573,0.0,0.32650073206442165,0.538411358333218
20260906T054317Z_7973d176,WE,BTC,leader_gap_1000ms,10000,0.9,0.15940232965257467,488,0.18892459635492156,0.0,0.3770491803278688,0.7713784458174084
20260906T054317Z_7973d176,WE,BTC,leader_gap_1000ms,30000,0.9,0.15940232965257467,238,0.16580730979410957,0.0,0.4831932773109244,1.2357857535583259
20260906T054317Z_7973d176,WE,BTC,leader_gap_1000ms,100,0.95,0.33122651593354346,753,0.08037619825884083,0.0,0.09827357237715803,0.11150634673459697
20260906T054317Z_7973d176,WE,BTC,leader_gap_1000ms,200,0.95,0.33122651593354346,753,0.09987310386126542,0.0,0.11952191235059761,0.13895116751329237
20260906T054317Z_7973d176,WE,BTC,leader_gap_1000ms,500,0.95,0.33122651593354346,753,0.13481854572709365,0.0,0.16600265604249667,0.2161745233072472
20260906T054317Z_7973d176,WE,BTC,leader_gap_1000ms,1000,0.95,0.33122651593354346,753,0.15490777176193496,0.0,0.2204515272244356,0.28024603023873573
20260906T054317Z_7973d176,WE,BTC,leader_gap_1000ms,2000,0.95,0.33122651593354346,601,0.20247957872911843,0.0,0.2878535773710483,0.40393964778312536
20260906T054317Z_7973d176,WE,BTC,leader_gap_1000ms,5000,0.95,0.33122651593354346,444,0.2247024189624913,0.0,0.36486486486486486,0.6489702894244491
20260906T054317Z_7973d176,WE,BTC,leader_gap_1000ms,10000,0.95,0.33122651593354346,339,0.23087121974760366,0.0,0.3952802359882006,0.8867706558602707
20260906T054317Z_7973d176,WE,BTC,leader_gap_1000ms,30000,0.95,0.33122651593354346,192,0.1315377805043607,0.0,0.4635416666666667,1.2963436062097384
20260906T054317Z_7973d176,WE,BTC,leader_gap_100ms,100,0.8,0.00047395761302671197,3360,0.018042033027575115,0.0,0.0380952380952381,0.03460986006239386
20260906T054317Z_7973d176,WE,BTC,leader_gap_100ms,200,0.8,0.00047395761302671197,3360,0.019256468555032484,0.0,0.04672619047619048,0.04753870752126241
20260906T054317Z_7973d176,WE,BTC,leader_gap_100ms,500,0.8,0.00047395761302671197,3360,0.019530619296175902,0.0,0.06964285714285715,0.08025325725933431
20260906T054317Z_7973d176,WE,BTC,leader_gap_100ms,1000,0.8,0.00047395761302671197,3360,0.018477267821169745,0.0,0.09464285714285714,0.12448939408027501
20260906T054317Z_7973d176,WE,BTC,leader_gap_100ms,2000,0.8,0.00047395761302671197,2153,0.05678009079880559,0.0,0.1611704598235021,0.20793490828387412
20260906T054317Z_7973d176,WE,BTC,leader_gap_100ms,5000,0.8,0.00047395761302671197,1182,0.09498124900019211,0.0,0.24027072758037224,0.37817416303982276
20260906T054317Z_7973d176,WE,BTC,leader_gap_100ms,10000,0.8,0.00047395761302671197,716,0.15144965389970044,0.0,0.3365921787709497,0.6079877816203481
20260906T054317Z_7973d176,WE,BTC,leader_gap_100ms,30000,0.8,0.00047395761302671197,300,0.286153909442428,0.0,0.48,1.1816857920642077
20260906T054317Z_7973d176,WE,BTC,leader_gap_100ms,100,0.9,0.0006340682486909296,2544,0.030292999923976258,0.0,0.054638364779874216,0.04792946790044903
20260906T054317Z_7973d176,WE,BTC,leader_gap_100ms,200,0.9,0.0006340682486909296,2544,0.03357128580159494,0.0,0.0660377358490566,0.0634486399809456
20260906T054317Z_7973d176,WE,BTC,leader_gap_100ms,500,0.9,0.0006340682486909296,2544,0.043178448706383564,0.0,0.09433962264150944,0.10285235050130745
20260906T054317Z_7973d176,WE,BTC,leader_gap_100ms,1000,0.9,0.0006340682486909296,2544,0.05184612443491332,0.0,0.1281446540880503,0.14942482727334058
20260906T054317Z_7973d176,WE,BTC,leader_gap_100ms,2000,0.9,0.0006340682486909296,1807,0.08950978825492266,0.0,0.19092418372993913,0.23230878042347142
20260906T054317Z_7973d176,WE,BTC,leader_gap_100ms,5000,0.9,0.0006340682486909296,1079,0.1317141117671629,0.0,0.26876737720111216,0.4014535677803152
20260906T054317Z_7973d176,WE,BTC,leader_gap_100ms,10000,0.9,0.0006340682486909296,691,0.19052930988848416,0.0,0.3545586107091172,0.6138438411920062
20260906T054317Z_7973d176,WE,BTC,leader_gap_100ms,30000,0.9,0.0006340682486909296,291,0.3428693259266684,0.0,0.47766323024054985,1.2269594221833988
20260906T054317Z_7973d176,WE,BTC,leader_gap_100ms,100,0.95,0.000998924776570175,2162,0.03839471061268164,0.0,0.06475485661424607,0.05465396883824407
20260906T054317Z_7973d176,WE,BTC,leader_gap_100ms,200,0.95,0.000998924776570175,2162,0.04303136580358848,0.0,0.07631822386679,0.07010990207507727
20260906T054317Z_7973d176,WE,BTC,leader_gap_100ms,500,0.95,0.000998924776570175,2162,0.05678732937975693,0.0,0.1091581868640148,0.11292773648946502
20260906T054317Z_7973d176,WE,BTC,leader_gap_100ms,1000,0.95,0.000998924776570175,2162,0.07376673264380494,0.0,0.14893617021276595,0.1652278879288841
20260906T054317Z_7973d176,WE,BTC,leader_gap_100ms,2000,0.95,0.000998924776570175,1662,0.10496645240201771,0.0,0.20577617328519857,0.24143509933735585
20260906T054317Z_7973d176,WE,BTC,leader_gap_100ms,5000,0.95,0.000998924776570175,1041,0.15450629268566823,0.0,0.2814601344860711,0.40895352846447375
20260906T054317Z_7973d176,WE,BTC,leader_gap_100ms,10000,0.95,0.000998924776570175,681,0.20970997206322634,0.0,0.36270190895741555,0.6158252213537608
20260906T054317Z_7973d176,WE,BTC,leader_gap_100ms,30000,0.95,0.000998924776570175,290,0.36595844422698665,0.0,0.47586206896551725,1.2503460869568126
20260906T054317Z_7973d176,WE,BTC,leader_gap_200ms,100,0.8,0.0010009066565760353,3253,0.022064877788049463,0.0,0.040577928066400246,0.037731249244292456
20260906T054317Z_7973d176,WE,BTC,leader_gap_200ms,200,0.8,0.0010009066565760353,3253,0.024563640564165705,0.0,0.05133722717491546,0.051531818700208905
20260906T054317Z_7973d176,WE,BTC,leader_gap_200ms,500,0.8,0.0010009066565760353,3253,0.02671969900808222,0.0,0.07500768521364894,0.08324645806144096
20260906T054317Z_7973d176,WE,BTC,leader_gap_200ms,1000,0.8,0.0010009066565760353,3253,0.030123440661701528,0.0,0.10083000307408546,0.12902848220814542
20260906T054317Z_7973d176,WE,BTC,leader_gap_200ms,2000,0.8,0.0010009066565760353,2108,0.066033647891559,0.0,0.16461100569259962,0.20925112966664294
20260906T054317Z_7973d176,WE,BTC,leader_gap_200ms,5000,0.8,0.0010009066565760353,1168,0.11952699442048415,0.0,0.25,0.37988955107550254
20260906T054317Z_7973d176,WE,BTC,leader_gap_200ms,10000,0.8,0.0010009066565760353,720,0.1605704242060957,0.0,0.3347222222222222,0.6049077409562413
20260906T054317Z_7973d176,WE,BTC,leader_gap_200ms,30000,0.8,0.0010009066565760353,298,0.34980205498970396,0.0,0.4966442953020134,1.1892797216732167
20260906T054317Z_7973d176,WE,BTC,leader_gap_200ms,100,0.9,0.0014898815814750877,2411,0.03376151528112928,0.0,0.05682289506428868,0.05121744958383769
20260906T054317Z_7973d176,WE,BTC,leader_gap_200ms,200,0.9,0.0014898815814750877,2411,0.038061611324421506,0.0,0.06926586478639568,0.06696642735218408
20260906T054317Z_7973d176,WE,BTC,leader_gap_200ms,500,0.9,0.0014898815814750877,2411,0.05168912863587569,0.0,0.09788469514724181,0.1049563483198225
20260906T054317Z_7973d176,WE,BTC,leader_gap_200ms,1000,0.9,0.0014898815814750877,2411,0.069905386693029,0.0,0.13521360431356283,0.15756584722348882
20260906T054317Z_7973d176,WE,BTC,leader_gap_200ms,2000,0.9,0.0014898815814750877,1771,0.10344587158684272,0.0,0.19593450028232637,0.23574386353931046
20260906T054317Z_7973d176,WE,BTC,leader_gap_200ms,5000,0.9,0.0014898815814750877,1077,0.1635828937076516,0.0,0.2757660167130919,0.4024355915368774
20260906T054317Z_7973d176,WE,BTC,leader_gap_200ms,10000,0.9,0.0014898815814750877,693,0.21314050788806052,0.0,0.3621933621933622,0.6144963497847868
20260906T054317Z_7973d176,WE,BTC,leader_gap_200ms,30000,0.9,0.0014898815814750877,292,0.2670695669473145,0.0,0.4726027397260274,1.210620260732376
20260906T054317Z_7973d176,WE,BTC,leader_gap_200ms,100,0.95,0.05189291395890603,1721,0.04905161253356388,0.0,0.07669959325973272,0.06661594146440619
20260906T054317Z_7973d176,WE,BTC,leader_gap_200ms,200,0.95,0.05189291395890603,1721,0.06013971659724677,0.0,0.09122603137710633,0.08827933163269411
20260906T054317Z_7973d176,WE,BTC,leader_gap_200ms,500,0.95,0.05189291395890603,1721,0.07973602458068921,0.0,0.12550842533410808,0.13014231078016922
20260906T054317Z_7973d176,WE,BTC,leader_gap_200ms,1000,0.95,0.05189291395890603,1721,0.10535545356038106,0.0,0.168506682161534,0.1903002647838364
20260906T054317Z_7973d176,WE,BTC,leader_gap_200ms,2000,0.95,0.05189291395890603,1357,0.15703767739485275,0.0,0.23065585851142226,0.2714701460735129
20260906T054317Z_7973d176,WE,BTC,leader_gap_200ms,5000,0.95,0.05189291395890603,901,0.17149683241528685,0.0,0.28967813540510545,0.43546836192029925
20260906T054317Z_7973d176,WE,BTC,leader_gap_200ms,10000,0.95,0.05189291395890603,603,0.20190811224811497,0.0,0.3814262023217247,0.659867600263287
20260906T054317Z_7973d176,WE,BTC,leader_gap_200ms,30000,0.95,0.05189291395890603,270,0.238787438692177,0.0,0.48148148148148145,1.1739759904207623
20260906T054317Z_7973d176,WE,BTC,leader_gap_500ms,100,0.8,0.002915389050695195,2956,0.024783219762511636,0.0,0.04397834912043302,0.03933327464213187
20260906T054317Z_7973d176,WE,BTC,leader_gap_500ms,200,0.8,0.002915389050695195,2956,0.0279644677423075,0.0,0.055818673883626525,0.05255946716548461
20260906T054317Z_7973d176,WE,BTC,leader_gap_500ms,500,0.8,0.002915389050695195,2956,0.038682589725275406,0.0,0.08355886332882273,0.08924192859342932
20260906T054317Z_7973d176,WE,BTC,leader_gap_500ms,1000,0.8,0.002915389050695195,2956,0.047768126091930985,0.0,0.11907983761840325,0.13960345831401338
20260906T054317Z_7973d176,WE,BTC,leader_gap_500ms,2000,0.8,0.002915389050695195,2000,0.08427888470874992,0.0,0.1795,0.2203154858367745
20260906T054317Z_7973d176,WE,BTC,leader_gap_500ms,5000,0.8,0.002915389050695195,1140,0.16922579375539892,0.0,0.2771929824561403,0.385822376768905
20260906T054317Z_7973d176,WE,BTC,leader_gap_500ms,10000,0.8,0.002915389050695195,706,0.2223915674312983,0.0,0.3668555240793201,0.6235980475236439
20260906T054317Z_7973d176,WE,BTC,leader_gap_500ms,30000,0.8,0.002915389050695195,297,0.1755116338007894,0.0,0.4781144781144781,1.2008777067030494
20260906T054317Z_7973d176,WE,BTC,leader_gap_500ms,100,0.9,0.054185884397557435,1857,0.04481664140508716,0.0,0.06892837910608508,0.06050751351753053
20260906T054317Z_7973d176,WE,BTC,leader_gap_500ms,200,0.9,0.054185884397557435,1857,0.05293835154581342,0.0,0.08346795907377491,0.07834466488770553
20260906T054317Z_7973d176,WE,BTC,leader_gap_500ms,500,0.9,0.054185884397557435,1857,0.06793470064483631,0.0,0.11739364566505116,0.12197879212743962
20260906T054317Z_7973d176,WE,BTC,leader_gap_500ms,1000,0.9,0.054185884397557435,1857,0.09208168277599617,0.0,0.16101238556812061,0.18556238747031822
20260906T054317Z_7973d176,WE,BTC,leader_gap_500ms,2000,0.9,0.054185884397557435,1419,0.14129370071478073,0.0,0.2332628611698379,0.27287146950668234
20260906T054317Z_7973d176,WE,BTC,leader_gap_500ms,5000,0.9,0.054185884397557435,923,0.1998273434709412,0.0,0.29577464788732394,0.4303989334427372
20260906T054317Z_7973d176,WE,BTC,leader_gap_500ms,10000,0.9,0.054185884397557435,605,0.2177326066129379,0.0,0.3884297520661157,0.6668874215304598
20260906T054317Z_7973d176,WE,BTC,leader_gap_500ms,30000,0.9,0.054185884397557435,269,0.1591539458744021,0.0,0.4795539033457249,1.1881578808530258
20260906T054317Z_7973d176,WE,BTC,leader_gap_500ms,100,0.95,0.19162433441867896,1036,0.0769089066799889,0.0,0.09845559845559845,0.1015113575578303
20260906T054317Z_7973d176,WE,BTC,leader_gap_500ms,200,0.95,0.19162433441867896,1036,0.08611478342560003,0.0,0.11486486486486487,0.1254192862728214
20260906T054317Z_7973d176,WE,BTC,leader_gap_500ms,500,0.95,0.19162433441867896,1036,0.1106294179908422,0.0,0.15637065637065636,0.18433339679932417
20260906T054317Z_7973d176,WE,BTC,leader_gap_500ms,1000,0.95,0.19162433441867896,1036,0.14537246181628666,0.0,0.2084942084942085,0.2595563343541927
20260906T054317Z_7973d176,WE,BTC,leader_gap_500ms,2000,0.95,0.19162433441867896,848,0.18769344703733964,0.0,0.27122641509433965,0.35195770837581947
20260906T054317Z_7973d176,WE,BTC,leader_gap_500ms,5000,0.95,0.19162433441867896,603,0.1686616503300614,0.0,0.33167495854063017,0.5584379382921721
20260906T054317Z_7973d176,WE,BTC,leader_gap_500ms,10000,0.95,0.19162433441867896,434,0.206597143670501,0.0,0.41244239631336405,0.8257446264012219
20260906T054317Z_7973d176,WE,BTC,leader_gap_500ms,30000,0.95,0.19162433441867896,227,0.027978458062249176,0.0,0.43612334801762115,1.1957419116942407
20260906T054317Z_7973d176,WE,ETH,bitget_ofi,100,0.8,0.3037035457430973,3522,0.05401041332150037,0.0,0.09965928449744463,0.08151794858281651
20260906T054317Z_7973d176,WE,ETH,bitget_ofi,200,0.8,0.3037035457430973,3522,0.07054934119936875,0.0,0.13798977853492334,0.12146316682604298
20260906T054317Z_7973d176,WE,ETH,bitget_ofi,500,0.8,0.3037035457430973,3522,0.08859958927839072,0.0,0.19363997728563317,0.20105512742882528
20260906T054317Z_7973d176,WE,ETH,bitget_ofi,1000,0.8,0.3037035457430973,3521,0.09399028297802396,0.0,0.27066174382277763,0.3277382820508209
20260906T054317Z_7973d176,WE,ETH,bitget_ofi,2000,0.8,0.3037035457430973,2509,0.13548315312086773,0.0,0.3312076524511758,0.4657604374620519
20260906T054317Z_7973d176,WE,ETH,bitget_ofi,5000,0.8,0.3037035457430973,1415,0.20484143451449136,0.0,0.4381625441696113,0.7734674367195042
20260906T054317Z_7973d176,WE,ETH,bitget_ofi,10000,0.8,0.3037035457430973,841,0.27500553989381543,0.0,0.4994054696789536,1.193344097265006
20260906T054317Z_7973d176,WE,ETH,bitget_ofi,30000,0.8,0.3037035457430973,327,0.04115173906284876,0.08013928207274457,0.5229357798165137,2.1690865642711996
20260906T054317Z_7973d176,WE,ETH,bitget_ofi,100,0.9,0.7733578242188163,2392,0.07015162546798595,0.0,0.1341973244147157,0.11427555852786668
20260906T054317Z_7973d176,WE,ETH,bitget_ofi,200,0.9,0.7733578242188163,2392,0.0950454487685075,0.0,0.1806020066889632,0.16323182529276717
20260906T054317Z_7973d176,WE,ETH,bitget_ofi,500,0.9,0.7733578242188163,2392,0.12633117188214138,0.0,0.24331103678929766,0.2544713976847683
20260906T054317Z_7973d176,WE,ETH,bitget_ofi,1000,0.9,0.7733578242188163,2392,0.1457149564789904,0.0,0.3168896321070234,0.379449343154054
20260906T054317Z_7973d176,WE,ETH,bitget_ofi,2000,0.9,0.7733578242188163,1862,0.16435109305315906,0.0,0.3673469387755102,0.5051674435911051
20260906T054317Z_7973d176,WE,ETH,bitget_ofi,5000,0.9,0.7733578242188163,1161,0.20939457974309458,0.0,0.4935400516795866,0.8579553019766861
20260906T054317Z_7973d176,WE,ETH,bitget_ofi,10000,0.9,0.7733578242188163,731,0.24261351632836908,0.039914582791988715,0.5034199726402189,1.2365067461406305
20260906T054317Z_7973d176,WE,ETH,bitget_ofi,30000,0.9,0.7733578242188163,308,0.08731107007351757,0.13991614114750053,0.538961038961039,2.1202051053178037
20260906T054317Z_7973d176,WE,ETH,bitget_ofi,100,0.95,1.1833113426186355,1464,0.08484040699098654,0.0,0.16051912568306012,0.1387675378087901
20260906T054317Z_7973d176,WE,ETH,bitget_ofi,200,0.95,1.1833113426186355,1464,0.11232731083621647,0.0,0.2062841530054645,0.196378010436467
20260906T054317Z_7973d176,WE,ETH,bitget_ofi,500,0.95,1.1833113426186355,1464,0.15448933825598976,0.0,0.2718579234972678,0.2824777289829642
20260906T054317Z_7973d176,WE,ETH,bitget_ofi,1000,0.95,1.1833113426186355,1464,0.14881609150744468,0.0,0.3353825136612022,0.43924141441724196
20260906T054317Z_7973d176,WE,ETH,bitget_ofi,2000,0.95,1.1833113426186355,1218,0.18252370844652413,0.0,0.39080459770114945,0.5860623071414497
20260906T054317Z_7973d176,WE,ETH,bitget_ofi,5000,0.95,1.1833113426186355,855,0.3768331919010023,0.04005816445506746,0.5111111111111111,0.8940083802752278
20260906T054317Z_7973d176,WE,ETH,bitget_ofi,10000,0.95,1.1833113426186355,592,0.391886652098549,0.13004107919423166,0.535472972972973,1.2686372506159809
20260906T054317Z_7973d176,WE,ETH,bitget_ofi,30000,0.95,1.1833113426186355,280,0.42372613067417847,0.03984723304944239,0.5035714285714286,2.0322261973069
20260906T054317Z_7973d176,WE,ETH,bitget_trade_flow,100,0.8,1.0,4287,0.03502314001564217,0.0,0.07067879636109167,0.06279749000184778
20260906T054317Z_7973d176,WE,ETH,bitget_trade_flow,200,0.8,1.0,4287,0.045826515421068026,0.0,0.09680429204571962,0.09821314930265734
20260906T054317Z_7973d176,WE,ETH,bitget_trade_flow,500,0.8,1.0,4287,0.06399501437800428,0.0,0.1429904362024726,0.17640309567157347
20260906T054317Z_7973d176,WE,ETH,bitget_trade_flow,1000,0.8,1.0,4286,0.07610451817614397,0.0,0.20765282314512365,0.2853302192982122
20260906T054317Z_7973d176,WE,ETH,bitget_trade_flow,2000,0.8,1.0,3012,0.05024326325570969,0.0,0.2646082337317397,0.42667194630122235
20260906T054317Z_7973d176,WE,ETH,bitget_trade_flow,5000,0.8,1.0,1610,0.09544886635753332,0.0,0.3652173913043478,0.7290407534506986
20260906T054317Z_7973d176,WE,ETH,bitget_trade_flow,10000,0.8,1.0,916,0.2440418718817243,0.0,0.47161572052401746,1.0949747033716002
20260906T054317Z_7973d176,WE,ETH,bitget_trade_flow,30000,0.8,1.0,337,0.3479185304655341,0.2804756867836566,0.56973293768546,2.0909357930530845
20260906T054317Z_7973d176,WE,ETH,bitget_trade_flow,100,0.9,1.0,4287,0.03502314001564217,0.0,0.07067879636109167,0.06279749000184778
20260906T054317Z_7973d176,WE,ETH,bitget_trade_flow,200,0.9,1.0,4287,0.045826515421068026,0.0,0.09680429204571962,0.09821314930265734
20260906T054317Z_7973d176,WE,ETH,bitget_trade_flow,500,0.9,1.0,4287,0.06399501437800428,0.0,0.1429904362024726,0.17640309567157347
20260906T054317Z_7973d176,WE,ETH,bitget_trade_flow,1000,0.9,1.0,4286,0.07610451817614397,0.0,0.20765282314512365,0.2853302192982122
20260906T054317Z_7973d176,WE,ETH,bitget_trade_flow,2000,0.9,1.0,3012,0.05024326325570969,0.0,0.2646082337317397,0.42667194630122235
20260906T054317Z_7973d176,WE,ETH,bitget_trade_flow,5000,0.9,1.0,1610,0.09544886635753332,0.0,0.3652173913043478,0.7290407534506986
20260906T054317Z_7973d176,WE,ETH,bitget_trade_flow,10000,0.9,1.0,916,0.2440418718817243,0.0,0.47161572052401746,1.0949747033716002
20260906T054317Z_7973d176,WE,ETH,bitget_trade_flow,30000,0.9,1.0,337,0.3479185304655341,0.2804756867836566,0.56973293768546,2.0909357930530845
20260906T054317Z_7973d176,WE,ETH,bitget_trade_flow,100,0.95,1.0,4287,0.03502314001564217,0.0,0.07067879636109167,0.06279749000184778
20260906T054317Z_7973d176,WE,ETH,bitget_trade_flow,200,0.95,1.0,4287,0.045826515421068026,0.0,0.09680429204571962,0.09821314930265734
20260906T054317Z_7973d176,WE,ETH,bitget_trade_flow,500,0.95,1.0,4287,0.06399501437800428,0.0,0.1429904362024726,0.17640309567157347
20260906T054317Z_7973d176,WE,ETH,bitget_trade_flow,1000,0.95,1.0,4286,0.07610451817614397,0.0,0.20765282314512365,0.2853302192982122
20260906T054317Z_7973d176,WE,ETH,bitget_trade_flow,2000,0.95,1.0,3012,0.05024326325570969,0.0,0.2646082337317397,0.42667194630122235
20260906T054317Z_7973d176,WE,ETH,bitget_trade_flow,5000,0.95,1.0,1610,0.09544886635753332,0.0,0.3652173913043478,0.7290407534506986
20260906T054317Z_7973d176,WE,ETH,bitget_trade_flow,10000,0.95,1.0,916,0.2440418718817243,0.0,0.47161572052401746,1.0949747033716002
20260906T054317Z_7973d176,WE,ETH,bitget_trade_flow,30000,0.95,1.0,337,0.3479185304655341,0.2804756867836566,0.56973293768546,2.0909357930530845
20260906T054317Z_7973d176,WE,ETH,depth_imbalance_l1,100,0.8,0.8608752919280224,3101,0.07045834318400622,0.0,0.12770074169622703,0.08333682898044595
20260906T054317Z_7973d176,WE,ETH,depth_imbalance_l1,200,0.8,0.8608752919280224,3101,0.09651984931001092,0.0,0.16639793614962914,0.11566841918842985
20260906T054317Z_7973d176,WE,ETH,depth_imbalance_l1,500,0.8,0.8608752919280224,3101,0.15143168910520735,0.0,0.23573040954530797,0.19712442583372874
20260906T054317Z_7973d176,WE,ETH,depth_imbalance_l1,1000,0.8,0.8608752919280224,3101,0.2118312625047283,0.0,0.31570461141567235,0.2990341037776913
20260906T054317Z_7973d176,WE,ETH,depth_imbalance_l1,2000,0.8,0.8608752919280224,1994,0.31214982912063755,0.0,0.43029087261785354,0.46884338810176107
20260906T054317Z_7973d176,WE,ETH,depth_imbalance_l1,5000,0.8,0.8608752919280224,1128,0.4582544770532694,0.23984423977977076,0.5700354609929078,0.8603559963035082
20260906T054317Z_7973d176,WE,ETH,depth_imbalance_l1,10000,0.8,0.8608752919280224,706,0.5177450506715242,0.3608046976311542,0.6147308781869688,1.2038311137411293
20260906T054317Z_7973d176,WE,ETH,depth_imbalance_l1,30000,0.8,0.8608752919280224,303,0.2652558645903222,0.35847861678756787,0.5808580858085809,2.1094836698053485
20260906T054317Z_7973d176,WE,ETH,depth_imbalance_l1,100,0.9,0.9376136061065806,1803,0.08391231550124133,0.0,0.15085967831392125,0.09881944729416346
20260906T054317Z_7973d176,WE,ETH,depth_imbalance_l1,200,0.9,0.9376136061065806,1803,0.11533376373594524,0.0,0.19689406544647808,0.1332068900533055
20260906T054317Z_7973d176,WE,ETH,depth_imbalance_l1,500,0.9,0.9376136061065806,1803,0.18216188047121457,0.0,0.2756516916250693,0.23106088992282084
20260906T054317Z_7973d176,WE,ETH,depth_imbalance_l1,1000,0.9,0.9376136061065806,1803,0.24387266240025876,0.0,0.35995562950637827,0.3413526380206786
20260906T054317Z_7973d176,WE,ETH,depth_imbalance_l1,2000,0.9,0.9376136061065806,1256,0.3391174210992118,0.0,0.4721337579617834,0.5304816827895479
20260906T054317Z_7973d176,WE,ETH,depth_imbalance_l1,5000,0.9,0.9376136061065806,784,0.48244994986590184,0.280752983991899,0.6007653061224489,0.9557957342701751
20260906T054317Z_7973d176,WE,ETH,depth_imbalance_l1,10000,0.9,0.9376136061065806,541,0.48594853462738724,0.3990542415008288,0.6229205175600739,1.2875427736943537
20260906T054317Z_7973d176,WE,ETH,depth_imbalance_l1,30000,0.9,0.9376136061065806,262,0.593623129921951,0.4401094942569246,0.5877862595419847,2.2638403428111786
20260906T054317Z_7973d176,WE,ETH,depth_imbalance_l1,100,0.95,0.9760154686249757,1015,0.1112801945951701,0.0,0.19014778325123152,0.12671543887235923
20260906T054317Z_7973d176,WE,ETH,depth_imbalance_l1,200,0.95,0.9760154686249757,1015,0.1507240154728007,0.0,0.24236453201970443,0.1690046059537962
20260906T054317Z_7973d176,WE,ETH,depth_imbalance_l1,500,0.95,0.9760154686249757,1015,0.2209813267210406,0.0,0.32315270935960594,0.27942888230562046
20260906T054317Z_7973d176,WE,ETH,depth_imbalance_l1,1000,0.95,0.9760154686249757,1015,0.24773402442611145,0.0,0.4068965517241379,0.38016983788901615
20260906T054317Z_7973d176,WE,ETH,depth_imbalance_l1,2000,0.95,0.9760154686249757,751,0.3445688699026926,0.04005816445506746,0.5086551264980027,0.5790398261037176
20260906T054317Z_7973d176,WE,ETH,depth_imbalance_l1,5000,0.95,0.9760154686249757,533,0.48334782139324145,0.36076915988834823,0.6191369606003753,1.0402726140020708
20260906T054317Z_7973d176,WE,ETH,depth_imbalance_l1,10000,0.95,0.9760154686249757,403,0.5429876342295169,0.4003675374542924,0.6277915632754343,1.3356588306178714
20260906T054317Z_7973d176,WE,ETH,depth_imbalance_l1,30000,0.95,0.9760154686249757,221,0.1985363064920554,0.441072688850789,0.5882352941176471,2.281252267054589
20260906T054317Z_7973d176,WE,ETH,depth_imbalance_l5,100,0.8,0.7374381105906633,3195,0.06174426400056259,0.0,0.10140845070422536,0.0729381807856126
20260906T054317Z_7973d176,WE,ETH,depth_imbalance_l5,200,0.8,0.7374381105906633,3195,0.08325120487983409,0.0,0.13708920187793427,0.10757489320865785
20260906T054317Z_7973d176,WE,ETH,depth_imbalance_l5,500,0.8,0.7374381105906633,3195,0.13213027601882876,0.0,0.20688575899843506,0.18124138197267534
20260906T054317Z_7973d176,WE,ETH,depth_imbalance_l5,1000,0.8,0.7374381105906633,3195,0.19558095408029308,0.0,0.28701095461658843,0.29294373575474675
20260906T054317Z_7973d176,WE,ETH,depth_imbalance_l5,2000,0.8,0.7374381105906633,2034,0.27446061782645204,0.0,0.4085545722713864,0.4794390216037926
20260906T054317Z_7973d176,WE,ETH,depth_imbalance_l5,5000,0.8,0.7374381105906633,1138,0.3712707522364625,0.08023058476196576,0.5263620386643234,0.836125910959832
20260906T054317Z_7973d176,WE,ETH,depth_imbalance_l5,10000,0.8,0.7374381105906633,718,0.4446787495533564,0.2003008552813627,0.5696378830083565,1.2232688466540977
20260906T054317Z_7973d176,WE,ETH,depth_imbalance_l5,30000,0.8,0.7374381105906633,303,0.35995710673749776,0.4411805993541334,0.5907590759075908,2.0610774666598357
20260906T054317Z_7973d176,WE,ETH,depth_imbalance_l5,100,0.9,0.8486602209133005,1870,0.08205472855562142,0.0,0.13262032085561498,0.09602006580204538
20260906T054317Z_7973d176,WE,ETH,depth_imbalance_l5,200,0.9,0.8486602209133005,1870,0.10648739999040642,0.0,0.17058823529411765,0.12992517016622995
20260906T054317Z_7973d176,WE,ETH,depth_imbalance_l5,500,0.9,0.8486602209133005,1870,0.15157312290957,0.0,0.23315508021390374,0.2154815847558905
20260906T054317Z_7973d176,WE,ETH,depth_imbalance_l5,1000,0.9,0.8486602209133005,1870,0.22750370425923255,0.0,0.32941176470588235,0.3373267704372699
20260906T054317Z_7973d176,WE,ETH,depth_imbalance_l5,2000,0.9,0.8486602209133005,1300,0.31735616478453715,0.0,0.4492307692307692,0.5263912487365828
20260906T054317Z_7973d176,WE,ETH,depth_imbalance_l5,5000,0.9,0.8486602209133005,813,0.39661330201058215,0.16017715593877485,0.5498154981549815,0.8679480422353092
20260906T054317Z_7973d176,WE,ETH,depth_imbalance_l5,10000,0.9,0.8486602209133005,556,0.4713017490308035,0.3608155582345063,0.60431654676259,1.3029115211669309
20260906T054317Z_7973d176,WE,ETH,depth_imbalance_l5,30000,0.9,0.8486602209133005,260,0.662430961723953,0.6408639865252167,0.6423076923076924,2.2245473842864474
20260906T054317Z_7973d176,WE,ETH,depth_imbalance_l5,100,0.95,0.9115100535103055,1051,0.09419504830630873,0.0,0.14843006660323502,0.10234024924990842
20260906T054317Z_7973d176,WE,ETH,depth_imbalance_l5,200,0.95,0.9115100535103055,1051,0.11955201536948887,0.0,0.19695528068506185,0.14544328820496968
20260906T054317Z_7973d176,WE,ETH,depth_imbalance_l5,500,0.95,0.9115100535103055,1051,0.1870183452483623,0.0,0.27497621313035203,0.2409730064173339
20260906T054317Z_7973d176,WE,ETH,depth_imbalance_l5,1000,0.95,0.9115100535103055,1051,0.25905929037456504,0.0,0.3558515699333968,0.3817192375487762
20260906T054317Z_7973d176,WE,ETH,depth_imbalance_l5,2000,0.95,0.9115100535103055,782,0.30866571426430633,0.0,0.46930946291560105,0.5878698729880271
20260906T054317Z_7973d176,WE,ETH,depth_imbalance_l5,5000,0.95,0.9115100535103055,541,0.4193659173464273,0.2806308581861895,0.5804066543438078,0.9528075381579492
20260906T054317Z_7973d176,WE,ETH,depth_imbalance_l5,10000,0.95,0.9115100535103055,400,0.5010312277300742,0.3407065520529077,0.5975,1.3050595733463535
20260906T054317Z_7973d176,WE,ETH,depth_imbalance_l5,30000,0.95,0.9115100535103055,219,0.6148530212443378,0.7224723005238163,0.634703196347032,2.2748644580941577
20260906T054317Z_7973d176,WE,ETH,external_ofi,100,0.8,0.05546631716666937,6334,0.038057411453261955,0.0,0.06694032207136091,0.05258442954547035
20260906T054317Z_7973d176,WE,ETH,external_ofi,200,0.8,0.05546631716666937,6334,0.056130368793134905,0.0,0.09362172402904957,0.08430310887925868
20260906T054317Z_7973d176,WE,ETH,external_ofi,500,0.8,0.05546631716666937,6334,0.07791645081901791,0.0,0.14714240606251974,0.15432937491814844
20260906T054317Z_7973d176,WE,ETH,external_ofi,1000,0.8,0.05546631716666937,6333,0.09559196654427805,0.0,0.2090636349281541,0.24863390156210788
20260906T054317Z_7973d176,WE,ETH,external_ofi,2000,0.8,0.05546631716666937,3900,0.09686396277898417,0.0,0.28794871794871796,0.3955115063042849
20260906T054317Z_7973d176,WE,ETH,external_ofi,5000,0.8,0.05546631716666937,1858,0.1418214302304776,0.0,0.39289558665231433,0.7063613694890795
20260906T054317Z_7973d176,WE,ETH,external_ofi,10000,0.8,0.05546631716666937,997,0.27292214067609283,0.0,0.46940822467402205,1.0519272425261612
20260906T054317Z_7973d176,WE,ETH,external_ofi,30000,0.8,0.05546631716666937,350,0.4947913124931042,0.01994805526435485,0.5,2.0829892205976384
20260906T054317Z_7973d176,WE,ETH,external_ofi,100,0.9,0.14484267560391573,4224,0.06594726041998762,0.0,0.10606060606060606,0.09104985632708255
20260906T054317Z_7973d176,WE,ETH,external_ofi,200,0.9,0.14484267560391573,4224,0.08247357442995064,0.0,0.14086174242424243,0.13398543643517755
20260906T054317Z_7973d176,WE,ETH,external_ofi,500,0.9,0.14484267560391573,4224,0.1095469343303362,0.0,0.1972064393939394,0.20440694809895438
20260906T054317Z_7973d176,WE,ETH,external_ofi,1000,0.9,0.14484267560391573,4223,0.13934785543899617,0.0,0.27373904807009236,0.31860919869611093
20260906T054317Z_7973d176,WE,ETH,external_ofi,2000,0.9,0.14484267560391573,2917,0.20718149387966162,0.0,0.3404182379156668,0.44753584390904705
20260906T054317Z_7973d176,WE,ETH,external_ofi,5000,0.9,0.14484267560391573,1573,0.21476488703034388,0.0,0.4399237126509854,0.7622145887536624
20260906T054317Z_7973d176,WE,ETH,external_ofi,10000,0.9,0.14484267560391573,896,0.3336966718998237,0.0,0.49776785714285715,1.1494609619203597
20260906T054317Z_7973d176,WE,ETH,external_ofi,30000,0.9,0.14484267560391573,336,0.3034625443956631,0.20055115351077962,0.5327380952380952,2.0789049873894565
20260906T054317Z_7973d176,WE,ETH,external_ofi,100,0.95,0.37995598750230697,2584,0.10824214141963291,0.0,0.15712074303405574,0.13893910032810897
20260906T054317Z_7973d176,WE,ETH,external_ofi,200,0.95,0.37995598750230697,2584,0.13352421848881862,0.0,0.20162538699690402,0.1872567898699381
20260906T054317Z_7973d176,WE,ETH,external_ofi,500,0.95,0.37995598750230697,2584,0.17555221780666172,0.0,0.26393188854489164,0.2831552394140632
20260906T054317Z_7973d176,WE,ETH,external_ofi,1000,0.95,0.37995598750230697,2583,0.22195686990388955,0.0,0.3383662408052652,0.4034090834740919
20260906T054317Z_7973d176,WE,ETH,external_ofi,2000,0.95,0.37995598750230697,1958,0.265694932836353,0.0,0.39070480081716036,0.5464713553305834
20260906T054317Z_7973d176,WE,ETH,external_ofi,5000,0.95,0.37995598750230697,1214,0.24159293746369429,0.0,0.4818780889621087,0.8602229079564363
20260906T054317Z_7973d176,WE,ETH,external_ofi,10000,0.95,0.37995598750230697,762,0.2256728261175155,0.039897145187247074,0.5039370078740157,1.2378610168152575
20260906T054317Z_7973d176,WE,ETH,external_ofi,30000,0.95,0.37995598750230697,310,0.5277935770312607,0.16031550534506062,0.5387096774193548,2.181307411806608
20260906T054317Z_7973d176,WE,ETH,external_trade_flow,100,0.8,1.0,9206,0.007179200183028449,0.0,0.022919834890288943,0.021111409003274288
20260906T054317Z_7973d176,WE,ETH,external_trade_flow,200,0.8,1.0,9206,0.013096709007328785,0.0,0.03975668042580925,0.04170445144867595
20260906T054317Z_7973d176,WE,ETH,external_trade_flow,500,0.8,1.0,9206,0.020202679554284626,0.0,0.08005648490115143,0.09751060099948691
20260906T054317Z_7973d176,WE,ETH,external_trade_flow,1000,0.8,1.0,9206,0.02990984418184295,0.0,0.13480338909406908,0.17670422260722948
20260906T054317Z_7973d176,WE,ETH,external_trade_flow,2000,0.8,1.0,4965,0.04171363320866778,0.0,0.21027190332326284,0.31363167662419666
20260906T054317Z_7973d176,WE,ETH,external_trade_flow,5000,0.8,1.0,2082,0.04824812809624848,0.0,0.3222862632084534,0.6411727708581232
20260906T054317Z_7973d176,WE,ETH,external_trade_flow,10000,0.8,1.0,1061,0.09820291738931824,0.0,0.4203581526861451,1.0271570605721996
20260906T054317Z_7973d176,WE,ETH,external_trade_flow,30000,0.8,1.0,357,-0.0561416275136292,0.0,0.49859943977591037,2.0690742773071413
20260906T054317Z_7973d176,WE,ETH,external_trade_flow,100,0.9,1.0,9206,0.007179200183028449,0.0,0.022919834890288943,0.021111409003274288
20260906T054317Z_7973d176,WE,ETH,external_trade_flow,200,0.9,1.0,9206,0.013096709007328785,0.0,0.03975668042580925,0.04170445144867595
20260906T054317Z_7973d176,WE,ETH,external_trade_flow,500,0.9,1.0,9206,0.020202679554284626,0.0,0.08005648490115143,0.09751060099948691
20260906T054317Z_7973d176,WE,ETH,external_trade_flow,1000,0.9,1.0,9206,0.02990984418184295,0.0,0.13480338909406908,0.17670422260722948
20260906T054317Z_7973d176,WE,ETH,external_trade_flow,2000,0.9,1.0,4965,0.04171363320866778,0.0,0.21027190332326284,0.31363167662419666
20260906T054317Z_7973d176,WE,ETH,external_trade_flow,5000,0.9,1.0,2082,0.04824812809624848,0.0,0.3222862632084534,0.6411727708581232
20260906T054317Z_7973d176,WE,ETH,external_trade_flow,10000,0.9,1.0,1061,0.09820291738931824,0.0,0.4203581526861451,1.0271570605721996
20260906T054317Z_7973d176,WE,ETH,external_trade_flow,30000,0.9,1.0,357,-0.0561416275136292,0.0,0.49859943977591037,2.0690742773071413
20260906T054317Z_7973d176,WE,ETH,external_trade_flow,100,0.95,1.0,9206,0.007179200183028449,0.0,0.022919834890288943,0.021111409003274288
20260906T054317Z_7973d176,WE,ETH,external_trade_flow,200,0.95,1.0,9206,0.013096709007328785,0.0,0.03975668042580925,0.04170445144867595
20260906T054317Z_7973d176,WE,ETH,external_trade_flow,500,0.95,1.0,9206,0.020202679554284626,0.0,0.08005648490115143,0.09751060099948691
20260906T054317Z_7973d176,WE,ETH,external_trade_flow,1000,0.95,1.0,9206,0.02990984418184295,0.0,0.13480338909406908,0.17670422260722948
20260906T054317Z_7973d176,WE,ETH,external_trade_flow,2000,0.95,1.0,4965,0.04171363320866778,0.0,0.21027190332326284,0.31363167662419666
20260906T054317Z_7973d176,WE,ETH,external_trade_flow,5000,0.95,1.0,2082,0.04824812809624848,0.0,0.3222862632084534,0.6411727708581232
20260906T054317Z_7973d176,WE,ETH,external_trade_flow,10000,0.95,1.0,1061,0.09820291738931824,0.0,0.4203581526861451,1.0271570605721996
20260906T054317Z_7973d176,WE,ETH,external_trade_flow,30000,0.95,1.0,357,-0.0561416275136292,0.0,0.49859943977591037,2.0690742773071413
20260906T054317Z_7973d176,WE,ETH,fair_accel_100ms,100,0.8,9.014324982822886e-07,4315,0.047667798488373526,0.0,0.07809965237543454,0.0730261263756225
20260906T054317Z_7973d176,WE,ETH,fair_accel_100ms,200,0.8,9.014324982822886e-07,4315,0.06573793298387304,0.0,0.1100811123986095,0.11482957709034067
20260906T054317Z_7973d176,WE,ETH,fair_accel_100ms,500,0.8,9.014324982822886e-07,4315,0.09860446028494699,0.0,0.1682502896871379,0.18779313361571243
20260906T054317Z_7973d176,WE,ETH,fair_accel_100ms,1000,0.8,9.014324982822886e-07,4314,0.14496163571002094,0.0,0.2426981919332406,0.30281651878366933
20260906T054317Z_7973d176,WE,ETH,fair_accel_100ms,2000,0.8,9.014324982822886e-07,2911,0.10789170523807108,0.0,0.2968052215733425,0.44340031985533324
20260906T054317Z_7973d176,WE,ETH,fair_accel_100ms,5000,0.8,9.014324982822886e-07,1536,0.09925002263547004,0.0,0.41796875,0.7687160895326542
20260906T054317Z_7973d176,WE,ETH,fair_accel_100ms,10000,0.8,9.014324982822886e-07,885,0.15087762567908128,0.0,0.46779661016949153,1.1305288462995864
20260906T054317Z_7973d176,WE,ETH,fair_accel_100ms,30000,0.8,9.014324982822886e-07,333,0.4010201735399303,0.04008417677236503,0.5225225225225225,2.070219378453632
20260906T054317Z_7973d176,WE,ETH,fair_accel_100ms,100,0.9,0.026479000633847647,3073,0.08678322659244386,0.0,0.11845102505694761,0.11620406188769418
20260906T054317Z_7973d176,WE,ETH,fair_accel_100ms,200,0.9,0.026479000633847647,3073,0.10160718320038731,0.0,0.15066710055320534,0.15870470035213954
20260906T054317Z_7973d176,WE,ETH,fair_accel_100ms,500,0.9,0.026479000633847647,3073,0.12302910937176018,0.0,0.2072892938496583,0.23912787655567513
20260906T054317Z_7973d176,WE,ETH,fair_accel_100ms,1000,0.9,0.026479000633847647,3072,0.15575780074134107,0.0,0.2776692708333333,0.36486861804087933
20260906T054317Z_7973d176,WE,ETH,fair_accel_100ms,2000,0.9,0.026479000633847647,2251,0.1552973627409096,0.0,0.33096401599289205,0.4938240911288371
20260906T054317Z_7973d176,WE,ETH,fair_accel_100ms,5000,0.9,0.026479000633847647,1323,0.1370167502599868,0.0,0.4444444444444444,0.8424724418171711
20260906T054317Z_7973d176,WE,ETH,fair_accel_100ms,10000,0.9,0.026479000633847647,803,0.1488321274947431,0.0,0.48692403486924035,1.1725262858850671
20260906T054317Z_7973d176,WE,ETH,fair_accel_100ms,30000,0.9,0.026479000633847647,319,0.3255907531743175,0.0,0.49843260188087773,2.1382028890618607
20260906T054317Z_7973d176,WE,ETH,fair_accel_100ms,100,0.95,0.16048419238977696,1813,0.12086493253430401,0.0,0.1643684500827358,0.17019379714973012
20260906T054317Z_7973d176,WE,ETH,fair_accel_100ms,200,0.95,0.16048419238977696,1813,0.14703420718804594,0.0,0.21235521235521235,0.22599624300858537
20260906T054317Z_7973d176,WE,ETH,fair_accel_100ms,500,0.95,0.16048419238977696,1813,0.18761131741313322,0.0,0.2774407060121346,0.33151798441285707
20260906T054317Z_7973d176,WE,ETH,fair_accel_100ms,1000,0.95,0.16048419238977696,1812,0.23567119298815017,0.0,0.35485651214128033,0.4831519237279151
20260906T054317Z_7973d176,WE,ETH,fair_accel_100ms,2000,0.95,0.16048419238977696,1426,0.22685846041842367,0.0,0.4074333800841515,0.6213867149117029
20260906T054317Z_7973d176,WE,ETH,fair_accel_100ms,5000,0.95,0.16048419238977696,939,0.23141735853571782,0.0,0.4941427050053248,0.971735769108214
20260906T054317Z_7973d176,WE,ETH,fair_accel_100ms,10000,0.95,0.16048419238977696,626,0.16167684784853578,0.03990128446488438,0.5063897763578274,1.295027781127013
20260906T054317Z_7973d176,WE,ETH,fair_accel_100ms,30000,0.95,0.16048419238977696,289,0.6515014495795769,0.5216860895577374,0.5951557093425606,2.2562235812792553
20260906T054317Z_7973d176,WE,ETH,fair_gap_reversion,100,0.8,0.5114591125141567,2604,0.07065525222008423,0.0,0.06566820276497695,0.09379563219664527
20260906T054317Z_7973d176,WE,ETH,fair_gap_reversion,200,0.8,0.5114591125141567,2604,0.08344105928036694,0.0,0.09254992319508448,0.11976594319750762
20260906T054317Z_7973d176,WE,ETH,fair_gap_reversion,500,0.8,0.5114591125141567,2604,0.11438965473465988,0.0,0.13940092165898618,0.21345486565426464
20260906T054317Z_7973d176,WE,ETH,fair_gap_reversion,1000,0.8,0.5114591125141567,2603,0.1697039454477615,0.0,0.21705724164425663,0.3174438038340529
20260906T054317Z_7973d176,WE,ETH,fair_gap_reversion,2000,0.8,0.5114591125141567,1557,0.2476302938946635,0.0,0.3301220295439949,0.534676590532512
20260906T054317Z_7973d176,WE,ETH,fair_gap_reversion,5000,0.8,0.5114591125141567,862,0.2578428729489486,0.0,0.45707656612529,0.9304157785436611
20260906T054317Z_7973d176,WE,ETH,fair_gap_reversion,10000,0.8,0.5114591125141567,546,0.26521660113510204,0.1592969275167765,0.5274725274725275,1.3641217815970894
20260906T054317Z_7973d176,WE,ETH,fair_gap_reversion,30000,0.8,0.5114591125141567,258,0.11204953200319746,0.33993607191110375,0.562015503875969,2.228585020666951
20260906T054317Z_7973d176,WE,ETH,fair_gap_reversion,100,0.9,0.6574494137936426,1407,0.12595644160391145,0.0,0.09168443496801706,0.15914998919165207
20260906T054317Z_7973d176,WE,ETH,fair_gap_reversion,200,0.9,0.6574494137936426,1407,0.1504078523423188,0.0,0.12935323383084577,0.19964314373275827
20260906T054317Z_7973d176,WE,ETH,fair_gap_reversion,500,0.9,0.6574494137936426,1407,0.16970109067818626,0.0,0.18194740582800284,0.30178901361009414
20260906T054317Z_7973d176,WE,ETH,fair_gap_reversion,1000,0.9,0.6574494137936426,1407,0.23953841649306007,0.0,0.2572850035536603,0.41142011165308673
20260906T054317Z_7973d176,WE,ETH,fair_gap_reversion,2000,0.9,0.6574494137936426,889,0.3447060827000471,0.0,0.36332958380202474,0.6737581802611791
20260906T054317Z_7973d176,WE,ETH,fair_gap_reversion,5000,0.9,0.6574494137936426,542,0.4389905268937486,0.11996501924603988,0.5166051660516605,1.1456671629723418
20260906T054317Z_7973d176,WE,ETH,fair_gap_reversion,10000,0.9,0.6574494137936426,396,0.4185262760806635,0.3809917311148765,0.5782828282828283,1.5666308003186555
20260906T054317Z_7973d176,WE,ETH,fair_gap_reversion,30000,0.9,0.6574494137936426,213,0.9516295166758559,0.5987283012694261,0.6056338028169014,2.545475329931391
20260906T054317Z_7973d176,WE,ETH,fair_gap_reversion,100,0.95,0.8004838364916721,758,0.22031822626558192,0.0,0.13852242744063326,0.2520932012733022
20260906T054317Z_7973d176,WE,ETH,fair_gap_reversion,200,0.95,0.8004838364916721,758,0.2381476517557396,0.0,0.16358839050131926,0.2773752915266888
20260906T054317Z_7973d176,WE,ETH,fair_gap_reversion,500,0.95,0.8004838364916721,758,0.27324480045481353,0.0,0.23218997361477572,0.39350866723613637
20260906T054317Z_7973d176,WE,ETH,fair_gap_reversion,1000,0.95,0.8004838364916721,758,0.3471438727473573,0.0,0.30606860158311344,0.5421306210872696
20260906T054317Z_7973d176,WE,ETH,fair_gap_reversion,2000,0.95,0.8004838364916721,494,0.582614714094945,0.0,0.4352226720647773,0.8846326177918097
20260906T054317Z_7973d176,WE,ETH,fair_gap_reversion,5000,0.95,0.8004838364916721,331,0.651893753918862,0.3210485445743209,0.5589123867069486,1.3735389135935423
20260906T054317Z_7973d176,WE,ETH,fair_gap_reversion,10000,0.95,0.8004838364916721,252,0.5703875144266015,0.5581146934186498,0.6071428571428571,1.8455890262944141
20260906T054317Z_7973d176,WE,ETH,fair_gap_reversion,30000,0.95,0.8004838364916721,155,0.908105740657933,0.5987283012694261,0.6,2.6509295036565046
20260906T054317Z_7973d176,WE,ETH,leader_gap_1000ms,100,0.8,0.20819010683646091,2850,0.05140559348181878,0.0,0.07543859649122807,0.09644361867554165
20260906T054317Z_7973d176,WE,ETH,leader_gap_1000ms,200,0.8,0.20819010683646091,2850,0.0629029499049097,0.0,0.10701754385964912,0.1458426528410695
20260906T054317Z_7973d176,WE,ETH,leader_gap_1000ms,500,0.8,0.20819010683646091,2850,0.09547841286882393,0.0,0.1656140350877193,0.26398098297394385
20260906T054317Z_7973d176,WE,ETH,leader_gap_1000ms,1000,0.8,0.20819010683646091,2850,0.10468581218228058,0.0,0.23508771929824562,0.3923248171178256
20260906T054317Z_7973d176,WE,ETH,leader_gap_1000ms,2000,0.8,0.20819010683646091,1977,0.12118874610872965,0.0,0.29893778452200304,0.5538783313355105
20260906T054317Z_7973d176,WE,ETH,leader_gap_1000ms,5000,0.8,0.20819010683646091,1174,0.15566529728666004,0.0,0.4131175468483816,0.8916182410595124
20260906T054317Z_7973d176,WE,ETH,leader_gap_1000ms,10000,0.8,0.20819010683646091,737,0.2573544117743151,0.0,0.45861601085481685,1.285659872961026
20260906T054317Z_7973d176,WE,ETH,leader_gap_1000ms,30000,0.8,0.20819010683646091,305,0.44995458036832714,0.12012685395879959,0.5147540983606558,2.06737781213078
20260906T054317Z_7973d176,WE,ETH,leader_gap_1000ms,100,0.9,0.44053458621712044,1665,0.09125848690492394,0.0,0.1009009009009009,0.14380050527540728
20260906T054317Z_7973d176,WE,ETH,leader_gap_1000ms,200,0.9,0.44053458621712044,1665,0.09672120719954659,0.0,0.13813813813813813,0.19757428119449919
20260906T054317Z_7973d176,WE,ETH,leader_gap_1000ms,500,0.9,0.44053458621712044,1665,0.11439664248002315,0.0,0.2024024024024024,0.31852010745915255
20260906T054317Z_7973d176,WE,ETH,leader_gap_1000ms,1000,0.9,0.44053458621712044,1665,0.14588911015267875,0.0,0.2840840840840841,0.4864548364951251
20260906T054317Z_7973d176,WE,ETH,leader_gap_1000ms,2000,0.9,0.44053458621712044,1267,0.17221300045940746,0.0,0.36148382004735596,0.6901587572864332
20260906T054317Z_7973d176,WE,ETH,leader_gap_1000ms,5000,0.9,0.44053458621712044,853,0.21089373259767827,0.0,0.4548651817116061,0.9741048331549328
20260906T054317Z_7973d176,WE,ETH,leader_gap_1000ms,10000,0.9,0.44053458621712044,597,0.2883298883822533,0.0,0.47738693467336685,1.2582773279776833
20260906T054317Z_7973d176,WE,ETH,leader_gap_1000ms,30000,0.9,0.44053458621712044,273,0.6544502405511388,0.4009181025074916,0.5494505494505495,2.392527830731293
20260906T054317Z_7973d176,WE,ETH,leader_gap_1000ms,100,0.95,0.6460843985510052,996,0.14190889200704068,0.0,0.1355421686746988,0.20118997350232873
20260906T054317Z_7973d176,WE,ETH,leader_gap_1000ms,200,0.95,0.6460843985510052,996,0.16336019839593638,0.0,0.1746987951807229,0.2545583152964124
20260906T054317Z_7973d176,WE,ETH,leader_gap_1000ms,500,0.95,0.6460843985510052,996,0.1703730839542468,0.0,0.2389558232931727,0.3807047384414472
20260906T054317Z_7973d176,WE,ETH,leader_gap_1000ms,1000,0.95,0.6460843985510052,996,0.2050706786750975,0.0,0.3293172690763052,0.5877728973624349
20260906T054317Z_7973d176,WE,ETH,leader_gap_1000ms,2000,0.95,0.6460843985510052,786,0.2761016667556741,0.0,0.4262086513994911,0.8303516947244967
20260906T054317Z_7973d176,WE,ETH,leader_gap_1000ms,5000,0.95,0.6460843985510052,566,0.34013191018457073,0.03994170237006038,0.5035335689045937,1.1266581748214402
20260906T054317Z_7973d176,WE,ETH,leader_gap_1000ms,10000,0.95,0.6460843985510052,435,0.34556623305084117,0.11988059892535811,0.5218390804597701,1.520024527415155
20260906T054317Z_7973d176,WE,ETH,leader_gap_1000ms,30000,0.95,0.6460843985510052,233,0.5244634024662077,0.43753405811856416,0.5493562231759657,2.3246616918616256
20260906T054317Z_7973d176,WE,ETH,leader_gap_100ms,100,0.8,0.0006918400674084662,4481,0.02898182253029534,0.0,0.06270921669270252,0.07540487820681128
20260906T054317Z_7973d176,WE,ETH,leader_gap_100ms,200,0.8,0.0006918400674084662,4481,0.03694151297143897,0.0,0.0845793349698728,0.11266972994759408
20260906T054317Z_7973d176,WE,ETH,leader_gap_100ms,500,0.8,0.0006918400674084662,4481,0.02771730138803355,0.0,0.124972104440973,0.18535416257480422
20260906T054317Z_7973d176,WE,ETH,leader_gap_100ms,1000,0.8,0.0006918400674084662,4480,0.03635135179911612,0.0,0.1825892857142857,0.3016770505116288
20260906T054317Z_7973d176,WE,ETH,leader_gap_100ms,2000,0.8,0.0006918400674084662,2948,0.03257478433009733,0.0,0.24898236092265943,0.4454127968823109
20260906T054317Z_7973d176,WE,ETH,leader_gap_100ms,5000,0.8,0.0006918400674084662,1549,-0.0007048186210593184,0.0,0.34667527437056167,0.7718909672371418
20260906T054317Z_7973d176,WE,ETH,leader_gap_100ms,10000,0.8,0.0006918400674084662,884,0.004717047803238581,0.0,0.41968325791855204,1.1287502295839944
20260906T054317Z_7973d176,WE,ETH,leader_gap_100ms,30000,0.8,0.0006918400674084662,334,-0.1571897109852813,0.0,0.47305389221556887,2.098683986670999
20260906T054317Z_7973d176,WE,ETH,leader_gap_100ms,100,0.9,0.0011075546674405342,3829,0.036308532955112424,0.0,0.07547662575084879,0.09248222532122416
20260906T054317Z_7973d176,WE,ETH,leader_gap_100ms,200,0.9,0.0011075546674405342,3829,0.048191387427643215,0.0,0.10263776442935492,0.13763621679814367
20260906T054317Z_7973d176,WE,ETH,leader_gap_100ms,500,0.9,0.0011075546674405342,3829,0.05076107515208673,0.0,0.14912509793679812,0.21133053974914692
20260906T054317Z_7973d176,WE,ETH,leader_gap_100ms,1000,0.9,0.0011075546674405342,3828,0.07962226386917684,0.0,0.21499477533960293,0.3290671425903849
20260906T054317Z_7973d176,WE,ETH,leader_gap_100ms,2000,0.9,0.0011075546674405342,2712,0.05793730493845728,0.0,0.2713864306784661,0.4657487044948976
20260906T054317Z_7973d176,WE,ETH,leader_gap_100ms,5000,0.9,0.0011075546674405342,1491,0.012473484193483469,0.0,0.36686787391012743,0.7855821438246064
20260906T054317Z_7973d176,WE,ETH,leader_gap_100ms,10000,0.9,0.0011075546674405342,862,0.1499930934251564,0.0,0.4466357308584687,1.1756192416378928
20260906T054317Z_7973d176,WE,ETH,leader_gap_100ms,30000,0.9,0.0011075546674405342,332,-0.020847189830827135,0.0,0.48493975903614456,2.059803310576135
20260906T054317Z_7973d176,WE,ETH,leader_gap_100ms,100,0.95,0.11843227169178923,2673,0.05537092792604751,0.0,0.0916573138795361,0.12173177075497232
20260906T054317Z_7973d176,WE,ETH,leader_gap_100ms,200,0.95,0.11843227169178923,2673,0.06778275445611975,0.0,0.12308267863823419,0.17630051566396046
20260906T054317Z_7973d176,WE,ETH,leader_gap_100ms,500,0.95,0.11843227169178923,2673,0.07086607186649087,0.0,0.17807706696595585,0.2639656083847426
20260906T054317Z_7973d176,WE,ETH,leader_gap_100ms,1000,0.95,0.11843227169178923,2672,0.10821452363761076,0.0,0.25149700598802394,0.40227501437941116
20260906T054317Z_7973d176,WE,ETH,leader_gap_100ms,2000,0.95,0.11843227169178923,2017,0.10558541037256615,0.0,0.30887456618740705,0.5372134933082499
20260906T054317Z_7973d176,WE,ETH,leader_gap_100ms,5000,0.95,0.11843227169178923,1225,0.06119625254508538,0.0,0.38612244897959186,0.8412060796735652
20260906T054317Z_7973d176,WE,ETH,leader_gap_100ms,10000,0.95,0.11843227169178923,758,0.15345243310282397,0.0,0.449868073878628,1.242510160036257
20260906T054317Z_7973d176,WE,ETH,leader_gap_100ms,30000,0.95,0.11843227169178923,311,0.17286146391904822,0.2802881362225306,0.5434083601286174,2.213643420148807
20260906T054317Z_7973d176,WE,ETH,leader_gap_200ms,100,0.8,0.001618287027928406,4281,0.028232824821009254,0.0,0.06353655687923382,0.07573775069323378
20260906T054317Z_7973d176,WE,ETH,leader_gap_200ms,200,0.8,0.001618287027928406,4281,0.03209631355410562,0.0,0.08759635599159075,0.11755101103922413
20260906T054317Z_7973d176,WE,ETH,leader_gap_200ms,500,0.8,0.001618287027928406,4281,0.034250012947096425,0.0,0.1324456902592852,0.1953072152040302
20260906T054317Z_7973d176,WE,ETH,leader_gap_200ms,1000,0.8,0.001618287027928406,4280,0.045175273539557,0.0,0.19485981308411215,0.3045372350848903
20260906T054317Z_7973d176,WE,ETH,leader_gap_200ms,2000,0.8,0.001618287027928406,2895,0.0638048574887847,0.0,0.25837651122625216,0.44818951827247766
20260906T054317Z_7973d176,WE,ETH,leader_gap_200ms,5000,0.8,0.001618287027928406,1534,0.03094822527472055,0.0,0.3644067796610169,0.7748999417508098
20260906T054317Z_7973d176,WE,ETH,leader_gap_200ms,10000,0.8,0.001618287027928406,885,0.0769928326186101,0.0,0.42598870056497173,1.1362530732330807
20260906T054317Z_7973d176,WE,ETH,leader_gap_200ms,30000,0.8,0.001618287027928406,333,-0.28851463371206304,0.0,0.4744744744744745,2.095335776356418
20260906T054317Z_7973d176,WE,ETH,leader_gap_200ms,100,0.9,0.07518009408809066,3089,0.047151782037018315,0.0,0.08416963418582066,0.10731357983938704
20260906T054317Z_7973d176,WE,ETH,leader_gap_200ms,200,0.9,0.07518009408809066,3089,0.051232473267809185,0.0,0.1120103593395921,0.15393563431876664
20260906T054317Z_7973d176,WE,ETH,leader_gap_200ms,500,0.9,0.07518009408809066,3089,0.06061048949367839,0.0,0.16639689219812237,0.23908904348000634
20260906T054317Z_7973d176,WE,ETH,leader_gap_200ms,1000,0.9,0.07518009408809066,3088,0.07911905338672624,0.0,0.23575129533678757,0.3690197415457683
20260906T054317Z_7973d176,WE,ETH,leader_gap_200ms,2000,0.9,0.07518009408809066,2254,0.10354736650757572,0.0,0.29946761313220943,0.5175378535276232
20260906T054317Z_7973d176,WE,ETH,leader_gap_200ms,5000,0.9,0.07518009408809066,1323,0.025388132554368496,0.0,0.3854875283446712,0.8294791585488003
20260906T054317Z_7973d176,WE,ETH,leader_gap_200ms,10000,0.9,0.07518009408809066,800,0.09342598881063971,0.0,0.4525,1.2409728777788849
20260906T054317Z_7973d176,WE,ETH,leader_gap_200ms,30000,0.9,0.07518009408809066,317,-0.08682075508951334,0.0,0.4952681388012618,2.1458275216954092
20260906T054317Z_7973d176,WE,ETH,leader_gap_200ms,100,0.95,0.2775812999520362,1910,0.08243805789523677,0.0,0.1068062827225131,0.15028826855374128
20260906T054317Z_7973d176,WE,ETH,leader_gap_200ms,200,0.95,0.2775812999520362,1910,0.09866395815907317,0.0,0.14293193717277486,0.21265553438262913
20260906T054317Z_7973d176,WE,ETH,leader_gap_200ms,500,0.95,0.2775812999520362,1910,0.09994735344403213,0.0,0.19842931937172775,0.3067289590018928
20260906T054317Z_7973d176,WE,ETH,leader_gap_200ms,1000,0.95,0.2775812999520362,1909,0.13648131932170332,0.0,0.2634887375589314,0.4546218259334032
20260906T054317Z_7973d176,WE,ETH,leader_gap_200ms,2000,0.95,0.2775812999520362,1523,0.10533654417981404,0.0,0.32239001969796455,0.6232810536098927
20260906T054317Z_7973d176,WE,ETH,leader_gap_200ms,5000,0.95,0.2775812999520362,998,0.1632327858375333,0.0,0.4188376753507014,0.9335792242028891
20260906T054317Z_7973d176,WE,ETH,leader_gap_200ms,10000,0.95,0.2775812999520362,655,0.043505416009166686,0.0,0.4259541984732824,1.2760496414767482
20260906T054317Z_7973d176,WE,ETH,leader_gap_200ms,30000,0.95,0.2775812999520362,289,0.10896649275498554,0.3207640600181265,0.5570934256055363,2.3329690326131183
20260906T054317Z_7973d176,WE,ETH,leader_gap_500ms,100,0.8,0.0673748493742347,3475,0.033636551148876356,0.0,0.06935251798561151,0.08713701640778906
20260906T054317Z_7973d176,WE,ETH,leader_gap_500ms,200,0.8,0.0673748493742347,3475,0.042517699268409676,0.0,0.09841726618705036,0.13195634531714528
20260906T054317Z_7973d176,WE,ETH,leader_gap_500ms,500,0.8,0.0673748493742347,3475,0.04997499226579465,0.0,0.15453237410071943,0.23257779462766212
20260906T054317Z_7973d176,WE,ETH,leader_gap_500ms,1000,0.8,0.0673748493742347,3474,0.0697167177713143,0.0,0.22481289579735175,0.3430271298010361
20260906T054317Z_7973d176,WE,ETH,leader_gap_500ms,2000,0.8,0.0673748493742347,2473,0.07404352800341646,0.0,0.2850788515972503,0.49606538965865143
20260906T054317Z_7973d176,WE,ETH,leader_gap_500ms,5000,0.8,0.0673748493742347,1395,0.13558935932304475,0.0,0.382078853046595,0.8141953308265836
20260906T054317Z_7973d176,WE,ETH,leader_gap_500ms,10000,0.8,0.0673748493742347,825,0.13811629681745752,0.0,0.4412121212121212,1.2258039102200657
20260906T054317Z_7973d176,WE,ETH,leader_gap_500ms,30000,0.8,0.0673748493742347,321,0.2569341090394689,0.03983175068399624,0.5046728971962616,2.0110021063779544
20260906T054317Z_7973d176,WE,ETH,leader_gap_500ms,100,0.9,0.2792380198919781,2071,0.06621767402239578,0.0,0.09367455335586673,0.12346010182470495
20260906T054317Z_7973d176,WE,ETH,leader_gap_500ms,200,0.9,0.2792380198919781,2071,0.07144249688959387,0.0,0.12892322549493,0.1858523764332221
20260906T054317Z_7973d176,WE,ETH,leader_gap_500ms,500,0.9,0.2792380198919781,2070,0.10166586546328359,0.0,0.19178743961352657,0.31765750549857746
20260906T054317Z_7973d176,WE,ETH,leader_gap_500ms,1000,0.9,0.2792380198919781,2070,0.11379577327168922,0.0,0.257487922705314,0.43951451650867707
20260906T054317Z_7973d176,WE,ETH,leader_gap_500ms,2000,0.9,0.2792380198919781,1587,0.1293334204871976,0.0,0.3207309388783869,0.6133482453564415
20260906T054317Z_7973d176,WE,ETH,leader_gap_500ms,5000,0.9,0.2792380198919781,1032,0.16004741237487577,0.0,0.4253875968992248,0.9311172187587704
20260906T054317Z_7973d176,WE,ETH,leader_gap_500ms,10000,0.9,0.2792380198919781,674,0.20479827574337117,0.0,0.45103857566765576,1.2545999575699571
20260906T054317Z_7973d176,WE,ETH,leader_gap_500ms,30000,0.9,0.2792380198919781,292,0.7295120944007939,0.3996150491051339,0.565068493150685,2.2874726717642346
20260906T054317Z_7973d176,WE,ETH,leader_gap_500ms,100,0.95,0.4966992414532293,1231,0.14006765386542416,0.0,0.12997562956945571,0.18432936474495026
20260906T054317Z_7973d176,WE,ETH,leader_gap_500ms,200,0.95,0.4966992414532293,1231,0.15329904461381721,0.0,0.17221770917952883,0.2607825381403404
20260906T054317Z_7973d176,WE,ETH,leader_gap_500ms,500,0.95,0.4966992414532293,1231,0.12000042397589288,0.0,0.2307067424857839,0.389149438632853
20260906T054317Z_7973d176,WE,ETH,leader_gap_500ms,1000,0.95,0.4966992414532293,1231,0.16486619500630922,0.0,0.3103168155970755,0.518878678838597
20260906T054317Z_7973d176,WE,ETH,leader_gap_500ms,2000,0.95,0.4966992414532293,1015,0.20445131825299598,0.0,0.3832512315270936,0.7068568833844786
20260906T054317Z_7973d176,WE,ETH,leader_gap_500ms,5000,0.95,0.4966992414532293,727,0.18827519756805766,0.0,0.4607977991746905,1.0297237584635675
20260906T054317Z_7973d176,WE,ETH,leader_gap_500ms,10000,0.95,0.4966992414532293,523,0.19625935768770272,0.0,0.491395793499044,1.4103365323415251
20260906T054317Z_7973d176,WE,ETH,leader_gap_500ms,30000,0.95,0.4966992414532293,258,0.3871801977619669,0.37884315823171677,0.5426356589147286,2.3743065931212124
20260906T092548Z_d18fd1e3,WE,BTC,bitget_ofi,100,0.8,0.042184204359034486,3707,0.012760544513006756,0.0,0.0205017534394389,0.01570445929191975
20260906T092548Z_d18fd1e3,WE,BTC,bitget_ofi,200,0.8,0.042184204359034486,3707,0.019029103202084195,0.0,0.031292149986512,0.025288278456563378
20260906T092548Z_d18fd1e3,WE,BTC,bitget_ofi,500,0.8,0.042184204359034486,3706,0.02866734327579463,0.0,0.050728548300053966,0.04260751116641559
20260906T092548Z_d18fd1e3,WE,BTC,bitget_ofi,1000,0.8,0.042184204359034486,3706,0.03579253038563545,0.0,0.07204533189422559,0.06846288032574838
20260906T092548Z_d18fd1e3,WE,BTC,bitget_ofi,2000,0.8,0.042184204359034486,2607,0.05539231073703285,0.0,0.10817031070195628,0.11505957222215045
20260906T092548Z_d18fd1e3,WE,BTC,bitget_ofi,5000,0.8,0.042184204359034486,1473,0.07513237262245599,0.0,0.18126272912423624,0.22138302823983047
20260906T092548Z_d18fd1e3,WE,BTC,bitget_ofi,10000,0.8,0.042184204359034486,866,0.070470384940449,0.0,0.23787528868360278,0.39698696917912024
20260906T092548Z_d18fd1e3,WE,BTC,bitget_ofi,30000,0.8,0.042184204359034486,332,0.2886609826171608,0.0,0.4126506024096386,0.8738671058396096
20260906T092548Z_d18fd1e3,WE,BTC,bitget_ofi,100,0.9,0.11043266658634798,2304,0.020757938783317584,0.0,0.03515625,0.02190870199479435
20260906T092548Z_d18fd1e3,WE,BTC,bitget_ofi,200,0.9,0.11043266658634798,2303,0.03028127129843009,0.0,0.04993486756404689,0.03385630973901846
20260906T092548Z_d18fd1e3,WE,BTC,bitget_ofi,500,0.9,0.11043266658634798,2303,0.04876242176149907,0.0,0.0790273556231003,0.06041124710471077
20260906T092548Z_d18fd1e3,WE,BTC,bitget_ofi,1000,0.9,0.11043266658634798,2303,0.05670626122970977,0.0,0.09986973512809379,0.08607486103729785
20260906T092548Z_d18fd1e3,WE,BTC,bitget_ofi,2000,0.9,0.11043266658634798,1799,0.08439018561710915,0.0,0.14285714285714285,0.13274114379355179
20260906T092548Z_d18fd1e3,WE,BTC,bitget_ofi,5000,0.9,0.11043266658634798,1142,0.11674987926389123,0.0,0.21978984238178634,0.25706746020122445
20260906T092548Z_d18fd1e3,WE,BTC,bitget_ofi,10000,0.9,0.11043266658634798,737,0.16176027603616122,0.0,0.29986431478968795,0.4131586090101276
20260906T092548Z_d18fd1e3,WE,BTC,bitget_ofi,30000,0.9,0.11043266658634798,306,0.15637570602342288,0.0,0.4150326797385621,0.8920281365239928
20260906T092548Z_d18fd1e3,WE,BTC,bitget_ofi,100,0.95,0.25665596327534157,1377,0.0332735709284183,0.0,0.05519244734931009,0.03420010141580223
20260906T092548Z_d18fd1e3,WE,BTC,bitget_ofi,200,0.95,0.25665596327534157,1377,0.04229046946942777,0.0,0.07116920842411038,0.04345314574332263
20260906T092548Z_d18fd1e3,WE,BTC,bitget_ofi,500,0.95,0.25665596327534157,1377,0.06300200578215143,0.0,0.10602759622367465,0.0773962534145374
20260906T092548Z_d18fd1e3,WE,BTC,bitget_ofi,1000,0.95,0.25665596327534157,1377,0.07492388324868723,0.0,0.1365286855482934,0.10941009787410848
20260906T092548Z_d18fd1e3,WE,BTC,bitget_ofi,2000,0.95,0.25665596327534157,1156,0.11988895299965077,0.0,0.18858131487889274,0.17059270470441598
20260906T092548Z_d18fd1e3,WE,BTC,bitget_ofi,5000,0.95,0.25665596327534157,821,0.1769287452462044,0.0,0.2630937880633374,0.28963236332931636
20260906T092548Z_d18fd1e3,WE,BTC,bitget_ofi,10000,0.95,0.25665596327534157,573,0.2578323697122226,0.0,0.3403141361256545,0.45784372077822577
20260906T092548Z_d18fd1e3,WE,BTC,bitget_ofi,30000,0.95,0.25665596327534157,268,0.2986832888210538,0.0,0.4664179104477612,0.9560393228493838
20260906T092548Z_d18fd1e3,WE,BTC,bitget_trade_flow,100,0.8,1.0,3905,0.016499787172097775,0.0,0.019462227912932138,0.017281473383302198
20260906T092548Z_d18fd1e3,WE,BTC,bitget_trade_flow,200,0.8,1.0,3905,0.02109455018992002,0.0,0.027400768245838668,0.024708936426529833
20260906T092548Z_d18fd1e3,WE,BTC,bitget_trade_flow,500,0.8,1.0,3905,0.03074608615518328,0.0,0.04430217669654289,0.04365441330749343
20260906T092548Z_d18fd1e3,WE,BTC,bitget_trade_flow,1000,0.8,1.0,3905,0.036752952691245656,0.0,0.059923175416133165,0.0639572640441443
20260906T092548Z_d18fd1e3,WE,BTC,bitget_trade_flow,2000,0.8,1.0,2820,0.046142016265510684,0.0,0.09219858156028368,0.10382387147974867
20260906T092548Z_d18fd1e3,WE,BTC,bitget_trade_flow,5000,0.8,1.0,1580,0.0570728652969087,0.0,0.15316455696202533,0.20386072723291612
20260906T092548Z_d18fd1e3,WE,BTC,bitget_trade_flow,10000,0.8,1.0,906,0.03973670450111203,0.0,0.2130242825607064,0.3728511307339416
20260906T092548Z_d18fd1e3,WE,BTC,bitget_trade_flow,30000,0.8,1.0,337,0.2503151216288273,0.0,0.37091988130563797,0.858023466783717
20260906T092548Z_d18fd1e3,WE,BTC,bitget_trade_flow,100,0.9,1.0,3905,0.016499787172097775,0.0,0.019462227912932138,0.017281473383302198
20260906T092548Z_d18fd1e3,WE,BTC,bitget_trade_flow,200,0.9,1.0,3905,0.02109455018992002,0.0,0.027400768245838668,0.024708936426529833
20260906T092548Z_d18fd1e3,WE,BTC,bitget_trade_flow,500,0.9,1.0,3905,0.03074608615518328,0.0,0.04430217669654289,0.04365441330749343
20260906T092548Z_d18fd1e3,WE,BTC,bitget_trade_flow,1000,0.9,1.0,3905,0.036752952691245656,0.0,0.059923175416133165,0.0639572640441443
20260906T092548Z_d18fd1e3,WE,BTC,bitget_trade_flow,2000,0.9,1.0,2820,0.046142016265510684,0.0,0.09219858156028368,0.10382387147974867
20260906T092548Z_d18fd1e3,WE,BTC,bitget_trade_flow,5000,0.9,1.0,1580,0.0570728652969087,0.0,0.15316455696202533,0.20386072723291612
20260906T092548Z_d18fd1e3,WE,BTC,bitget_trade_flow,10000,0.9,1.0,906,0.03973670450111203,0.0,0.2130242825607064,0.3728511307339416
20260906T092548Z_d18fd1e3,WE,BTC,bitget_trade_flow,30000,0.9,1.0,337,0.2503151216288273,0.0,0.37091988130563797,0.858023466783717
20260906T092548Z_d18fd1e3,WE,BTC,bitget_trade_flow,100,0.95,1.0,3905,0.016499787172097775,0.0,0.019462227912932138,0.017281473383302198
20260906T092548Z_d18fd1e3,WE,BTC,bitget_trade_flow,200,0.95,1.0,3905,0.02109455018992002,0.0,0.027400768245838668,0.024708936426529833
20260906T092548Z_d18fd1e3,WE,BTC,bitget_trade_flow,500,0.95,1.0,3905,0.03074608615518328,0.0,0.04430217669654289,0.04365441330749343
20260906T092548Z_d18fd1e3,WE,BTC,bitget_trade_flow,1000,0.95,1.0,3905,0.036752952691245656,0.0,0.059923175416133165,0.0639572640441443
20260906T092548Z_d18fd1e3,WE,BTC,bitget_trade_flow,2000,0.95,1.0,2820,0.046142016265510684,0.0,0.09219858156028368,0.10382387147974867
20260906T092548Z_d18fd1e3,WE,BTC,bitget_trade_flow,5000,0.95,1.0,1580,0.0570728652969087,0.0,0.15316455696202533,0.20386072723291612
20260906T092548Z_d18fd1e3,WE,BTC,bitget_trade_flow,10000,0.95,1.0,906,0.03973670450111203,0.0,0.2130242825607064,0.3728511307339416
20260906T092548Z_d18fd1e3,WE,BTC,bitget_trade_flow,30000,0.95,1.0,337,0.2503151216288273,0.0,0.37091988130563797,0.858023466783717
20260906T092548Z_d18fd1e3,WE,BTC,depth_imbalance_l1,100,0.8,0.7590653705520378,2558,0.022993975716231966,0.0,0.039093041438623924,0.022993975716231966
20260906T092548Z_d18fd1e3,WE,BTC,depth_imbalance_l1,200,0.8,0.7590653705520378,2558,0.03311092876720279,0.0,0.05746677091477717,0.03374679908849061
20260906T092548Z_d18fd1e3,WE,BTC,depth_imbalance_l1,500,0.8,0.7590653705520378,2558,0.05653417235943031,0.0,0.09343236903831117,0.057473340175833214
20260906T092548Z_d18fd1e3,WE,BTC,depth_imbalance_l1,1000,0.8,0.7590653705520378,2558,0.08602395930906613,0.0,0.14308053166536355,0.0976967935203671
20260906T092548Z_d18fd1e3,WE,BTC,depth_imbalance_l1,2000,0.8,0.7590653705520378,1496,0.15685104091102636,0.0,0.2339572192513369,0.17791388128021773
20260906T092548Z_d18fd1e3,WE,BTC,depth_imbalance_l1,5000,0.8,0.7590653705520378,781,0.2789341254094422,0.0,0.39436619718309857,0.3499435894142694
20260906T092548Z_d18fd1e3,WE,BTC,depth_imbalance_l1,10000,0.8,0.7590653705520378,502,0.400453129753111,0.0,0.48804780876494025,0.5177965807361745
20260906T092548Z_d18fd1e3,WE,BTC,depth_imbalance_l1,30000,0.8,0.7590653705520378,238,0.6774672577812297,0.46335597218482905,0.634453781512605,1.0822955283958535
20260906T092548Z_d18fd1e3,WE,BTC,depth_imbalance_l1,100,0.9,0.8790426737657819,1440,0.03579808720518893,0.0,0.058333333333333334,0.03579808720518893
20260906T092548Z_d18fd1e3,WE,BTC,depth_imbalance_l1,200,0.9,0.8790426737657819,1440,0.05259499574254471,0.0,0.0875,0.0537245487160546
20260906T092548Z_d18fd1e3,WE,BTC,depth_imbalance_l1,500,0.9,0.8790426737657819,1440,0.08641383958746082,0.0,0.13472222222222222,0.0911403794666901
20260906T092548Z_d18fd1e3,WE,BTC,depth_imbalance_l1,1000,0.9,0.8790426737657819,1440,0.12225376117433595,0.0,0.1986111111111111,0.13614130604003585
20260906T092548Z_d18fd1e3,WE,BTC,depth_imbalance_l1,2000,0.9,0.8790426737657819,895,0.2062316269944845,0.0,0.311731843575419,0.23444768540986022
20260906T092548Z_d18fd1e3,WE,BTC,depth_imbalance_l1,5000,0.9,0.8790426737657819,525,0.3262106843518321,0.0,0.4819047619047619,0.41467358222715045
20260906T092548Z_d18fd1e3,WE,BTC,depth_imbalance_l1,10000,0.9,0.8790426737657819,359,0.4555280857975995,0.30019231072071834,0.5738161559888579,0.6065742002355355
20260906T092548Z_d18fd1e3,WE,BTC,depth_imbalance_l1,30000,0.9,0.8790426737657819,194,0.5886881883094752,0.6005298354477279,0.6391752577319587,1.1602538556463367
20260906T092548Z_d18fd1e3,WE,BTC,depth_imbalance_l1,100,0.95,0.9566417940578297,787,0.052597692368801886,0.0,0.09148665819567979,0.052597692368801886
20260906T092548Z_d18fd1e3,WE,BTC,depth_imbalance_l1,200,0.95,0.9566417940578297,787,0.06816827607767283,0.0,0.1181702668360864,0.06816827607767283
20260906T092548Z_d18fd1e3,WE,BTC,depth_imbalance_l1,500,0.95,0.9566417940578297,787,0.12231087400491104,0.0,0.19186785260482847,0.12717547479636057
20260906T092548Z_d18fd1e3,WE,BTC,depth_imbalance_l1,1000,0.95,0.9566417940578297,787,0.15542750702137229,0.0,0.24650571791613723,0.16732039776442412
20260906T092548Z_d18fd1e3,WE,BTC,depth_imbalance_l1,2000,0.95,0.9566417940578297,521,0.25527151688106675,0.0,0.3761996161228407,0.28433471304296953
20260906T092548Z_d18fd1e3,WE,BTC,depth_imbalance_l1,5000,0.95,0.9566417940578297,331,0.40709287384595666,0.26268387873122717,0.5619335347432024,0.48186485199577783
20260906T092548Z_d18fd1e3,WE,BTC,depth_imbalance_l1,10000,0.95,0.9566417940578297,251,0.4964633556053967,0.4378535668240881,0.6533864541832669,0.6868058622476734
20260906T092548Z_d18fd1e3,WE,BTC,depth_imbalance_l1,30000,0.95,0.9566417940578297,155,0.655034937639986,0.4877938959189981,0.6709677419354839,1.0575554608183952
20260906T092548Z_d18fd1e3,WE,BTC,depth_imbalance_l5,100,0.8,0.754815083585759,2569,0.022075625938805712,0.0,0.035811599844297395,0.022075625938805712
20260906T092548Z_d18fd1e3,WE,BTC,depth_imbalance_l5,200,0.8,0.754815083585759,2569,0.03228099745481611,0.0,0.053328143246399375,0.032914145092750806
20260906T092548Z_d18fd1e3,WE,BTC,depth_imbalance_l5,500,0.8,0.754815083585759,2569,0.05740746151343281,0.0,0.08952899961074348,0.05834260798068023
20260906T092548Z_d18fd1e3,WE,BTC,depth_imbalance_l5,1000,0.8,0.754815083585759,2569,0.08657624790957968,0.0,0.13818606461658234,0.09790643924984001
20260906T092548Z_d18fd1e3,WE,BTC,depth_imbalance_l5,2000,0.8,0.754815083585759,1506,0.15270059547002943,0.0,0.2250996015936255,0.17726146553438757
20260906T092548Z_d18fd1e3,WE,BTC,depth_imbalance_l5,5000,0.8,0.754815083585759,782,0.27519817726109747,0.0,0.3887468030690537,0.3535082212713102
20260906T092548Z_d18fd1e3,WE,BTC,depth_imbalance_l5,10000,0.8,0.754815083585759,501,0.3963751132665748,0.0,0.4810379241516966,0.5493648173674096
20260906T092548Z_d18fd1e3,WE,BTC,depth_imbalance_l5,30000,0.8,0.754815083585759,237,0.6987311893575612,0.4505522081259541,0.6244725738396625,1.0766940323673015
20260906T092548Z_d18fd1e3,WE,BTC,depth_imbalance_l5,100,0.9,0.8643375626555259,1445,0.0358914323777031,0.0,0.05467128027681661,0.0358914323777031
20260906T092548Z_d18fd1e3,WE,BTC,depth_imbalance_l5,200,0.9,0.8643375626555259,1445,0.047554982654658136,0.0,0.0754325259515571,0.04778001569827443
20260906T092548Z_d18fd1e3,WE,BTC,depth_imbalance_l5,500,0.9,0.8643375626555259,1445,0.08234796826348677,0.0,0.12110726643598616,0.08350810187552184
20260906T092548Z_d18fd1e3,WE,BTC,depth_imbalance_l5,1000,0.9,0.8643375626555259,1445,0.12216343668636456,0.0,0.18200692041522493,0.13099880857574717
20260906T092548Z_d18fd1e3,WE,BTC,depth_imbalance_l5,2000,0.9,0.8643375626555259,903,0.20603801150490794,0.0,0.29346622369878184,0.2260240337301534
20260906T092548Z_d18fd1e3,WE,BTC,depth_imbalance_l5,5000,0.9,0.8643375626555259,525,0.33047741298241484,0.0,0.46476190476190476,0.40765447920737463
20260906T092548Z_d18fd1e3,WE,BTC,depth_imbalance_l5,10000,0.9,0.8643375626555259,356,0.4427516257461741,0.3001876173556888,0.5589887640449438,0.5928231147817822
20260906T092548Z_d18fd1e3,WE,BTC,depth_imbalance_l5,30000,0.9,0.8643375626555259,196,0.6541322502104953,0.5441026984459025,0.6326530612244898,1.1710834812116262
20260906T092548Z_d18fd1e3,WE,BTC,depth_imbalance_l5,100,0.95,0.9386110787490015,790,0.042665406849930206,0.0,0.07341772151898734,0.042665406849930206
20260906T092548Z_d18fd1e3,WE,BTC,depth_imbalance_l5,200,0.95,0.9386110787490015,790,0.058824952278953895,0.0,0.09873417721518987,0.05923656335240396
20260906T092548Z_d18fd1e3,WE,BTC,depth_imbalance_l5,500,0.95,0.9386110787490015,790,0.11152676402168313,0.0,0.16329113924050634,0.1119383750951332
20260906T092548Z_d18fd1e3,WE,BTC,depth_imbalance_l5,1000,0.95,0.9386110787490015,790,0.15934679632094323,0.0,0.23164556962025318,0.16146881286447573
20260906T092548Z_d18fd1e3,WE,BTC,depth_imbalance_l5,2000,0.95,0.9386110787490015,526,0.256812452610012,0.0,0.344106463878327,0.2684700258620956
20260906T092548Z_d18fd1e3,WE,BTC,depth_imbalance_l5,5000,0.95,0.9386110787490015,339,0.42260747998193876,0.26268387873122717,0.5457227138643068,0.4542789421074447
20260906T092548Z_d18fd1e3,WE,BTC,depth_imbalance_l5,10000,0.95,0.9386110787490015,255,0.468010636035364,0.38776707461960247,0.6235294117647059,0.651249416442525
20260906T092548Z_d18fd1e3,WE,BTC,depth_imbalance_l5,30000,0.95,0.9386110787490015,157,0.607045343422247,0.5502906223740464,0.643312101910828,1.08994640824737
20260906T092548Z_d18fd1e3,WE,BTC,external_ofi,100,0.8,0.019293386640853113,6082,0.01025209425169554,0.0,0.015455442288720816,0.012728674235947682
20260906T092548Z_d18fd1e3,WE,BTC,external_ofi,200,0.8,0.019293386640853113,6082,0.012927004060692117,0.0,0.02236106543900033,0.018406887410508797
20260906T092548Z_d18fd1e3,WE,BTC,external_ofi,500,0.8,0.019293386640853113,6082,0.01842770039900452,0.0,0.036007892140743174,0.03359452441638581
20260906T092548Z_d18fd1e3,WE,BTC,external_ofi,1000,0.8,0.019293386640853113,6082,0.024220361217778614,0.0,0.05327195001644196,0.055714706801852795
20260906T092548Z_d18fd1e3,WE,BTC,external_ofi,2000,0.8,0.019293386640853113,3773,0.03169467717557167,0.0,0.08428306387490062,0.09845704507644053
20260906T092548Z_d18fd1e3,WE,BTC,external_ofi,5000,0.8,0.019293386640853113,1813,0.06157359881847527,0.0,0.1456150027578599,0.20333329220931062
20260906T092548Z_d18fd1e3,WE,BTC,external_ofi,10000,0.8,0.019293386640853113,982,0.08262944328438794,0.0,0.21792260692464357,0.3495156046246892
20260906T092548Z_d18fd1e3,WE,BTC,external_ofi,30000,0.8,0.019293386640853113,349,0.03086741426900855,0.0,0.3524355300859599,0.8437486886347578
20260906T092548Z_d18fd1e3,WE,BTC,external_ofi,100,0.9,0.0448387270844718,4145,0.017841984469356326,0.0,0.02677925211097708,0.02034142525156694
20260906T092548Z_d18fd1e3,WE,BTC,external_ofi,200,0.9,0.0448387270844718,4145,0.021691759704194104,0.0,0.03667068757539204,0.028440200030746942
20260906T092548Z_d18fd1e3,WE,BTC,external_ofi,500,0.9,0.0448387270844718,4145,0.032247416842809046,0.0,0.054282267792521106,0.05003980530949082
20260906T092548Z_d18fd1e3,WE,BTC,external_ofi,1000,0.9,0.0448387270844718,4145,0.037683444023773556,0.0,0.07503015681544029,0.07642618511133706
20260906T092548Z_d18fd1e3,WE,BTC,external_ofi,2000,0.9,0.0448387270844718,2895,0.06986411860407454,0.0,0.1146804835924007,0.11807330297971336
20260906T092548Z_d18fd1e3,WE,BTC,external_ofi,5000,0.9,0.0448387270844718,1569,0.10018109534669471,0.0,0.1835564053537285,0.22519739265715674
20260906T092548Z_d18fd1e3,WE,BTC,external_ofi,10000,0.9,0.0448387270844718,903,0.1041449830097725,0.0,0.24473975636766335,0.3855004177508316
20260906T092548Z_d18fd1e3,WE,BTC,external_ofi,30000,0.9,0.0448387270844718,336,0.24085060962575214,0.0,0.39880952380952384,0.8623098133710835
20260906T092548Z_d18fd1e3,WE,BTC,external_ofi,100,0.95,0.09138676171700924,2540,0.03755084046914354,0.0,0.048425196850393704,0.04082275774160365
20260906T092548Z_d18fd1e3,WE,BTC,external_ofi,200,0.95,0.09138676171700924,2540,0.04701419424861181,0.0,0.06338582677165354,0.05194161565482529
20260906T092548Z_d18fd1e3,WE,BTC,external_ofi,500,0.95,0.09138676171700924,2540,0.06607708870066317,0.0,0.08897637795275591,0.07840523193326375
20260906T092548Z_d18fd1e3,WE,BTC,external_ofi,1000,0.95,0.09138676171700924,2540,0.07656913862347581,0.0,0.11535433070866141,0.10809786788578062
20260906T092548Z_d18fd1e3,WE,BTC,external_ofi,2000,0.95,0.09138676171700924,1957,0.11095229683421544,0.0,0.15738375063873275,0.15784258701296058
20260906T092548Z_d18fd1e3,WE,BTC,external_ofi,5000,0.95,0.09138676171700924,1210,0.14178504077272597,0.0,0.2231404958677686,0.2620492939268225
20260906T092548Z_d18fd1e3,WE,BTC,external_ofi,10000,0.95,0.09138676171700924,756,0.19837140290277033,0.0,0.2896825396825397,0.44539888574297304
20260906T092548Z_d18fd1e3,WE,BTC,external_ofi,30000,0.95,0.09138676171700924,311,0.2927425084225702,0.0,0.4630225080385852,0.907570275470905
20260906T092548Z_d18fd1e3,WE,BTC,external_trade_flow,100,0.8,1.0,8619,0.004687386735418691,0.0,0.007077387167884906,0.006055014153170781
20260906T092548Z_d18fd1e3,WE,BTC,external_trade_flow,200,0.8,1.0,8619,0.004757882875126527,0.0,0.010790114862513052,0.009661022154143986
20260906T092548Z_d18fd1e3,WE,BTC,external_trade_flow,500,0.8,1.0,8618,0.0033131358494796447,0.0,0.01972615456022279,0.021976752158684255
20260906T092548Z_d18fd1e3,WE,BTC,external_trade_flow,1000,0.8,1.0,8618,0.004342390078214486,0.0,0.03411464376885588,0.0412716913691737
20260906T092548Z_d18fd1e3,WE,BTC,external_trade_flow,2000,0.8,1.0,4801,0.005749465817459756,0.0,0.06040408248281608,0.08218237434082651
20260906T092548Z_d18fd1e3,WE,BTC,external_trade_flow,5000,0.8,1.0,2051,0.02319126423143916,0.0,0.12091662603607996,0.18923288640487357
20260906T092548Z_d18fd1e3,WE,BTC,external_trade_flow,10000,0.8,1.0,1053,0.004664948394038507,0.0,0.1889838556505223,0.3368871500258713
20260906T092548Z_d18fd1e3,WE,BTC,external_trade_flow,30000,0.8,1.0,356,-0.0038333832036416254,0.0,0.3455056179775281,0.8490834718289885
20260906T092548Z_d18fd1e3,WE,BTC,external_trade_flow,100,0.9,1.0,8619,0.004687386735418691,0.0,0.007077387167884906,0.006055014153170781
20260906T092548Z_d18fd1e3,WE,BTC,external_trade_flow,200,0.9,1.0,8619,0.004757882875126527,0.0,0.010790114862513052,0.009661022154143986
20260906T092548Z_d18fd1e3,WE,BTC,external_trade_flow,500,0.9,1.0,8618,0.0033131358494796447,0.0,0.01972615456022279,0.021976752158684255
20260906T092548Z_d18fd1e3,WE,BTC,external_trade_flow,1000,0.9,1.0,8618,0.004342390078214486,0.0,0.03411464376885588,0.0412716913691737
20260906T092548Z_d18fd1e3,WE,BTC,external_trade_flow,2000,0.9,1.0,4801,0.005749465817459756,0.0,0.06040408248281608,0.08218237434082651
20260906T092548Z_d18fd1e3,WE,BTC,external_trade_flow,5000,0.9,1.0,2051,0.02319126423143916,0.0,0.12091662603607996,0.18923288640487357
20260906T092548Z_d18fd1e3,WE,BTC,external_trade_flow,10000,0.9,1.0,1053,0.004664948394038507,0.0,0.1889838556505223,0.3368871500258713
20260906T092548Z_d18fd1e3,WE,BTC,external_trade_flow,30000,0.9,1.0,356,-0.0038333832036416254,0.0,0.3455056179775281,0.8490834718289885
20260906T092548Z_d18fd1e3,WE,BTC,external_trade_flow,100,0.95,1.0,8619,0.004687386735418691,0.0,0.007077387167884906,0.006055014153170781
20260906T092548Z_d18fd1e3,WE,BTC,external_trade_flow,200,0.95,1.0,8619,0.004757882875126527,0.0,0.010790114862513052,0.009661022154143986
20260906T092548Z_d18fd1e3,WE,BTC,external_trade_flow,500,0.95,1.0,8618,0.0033131358494796447,0.0,0.01972615456022279,0.021976752158684255
20260906T092548Z_d18fd1e3,WE,BTC,external_trade_flow,1000,0.95,1.0,8618,0.004342390078214486,0.0,0.03411464376885588,0.0412716913691737
20260906T092548Z_d18fd1e3,WE,BTC,external_trade_flow,2000,0.95,1.0,4801,0.005749465817459756,0.0,0.06040408248281608,0.08218237434082651
20260906T092548Z_d18fd1e3,WE,BTC,external_trade_flow,5000,0.95,1.0,2051,0.02319126423143916,0.0,0.12091662603607996,0.18923288640487357
20260906T092548Z_d18fd1e3,WE,BTC,external_trade_flow,10000,0.95,1.0,1053,0.004664948394038507,0.0,0.1889838556505223,0.3368871500258713
20260906T092548Z_d18fd1e3,WE,BTC,external_trade_flow,30000,0.95,1.0,356,-0.0038333832036416254,0.0,0.3455056179775281,0.8490834718289885
20260906T092548Z_d18fd1e3,WE,BTC,fair_accel_100ms,100,0.8,5.570956867808827e-07,3075,0.02755642729702061,0.0,0.03739837398373984,0.028590437924868668
20260906T092548Z_d18fd1e3,WE,BTC,fair_accel_100ms,200,0.8,5.570956867808827e-07,3075,0.030356901318769187,0.0,0.044227642276422764,0.03425577321846134
20260906T092548Z_d18fd1e3,WE,BTC,fair_accel_100ms,500,0.8,5.570956867808827e-07,3075,0.04434217345468395,0.0,0.0656910569105691,0.06058773929290916
20260906T092548Z_d18fd1e3,WE,BTC,fair_accel_100ms,1000,0.8,5.570956867808827e-07,3075,0.05899378622676358,0.0,0.09170731707317073,0.0915283013696894
20260906T092548Z_d18fd1e3,WE,BTC,fair_accel_100ms,2000,0.8,5.570956867808827e-07,1976,0.10364915995464158,0.0,0.14473684210526316,0.1527202770062051
20260906T092548Z_d18fd1e3,WE,BTC,fair_accel_100ms,5000,0.8,5.570956867808827e-07,1096,0.1382313956011287,0.0,0.22262773722627738,0.28845892849092764
20260906T092548Z_d18fd1e3,WE,BTC,fair_accel_100ms,10000,0.8,5.570956867808827e-07,670,0.2386441287891782,0.0,0.30597014925373134,0.44707761860356793
20260906T092548Z_d18fd1e3,WE,BTC,fair_accel_100ms,30000,0.8,5.570956867808827e-07,281,0.22549752438207202,0.0,0.41637010676156583,0.946060191211351
20260906T092548Z_d18fd1e3,WE,BTC,fair_accel_100ms,100,0.9,8.06105470672024e-07,2211,0.0426708394026645,0.0,0.05110809588421529,0.044029665514849395
20260906T092548Z_d18fd1e3,WE,BTC,fair_accel_100ms,200,0.9,8.06105470672024e-07,2211,0.04747081526609441,0.0,0.06151062867480778,0.05255372675379033
20260906T092548Z_d18fd1e3,WE,BTC,fair_accel_100ms,500,0.9,8.06105470672024e-07,2211,0.06359485319043556,0.0,0.08638625056535504,0.0849660915947408
20260906T092548Z_d18fd1e3,WE,BTC,fair_accel_100ms,1000,0.9,8.06105470672024e-07,2211,0.07870516991995039,0.0,0.11759384893713253,0.1193139471416187
20260906T092548Z_d18fd1e3,WE,BTC,fair_accel_100ms,2000,0.9,8.06105470672024e-07,1616,0.11205560375844109,0.0,0.16274752475247525,0.17693847489638723
20260906T092548Z_d18fd1e3,WE,BTC,fair_accel_100ms,5000,0.9,8.06105470672024e-07,990,0.1570746535397033,0.0,0.24242424242424243,0.31314940048279405
20260906T092548Z_d18fd1e3,WE,BTC,fair_accel_100ms,10000,0.9,8.06105470672024e-07,630,0.2655619843515604,0.0,0.32222222222222224,0.4640391994041633
20260906T092548Z_d18fd1e3,WE,BTC,fair_accel_100ms,30000,0.9,8.06105470672024e-07,275,0.22832877494829384,0.0,0.4072727272727273,0.9398552787733073
20260906T092548Z_d18fd1e3,WE,BTC,fair_accel_100ms,100,0.95,0.0033219673803054385,1682,0.05728290621108995,0.0,0.06896551724137931,0.05836991273019308
20260906T092548Z_d18fd1e3,WE,BTC,fair_accel_100ms,200,0.95,0.0033219673803054385,1682,0.06294455294736884,0.0,0.0802615933412604,0.06840611176464648
20260906T092548Z_d18fd1e3,WE,BTC,fair_accel_100ms,500,0.95,0.0033219673803054385,1682,0.08305868338157299,0.0,0.10939357907253269,0.10887679109280873
20260906T092548Z_d18fd1e3,WE,BTC,fair_accel_100ms,1000,0.95,0.0033219673803054385,1682,0.091990305569667,0.0,0.1367419738406659,0.14144499078731995
20260906T092548Z_d18fd1e3,WE,BTC,fair_accel_100ms,2000,0.95,0.0033219673803054385,1355,0.13079388880813958,0.0,0.18302583025830257,0.19677825155386178
20260906T092548Z_d18fd1e3,WE,BTC,fair_accel_100ms,5000,0.95,0.0033219673803054385,897,0.17563497973383196,0.0,0.25418060200668896,0.3221653529166696
20260906T092548Z_d18fd1e3,WE,BTC,fair_accel_100ms,10000,0.95,0.0033219673803054385,584,0.2768023454631599,0.0,0.3407534246575342,0.4852593231136702
20260906T092548Z_d18fd1e3,WE,BTC,fair_accel_100ms,30000,0.95,0.0033219673803054385,261,0.29385742664367337,0.0,0.4444444444444444,0.9725772760259038
20260906T092548Z_d18fd1e3,WE,BTC,fair_gap_reversion,100,0.8,0.37221676286347544,2260,0.029039584686502376,0.0,0.02654867256637168,0.03150954601130376
20260906T092548Z_d18fd1e3,WE,BTC,fair_gap_reversion,200,0.8,0.37221676286347544,2260,0.032134345792506964,0.0,0.031415929203539826,0.03577868216197934
20260906T092548Z_d18fd1e3,WE,BTC,fair_gap_reversion,500,0.8,0.37221676286347544,2260,0.04649557508992293,0.0,0.04911504424778761,0.0607488374251695
20260906T092548Z_d18fd1e3,WE,BTC,fair_gap_reversion,1000,0.8,0.37221676286347544,2260,0.06969258788054937,0.0,0.07654867256637168,0.09083387245763053
20260906T092548Z_d18fd1e3,WE,BTC,fair_gap_reversion,2000,0.8,0.37221676286347544,1239,0.12289745715527932,0.0,0.13236481033091202,0.1691364036181428
20260906T092548Z_d18fd1e3,WE,BTC,fair_gap_reversion,5000,0.8,0.37221676286347544,602,0.2214272322991061,0.0,0.24916943521594684,0.36323047801877156
20260906T092548Z_d18fd1e3,WE,BTC,fair_gap_reversion,10000,0.8,0.37221676286347544,369,0.2210187295539108,0.0,0.3224932249322493,0.5711771160714278
20260906T092548Z_d18fd1e3,WE,BTC,fair_gap_reversion,30000,0.8,0.37221676286347544,181,0.4418408534500225,0.0,0.4585635359116022,1.1201671253950538
20260906T092548Z_d18fd1e3,WE,BTC,fair_gap_reversion,100,0.9,0.49508223893912645,1158,0.04654575186929228,0.0,0.03367875647668394,0.05017805458505389
20260906T092548Z_d18fd1e3,WE,BTC,fair_gap_reversion,200,0.9,0.49508223893912645,1158,0.049461661620897136,0.0,0.037132987910189985,0.05458649310785868
20260906T092548Z_d18fd1e3,WE,BTC,fair_gap_reversion,500,0.9,0.49508223893912645,1158,0.07032539273019778,0.0,0.055267702936096716,0.08636446894824193
20260906T092548Z_d18fd1e3,WE,BTC,fair_gap_reversion,1000,0.9,0.49508223893912645,1158,0.10595367319437568,0.0,0.09585492227979274,0.12642268044348604
20260906T092548Z_d18fd1e3,WE,BTC,fair_gap_reversion,2000,0.9,0.49508223893912645,651,0.18843151158920288,0.0,0.16589861751152074,0.22964854125986114
20260906T092548Z_d18fd1e3,WE,BTC,fair_gap_reversion,5000,0.9,0.49508223893912645,337,0.3248614400473476,0.0,0.29080118694362017,0.4758496868702134
20260906T092548Z_d18fd1e3,WE,BTC,fair_gap_reversion,10000,0.9,0.49508223893912645,225,0.2976011196065946,0.0,0.36444444444444446,0.70469721492974
20260906T092548Z_d18fd1e3,WE,BTC,fair_gap_reversion,30000,0.9,0.49508223893912645,130,0.4212519846886002,0.0,0.4461538461538462,1.2155796236821854
20260906T092548Z_d18fd1e3,WE,BTC,fair_gap_reversion,100,0.95,0.6087327266325872,603,0.08826377179222786,0.0,0.05472636815920398,0.09523923869911333
20260906T092548Z_d18fd1e3,WE,BTC,fair_gap_reversion,200,0.95,0.6087327266325872,603,0.09158452406863386,0.0,0.05970149253731343,0.10233920894618836
20260906T092548Z_d18fd1e3,WE,BTC,fair_gap_reversion,500,0.95,0.6087327266325872,603,0.12606442069690976,0.0,0.08291873963515754,0.15063963548874576
20260906T092548Z_d18fd1e3,WE,BTC,fair_gap_reversion,1000,0.95,0.6087327266325872,603,0.1623602563489677,0.0,0.12935323383084577,0.1949462611139574
20260906T092548Z_d18fd1e3,WE,BTC,fair_gap_reversion,2000,0.95,0.6087327266325872,350,0.2845515624366193,0.0,0.22285714285714286,0.3459868621911853
20260906T092548Z_d18fd1e3,WE,BTC,fair_gap_reversion,5000,0.95,0.6087327266325872,194,0.4621938738315588,0.0,0.36082474226804123,0.640004412464165
20260906T092548Z_d18fd1e3,WE,BTC,fair_gap_reversion,10000,0.95,0.6087327266325872,136,0.4575709148921712,0.0,0.45588235294117646,0.9132090245637658
20260906T092548Z_d18fd1e3,WE,BTC,fair_gap_reversion,30000,0.95,0.6087327266325872,90,0.42753435986628385,0.3001866993233244,0.5222222222222223,1.41509295448741
20260906T092548Z_d18fd1e3,WE,BTC,leader_gap_1000ms,100,0.8,0.00706953811522181,2776,0.027831749700309265,0.0,0.035302593659942365,0.031587430771687644
20260906T092548Z_d18fd1e3,WE,BTC,leader_gap_1000ms,200,0.8,0.00706953811522181,2776,0.030950703397087165,0.0,0.042867435158501443,0.03941287009678486
20260906T092548Z_d18fd1e3,WE,BTC,leader_gap_1000ms,500,0.8,0.00706953811522181,2776,0.04001505903975974,0.0,0.06340057636887608,0.06939279285215758
20260906T092548Z_d18fd1e3,WE,BTC,leader_gap_1000ms,1000,0.8,0.00706953811522181,2776,0.04397361293307253,0.0,0.08717579250720461,0.1026577681285901
20260906T092548Z_d18fd1e3,WE,BTC,leader_gap_1000ms,2000,0.8,0.00706953811522181,1733,0.07584539254014905,0.0,0.14195037507212926,0.17222761880567586
20260906T092548Z_d18fd1e3,WE,BTC,leader_gap_1000ms,5000,0.8,0.00706953811522181,1013,0.10949480079189756,0.0,0.21421520236920039,0.3060159315436065
20260906T092548Z_d18fd1e3,WE,BTC,leader_gap_1000ms,10000,0.8,0.00706953811522181,639,0.1440365083691895,0.0,0.27073552425665104,0.46130636494426464
20260906T092548Z_d18fd1e3,WE,BTC,leader_gap_1000ms,30000,0.8,0.00706953811522181,273,0.16896278762319944,0.0,0.39194139194139194,0.9346005907849392
20260906T092548Z_d18fd1e3,WE,BTC,leader_gap_1000ms,100,0.9,0.10495311786874897,1448,0.05613166336452048,0.0,0.05939226519337017,0.06637407685407137
20260906T092548Z_d18fd1e3,WE,BTC,leader_gap_1000ms,200,0.9,0.10495311786874897,1448,0.061300461573639914,0.0,0.07044198895027624,0.08084294104304068
20260906T092548Z_d18fd1e3,WE,BTC,leader_gap_1000ms,500,0.9,0.10495311786874897,1448,0.08480110856090206,0.0,0.10151933701657459,0.11887910570240494
20260906T092548Z_d18fd1e3,WE,BTC,leader_gap_1000ms,1000,0.9,0.10495311786874897,1448,0.09694125812692311,0.0,0.13328729281767956,0.1550005255756058
20260906T092548Z_d18fd1e3,WE,BTC,leader_gap_1000ms,2000,0.9,0.10495311786874897,1028,0.15945799571872488,0.0,0.20136186770428016,0.24132273229530266
20260906T092548Z_d18fd1e3,WE,BTC,leader_gap_1000ms,5000,0.9,0.10495311786874897,671,0.18602163109338335,0.0,0.2786885245901639,0.41204414143500884
20260906T092548Z_d18fd1e3,WE,BTC,leader_gap_1000ms,10000,0.9,0.10495311786874897,463,0.23787952168504825,0.0,0.3563714902807775,0.5996906986122684
20260906T092548Z_d18fd1e3,WE,BTC,leader_gap_1000ms,30000,0.9,0.10495311786874897,227,0.26878289242532244,0.0,0.4713656387665198,1.1141969421827373
20260906T092548Z_d18fd1e3,WE,BTC,leader_gap_1000ms,100,0.95,0.24854947604075278,716,0.10152158738173929,0.0,0.08379888268156424,0.11615108799780861
20260906T092548Z_d18fd1e3,WE,BTC,leader_gap_1000ms,200,0.95,0.24854947604075278,716,0.1171467315780274,0.0,0.10195530726256984,0.13565656923411587
20260906T092548Z_d18fd1e3,WE,BTC,leader_gap_1000ms,500,0.95,0.24854947604075278,716,0.15142688781528107,0.0,0.1340782122905028,0.19318226569252422
20260906T092548Z_d18fd1e3,WE,BTC,leader_gap_1000ms,1000,0.95,0.24854947604075278,716,0.16632004662835442,0.0,0.16061452513966482,0.2196802908021701
20260906T092548Z_d18fd1e3,WE,BTC,leader_gap_1000ms,2000,0.95,0.24854947604075278,571,0.21273866729215957,0.0,0.2329246935201401,0.31922627103758305
20260906T092548Z_d18fd1e3,WE,BTC,leader_gap_1000ms,5000,0.95,0.24854947604075278,428,0.24646211814345395,0.0,0.31542056074766356,0.485966321671832
20260906T092548Z_d18fd1e3,WE,BTC,leader_gap_1000ms,10000,0.95,0.24854947604075278,322,0.2551521610117653,0.0,0.38509316770186336,0.7047326558163358
20260906T092548Z_d18fd1e3,WE,BTC,leader_gap_1000ms,30000,0.95,0.24854947604075278,186,0.32408147942248083,0.0,0.46774193548387094,1.224024233217259
20260906T092548Z_d18fd1e3,WE,BTC,leader_gap_100ms,100,0.8,0.00045894097687908253,3163,0.02140304421276761,0.0,0.030350932658868162,0.028361232201727968
20260906T092548Z_d18fd1e3,WE,BTC,leader_gap_100ms,200,0.8,0.00045894097687908253,3163,0.022574477699624288,0.0,0.03635788808093582,0.034470579998201585
20260906T092548Z_d18fd1e3,WE,BTC,leader_gap_100ms,500,0.8,0.00045894097687908253,3163,0.026455258976489385,0.0,0.0515333544103699,0.06071867519749587
20260906T092548Z_d18fd1e3,WE,BTC,leader_gap_100ms,1000,0.8,0.00045894097687908253,3163,0.01625551800284093,0.0,0.06576035409421435,0.09006628408675628
20260906T092548Z_d18fd1e3,WE,BTC,leader_gap_100ms,2000,0.8,0.00045894097687908253,2007,0.04213969533939066,0.0,0.1096163428001993,0.1510534979992958
20260906T092548Z_d18fd1e3,WE,BTC,leader_gap_100ms,5000,0.8,0.00045894097687908253,1104,0.08271423895179367,0.0,0.1875,0.2843054627813378
20260906T092548Z_d18fd1e3,WE,BTC,leader_gap_100ms,10000,0.8,0.00045894097687908253,673,0.13680810627661888,0.0,0.2585438335809807,0.4460135463467599
20260906T092548Z_d18fd1e3,WE,BTC,leader_gap_100ms,30000,0.8,0.00045894097687908253,283,0.08944045709816467,0.0,0.3568904593639576,0.953390654140808
20260906T092548Z_d18fd1e3,WE,BTC,leader_gap_100ms,100,0.9,0.0006292118917403997,2316,0.03667015503773911,0.0,0.044905008635578586,0.043623002211046626
20260906T092548Z_d18fd1e3,WE,BTC,leader_gap_100ms,200,0.9,0.0006292118917403997,2316,0.04002034465668976,0.0,0.05397236614853195,0.051901255084207024
20260906T092548Z_d18fd1e3,WE,BTC,leader_gap_100ms,500,0.9,0.0006292118917403997,2316,0.05002165753953556,0.0,0.07469775474956822,0.08487595662010491
20260906T092548Z_d18fd1e3,WE,BTC,leader_gap_100ms,1000,0.9,0.0006292118917403997,2316,0.04496128173113473,0.0,0.09283246977547496,0.11487785034702068
20260906T092548Z_d18fd1e3,WE,BTC,leader_gap_100ms,2000,0.9,0.0006292118917403997,1648,0.06423925162897315,0.0,0.13470873786407767,0.17507457762360995
20260906T092548Z_d18fd1e3,WE,BTC,leader_gap_100ms,5000,0.9,0.0006292118917403997,999,0.09840416264700358,0.0,0.2082082082082082,0.30638202417634425
20260906T092548Z_d18fd1e3,WE,BTC,leader_gap_100ms,10000,0.9,0.0006292118917403997,629,0.17210127664872832,0.0,0.2845786963434022,0.4705070376511391
20260906T092548Z_d18fd1e3,WE,BTC,leader_gap_100ms,30000,0.9,0.0006292118917403997,275,0.13855777159158625,0.0,0.38181818181818183,0.964107877649099
20260906T092548Z_d18fd1e3,WE,BTC,leader_gap_100ms,100,0.95,0.0008509645136996637,1900,0.044672498091301395,0.0,0.05473684210526316,0.05287171200439752
20260906T092548Z_d18fd1e3,WE,BTC,leader_gap_100ms,200,0.95,0.0008509645136996637,1900,0.05027026978641431,0.0,0.06631578947368422,0.06388315983525868
20260906T092548Z_d18fd1e3,WE,BTC,leader_gap_100ms,500,0.95,0.0008509645136996637,1900,0.06684055888777606,0.0,0.09263157894736843,0.1011474060158663
20260906T092548Z_d18fd1e3,WE,BTC,leader_gap_100ms,1000,0.95,0.0008509645136996637,1900,0.0689909038846707,0.0,0.1168421052631579,0.13495912412371563
20260906T092548Z_d18fd1e3,WE,BTC,leader_gap_100ms,2000,0.95,0.0008509645136996637,1472,0.08605059035359677,0.0,0.15285326086956522,0.1898353214362521
20260906T092548Z_d18fd1e3,WE,BTC,leader_gap_100ms,5000,0.95,0.0008509645136996637,950,0.1302569939487081,0.0,0.22631578947368422,0.31299135570448705
20260906T092548Z_d18fd1e3,WE,BTC,leader_gap_100ms,10000,0.95,0.0008509645136996637,610,0.1475567796791283,0.0,0.28852459016393445,0.47089728070968395
20260906T092548Z_d18fd1e3,WE,BTC,leader_gap_100ms,30000,0.95,0.0008509645136996637,273,0.14892076998159745,0.0,0.3882783882783883,0.9562214077127221
20260906T092548Z_d18fd1e3,WE,BTC,leader_gap_200ms,100,0.8,0.0009646092423232223,3076,0.022317159913580503,0.0,0.032509752925877766,0.028943703354690212
20260906T092548Z_d18fd1e3,WE,BTC,leader_gap_200ms,200,0.8,0.0009646092423232223,3076,0.023619396081721925,0.0,0.0377113133940182,0.03454192221049552
20260906T092548Z_d18fd1e3,WE,BTC,leader_gap_200ms,500,0.8,0.0009646092423232223,3076,0.029081529356209092,0.0,0.05364109232769831,0.0608734240335476
20260906T092548Z_d18fd1e3,WE,BTC,leader_gap_200ms,1000,0.8,0.0009646092423232223,3076,0.02066040555780316,0.0,0.07022106631989597,0.09196257064871956
20260906T092548Z_d18fd1e3,WE,BTC,leader_gap_200ms,2000,0.8,0.0009646092423232223,1975,0.04930668923251339,0.0,0.1179746835443038,0.15464774507927656
20260906T092548Z_d18fd1e3,WE,BTC,leader_gap_200ms,5000,0.8,0.0009646092423232223,1095,0.08551726612717661,0.0,0.19360730593607306,0.2890651568697138
20260906T092548Z_d18fd1e3,WE,BTC,leader_gap_200ms,10000,0.8,0.0009646092423232223,668,0.13197064035192077,0.0,0.25898203592814373,0.45019613321320656
20260906T092548Z_d18fd1e3,WE,BTC,leader_gap_200ms,30000,0.8,0.0009646092423232223,281,0.20985678668387472,0.0,0.39501779359430605,0.946060191211351
20260906T092548Z_d18fd1e3,WE,BTC,leader_gap_200ms,100,0.9,0.0013985394974656775,2213,0.03839865208835872,0.0,0.04789877993673746,0.04495194007715483
20260906T092548Z_d18fd1e3,WE,BTC,leader_gap_200ms,200,0.9,0.0013985394974656775,2213,0.041497334142011184,0.0,0.05603253502033439,0.05320805299242039
20260906T092548Z_d18fd1e3,WE,BTC,leader_gap_200ms,500,0.9,0.0013985394974656775,2213,0.054230289675147196,0.0,0.07817442385901491,0.08654676640569729
20260906T092548Z_d18fd1e3,WE,BTC,leader_gap_200ms,1000,0.9,0.0013985394974656775,2213,0.05332478543773655,0.0,0.10076818798011748,0.11999257292535132
20260906T092548Z_d18fd1e3,WE,BTC,leader_gap_200ms,2000,0.9,0.0013985394974656775,1611,0.07949841419853321,0.0,0.1458721291123526,0.1799812888458326
20260906T092548Z_d18fd1e3,WE,BTC,leader_gap_200ms,5000,0.9,0.0013985394974656775,986,0.10906097070994124,0.0,0.2150101419878296,0.3148004742639411
20260906T092548Z_d18fd1e3,WE,BTC,leader_gap_200ms,10000,0.9,0.0013985394974656775,629,0.1541713170957568,0.0,0.27503974562798095,0.46666726255429947
20260906T092548Z_d18fd1e3,WE,BTC,leader_gap_200ms,30000,0.9,0.0013985394974656775,274,0.242157434675986,0.0,0.4051094890510949,0.944563985649851
20260906T092548Z_d18fd1e3,WE,BTC,leader_gap_200ms,100,0.95,0.007768945204173538,1721,0.051592949941787675,0.0,0.06275421266705404,0.05807266977280423
20260906T092548Z_d18fd1e3,WE,BTC,leader_gap_200ms,200,0.95,0.007768945204173538,1721,0.05575219042504067,0.0,0.07205113306217316,0.06820865904043935
20260906T092548Z_d18fd1e3,WE,BTC,leader_gap_200ms,500,0.95,0.007768945204173538,1721,0.07483113151998272,0.0,0.10168506682161534,0.10924462436969978
20260906T092548Z_d18fd1e3,WE,BTC,leader_gap_200ms,1000,0.95,0.007768945204173538,1721,0.08361375339100419,0.0,0.1284137129575828,0.14079083595251152
20260906T092548Z_d18fd1e3,WE,BTC,leader_gap_200ms,2000,0.95,0.007768945204173538,1371,0.10942449216439033,0.0,0.17067833698030635,0.20016862429245996
20260906T092548Z_d18fd1e3,WE,BTC,leader_gap_200ms,5000,0.95,0.007768945204173538,899,0.1395480642725468,0.0,0.23025583982202447,0.3247474052598767
20260906T092548Z_d18fd1e3,WE,BTC,leader_gap_200ms,10000,0.95,0.007768945204173538,592,0.17255120760596496,0.0,0.2905405405405405,0.48677756270837647
20260906T092548Z_d18fd1e3,WE,BTC,leader_gap_200ms,30000,0.95,0.007768945204173538,264,0.18019156801869615,0.0,0.42045454545454547,0.9702039565342667
20260906T092548Z_d18fd1e3,WE,BTC,leader_gap_500ms,100,0.8,0.002760868298514814,2849,0.0263999816347116,0.0,0.0351000351000351,0.03118339930538355
20260906T092548Z_d18fd1e3,WE,BTC,leader_gap_500ms,200,0.8,0.002760868298514814,2849,0.028231911912201292,0.0,0.04176904176904177,0.03763637915787031
20260906T092548Z_d18fd1e3,WE,BTC,leader_gap_500ms,500,0.8,0.002760868298514814,2849,0.03423936091405345,0.0,0.05861705861705862,0.06650935658200192
20260906T092548Z_d18fd1e3,WE,BTC,leader_gap_500ms,1000,0.8,0.002760868298514814,2849,0.03153421869595294,0.0,0.07862407862407862,0.09880196668664071
20260906T092548Z_d18fd1e3,WE,BTC,leader_gap_500ms,2000,0.8,0.002760868298514814,1877,0.05546550950252869,0.0,0.12147043153969099,0.1587079136287732
20260906T092548Z_d18fd1e3,WE,BTC,leader_gap_500ms,5000,0.8,0.002760868298514814,1066,0.0869008150476105,0.0,0.19793621013133209,0.29663400711704796
20260906T092548Z_d18fd1e3,WE,BTC,leader_gap_500ms,10000,0.8,0.002760868298514814,651,0.12824976961270107,0.0,0.261136712749616,0.45320324445186155
20260906T092548Z_d18fd1e3,WE,BTC,leader_gap_500ms,30000,0.8,0.002760868298514814,276,0.16026147224163828,0.0,0.38405797101449274,0.9393987117482139
20260906T092548Z_d18fd1e3,WE,BTC,leader_gap_500ms,100,0.9,0.008313076020685345,1873,0.047130241989586076,0.0,0.05659369994660972,0.053084111626094076
20260906T092548Z_d18fd1e3,WE,BTC,leader_gap_500ms,200,0.9,0.008313076020685345,1873,0.051105692859432034,0.0,0.06567004805125468,0.06225714994438003
20260906T092548Z_d18fd1e3,WE,BTC,leader_gap_500ms,500,0.9,0.008313076020685345,1873,0.06856276409052169,0.0,0.09343299519487454,0.1015997173210812
20260906T092548Z_d18fd1e3,WE,BTC,leader_gap_500ms,1000,0.9,0.008313076020685345,1873,0.07743296947260901,0.0,0.1201281366791244,0.13356649437171572
20260906T092548Z_d18fd1e3,WE,BTC,leader_gap_500ms,2000,0.9,0.008313076020685345,1434,0.09121434752606908,0.0,0.16108786610878661,0.1935384002751574
20260906T092548Z_d18fd1e3,WE,BTC,leader_gap_500ms,5000,0.9,0.008313076020685345,931,0.13512587421854255,0.0,0.22341568206229862,0.3197819129317249
20260906T092548Z_d18fd1e3,WE,BTC,leader_gap_500ms,10000,0.9,0.008313076020685345,601,0.16067935679041495,0.0,0.28618968386023297,0.4841095945622113
20260906T092548Z_d18fd1e3,WE,BTC,leader_gap_500ms,30000,0.9,0.008313076020685345,265,0.16785403295061319,0.0,0.41509433962264153,0.9554485026544576
20260906T092548Z_d18fd1e3,WE,BTC,leader_gap_500ms,100,0.95,0.1377406668031555,995,0.08595552694790237,0.0,0.08844221105527639,0.09751482433877835
20260906T092548Z_d18fd1e3,WE,BTC,leader_gap_500ms,200,0.95,0.1377406668031555,995,0.09594256810104923,0.0,0.10452261306532663,0.11472333169591045
20260906T092548Z_d18fd1e3,WE,BTC,leader_gap_500ms,500,0.95,0.1377406668031555,995,0.12718718064709578,0.0,0.13869346733668342,0.16664500009844804
20260906T092548Z_d18fd1e3,WE,BTC,leader_gap_500ms,1000,0.95,0.1377406668031555,995,0.14042779643879705,0.0,0.17587939698492464,0.2085166440506688
20260906T092548Z_d18fd1e3,WE,BTC,leader_gap_500ms,2000,0.95,0.1377406668031555,813,0.18186197186612074,0.0,0.23124231242312424,0.290672882375431
20260906T092548Z_d18fd1e3,WE,BTC,leader_gap_500ms,5000,0.95,0.1377406668031555,580,0.23020605931367633,0.0,0.3017241379310345,0.44810532541177456
20260906T092548Z_d18fd1e3,WE,BTC,leader_gap_500ms,10000,0.95,0.1377406668031555,414,0.2223810331955358,0.0,0.3719806763285024,0.6354905859411369
20260906T092548Z_d18fd1e3,WE,BTC,leader_gap_500ms,30000,0.95,0.1377406668031555,212,0.26733611139313024,0.0,0.45754716981132076,1.1506309670777968
20260906T092548Z_d18fd1e3,WE,ETH,bitget_ofi,100,0.8,0.24639730245555952,3201,0.053292554432464716,0.0,0.07653858169322086,0.06094288522773344
20260906T092548Z_d18fd1e3,WE,ETH,bitget_ofi,200,0.8,0.24639730245555952,3201,0.07228882437417784,0.0,0.1105904404873477,0.09404300303812109
20260906T092548Z_d18fd1e3,WE,ETH,bitget_ofi,500,0.8,0.24639730245555952,3201,0.09774354573178093,0.0,0.1599500156201187,0.14396619097794874
20260906T092548Z_d18fd1e3,WE,ETH,bitget_ofi,1000,0.8,0.24639730245555952,3201,0.11929060626557608,0.0,0.21180880974695407,0.21591229170076154
20260906T092548Z_d18fd1e3,WE,ETH,bitget_ofi,2000,0.8,0.24639730245555952,2357,0.16611183998886517,0.0,0.28935086974968177,0.3350346225671773
20260906T092548Z_d18fd1e3,WE,ETH,bitget_ofi,5000,0.8,0.24639730245555952,1370,0.20328350663253256,0.0,0.4167883211678832,0.6179382252399074
20260906T092548Z_d18fd1e3,WE,ETH,bitget_ofi,10000,0.8,0.24639730245555952,827,0.21120377778935276,0.0,0.46795646916565903,0.9402071798401185
20260906T092548Z_d18fd1e3,WE,ETH,bitget_ofi,30000,0.8,0.24639730245555952,323,0.4859132011683494,0.24015898525915189,0.541795665634675,1.6936638636092431
20260906T092548Z_d18fd1e3,WE,ETH,bitget_ofi,100,0.9,0.6163997041569403,2109,0.06563748053193937,0.0,0.0990990990990991,0.07520016922643535
20260906T092548Z_d18fd1e3,WE,ETH,bitget_ofi,200,0.9,0.6163997041569403,2109,0.08962152948425268,0.0,0.1422475106685633,0.11382897149078086
20260906T092548Z_d18fd1e3,WE,ETH,bitget_ofi,500,0.9,0.6163997041569403,2109,0.12101053117673351,0.0,0.19772403982930298,0.17694209145865514
20260906T092548Z_d18fd1e3,WE,ETH,bitget_ofi,1000,0.9,0.6163997041569403,2109,0.1417266631996783,0.0,0.24751066856330015,0.25160081089047254
20260906T092548Z_d18fd1e3,WE,ETH,bitget_ofi,2000,0.9,0.6163997041569403,1680,0.19510893208853733,0.0,0.33095238095238094,0.3753530262271668
20260906T092548Z_d18fd1e3,WE,ETH,bitget_ofi,5000,0.9,0.6163997041569403,1100,0.2167024892886084,0.0,0.44181818181818183,0.6356634463426096
20260906T092548Z_d18fd1e3,WE,ETH,bitget_ofi,10000,0.9,0.6163997041569403,708,0.19939358107139307,0.04003378860948991,0.5098870056497176,0.9632751482771796
20260906T092548Z_d18fd1e3,WE,ETH,bitget_ofi,30000,0.9,0.6163997041569403,306,0.32614647659278373,0.3399877605722259,0.5490196078431373,1.724458451463772
20260906T092548Z_d18fd1e3,WE,ETH,bitget_ofi,100,0.95,1.0404029921189502,1278,0.08598792187281935,0.0,0.14084507042253522,0.0987596012556045
20260906T092548Z_d18fd1e3,WE,ETH,bitget_ofi,200,0.95,1.0404029921189502,1278,0.10468390705788777,0.0,0.17762128325508608,0.13498648747086303
20260906T092548Z_d18fd1e3,WE,ETH,bitget_ofi,500,0.95,1.0404029921189502,1278,0.14538915579096556,0.0,0.229264475743349,0.1947325433684802
20260906T092548Z_d18fd1e3,WE,ETH,bitget_ofi,1000,0.95,1.0404029921189502,1278,0.16820043416063898,0.0,0.2793427230046948,0.2626113002886817
20260906T092548Z_d18fd1e3,WE,ETH,bitget_ofi,2000,0.95,1.0404029921189502,1091,0.21102708732239162,0.0,0.3446379468377635,0.37238013226437605
20260906T092548Z_d18fd1e3,WE,ETH,bitget_ofi,5000,0.95,1.0404029921189502,802,0.23441487243629902,0.0,0.4488778054862843,0.6609867968340065
20260906T092548Z_d18fd1e3,WE,ETH,bitget_ofi,10000,0.95,1.0404029921189502,555,0.2119342027347912,0.08002256636688168,0.5153153153153153,0.9886829180893049
20260906T092548Z_d18fd1e3,WE,ETH,bitget_ofi,30000,0.95,1.0404029921189502,271,0.5811470605775578,0.6798286834335003,0.6088560885608856,1.722188779058699
20260906T092548Z_d18fd1e3,WE,ETH,bitget_trade_flow,100,0.8,1.0,3284,0.045848492802838176,0.0,0.06272838002436054,0.05457264371880907
20260906T092548Z_d18fd1e3,WE,ETH,bitget_trade_flow,200,0.8,1.0,3284,0.05490771153254748,0.0,0.08373934226552984,0.07719358766230149
20260906T092548Z_d18fd1e3,WE,ETH,bitget_trade_flow,500,0.8,1.0,3284,0.07679570339823599,0.0,0.12454323995127893,0.13184990497054827
20260906T092548Z_d18fd1e3,WE,ETH,bitget_trade_flow,1000,0.8,1.0,3284,0.09051978606685877,0.0,0.16839220462850182,0.19324995588452443
20260906T092548Z_d18fd1e3,WE,ETH,bitget_trade_flow,2000,0.8,1.0,2482,0.12189358632155838,0.0,0.23489121676067687,0.303962282664948
20260906T092548Z_d18fd1e3,WE,ETH,bitget_trade_flow,5000,0.8,1.0,1460,0.10655049551656026,0.0,0.35205479452054794,0.5753998695809841
20260906T092548Z_d18fd1e3,WE,ETH,bitget_trade_flow,10000,0.8,1.0,860,0.12962466651404478,0.0,0.4476744186046512,0.8968995876494136
20260906T092548Z_d18fd1e3,WE,ETH,bitget_trade_flow,30000,0.8,1.0,332,0.01844948669384481,0.0,0.4939759036144578,1.7171361827402827
20260906T092548Z_d18fd1e3,WE,ETH,bitget_trade_flow,100,0.9,1.0,3284,0.045848492802838176,0.0,0.06272838002436054,0.05457264371880907
20260906T092548Z_d18fd1e3,WE,ETH,bitget_trade_flow,200,0.9,1.0,3284,0.05490771153254748,0.0,0.08373934226552984,0.07719358766230149
20260906T092548Z_d18fd1e3,WE,ETH,bitget_trade_flow,500,0.9,1.0,3284,0.07679570339823599,0.0,0.12454323995127893,0.13184990497054827
20260906T092548Z_d18fd1e3,WE,ETH,bitget_trade_flow,1000,0.9,1.0,3284,0.09051978606685877,0.0,0.16839220462850182,0.19324995588452443
20260906T092548Z_d18fd1e3,WE,ETH,bitget_trade_flow,2000,0.9,1.0,2482,0.12189358632155838,0.0,0.23489121676067687,0.303962282664948
20260906T092548Z_d18fd1e3,WE,ETH,bitget_trade_flow,5000,0.9,1.0,1460,0.10655049551656026,0.0,0.35205479452054794,0.5753998695809841
20260906T092548Z_d18fd1e3,WE,ETH,bitget_trade_flow,10000,0.9,1.0,860,0.12962466651404478,0.0,0.4476744186046512,0.8968995876494136
20260906T092548Z_d18fd1e3,WE,ETH,bitget_trade_flow,30000,0.9,1.0,332,0.01844948669384481,0.0,0.4939759036144578,1.7171361827402827
20260906T092548Z_d18fd1e3,WE,ETH,bitget_trade_flow,100,0.95,1.0,3284,0.045848492802838176,0.0,0.06272838002436054,0.05457264371880907
20260906T092548Z_d18fd1e3,WE,ETH,bitget_trade_flow,200,0.95,1.0,3284,0.05490771153254748,0.0,0.08373934226552984,0.07719358766230149
20260906T092548Z_d18fd1e3,WE,ETH,bitget_trade_flow,500,0.95,1.0,3284,0.07679570339823599,0.0,0.12454323995127893,0.13184990497054827
20260906T092548Z_d18fd1e3,WE,ETH,bitget_trade_flow,1000,0.95,1.0,3284,0.09051978606685877,0.0,0.16839220462850182,0.19324995588452443
20260906T092548Z_d18fd1e3,WE,ETH,bitget_trade_flow,2000,0.95,1.0,2482,0.12189358632155838,0.0,0.23489121676067687,0.303962282664948
20260906T092548Z_d18fd1e3,WE,ETH,bitget_trade_flow,5000,0.95,1.0,1460,0.10655049551656026,0.0,0.35205479452054794,0.5753998695809841
20260906T092548Z_d18fd1e3,WE,ETH,bitget_trade_flow,10000,0.95,1.0,860,0.12962466651404478,0.0,0.4476744186046512,0.8968995876494136
20260906T092548Z_d18fd1e3,WE,ETH,bitget_trade_flow,30000,0.95,1.0,332,0.01844948669384481,0.0,0.4939759036144578,1.7171361827402827
20260906T092548Z_d18fd1e3,WE,ETH,depth_imbalance_l1,100,0.8,0.8283887013679162,2884,0.057798621135269596,0.0,0.09535367545076283,0.06803958449873326
20260906T092548Z_d18fd1e3,WE,ETH,depth_imbalance_l1,200,0.8,0.8283887013679162,2884,0.07889463805987061,0.0,0.12656033287101248,0.09482730549407618
20260906T092548Z_d18fd1e3,WE,ETH,depth_imbalance_l1,500,0.8,0.8283887013679162,2884,0.12639936607696178,0.0,0.19833564493758668,0.15981556713434567
20260906T092548Z_d18fd1e3,WE,ETH,depth_imbalance_l1,1000,0.8,0.8283887013679162,2884,0.18486100369396294,0.0,0.2801664355062413,0.2391689886616785
20260906T092548Z_d18fd1e3,WE,ETH,depth_imbalance_l1,2000,0.8,0.8283887013679162,1798,0.28142902593982405,0.0,0.40433815350389324,0.3887684487487844
20260906T092548Z_d18fd1e3,WE,ETH,depth_imbalance_l1,5000,0.8,0.8283887013679162,1035,0.404068323709176,0.2401263064507708,0.5681159420289855,0.6794410926549429
20260906T092548Z_d18fd1e3,WE,ETH,depth_imbalance_l1,10000,0.8,0.8283887013679162,651,0.405363681908956,0.32013765922002785,0.6082949308755761,0.9837418656000103
20260906T092548Z_d18fd1e3,WE,ETH,depth_imbalance_l1,30000,0.8,0.8283887013679162,288,0.38120314747598105,0.5597069164571189,0.5798611111111112,1.7680443575336484
20260906T092548Z_d18fd1e3,WE,ETH,depth_imbalance_l1,100,0.9,0.9231019029681108,1675,0.08491544504841594,0.0,0.12955223880597014,0.08873961611323761
20260906T092548Z_d18fd1e3,WE,ETH,depth_imbalance_l1,200,0.9,0.9231019029681108,1675,0.11713710439520342,0.0,0.17432835820895523,0.12808568972677337
20260906T092548Z_d18fd1e3,WE,ETH,depth_imbalance_l1,500,0.9,0.9231019029681108,1675,0.18280498423048072,0.0,0.2573134328358209,0.20485023860789395
20260906T092548Z_d18fd1e3,WE,ETH,depth_imbalance_l1,1000,0.9,0.9231019029681108,1675,0.24877033014512773,0.0,0.3391044776119403,0.28460131428043484
20260906T092548Z_d18fd1e3,WE,ETH,depth_imbalance_l1,2000,0.9,0.9231019029681108,1138,0.3713728134124136,0.0,0.46133567662565905,0.43913073611548065
20260906T092548Z_d18fd1e3,WE,ETH,depth_imbalance_l1,5000,0.9,0.9231019029681108,728,0.4808349723911585,0.32002048579419495,0.6016483516483516,0.7251167044879132
20260906T092548Z_d18fd1e3,WE,ETH,depth_imbalance_l1,10000,0.9,0.9231019029681108,513,0.46792593373711777,0.43986100399612077,0.6354775828460039,1.0149082494369617
20260906T092548Z_d18fd1e3,WE,ETH,depth_imbalance_l1,30000,0.9,0.9231019029681108,253,0.49611446256595937,0.5206268348275955,0.6007905138339921,1.785480392114849
20260906T092548Z_d18fd1e3,WE,ETH,depth_imbalance_l1,100,0.95,0.9664889254000509,962,0.10034761444181119,0.0,0.15592515592515593,0.10517147651520706
20260906T092548Z_d18fd1e3,WE,ETH,depth_imbalance_l1,200,0.95,0.9664889254000509,962,0.13755118644713443,0.0,0.1995841995841996,0.1437086798709141
20260906T092548Z_d18fd1e3,WE,ETH,depth_imbalance_l1,500,0.95,0.9664889254000509,962,0.1987228065104511,0.0,0.2733887733887734,0.224020738374829
20260906T092548Z_d18fd1e3,WE,ETH,depth_imbalance_l1,1000,0.95,0.9664889254000509,962,0.27442429604312013,0.0,0.3586278586278586,0.30999355324659056
20260906T092548Z_d18fd1e3,WE,ETH,depth_imbalance_l1,2000,0.95,0.9664889254000509,692,0.41048340751085205,0.0,0.49277456647398843,0.4801521479192122
20260906T092548Z_d18fd1e3,WE,ETH,depth_imbalance_l1,5000,0.95,0.9664889254000509,483,0.5175969561721623,0.3997066153994771,0.6190476190476191,0.7476466800513203
20260906T092548Z_d18fd1e3,WE,ETH,depth_imbalance_l1,10000,0.95,0.9664889254000509,373,0.4746635107764609,0.479628767425455,0.6380697050938338,1.0656882099450666
20260906T092548Z_d18fd1e3,WE,ETH,depth_imbalance_l1,30000,0.95,0.9664889254000509,211,0.7264372422713788,0.6000096003313805,0.6350710900473934,1.8127847613444155
20260906T092548Z_d18fd1e3,WE,ETH,depth_imbalance_l5,100,0.8,0.7154994120513387,3024,0.03784562914290248,0.0,0.061507936507936505,0.04644815679091822
20260906T092548Z_d18fd1e3,WE,ETH,depth_imbalance_l5,200,0.8,0.7154994120513387,3024,0.05669097214977653,0.0,0.09060846560846561,0.07225603627234105
20260906T092548Z_d18fd1e3,WE,ETH,depth_imbalance_l5,500,0.8,0.7154994120513387,3024,0.10103558131469148,0.0,0.16236772486772486,0.1324053398855648
20260906T092548Z_d18fd1e3,WE,ETH,depth_imbalance_l5,1000,0.8,0.7154994120513387,3024,0.14908845509668786,0.0,0.22585978835978837,0.20803039292761008
20260906T092548Z_d18fd1e3,WE,ETH,depth_imbalance_l5,2000,0.8,0.7154994120513387,1894,0.23188546503387472,0.0,0.3326293558606125,0.3599362850843317
20260906T092548Z_d18fd1e3,WE,ETH,depth_imbalance_l5,5000,0.8,0.7154994120513387,1058,0.27900334299067736,0.0,0.4905482041587902,0.6626818681622246
20260906T092548Z_d18fd1e3,WE,ETH,depth_imbalance_l5,10000,0.8,0.7154994120513387,670,0.31795971088673797,0.15994402146123105,0.5507462686567164,0.9718292440250517
20260906T092548Z_d18fd1e3,WE,ETH,depth_imbalance_l5,30000,0.8,0.7154994120513387,287,0.5430617887149777,0.5206018158176664,0.5923344947735192,1.7981980777328666
20260906T092548Z_d18fd1e3,WE,ETH,depth_imbalance_l5,100,0.9,0.8353519098839671,1723,0.05522110759283346,0.0,0.09170052234474753,0.059538995784737876
20260906T092548Z_d18fd1e3,WE,ETH,depth_imbalance_l5,200,0.9,0.8353519098839671,1723,0.0773559812181019,0.0,0.13116656993615786,0.09238215900781736
20260906T092548Z_d18fd1e3,WE,ETH,depth_imbalance_l5,500,0.9,0.8353519098839671,1723,0.11982509834877417,0.0,0.19733023795705165,0.15104252286264017
20260906T092548Z_d18fd1e3,WE,ETH,depth_imbalance_l5,1000,0.9,0.8353519098839671,1723,0.176654255509455,0.0,0.26523505513639,0.22586837292394962
20260906T092548Z_d18fd1e3,WE,ETH,depth_imbalance_l5,2000,0.9,0.8353519098839671,1165,0.2806043397850325,0.0,0.3759656652360515,0.37991015953771556
20260906T092548Z_d18fd1e3,WE,ETH,depth_imbalance_l5,5000,0.9,0.8353519098839671,736,0.3790601489950038,0.16017335931019094,0.5380434782608695,0.67421645897366
20260906T092548Z_d18fd1e3,WE,ETH,depth_imbalance_l5,10000,0.9,0.8353519098839671,503,0.42080235845438185,0.35975392835269,0.610337972166998,0.9870455273950605
20260906T092548Z_d18fd1e3,WE,ETH,depth_imbalance_l5,30000,0.9,0.8353519098839671,248,0.3481819075988695,0.6400141071642595,0.592741935483871,1.8238951114226425
20260906T092548Z_d18fd1e3,WE,ETH,depth_imbalance_l5,100,0.95,0.9018949783427194,978,0.07893289413963493,0.0,0.12167689161554192,0.08409045081114729
20260906T092548Z_d18fd1e3,WE,ETH,depth_imbalance_l5,200,0.95,0.9018949783427194,978,0.10658310208095861,0.0,0.16155419222903886,0.11444529850600181
20260906T092548Z_d18fd1e3,WE,ETH,depth_imbalance_l5,500,0.95,0.9018949783427194,978,0.17120005698825527,0.0,0.23721881390593047,0.1881547148431623
20260906T092548Z_d18fd1e3,WE,ETH,depth_imbalance_l5,1000,0.95,0.9018949783427194,978,0.23718464125444122,0.0,0.31901840490797545,0.2743938365046075
20260906T092548Z_d18fd1e3,WE,ETH,depth_imbalance_l5,2000,0.95,0.9018949783427194,700,0.34983553635927755,0.0,0.4357142857142857,0.4141441724193148
20260906T092548Z_d18fd1e3,WE,ETH,depth_imbalance_l5,5000,0.95,0.9018949783427194,497,0.42670206199112526,0.2400590545385806,0.5694164989939637,0.6993535876408613
20260906T092548Z_d18fd1e3,WE,ETH,depth_imbalance_l5,10000,0.95,0.9018949783427194,363,0.39607436071531504,0.3597999512641536,0.6143250688705234,1.042246223039184
20260906T092548Z_d18fd1e3,WE,ETH,depth_imbalance_l5,30000,0.95,0.9018949783427194,211,0.3293470771690607,0.4801507674355637,0.5734597156398105,1.8921537069731147
20260906T092548Z_d18fd1e3,WE,ETH,external_ofi,100,0.8,0.03930085319053068,6363,0.02768821034900779,0.0,0.04306144900204306,0.03562249385908702
20260906T092548Z_d18fd1e3,WE,ETH,external_ofi,200,0.8,0.03930085319053068,6363,0.03959825396087716,0.0,0.06474933207606474,0.05593274967802688
20260906T092548Z_d18fd1e3,WE,ETH,external_ofi,500,0.8,0.03930085319053068,6363,0.06228073862553054,0.0,0.10906804966210906,0.10645521511227152
20260906T092548Z_d18fd1e3,WE,ETH,external_ofi,1000,0.8,0.03930085319053068,6362,0.08329826746620206,0.0,0.1584407419050613,0.17223297838951532
20260906T092548Z_d18fd1e3,WE,ETH,external_ofi,2000,0.8,0.03930085319053068,3928,0.11594798266376617,0.0,0.22454175152749492,0.27546177430105245
20260906T092548Z_d18fd1e3,WE,ETH,external_ofi,5000,0.8,0.03930085319053068,1878,0.14962646257509807,0.0,0.3391906283280085,0.5431995040656372
20260906T092548Z_d18fd1e3,WE,ETH,external_ofi,10000,0.8,0.03930085319053068,1002,0.16486224726437235,0.0,0.4291417165668663,0.885829018647754
20260906T092548Z_d18fd1e3,WE,ETH,external_ofi,30000,0.8,0.03930085319053068,350,0.17591360538172113,0.0,0.4857142857142857,1.7176521563876308
20260906T092548Z_d18fd1e3,WE,ETH,external_ofi,100,0.9,0.09342820457112865,4326,0.049362900355934165,0.0,0.0705039297272307,0.058128849460760426
20260906T092548Z_d18fd1e3,WE,ETH,external_ofi,200,0.9,0.09342820457112865,4326,0.066985584778147,0.0,0.10078594544613963,0.08389236529219658
20260906T092548Z_d18fd1e3,WE,ETH,external_ofi,500,0.9,0.09342820457112865,4326,0.10025855739574775,0.0,0.15002311604253352,0.13712073607370037
20260906T092548Z_d18fd1e3,WE,ETH,external_ofi,1000,0.9,0.09342820457112865,4326,0.12509769396003825,0.0,0.20411465557096625,0.20501157523631616
20260906T092548Z_d18fd1e3,WE,ETH,external_ofi,2000,0.9,0.09342820457112865,2985,0.17202621386298494,0.0,0.2780569514237856,0.32352700232270776
20260906T092548Z_d18fd1e3,WE,ETH,external_ofi,5000,0.9,0.09342820457112865,1603,0.18907157861589183,0.0,0.37554585152838427,0.5996184819407628
20260906T092548Z_d18fd1e3,WE,ETH,external_ofi,10000,0.9,0.09342820457112865,911,0.17901151457773856,0.0,0.45334796926454446,0.9190868686104994
20260906T092548Z_d18fd1e3,WE,ETH,external_ofi,30000,0.9,0.09342820457112865,339,0.28675699209835537,0.04001104304683938,0.5073746312684366,1.7636025738167997
20260906T092548Z_d18fd1e3,WE,ETH,external_ofi,100,0.95,0.254852903892383,2676,0.09168330585306904,0.0,0.11733931240657698,0.10056476556034045
20260906T092548Z_d18fd1e3,WE,ETH,external_ofi,200,0.95,0.254852903892383,2676,0.11967588285537502,0.0,0.15807174887892378,0.1395339098472564
20260906T092548Z_d18fd1e3,WE,ETH,external_ofi,500,0.95,0.254852903892383,2676,0.1588574568079905,0.0,0.21038863976083708,0.20248854904774335
20260906T092548Z_d18fd1e3,WE,ETH,external_ofi,1000,0.95,0.254852903892383,2676,0.18378943330947925,0.0,0.26345291479820626,0.2655334147412721
20260906T092548Z_d18fd1e3,WE,ETH,external_ofi,2000,0.95,0.254852903892383,2027,0.23313955360297675,0.0,0.3487913172175629,0.39896055400083774
20260906T092548Z_d18fd1e3,WE,ETH,external_ofi,5000,0.95,0.254852903892383,1257,0.27512357648214153,0.0,0.45664280031821797,0.6494006842997515
20260906T092548Z_d18fd1e3,WE,ETH,external_ofi,10000,0.95,0.254852903892383,789,0.2846840290467801,0.07996209796363771,0.5183776932826363,0.9485293514081162
20260906T092548Z_d18fd1e3,WE,ETH,external_ofi,30000,0.95,0.254852903892383,318,0.2054969130034794,0.240199899432435,0.5408805031446541,1.7544511592800196
20260906T092548Z_d18fd1e3,WE,ETH,external_trade_flow,100,0.8,1.0,8704,0.008733066721303381,0.0,0.017807904411764705,0.016239363291966305
20260906T092548Z_d18fd1e3,WE,ETH,external_trade_flow,200,0.8,1.0,8704,0.01126608298071655,0.0,0.029526654411764705,0.028943535001399855
20260906T092548Z_d18fd1e3,WE,ETH,external_trade_flow,500,0.8,1.0,8704,0.015649996512669247,0.0,0.058363970588235295,0.0702398904373596
20260906T092548Z_d18fd1e3,WE,ETH,external_trade_flow,1000,0.8,1.0,8704,0.016689471959123545,0.0,0.0978860294117647,0.13671219517795596
20260906T092548Z_d18fd1e3,WE,ETH,external_trade_flow,2000,0.8,1.0,4809,0.04213818041064844,0.0,0.16968184653774174,0.2479518751456025
20260906T092548Z_d18fd1e3,WE,ETH,external_trade_flow,5000,0.8,1.0,2060,0.040058371306115344,0.0,0.291747572815534,0.5277172439064473
20260906T092548Z_d18fd1e3,WE,ETH,external_trade_flow,10000,0.8,1.0,1053,0.13205457924509642,0.0,0.4017094017094017,0.8431094291923853
20260906T092548Z_d18fd1e3,WE,ETH,external_trade_flow,30000,0.8,1.0,356,0.14652213598802769,0.04000768621126986,0.5084269662921348,1.6493555036472725
20260906T092548Z_d18fd1e3,WE,ETH,external_trade_flow,100,0.9,1.0,8704,0.008733066721303381,0.0,0.017807904411764705,0.016239363291966305
20260906T092548Z_d18fd1e3,WE,ETH,external_trade_flow,200,0.9,1.0,8704,0.01126608298071655,0.0,0.029526654411764705,0.028943535001399855
20260906T092548Z_d18fd1e3,WE,ETH,external_trade_flow,500,0.9,1.0,8704,0.015649996512669247,0.0,0.058363970588235295,0.0702398904373596
20260906T092548Z_d18fd1e3,WE,ETH,external_trade_flow,1000,0.9,1.0,8704,0.016689471959123545,0.0,0.0978860294117647,0.13671219517795596
20260906T092548Z_d18fd1e3,WE,ETH,external_trade_flow,2000,0.9,1.0,4809,0.04213818041064844,0.0,0.16968184653774174,0.2479518751456025
20260906T092548Z_d18fd1e3,WE,ETH,external_trade_flow,5000,0.9,1.0,2060,0.040058371306115344,0.0,0.291747572815534,0.5277172439064473
20260906T092548Z_d18fd1e3,WE,ETH,external_trade_flow,10000,0.9,1.0,1053,0.13205457924509642,0.0,0.4017094017094017,0.8431094291923853
20260906T092548Z_d18fd1e3,WE,ETH,external_trade_flow,30000,0.9,1.0,356,0.14652213598802769,0.04000768621126986,0.5084269662921348,1.6493555036472725
20260906T092548Z_d18fd1e3,WE,ETH,external_trade_flow,100,0.95,1.0,8704,0.008733066721303381,0.0,0.017807904411764705,0.016239363291966305
20260906T092548Z_d18fd1e3,WE,ETH,external_trade_flow,200,0.95,1.0,8704,0.01126608298071655,0.0,0.029526654411764705,0.028943535001399855
20260906T092548Z_d18fd1e3,WE,ETH,external_trade_flow,500,0.95,1.0,8704,0.015649996512669247,0.0,0.058363970588235295,0.0702398904373596
20260906T092548Z_d18fd1e3,WE,ETH,external_trade_flow,1000,0.95,1.0,8704,0.016689471959123545,0.0,0.0978860294117647,0.13671219517795596
20260906T092548Z_d18fd1e3,WE,ETH,external_trade_flow,2000,0.95,1.0,4809,0.04213818041064844,0.0,0.16968184653774174,0.2479518751456025
20260906T092548Z_d18fd1e3,WE,ETH,external_trade_flow,5000,0.95,1.0,2060,0.040058371306115344,0.0,0.291747572815534,0.5277172439064473
20260906T092548Z_d18fd1e3,WE,ETH,external_trade_flow,10000,0.95,1.0,1053,0.13205457924509642,0.0,0.4017094017094017,0.8431094291923853
20260906T092548Z_d18fd1e3,WE,ETH,external_trade_flow,30000,0.95,1.0,356,0.14652213598802769,0.04000768621126986,0.5084269662921348,1.6493555036472725
20260906T092548Z_d18fd1e3,WE,ETH,fair_accel_100ms,100,0.8,7.224710171187384e-07,3897,0.045557681166208966,0.0,0.06055940467025917,0.05755996017074504
20260906T092548Z_d18fd1e3,WE,ETH,fair_accel_100ms,200,0.8,7.224710171187384e-07,3897,0.05955487522927936,0.0,0.0833974852450603,0.07974834335388564
20260906T092548Z_d18fd1e3,WE,ETH,fair_accel_100ms,500,0.8,7.224710171187384e-07,3896,0.08411082636575114,0.0,0.12910677618069816,0.13715739049441705
20260906T092548Z_d18fd1e3,WE,ETH,fair_accel_100ms,1000,0.8,7.224710171187384e-07,3896,0.10969922817146531,0.0,0.18660164271047228,0.21080932690603246
20260906T092548Z_d18fd1e3,WE,ETH,fair_accel_100ms,2000,0.8,7.224710171187384e-07,2609,0.15989618849820958,0.0,0.27673438098888464,0.34007621251369136
20260906T092548Z_d18fd1e3,WE,ETH,fair_accel_100ms,5000,0.8,7.224710171187384e-07,1415,0.19047080480573333,0.0,0.4028268551236749,0.6107885081134996
20260906T092548Z_d18fd1e3,WE,ETH,fair_accel_100ms,10000,0.8,7.224710171187384e-07,846,0.1962872725509066,0.0,0.4787234042553192,0.9474449358307975
20260906T092548Z_d18fd1e3,WE,ETH,fair_accel_100ms,30000,0.8,7.224710171187384e-07,324,0.18528154041070902,0.36002459301503636,0.5401234567901234,1.7826719086213687
20260906T092548Z_d18fd1e3,WE,ETH,fair_accel_100ms,100,0.9,1.312302637968563e-06,3178,0.05972623672843923,0.0,0.0777218376337319,0.07420580144620546
20260906T092548Z_d18fd1e3,WE,ETH,fair_accel_100ms,200,0.9,1.312302637968563e-06,3178,0.07734526106252226,0.0,0.10635619886721208,0.10000580741826041
20260906T092548Z_d18fd1e3,WE,ETH,fair_accel_100ms,500,0.9,1.312302637968563e-06,3178,0.10079249814094356,0.0,0.1513530522341095,0.16025052825674893
20260906T092548Z_d18fd1e3,WE,ETH,fair_accel_100ms,1000,0.9,1.312302637968563e-06,3178,0.12359360705823709,0.0,0.20610446821900566,0.22814954607201196
20260906T092548Z_d18fd1e3,WE,ETH,fair_accel_100ms,2000,0.9,1.312302637968563e-06,2342,0.17354104894738856,0.0,0.2865072587532024,0.34912642627989005
20260906T092548Z_d18fd1e3,WE,ETH,fair_accel_100ms,5000,0.9,1.312302637968563e-06,1369,0.16956982689273198,0.0,0.40759678597516436,0.609506107442327
20260906T092548Z_d18fd1e3,WE,ETH,fair_accel_100ms,10000,0.9,1.312302637968563e-06,825,0.15652860053835665,0.0,0.4703030303030303,0.9519410074772575
20260906T092548Z_d18fd1e3,WE,ETH,fair_accel_100ms,30000,0.9,1.312302637968563e-06,322,0.15139951478938043,0.29997006758674905,0.5434782608695652,1.7681179221430459
20260906T092548Z_d18fd1e3,WE,ETH,fair_accel_100ms,100,0.95,0.10679655196543374,1879,0.11054894006452133,0.0,0.1240021287919106,0.12618054649618632
20260906T092548Z_d18fd1e3,WE,ETH,fair_accel_100ms,200,0.95,0.10679655196543374,1879,0.12779379298196225,0.0,0.15114422565194252,0.15952380247151743
20260906T092548Z_d18fd1e3,WE,ETH,fair_accel_100ms,500,0.95,0.10679655196543374,1879,0.1546568038813183,0.0,0.19265566790846195,0.2186429654356556
20260906T092548Z_d18fd1e3,WE,ETH,fair_accel_100ms,1000,0.95,0.10679655196543374,1879,0.1848463566754517,0.0,0.2480042575838212,0.2908021395657952
20260906T092548Z_d18fd1e3,WE,ETH,fair_accel_100ms,2000,0.95,0.10679655196543374,1510,0.23109848306105418,0.0,0.32980132450331123,0.42179211381281984
20260906T092548Z_d18fd1e3,WE,ETH,fair_accel_100ms,5000,0.95,0.10679655196543374,1007,0.26443190613277845,0.0,0.44190665342601787,0.6690728872855887
20260906T092548Z_d18fd1e3,WE,ETH,fair_accel_100ms,10000,0.95,0.10679655196543374,661,0.23547623464362138,0.07994355984759335,0.5143721633888049,1.009632087554104
20260906T092548Z_d18fd1e3,WE,ETH,fair_accel_100ms,30000,0.95,0.10679655196543374,295,0.13789738625441852,0.12007732980029047,0.535593220338983,1.7542611143561602
20260906T092548Z_d18fd1e3,WE,ETH,fair_gap_reversion,100,0.8,0.4475663870491253,2508,0.053796039573203266,0.0,0.0474481658692185,0.06346444016550946
20260906T092548Z_d18fd1e3,WE,ETH,fair_gap_reversion,200,0.8,0.4475663870491253,2508,0.05775342207980781,0.0,0.060207336523125994,0.08166457646732463
20260906T092548Z_d18fd1e3,WE,ETH,fair_gap_reversion,500,0.8,0.4475663870491253,2507,0.0808458783183019,0.0,0.10011966493817312,0.1467798383462463
20260906T092548Z_d18fd1e3,WE,ETH,fair_gap_reversion,1000,0.8,0.4475663870491253,2507,0.11386064319857125,0.0,0.15915436777024333,0.21608148604439828
20260906T092548Z_d18fd1e3,WE,ETH,fair_gap_reversion,2000,0.8,0.4475663870491253,1462,0.1923458404456099,0.0,0.25991792065663477,0.377942483546992
20260906T092548Z_d18fd1e3,WE,ETH,fair_gap_reversion,5000,0.8,0.4475663870491253,809,0.2575434834853861,0.0,0.4054388133498146,0.6936590313979267
20260906T092548Z_d18fd1e3,WE,ETH,fair_gap_reversion,10000,0.8,0.4475663870491253,534,0.3801520586284487,0.040032826923794534,0.5205992509363296,1.044049902986091
20260906T092548Z_d18fd1e3,WE,ETH,fair_gap_reversion,30000,0.8,0.4475663870491253,264,0.38058151107494986,0.28006329539853747,0.5492424242424242,1.864108148353444
20260906T092548Z_d18fd1e3,WE,ETH,fair_gap_reversion,100,0.9,0.5815295005251464,1320,0.08132977324665665,0.0,0.058333333333333334,0.093177760010023
20260906T092548Z_d18fd1e3,WE,ETH,fair_gap_reversion,200,0.9,0.5815295005251464,1320,0.09084528566629577,0.0,0.07954545454545454,0.12357304310647373
20260906T092548Z_d18fd1e3,WE,ETH,fair_gap_reversion,500,0.9,0.5815295005251464,1320,0.12555246124963965,0.0,0.12878787878787878,0.19268050873472783
20260906T092548Z_d18fd1e3,WE,ETH,fair_gap_reversion,1000,0.9,0.5815295005251464,1320,0.1657390320512226,0.0,0.18636363636363637,0.2679062666932732
20260906T092548Z_d18fd1e3,WE,ETH,fair_gap_reversion,2000,0.9,0.5815295005251464,809,0.2674444546243808,0.0,0.2978986402966625,0.44213960874880254
20260906T092548Z_d18fd1e3,WE,ETH,fair_gap_reversion,5000,0.9,0.5815295005251464,488,0.37126285874469733,0.0,0.47950819672131145,0.8087178049516809
20260906T092548Z_d18fd1e3,WE,ETH,fair_gap_reversion,10000,0.9,0.5815295005251464,347,0.49469030622839383,0.24026477178958539,0.5706051873198847,1.1645361972298174
20260906T092548Z_d18fd1e3,WE,ETH,fair_gap_reversion,30000,0.9,0.5815295005251464,198,0.481742827165969,0.4800604925146702,0.5909090909090909,2.101851183298001
20260906T092548Z_d18fd1e3,WE,ETH,fair_gap_reversion,100,0.95,0.7097008517424895,707,0.12595228561491717,0.0,0.07496463932107496,0.14462581555150578
20260906T092548Z_d18fd1e3,WE,ETH,fair_gap_reversion,200,0.95,0.7097008517424895,707,0.13166585920059362,0.0,0.10042432814710042,0.1768301461697447
20260906T092548Z_d18fd1e3,WE,ETH,fair_gap_reversion,500,0.95,0.7097008517424895,707,0.18983358012379334,0.0,0.15417256011315417,0.27494630520507396
20260906T092548Z_d18fd1e3,WE,ETH,fair_gap_reversion,1000,0.95,0.7097008517424895,707,0.23680357271519822,0.0,0.22206506364922207,0.3558622314793121
20260906T092548Z_d18fd1e3,WE,ETH,fair_gap_reversion,2000,0.95,0.7097008517424895,459,0.35300979056248655,0.0,0.3420479302832244,0.5738540139608369
20260906T092548Z_d18fd1e3,WE,ETH,fair_gap_reversion,5000,0.95,0.7097008517424895,312,0.4512817958873386,0.04005512879687893,0.5096153846153846,0.966795162389326
20260906T092548Z_d18fd1e3,WE,ETH,fair_gap_reversion,10000,0.95,0.7097008517424895,240,0.6282569568215739,0.4402066827996608,0.6041666666666666,1.3501126204205391
20260906T092548Z_d18fd1e3,WE,ETH,fair_gap_reversion,30000,0.95,0.7097008517424895,154,0.8350317388031322,0.660619209495497,0.6558441558441559,2.190265770916564
20260906T092548Z_d18fd1e3,WE,ETH,leader_gap_1000ms,100,0.8,0.13859627627913657,2775,0.05403707485113459,0.0,0.06702702702702702,0.07887088876749859
20260906T092548Z_d18fd1e3,WE,ETH,leader_gap_1000ms,200,0.8,0.13859627627913657,2775,0.05520889789985389,0.0,0.08504504504504505,0.10722307526622764
20260906T092548Z_d18fd1e3,WE,ETH,leader_gap_1000ms,500,0.8,0.13859627627913657,2775,0.06432808467380999,0.0,0.12108108108108108,0.16977756837451113
20260906T092548Z_d18fd1e3,WE,ETH,leader_gap_1000ms,1000,0.8,0.13859627627913657,2775,0.08082343906050032,0.0,0.17117117117117117,0.2450700779263759
20260906T092548Z_d18fd1e3,WE,ETH,leader_gap_1000ms,2000,0.8,0.13859627627913657,1929,0.09670517185556582,0.0,0.2363919129082426,0.37776341089555787
20260906T092548Z_d18fd1e3,WE,ETH,leader_gap_1000ms,5000,0.8,0.13859627627913657,1194,0.1143989615537898,0.0,0.3509212730318258,0.6432777621898271
20260906T092548Z_d18fd1e3,WE,ETH,leader_gap_1000ms,10000,0.8,0.13859627627913657,737,0.19109195653326225,0.0,0.4599728629579376,0.9927046543938081
20260906T092548Z_d18fd1e3,WE,ETH,leader_gap_1000ms,30000,0.8,0.13859627627913657,309,0.4142719251011212,0.28005937260564334,0.5436893203883495,1.8025098233541745
20260906T092548Z_d18fd1e3,WE,ETH,leader_gap_1000ms,100,0.9,0.3436381924083857,1510,0.08938355255667113,0.0,0.08940397350993377,0.1206420236011073
20260906T092548Z_d18fd1e3,WE,ETH,leader_gap_1000ms,200,0.9,0.3436381924083857,1510,0.08512714807037454,0.0,0.11125827814569536,0.15587061264815386
20260906T092548Z_d18fd1e3,WE,ETH,leader_gap_1000ms,500,0.9,0.3436381924083857,1510,0.09674039441254435,0.0,0.1423841059602649,0.2187674969520287
20260906T092548Z_d18fd1e3,WE,ETH,leader_gap_1000ms,1000,0.9,0.3436381924083857,1510,0.12321969759965168,0.0,0.19735099337748344,0.2991720208395224
20260906T092548Z_d18fd1e3,WE,ETH,leader_gap_1000ms,2000,0.9,0.3436381924083857,1178,0.11072124046692393,0.0,0.25891341256366723,0.4278501127083871
20260906T092548Z_d18fd1e3,WE,ETH,leader_gap_1000ms,5000,0.9,0.3436381924083857,832,0.012746034859278122,0.0,0.3449519230769231,0.6975263548719332
20260906T092548Z_d18fd1e3,WE,ETH,leader_gap_1000ms,10000,0.9,0.3436381924083857,574,0.17229173985292506,0.0,0.47735191637630664,1.0413074103967757
20260906T092548Z_d18fd1e3,WE,ETH,leader_gap_1000ms,30000,0.9,0.3436381924083857,273,0.11047050567832585,0.040050142779156896,0.5091575091575091,1.8011279781800567
20260906T092548Z_d18fd1e3,WE,ETH,leader_gap_1000ms,100,0.95,0.5511428679915644,849,0.10966133018025767,0.0,0.09069493521790342,0.14039389968579022
20260906T092548Z_d18fd1e3,WE,ETH,leader_gap_1000ms,200,0.95,0.5511428679915644,849,0.10638400801833096,0.0,0.12014134275618374,0.17783626346618756
20260906T092548Z_d18fd1e3,WE,ETH,leader_gap_1000ms,500,0.95,0.5511428679915644,849,0.1260418269006574,0.0,0.15783274440518258,0.2634579576745861
20260906T092548Z_d18fd1e3,WE,ETH,leader_gap_1000ms,1000,0.95,0.5511428679915644,849,0.16468321861344273,0.0,0.2226148409893993,0.36962027535932285
20260906T092548Z_d18fd1e3,WE,ETH,leader_gap_1000ms,2000,0.95,0.5511428679915644,699,0.19339251202476565,0.0,0.28183118741058655,0.5004200788751519
20260906T092548Z_d18fd1e3,WE,ETH,leader_gap_1000ms,5000,0.95,0.5511428679915644,552,0.2229369554645842,0.0,0.411231884057971,0.7556723326182766
20260906T092548Z_d18fd1e3,WE,ETH,leader_gap_1000ms,10000,0.95,0.5511428679915644,426,0.4232280797375737,0.07995203217178193,0.5234741784037559,1.0814294477333983
20260906T092548Z_d18fd1e3,WE,ETH,leader_gap_1000ms,30000,0.95,0.5511428679915644,232,0.3451994544755495,0.280044807191315,0.5517241379310345,1.724040251671298
20260906T092548Z_d18fd1e3,WE,ETH,leader_gap_100ms,100,0.8,0.0005775023368537898,4035,0.028210829338145234,0.0,0.046096654275092935,0.055056311467389304
20260906T092548Z_d18fd1e3,WE,ETH,leader_gap_100ms,200,0.8,0.0005775023368537898,4035,0.031710589737397016,0.0,0.06517967781908303,0.07852288762521872
20260906T092548Z_d18fd1e3,WE,ETH,leader_gap_100ms,500,0.8,0.0005775023368537898,4034,0.03279463710024451,0.0,0.09519087754090233,0.13649605723227956
20260906T092548Z_d18fd1e3,WE,ETH,leader_gap_100ms,1000,0.8,0.0005775023368537898,4034,0.029221683148699273,0.0,0.131631135349529,0.20977034735045333
20260906T092548Z_d18fd1e3,WE,ETH,leader_gap_100ms,2000,0.8,0.0005775023368537898,2638,0.036755212338515454,0.0,0.20242608036391205,0.33685389126862475
20260906T092548Z_d18fd1e3,WE,ETH,leader_gap_100ms,5000,0.8,0.0005775023368537898,1421,0.03244707758161865,0.0,0.3230119634060521,0.6151215891489639
20260906T092548Z_d18fd1e3,WE,ETH,leader_gap_100ms,10000,0.8,0.0005775023368537898,846,0.04150678027258507,0.0,0.4373522458628842,0.9576288527851042
20260906T092548Z_d18fd1e3,WE,ETH,leader_gap_100ms,30000,0.8,0.0005775023368537898,324,0.040380520941378104,0.0,0.49691358024691357,1.754959352566711
20260906T092548Z_d18fd1e3,WE,ETH,leader_gap_100ms,100,0.9,0.0008270097020069691,3306,0.04047954071589541,0.0,0.06140350877192982,0.07208508457883966
20260906T092548Z_d18fd1e3,WE,ETH,leader_gap_100ms,200,0.9,0.0008270097020069691,3306,0.043923023102297024,0.0,0.08287961282516637,0.10043123319052875
20260906T092548Z_d18fd1e3,WE,ETH,leader_gap_100ms,500,0.9,0.0008270097020069691,3306,0.05050335170468177,0.0,0.11554748941318814,0.1620567932562896
20260906T092548Z_d18fd1e3,WE,ETH,leader_gap_100ms,1000,0.9,0.0008270097020069691,3306,0.056021638903066315,0.0,0.1560798548094374,0.2307700695769561
20260906T092548Z_d18fd1e3,WE,ETH,leader_gap_100ms,2000,0.9,0.0008270097020069691,2370,0.0780263687656147,0.0,0.22531645569620254,0.35082623251046297
20260906T092548Z_d18fd1e3,WE,ETH,leader_gap_100ms,5000,0.9,0.0008270097020069691,1360,0.0688995172819414,0.0,0.35,0.6211727375182783
20260906T092548Z_d18fd1e3,WE,ETH,leader_gap_100ms,10000,0.9,0.0008270097020069691,824,0.12455225609374333,0.0,0.4696601941747573,0.9600877986357259
20260906T092548Z_d18fd1e3,WE,ETH,leader_gap_100ms,30000,0.9,0.0008270097020069691,321,0.033515562386656594,0.0,0.48909657320872274,1.7942359439538764
20260906T092548Z_d18fd1e3,WE,ETH,leader_gap_100ms,100,0.95,0.027206467674434024,2779,0.05179158081768992,0.0,0.07196833393306945,0.085988543807611
20260906T092548Z_d18fd1e3,WE,ETH,leader_gap_100ms,200,0.95,0.027206467674434024,2779,0.05848220478594191,0.0,0.09499820079165168,0.11705087708569113
20260906T092548Z_d18fd1e3,WE,ETH,leader_gap_100ms,500,0.95,0.027206467674434024,2779,0.062299441773650634,0.0,0.1270241093918676,0.17584308958294018
20260906T092548Z_d18fd1e3,WE,ETH,leader_gap_100ms,1000,0.95,0.027206467674434024,2779,0.08459474225200525,0.0,0.1774019431450162,0.24870255084535983
20260906T092548Z_d18fd1e3,WE,ETH,leader_gap_100ms,2000,0.95,0.027206467674434024,2115,0.0788674577592546,0.0,0.23924349881796692,0.3636424315639884
20260906T092548Z_d18fd1e3,WE,ETH,leader_gap_100ms,5000,0.95,0.027206467674434024,1285,0.1147241048338055,0.0,0.35642023346303503,0.6168388141661356
20260906T092548Z_d18fd1e3,WE,ETH,leader_gap_100ms,10000,0.95,0.027206467674434024,780,0.1958422431873467,0.0,0.47435897435897434,0.9740385666425521
20260906T092548Z_d18fd1e3,WE,ETH,leader_gap_100ms,30000,0.95,0.027206467674434024,317,0.10924494307708651,0.0,0.48580441640378547,1.7894412844187038
20260906T092548Z_d18fd1e3,WE,ETH,leader_gap_200ms,100,0.8,0.0012682777499791501,3876,0.029040574328628277,0.0,0.04979360165118679,0.05912657140831681
20260906T092548Z_d18fd1e3,WE,ETH,leader_gap_200ms,200,0.8,0.0012682777499791501,3876,0.03275876413228007,0.0,0.06862745098039216,0.08379274586822204
20260906T092548Z_d18fd1e3,WE,ETH,leader_gap_200ms,500,0.8,0.0012682777499791501,3875,0.04064638467694902,0.0,0.10219354838709678,0.1420664404018686
20260906T092548Z_d18fd1e3,WE,ETH,leader_gap_200ms,1000,0.8,0.0012682777499791501,3875,0.04210856989455504,0.0,0.14219354838709677,0.21409402674733857
20260906T092548Z_d18fd1e3,WE,ETH,leader_gap_200ms,2000,0.8,0.0012682777499791501,2601,0.04780242322453604,0.0,0.2114571318723568,0.3406153471044598
20260906T092548Z_d18fd1e3,WE,ETH,leader_gap_200ms,5000,0.8,0.0012682777499791501,1415,0.055856171784766866,0.0,0.3335689045936396,0.6133471132656546
20260906T092548Z_d18fd1e3,WE,ETH,leader_gap_200ms,10000,0.8,0.0012682777499791501,846,0.03380832726189805,0.0,0.4432624113475177,0.9445377800961076
20260906T092548Z_d18fd1e3,WE,ETH,leader_gap_200ms,30000,0.8,0.0012682777499791501,323,0.021467165323635545,0.0,0.4953560371517028,1.810238667970182
20260906T092548Z_d18fd1e3,WE,ETH,leader_gap_200ms,100,0.9,0.0031875628074930604,3150,0.0436052623077529,0.0,0.06666666666666667,0.07605400315506713
20260906T092548Z_d18fd1e3,WE,ETH,leader_gap_200ms,200,0.9,0.0031875628074930604,3150,0.052010275123023336,0.0,0.08952380952380952,0.10485181945238158
20260906T092548Z_d18fd1e3,WE,ETH,leader_gap_200ms,500,0.9,0.0031875628074930604,3150,0.0701697985658999,0.0,0.12857142857142856,0.16683719823264986
20260906T092548Z_d18fd1e3,WE,ETH,leader_gap_200ms,1000,0.9,0.0031875628074930604,3150,0.08446123905405567,0.0,0.1726984126984127,0.23431153308896718
20260906T092548Z_d18fd1e3,WE,ETH,leader_gap_200ms,2000,0.9,0.0031875628074930604,2336,0.09539810725082247,0.0,0.2367294520547945,0.3500423729730671
20260906T092548Z_d18fd1e3,WE,ETH,leader_gap_200ms,5000,0.9,0.0031875628074930604,1369,0.09643720591418838,0.0,0.3550036523009496,0.6114942821147474
20260906T092548Z_d18fd1e3,WE,ETH,leader_gap_200ms,10000,0.9,0.0031875628074930604,828,0.08588623343233455,0.0,0.4601449275362319,0.9485870886662532
20260906T092548Z_d18fd1e3,WE,ETH,leader_gap_200ms,30000,0.9,0.0031875628074930604,322,0.21709958532910906,0.12006868251850633,0.5217391304347826,1.7704827452271148
20260906T092548Z_d18fd1e3,WE,ETH,leader_gap_200ms,100,0.95,0.16447411633552775,1922,0.07720749519801363,0.0,0.08844953173777315,0.11112757545325921
20260906T092548Z_d18fd1e3,WE,ETH,leader_gap_200ms,200,0.95,0.16447411633552775,1922,0.07633425042280319,0.0,0.10978147762747138,0.1458072240604442
20260906T092548Z_d18fd1e3,WE,ETH,leader_gap_200ms,500,0.95,0.16447411633552775,1922,0.08282965974091945,0.0,0.14099895941727367,0.20766207819488774
20260906T092548Z_d18fd1e3,WE,ETH,leader_gap_200ms,1000,0.95,0.16447411633552775,1922,0.09231315726864503,0.0,0.18938605619146723,0.28435662365005676
20260906T092548Z_d18fd1e3,WE,ETH,leader_gap_200ms,2000,0.95,0.16447411633552775,1551,0.10108104912749671,0.0,0.25274016763378465,0.41334714314856436
20260906T092548Z_d18fd1e3,WE,ETH,leader_gap_200ms,5000,0.95,0.16447411633552775,1038,0.09792511708268024,0.0,0.3603082851637765,0.6619262826767661
20260906T092548Z_d18fd1e3,WE,ETH,leader_gap_200ms,10000,0.95,0.16447411633552775,671,0.15064441483153565,0.0,0.45305514157973176,1.02312463234761
20260906T092548Z_d18fd1e3,WE,ETH,leader_gap_200ms,30000,0.95,0.16447411633552775,298,0.2754343851059779,0.1200573942392195,0.5234899328859061,1.8643400556838607
20260906T092548Z_d18fd1e3,WE,ETH,leader_gap_500ms,100,0.8,0.006398114003096621,3472,0.04088345786728781,0.0,0.060195852534562215,0.06756689342699349
20260906T092548Z_d18fd1e3,WE,ETH,leader_gap_500ms,200,0.8,0.006398114003096621,3472,0.04675598039830973,0.0,0.08179723502304148,0.09327963746692851
20260906T092548Z_d18fd1e3,WE,ETH,leader_gap_500ms,500,0.8,0.006398114003096621,3472,0.05593314440600694,0.0,0.11981566820276497,0.15263224179431775
20260906T092548Z_d18fd1e3,WE,ETH,leader_gap_500ms,1000,0.8,0.006398114003096621,3472,0.07404107534144766,0.0,0.16589861751152074,0.22509147500514917
20260906T092548Z_d18fd1e3,WE,ETH,leader_gap_500ms,2000,0.8,0.006398114003096621,2480,0.08456103270662635,0.0,0.22822580645161292,0.3443755593884504
20260906T092548Z_d18fd1e3,WE,ETH,leader_gap_500ms,5000,0.8,0.006398114003096621,1411,0.10103756248509028,0.0,0.35223245924875973,0.6114646396015667
20260906T092548Z_d18fd1e3,WE,ETH,leader_gap_500ms,10000,0.8,0.006398114003096621,840,0.12427540647822445,0.0,0.45595238095238094,0.9551717446734239
20260906T092548Z_d18fd1e3,WE,ETH,leader_gap_500ms,30000,0.8,0.006398114003096621,325,0.011288230166209742,0.0,0.4676923076923077,1.7272003477279563
20260906T092548Z_d18fd1e3,WE,ETH,leader_gap_500ms,100,0.9,0.1813642525782288,2002,0.07313592201028837,0.0,0.08391608391608392,0.10416466530408804
20260906T092548Z_d18fd1e3,WE,ETH,leader_gap_500ms,200,0.9,0.1813642525782288,2002,0.07425447066203752,0.0,0.10539460539460539,0.13597808695063868
20260906T092548Z_d18fd1e3,WE,ETH,leader_gap_500ms,500,0.9,0.1813642525782288,2002,0.08293299597710461,0.0,0.14035964035964035,0.2024761278884307
20260906T092548Z_d18fd1e3,WE,ETH,leader_gap_500ms,1000,0.9,0.1813642525782288,2002,0.09825212420951965,0.0,0.18731268731268733,0.2795301177634977
20260906T092548Z_d18fd1e3,WE,ETH,leader_gap_500ms,2000,0.9,0.1813642525782288,1579,0.09807932524993551,0.0,0.24382520582647246,0.40403614106634994
20260906T092548Z_d18fd1e3,WE,ETH,leader_gap_500ms,5000,0.9,0.1813642525782288,1041,0.08874688191210486,0.0,0.35350624399615754,0.6737700161056892
20260906T092548Z_d18fd1e3,WE,ETH,leader_gap_500ms,10000,0.9,0.1813642525782288,670,0.1958694536342286,0.0,0.4597014925373134,1.0319804068254854
20260906T092548Z_d18fd1e3,WE,ETH,leader_gap_500ms,30000,0.9,0.1813642525782288,299,0.3402883361388234,0.12008598156462974,0.5284280936454849,1.8390350607938866
20260906T092548Z_d18fd1e3,WE,ETH,leader_gap_500ms,100,0.95,0.3847978928866464,1175,0.10309613258385557,0.0,0.09702127659574468,0.14075341311040052
20260906T092548Z_d18fd1e3,WE,ETH,leader_gap_500ms,200,0.95,0.3847978928866464,1175,0.10205953908022897,0.0,0.12425531914893617,0.18241529247997346
20260906T092548Z_d18fd1e3,WE,ETH,leader_gap_500ms,500,0.95,0.3847978928866464,1175,0.11218134338836777,0.0,0.1574468085106383,0.2558549559719455
20260906T092548Z_d18fd1e3,WE,ETH,leader_gap_500ms,1000,0.95,0.3847978928866464,1175,0.12759374398040432,0.0,0.20595744680851064,0.33898133169384814
20260906T092548Z_d18fd1e3,WE,ETH,leader_gap_500ms,2000,0.95,0.3847978928866464,988,0.1070545983437558,0.0,0.2560728744939271,0.44654131087545906
20260906T092548Z_d18fd1e3,WE,ETH,leader_gap_500ms,5000,0.95,0.3847978928866464,753,0.046570995922760254,0.0,0.34926958831341304,0.6968555972173185
20260906T092548Z_d18fd1e3,WE,ETH,leader_gap_500ms,10000,0.95,0.3847978928866464,528,0.2596825892722004,0.0,0.4810606060606061,1.0763439850783838
20260906T092548Z_d18fd1e3,WE,ETH,leader_gap_500ms,30000,0.95,0.3847978928866464,261,0.3307096476869493,0.28004368683444486,0.5287356321839081,1.802309075471367
20260906T221530Z_db18dc51,WD,BTC,bitget_ofi,100,0.8,0.16457402163158075,4645,0.07342771071732161,0.0,0.1147470398277718,0.08268088636668057
20260906T221530Z_db18dc51,WD,BTC,bitget_ofi,200,0.8,0.16457402163158075,4645,0.09356447283163359,0.0,0.15414424111948333,0.1226734470613294
20260906T221530Z_db18dc51,WD,BTC,bitget_ofi,500,0.8,0.16457402163158075,4645,0.12913629676439153,0.0,0.22023681377825619,0.20955529630837252
20260906T221530Z_db18dc51,WD,BTC,bitget_ofi,1000,0.8,0.16457402163158075,4645,0.17150684943373565,0.0,0.28568353067814856,0.332432735818946
20260906T221530Z_db18dc51,WD,BTC,bitget_ofi,2000,0.8,0.16457402163158075,3160,0.21852555994397937,0.0,0.37183544303797467,0.5185858232841773
20260906T221530Z_db18dc51,WD,BTC,bitget_ofi,5000,0.8,0.16457402163158075,1664,0.278598070161784,0.0,0.4795673076923077,0.9525998755280495
20260906T221530Z_db18dc51,WD,BTC,bitget_ofi,10000,0.8,0.16457402163158075,939,0.28753709924550275,0.14982835289644975,0.5346112886048988,1.5109046823273546
20260906T221530Z_db18dc51,WD,BTC,bitget_ofi,30000,0.8,0.16457402163158075,342,0.22760573331149175,0.2495114414959087,0.5175438596491229,2.7688412474095787
20260906T221530Z_db18dc51,WD,BTC,bitget_ofi,100,0.9,0.6318774735481165,3214,0.09565317625897748,0.0,0.15588052271313005,0.10706146446640664
20260906T221530Z_db18dc51,WD,BTC,bitget_ofi,200,0.9,0.6318774735481165,3214,0.12719338434263994,0.0,0.20348475420037337,0.15471302514119756
20260906T221530Z_db18dc51,WD,BTC,bitget_ofi,500,0.9,0.6318774735481165,3214,0.18064535116394867,0.0,0.2822028624766646,0.25934449288907646
20260906T221530Z_db18dc51,WD,BTC,bitget_ofi,1000,0.9,0.6318774735481165,3214,0.23006940100818016,0.0,0.3518979464841319,0.3850906538969865
20260906T221530Z_db18dc51,WD,BTC,bitget_ofi,2000,0.9,0.6318774735481165,2421,0.2685653157600146,0.0,0.42998760842627015,0.5702800632925619
20260906T221530Z_db18dc51,WD,BTC,bitget_ofi,5000,0.9,0.6318774735481165,1403,0.3290403806729566,0.06241254442208443,0.5089094796863863,0.984500052628125
20260906T221530Z_db18dc51,WD,BTC,bitget_ofi,10000,0.9,0.6318774735481165,851,0.3488716598867375,0.2496815000496564,0.5511163337250293,1.5094552502294287
20260906T221530Z_db18dc51,WD,BTC,bitget_ofi,30000,0.9,0.6318774735481165,330,0.20279077449052385,0.112518484463488,0.5121212121212121,2.7521454308353883
20260906T221530Z_db18dc51,WD,BTC,bitget_ofi,100,0.95,1.120474977693762,2134,0.13022676885678652,0.0,0.20243673851921273,0.14701576170319738
20260906T221530Z_db18dc51,WD,BTC,bitget_ofi,200,0.95,1.120474977693762,2134,0.16093958674992245,0.0,0.24976569821930647,0.19511691762664432
20260906T221530Z_db18dc51,WD,BTC,bitget_ofi,500,0.95,1.120474977693762,2134,0.2006807837238125,0.0,0.31208997188378634,0.2860443871085954
20260906T221530Z_db18dc51,WD,BTC,bitget_ofi,1000,0.95,1.120474977693762,2133,0.2501685777800631,0.0,0.38021565869667134,0.41918883372292176
20260906T221530Z_db18dc51,WD,BTC,bitget_ofi,2000,0.95,1.120474977693762,1747,0.29388708051982704,0.0,0.45048654836863194,0.5948947681168095
20260906T221530Z_db18dc51,WD,BTC,bitget_ofi,5000,0.95,1.120474977693762,1110,0.31264405590650873,0.13094485136992232,0.5252252252252252,1.0372350819861775
20260906T221530Z_db18dc51,WD,BTC,bitget_ofi,10000,0.95,1.120474977693762,723,0.368331450764337,0.24981560486990181,0.5504840940525588,1.5082947735506704
20260906T221530Z_db18dc51,WD,BTC,bitget_ofi,30000,0.95,1.120474977693762,306,0.000856595359176844,-0.08109192645290894,0.4738562091503268,2.7881230055834414
20260906T221530Z_db18dc51,WD,BTC,bitget_trade_flow,100,0.8,1.0,5808,0.04658160332441348,0.0,0.07420798898071625,0.06103472356065469
20260906T221530Z_db18dc51,WD,BTC,bitget_trade_flow,200,0.8,1.0,5808,0.05620780201996939,0.0,0.09917355371900827,0.09631286443352458
20260906T221530Z_db18dc51,WD,BTC,bitget_trade_flow,500,0.8,1.0,5808,0.07835434801839332,0.0,0.15358126721763085,0.1819043537034361
20260906T221530Z_db18dc51,WD,BTC,bitget_trade_flow,1000,0.8,1.0,5808,0.08991997150686523,0.0,0.2159090909090909,0.2986134815052837
20260906T221530Z_db18dc51,WD,BTC,bitget_trade_flow,2000,0.8,1.0,3724,0.12707441800229988,0.0,0.3053168635875403,0.4813937516043477
20260906T221530Z_db18dc51,WD,BTC,bitget_trade_flow,5000,0.8,1.0,1818,0.1622769031934651,0.0,0.42574257425742573,0.9080751250573977
20260906T221530Z_db18dc51,WD,BTC,bitget_trade_flow,10000,0.8,1.0,987,0.18025932520625954,0.012475625746398579,0.5035460992907801,1.4372565686638596
20260906T221530Z_db18dc51,WD,BTC,bitget_trade_flow,30000,0.8,1.0,348,0.17773827177457394,0.3117460804382124,0.5488505747126436,2.6838331617314206
20260906T221530Z_db18dc51,WD,BTC,bitget_trade_flow,100,0.9,1.0,5808,0.04658160332441348,0.0,0.07420798898071625,0.06103472356065469
20260906T221530Z_db18dc51,WD,BTC,bitget_trade_flow,200,0.9,1.0,5808,0.05620780201996939,0.0,0.09917355371900827,0.09631286443352458
20260906T221530Z_db18dc51,WD,BTC,bitget_trade_flow,500,0.9,1.0,5808,0.07835434801839332,0.0,0.15358126721763085,0.1819043537034361
20260906T221530Z_db18dc51,WD,BTC,bitget_trade_flow,1000,0.9,1.0,5808,0.08991997150686523,0.0,0.2159090909090909,0.2986134815052837
20260906T221530Z_db18dc51,WD,BTC,bitget_trade_flow,2000,0.9,1.0,3724,0.12707441800229988,0.0,0.3053168635875403,0.4813937516043477
20260906T221530Z_db18dc51,WD,BTC,bitget_trade_flow,5000,0.9,1.0,1818,0.1622769031934651,0.0,0.42574257425742573,0.9080751250573977
20260906T221530Z_db18dc51,WD,BTC,bitget_trade_flow,10000,0.9,1.0,987,0.18025932520625954,0.012475625746398579,0.5035460992907801,1.4372565686638596
20260906T221530Z_db18dc51,WD,BTC,bitget_trade_flow,30000,0.9,1.0,348,0.17773827177457394,0.3117460804382124,0.5488505747126436,2.6838331617314206
20260906T221530Z_db18dc51,WD,BTC,bitget_trade_flow,100,0.95,1.0,5808,0.04658160332441348,0.0,0.07420798898071625,0.06103472356065469
20260906T221530Z_db18dc51,WD,BTC,bitget_trade_flow,200,0.95,1.0,5808,0.05620780201996939,0.0,0.09917355371900827,0.09631286443352458
20260906T221530Z_db18dc51,WD,BTC,bitget_trade_flow,500,0.95,1.0,5808,0.07835434801839332,0.0,0.15358126721763085,0.1819043537034361
20260906T221530Z_db18dc51,WD,BTC,bitget_trade_flow,1000,0.95,1.0,5808,0.08991997150686523,0.0,0.2159090909090909,0.2986134815052837
20260906T221530Z_db18dc51,WD,BTC,bitget_trade_flow,2000,0.95,1.0,3724,0.12707441800229988,0.0,0.3053168635875403,0.4813937516043477
20260906T221530Z_db18dc51,WD,BTC,bitget_trade_flow,5000,0.95,1.0,1818,0.1622769031934651,0.0,0.42574257425742573,0.9080751250573977
20260906T221530Z_db18dc51,WD,BTC,bitget_trade_flow,10000,0.95,1.0,987,0.18025932520625954,0.012475625746398579,0.5035460992907801,1.4372565686638596
20260906T221530Z_db18dc51,WD,BTC,bitget_trade_flow,30000,0.95,1.0,348,0.17773827177457394,0.3117460804382124,0.5488505747126436,2.6838331617314206
20260906T221530Z_db18dc51,WD,BTC,depth_imbalance_l1,100,0.8,0.8904405235880454,3457,0.11413583138994775,0.0,0.17385015909748336,0.11815815673599457
20260906T221530Z_db18dc51,WD,BTC,depth_imbalance_l1,200,0.8,0.8904405235880454,3457,0.16144883059635504,0.0,0.22938964420017355,0.17137735745599939
20260906T221530Z_db18dc51,WD,BTC,depth_imbalance_l1,500,0.8,0.8904405235880454,3457,0.2438048821647954,0.0,0.3312120335551056,0.2859095911748685
20260906T221530Z_db18dc51,WD,BTC,depth_imbalance_l1,1000,0.8,0.8904405235880454,3457,0.3366802429276244,0.0,0.41943881978594155,0.4200939935764342
20260906T221530Z_db18dc51,WD,BTC,depth_imbalance_l1,2000,0.8,0.8904405235880454,2300,0.46282464890250624,0.2247811018934241,0.5413043478260869,0.6452337789246702
20260906T221530Z_db18dc51,WD,BTC,depth_imbalance_l1,5000,0.8,0.8904405235880454,1289,0.626660397934775,0.4626804454562911,0.626066718386346,1.074518920715749
20260906T221530Z_db18dc51,WD,BTC,depth_imbalance_l1,10000,0.8,0.8904405235880454,791,0.7403749944923179,0.5895819614740332,0.638432364096081,1.5156293839857227
20260906T221530Z_db18dc51,WD,BTC,depth_imbalance_l1,30000,0.8,0.8904405235880454,318,0.7892772340625392,1.0014104277853901,0.6163522012578616,2.8786019277370922
20260906T221530Z_db18dc51,WD,BTC,depth_imbalance_l1,100,0.9,0.9614700090694301,2066,0.15579651725605875,0.0,0.23184898354307842,0.15784663123651574
20260906T221530Z_db18dc51,WD,BTC,depth_imbalance_l1,200,0.9,0.9614700090694301,2066,0.2150280915748903,0.0,0.30251694094869314,0.21947082488366135
20260906T221530Z_db18dc51,WD,BTC,depth_imbalance_l1,500,0.9,0.9614700090694301,2066,0.30913050214151844,0.0,0.4027105517909003,0.3427385281323866
20260906T221530Z_db18dc51,WD,BTC,depth_imbalance_l1,1000,0.9,0.9614700090694301,2066,0.4072157185809654,0.0,0.4903194578896418,0.48733396357880243
20260906T221530Z_db18dc51,WD,BTC,depth_imbalance_l1,2000,0.9,0.9614700090694301,1487,0.5230057174472297,0.3627738943319397,0.5931405514458642,0.7059510983430317
20260906T221530Z_db18dc51,WD,BTC,depth_imbalance_l1,5000,0.9,0.9614700090694301,969,0.7107823531088483,0.5851906914017974,0.672858617131063,1.1390274306217165
20260906T221530Z_db18dc51,WD,BTC,depth_imbalance_l1,10000,0.9,0.9614700090694301,649,0.8237227715548546,0.762401841132694,0.6671802773497689,1.6672543894588288
20260906T221530Z_db18dc51,WD,BTC,depth_imbalance_l1,30000,0.9,0.9614700090694301,293,0.8141900107882186,1.1760886183811516,0.6279863481228669,2.8200627281906177
20260906T221530Z_db18dc51,WD,BTC,depth_imbalance_l1,100,0.95,0.9902965971077426,1167,0.18845214282118491,0.0,0.2913453299057412,0.18965241745372508
20260906T221530Z_db18dc51,WD,BTC,depth_imbalance_l1,200,0.95,0.9902965971077426,1167,0.2461177116783242,0.0,0.3676092544987147,0.24875245494771753
20260906T221530Z_db18dc51,WD,BTC,depth_imbalance_l1,500,0.95,0.9902965971077426,1167,0.34531517689523633,0.0,0.46186803770351326,0.3793301749132115
20260906T221530Z_db18dc51,WD,BTC,depth_imbalance_l1,1000,0.95,0.9902965971077426,1166,0.4390886475344224,0.18774761610511242,0.5506003430531733,0.5339856821996245
20260906T221530Z_db18dc51,WD,BTC,depth_imbalance_l1,2000,0.95,0.9902965971077426,902,0.5661978056306683,0.4730103348278115,0.6529933481152993,0.7612997206068096
20260906T221530Z_db18dc51,WD,BTC,depth_imbalance_l1,5000,0.95,0.9902965971077426,653,0.708616018227164,0.5769786764060962,0.6952526799387443,1.159001287795308
20260906T221530Z_db18dc51,WD,BTC,depth_imbalance_l1,10000,0.95,0.9902965971077426,479,0.7969027933453815,0.7366896417267764,0.6847599164926931,1.6871536340754543
20260906T221530Z_db18dc51,WD,BTC,depth_imbalance_l1,30000,0.95,0.9902965971077426,247,0.6098520422293123,0.5274781584445456,0.582995951417004,3.030707587142115
20260906T221530Z_db18dc51,WD,BTC,depth_imbalance_l5,100,0.8,0.8934572329094664,3420,0.11446873341194218,0.0,0.1695906432748538,0.11834960684089069
20260906T221530Z_db18dc51,WD,BTC,depth_imbalance_l5,200,0.8,0.8934572329094664,3420,0.15695500728354142,0.0,0.21871345029239767,0.16884176397311318
20260906T221530Z_db18dc51,WD,BTC,depth_imbalance_l5,500,0.8,0.8934572329094664,3420,0.24056951878823168,0.0,0.32456140350877194,0.2829152687537304
20260906T221530Z_db18dc51,WD,BTC,depth_imbalance_l5,1000,0.8,0.8934572329094664,3420,0.32787234298259266,0.0,0.4087719298245614,0.4164295453264812
20260906T221530Z_db18dc51,WD,BTC,depth_imbalance_l5,2000,0.8,0.8934572329094664,2278,0.4562492091727047,0.21159175137738456,0.5320456540825286,0.6478074940337678
20260906T221530Z_db18dc51,WD,BTC,depth_imbalance_l5,5000,0.8,0.8934572329094664,1282,0.5956786312889707,0.42413481931777514,0.6107644305772231,1.0544717165894613
20260906T221530Z_db18dc51,WD,BTC,depth_imbalance_l5,10000,0.8,0.8934572329094664,786,0.7793627848613484,0.6129036160907451,0.628498727735369,1.5282734913486835
20260906T221530Z_db18dc51,WD,BTC,depth_imbalance_l5,30000,0.8,0.8934572329094664,318,0.6461222211911013,0.8008334618491058,0.6037735849056604,2.8942164857806874
20260906T221530Z_db18dc51,WD,BTC,depth_imbalance_l5,100,0.9,0.9586433260393872,2079,0.15622405188510707,0.0,0.22847522847522847,0.15876474664430779
20260906T221530Z_db18dc51,WD,BTC,depth_imbalance_l5,200,0.9,0.9586433260393872,2079,0.21096082481799433,0.0,0.2958152958152958,0.2189972228880931
20260906T221530Z_db18dc51,WD,BTC,depth_imbalance_l5,500,0.9,0.9586433260393872,2079,0.3063519149251401,0.0,0.3949013949013949,0.3416375663740466
20260906T221530Z_db18dc51,WD,BTC,depth_imbalance_l5,1000,0.9,0.9586433260393872,2078,0.3963075251860325,0.0,0.4764196342637151,0.4793035607806825
20260906T221530Z_db18dc51,WD,BTC,depth_imbalance_l5,2000,0.9,0.9586433260393872,1493,0.524866644374257,0.37522771636467195,0.5880776959142666,0.703246358955998
20260906T221530Z_db18dc51,WD,BTC,depth_imbalance_l5,5000,0.9,0.9586433260393872,969,0.6944691056554211,0.5244090566639541,0.6718266253869969,1.1110682026976753
20260906T221530Z_db18dc51,WD,BTC,depth_imbalance_l5,10000,0.9,0.9586433260393872,649,0.8727995491885064,0.76265062386856,0.6656394453004623,1.66502100613574
20260906T221530Z_db18dc51,WD,BTC,depth_imbalance_l5,30000,0.9,0.9586433260393872,291,0.9176608302801321,1.176522863136356,0.6288659793814433,2.820806638098564
20260906T221530Z_db18dc51,WD,BTC,depth_imbalance_l5,100,0.95,0.9879747521140512,1190,0.19488578028119002,0.0,0.27563025210084036,0.19764627167456558
20260906T221530Z_db18dc51,WD,BTC,depth_imbalance_l5,200,0.95,0.9879747521140512,1190,0.25277627617739284,0.0,0.34705882352941175,0.2612169890208662
20260906T221530Z_db18dc51,WD,BTC,depth_imbalance_l5,500,0.95,0.9879747521140512,1190,0.34382918604403895,0.0,0.43781512605042017,0.38631314912952885
20260906T221530Z_db18dc51,WD,BTC,depth_imbalance_l5,1000,0.95,0.9879747521140512,1189,0.43177346473955497,0.1490848982609315,0.5222876366694701,0.5337593039079926
20260906T221530Z_db18dc51,WD,BTC,depth_imbalance_l5,2000,0.95,0.9879747521140512,922,0.555056038457489,0.46770741589837156,0.6236442516268981,0.7460512988124501
20260906T221530Z_db18dc51,WD,BTC,depth_imbalance_l5,5000,0.95,0.9879747521140512,664,0.6878687127741027,0.5371343497465761,0.6837349397590361,1.1114025314812739
20260906T221530Z_db18dc51,WD,BTC,depth_imbalance_l5,10000,0.95,0.9879747521140512,491,0.8285941013525057,0.7255845493717088,0.6782077393075356,1.6631486407639
20260906T221530Z_db18dc51,WD,BTC,depth_imbalance_l5,30000,0.95,0.9879747521140512,251,0.549045092591337,0.7131935810581479,0.5737051792828686,2.9786053920491375
20260906T221530Z_db18dc51,WD,BTC,external_ofi,100,0.8,0.07804559028097284,6247,0.07368959398305205,0.0,0.10645109652633264,0.08201783614928736
20260906T221530Z_db18dc51,WD,BTC,external_ofi,200,0.8,0.07804559028097284,6247,0.09985028421356432,0.0,0.14566992156234992,0.1234487092836262
20260906T221530Z_db18dc51,WD,BTC,external_ofi,500,0.8,0.07804559028097284,6247,0.13570723387318842,0.0,0.2089002721306227,0.20177697568851122
20260906T221530Z_db18dc51,WD,BTC,external_ofi,1000,0.8,0.07804559028097284,6246,0.1707482677096964,0.0,0.271213576689081,0.32152334361107865
20260906T221530Z_db18dc51,WD,BTC,external_ofi,2000,0.8,0.07804559028097284,3875,0.2166494349653099,0.0,0.3548387096774194,0.5103553171593936
20260906T221530Z_db18dc51,WD,BTC,external_ofi,5000,0.8,0.07804559028097284,1852,0.2966875313229279,0.0,0.47516198704103674,0.936178314535084
20260906T221530Z_db18dc51,WD,BTC,external_ofi,10000,0.8,0.07804559028097284,999,0.33274869271272783,0.07510190389660425,0.5235235235235235,1.4087390007033922
20260906T221530Z_db18dc51,WD,BTC,external_ofi,30000,0.8,0.07804559028097284,349,0.21232180674771473,0.08733864185949416,0.5214899713467048,2.7058517694990702
20260906T221530Z_db18dc51,WD,BTC,external_ofi,100,0.9,0.25771173553371907,4190,0.13279610420986396,0.0,0.1782816229116945,0.13952292009890277
20260906T221530Z_db18dc51,WD,BTC,external_ofi,200,0.9,0.25771173553371907,4190,0.17219274440561155,0.0,0.22577565632458235,0.19549042490489738
20260906T221530Z_db18dc51,WD,BTC,external_ofi,500,0.9,0.25771173553371907,4190,0.22873011803565715,0.0,0.29952267303102625,0.29084678895761445
20260906T221530Z_db18dc51,WD,BTC,external_ofi,1000,0.9,0.25771173553371907,4189,0.27859587472743785,0.0,0.3693005490570542,0.4219170736678426
20260906T221530Z_db18dc51,WD,BTC,external_ofi,2000,0.9,0.25771173553371907,2920,0.3495800038589583,0.0,0.4482876712328767,0.6138281810722487
20260906T221530Z_db18dc51,WD,BTC,external_ofi,5000,0.9,0.25771173553371907,1587,0.3852495022196414,0.09983732755562691,0.5179584120982986,1.0190028030500744
20260906T221530Z_db18dc51,WD,BTC,external_ofi,10000,0.9,0.25771173553371907,920,0.4883404809287179,0.37596470926264913,0.5673913043478261,1.5320177453437682
20260906T221530Z_db18dc51,WD,BTC,external_ofi,30000,0.9,0.25771173553371907,336,0.1358279424895843,0.23078084438768087,0.5327380952380952,2.6491054919379198
20260906T221530Z_db18dc51,WD,BTC,external_ofi,100,0.95,0.6000681078088743,2590,0.21753151702872447,0.0,0.2725868725868726,0.23392285757815903
20260906T221530Z_db18dc51,WD,BTC,external_ofi,200,0.95,0.6000681078088743,2590,0.2686830780870418,0.0,0.3277992277992278,0.30110669332996876
20260906T221530Z_db18dc51,WD,BTC,external_ofi,500,0.95,0.6000681078088743,2589,0.33601341105942484,0.0,0.40324449594438005,0.41096286832378864
20260906T221530Z_db18dc51,WD,BTC,external_ofi,1000,0.95,0.6000681078088743,2589,0.3842903656267254,0.0,0.46658941676322907,0.5485387417346743
20260906T221530Z_db18dc51,WD,BTC,external_ofi,2000,0.95,0.6000681078088743,2024,0.4647173070457987,0.1686812994265383,0.533102766798419,0.7413004062778075
20260906T221530Z_db18dc51,WD,BTC,external_ofi,5000,0.95,0.6000681078088743,1243,0.49765305241772206,0.3370226916439964,0.5760257441673371,1.1218070738238906
20260906T221530Z_db18dc51,WD,BTC,external_ofi,10000,0.95,0.6000681078088743,783,0.4647428704494504,0.44913625491435877,0.6002554278416348,1.6289916546198346
20260906T221530Z_db18dc51,WD,BTC,external_ofi,30000,0.95,0.6000681078088743,314,0.9702818010117374,0.7342561408847976,0.5987261146496815,2.867924419554516
20260906T221530Z_db18dc51,WD,BTC,external_trade_flow,100,0.8,1.0,9169,0.012984957493649266,0.0,0.028683607808921364,0.024901786219455734
20260906T221530Z_db18dc51,WD,BTC,external_trade_flow,200,0.8,1.0,9169,0.019951208843761014,0.0,0.047442469189660816,0.04796728245310467
20260906T221530Z_db18dc51,WD,BTC,external_trade_flow,500,0.8,1.0,9169,0.03182889342253602,0.0,0.09608463300250845,0.11783374951958293
20260906T221530Z_db18dc51,WD,BTC,external_trade_flow,1000,0.8,1.0,9169,0.030746356852295268,0.0,0.15356091176791362,0.2283620388105603
20260906T221530Z_db18dc51,WD,BTC,external_trade_flow,2000,0.8,1.0,4952,0.06749211450452773,0.0,0.24878836833602586,0.4172201944759896
20260906T221530Z_db18dc51,WD,BTC,external_trade_flow,5000,0.8,1.0,2081,0.12215477117948714,0.0,0.37770302739067757,0.8453657471291701
20260906T221530Z_db18dc51,WD,BTC,external_trade_flow,10000,0.8,1.0,1059,0.09319191115147465,0.0,0.4683663833805477,1.4152426031076637
20260906T221530Z_db18dc51,WD,BTC,external_trade_flow,30000,0.8,1.0,357,0.3105988016906873,0.174670854612511,0.5238095238095238,2.7416258818572325
20260906T221530Z_db18dc51,WD,BTC,external_trade_flow,100,0.9,1.0,9169,0.012984957493649266,0.0,0.028683607808921364,0.024901786219455734
20260906T221530Z_db18dc51,WD,BTC,external_trade_flow,200,0.9,1.0,9169,0.019951208843761014,0.0,0.047442469189660816,0.04796728245310467
20260906T221530Z_db18dc51,WD,BTC,external_trade_flow,500,0.9,1.0,9169,0.03182889342253602,0.0,0.09608463300250845,0.11783374951958293
20260906T221530Z_db18dc51,WD,BTC,external_trade_flow,1000,0.9,1.0,9169,0.030746356852295268,0.0,0.15356091176791362,0.2283620388105603
20260906T221530Z_db18dc51,WD,BTC,external_trade_flow,2000,0.9,1.0,4952,0.06749211450452773,0.0,0.24878836833602586,0.4172201944759896
20260906T221530Z_db18dc51,WD,BTC,external_trade_flow,5000,0.9,1.0,2081,0.12215477117948714,0.0,0.37770302739067757,0.8453657471291701
20260906T221530Z_db18dc51,WD,BTC,external_trade_flow,10000,0.9,1.0,1059,0.09319191115147465,0.0,0.4683663833805477,1.4152426031076637
20260906T221530Z_db18dc51,WD,BTC,external_trade_flow,30000,0.9,1.0,357,0.3105988016906873,0.174670854612511,0.5238095238095238,2.7416258818572325
20260906T221530Z_db18dc51,WD,BTC,external_trade_flow,100,0.95,1.0,9169,0.012984957493649266,0.0,0.028683607808921364,0.024901786219455734
20260906T221530Z_db18dc51,WD,BTC,external_trade_flow,200,0.95,1.0,9169,0.019951208843761014,0.0,0.047442469189660816,0.04796728245310467
20260906T221530Z_db18dc51,WD,BTC,external_trade_flow,500,0.95,1.0,9169,0.03182889342253602,0.0,0.09608463300250845,0.11783374951958293
20260906T221530Z_db18dc51,WD,BTC,external_trade_flow,1000,0.95,1.0,9169,0.030746356852295268,0.0,0.15356091176791362,0.2283620388105603
20260906T221530Z_db18dc51,WD,BTC,external_trade_flow,2000,0.95,1.0,4952,0.06749211450452773,0.0,0.24878836833602586,0.4172201944759896
20260906T221530Z_db18dc51,WD,BTC,external_trade_flow,5000,0.95,1.0,2081,0.12215477117948714,0.0,0.37770302739067757,0.8453657471291701
20260906T221530Z_db18dc51,WD,BTC,external_trade_flow,10000,0.95,1.0,1059,0.09319191115147465,0.0,0.4683663833805477,1.4152426031076637
20260906T221530Z_db18dc51,WD,BTC,external_trade_flow,30000,0.95,1.0,357,0.3105988016906873,0.174670854612511,0.5238095238095238,2.7416258818572325
20260906T221530Z_db18dc51,WD,BTC,fair_accel_100ms,100,0.8,8.009024665703304e-07,4312,0.11032792990571612,0.0,0.14332096474953618,0.12396419043917645
20260906T221530Z_db18dc51,WD,BTC,fair_accel_100ms,200,0.8,8.009024665703304e-07,4312,0.13603754626802453,0.0,0.1825139146567718,0.17355903185944377
20260906T221530Z_db18dc51,WD,BTC,fair_accel_100ms,500,0.8,8.009024665703304e-07,4311,0.1794222410084634,0.0,0.24982602644398053,0.2684917617939841
20260906T221530Z_db18dc51,WD,BTC,fair_accel_100ms,1000,0.8,8.009024665703304e-07,4311,0.223274599253489,0.0,0.32034330781721176,0.40125837787345575
20260906T221530Z_db18dc51,WD,BTC,fair_accel_100ms,2000,0.8,8.009024665703304e-07,2898,0.3135092623308262,0.0,0.4220151828847481,0.6060373774259292
20260906T221530Z_db18dc51,WD,BTC,fair_accel_100ms,5000,0.8,8.009024665703304e-07,1574,0.3364964415975653,0.012464148238041962,0.5019059720457433,1.0093117983997983
20260906T221530Z_db18dc51,WD,BTC,fair_accel_100ms,10000,0.8,8.009024665703304e-07,896,0.3668941491882872,0.22411473707352383,0.5412946428571429,1.5398908801192126
20260906T221530Z_db18dc51,WD,BTC,fair_accel_100ms,30000,0.8,8.009024665703304e-07,336,0.5134436911612144,0.03736386108395257,0.5029761904761905,2.716636567402547
20260906T221530Z_db18dc51,WD,BTC,fair_accel_100ms,100,0.9,0.04979876303843833,3002,0.16351006283809083,0.0,0.2045303131245836,0.1819865720861868
20260906T221530Z_db18dc51,WD,BTC,fair_accel_100ms,200,0.9,0.04979876303843833,3002,0.19988887443884645,0.0,0.2524983344437042,0.2420710437907047
20260906T221530Z_db18dc51,WD,BTC,fair_accel_100ms,500,0.9,0.04979876303843833,3002,0.25067327674304857,0.0,0.32978014656895405,0.34592503672440417
20260906T221530Z_db18dc51,WD,BTC,fair_accel_100ms,1000,0.9,0.04979876303843833,3002,0.29283350234534716,0.0,0.39407061958694206,0.49211708638972823
20260906T221530Z_db18dc51,WD,BTC,fair_accel_100ms,2000,0.9,0.04979876303843833,2250,0.36642831814830634,0.0,0.47244444444444444,0.6879346076767123
20260906T221530Z_db18dc51,WD,BTC,fair_accel_100ms,5000,0.9,0.04979876303843833,1329,0.5048911945679969,0.2866754497571506,0.5553047404063205,1.0567093069970368
20260906T221530Z_db18dc51,WD,BTC,fair_accel_100ms,10000,0.9,0.04979876303843833,816,0.5054057076795737,0.4253475039359955,0.6017156862745098,1.6001821853197546
20260906T221530Z_db18dc51,WD,BTC,fair_accel_100ms,30000,0.9,0.04979876303843833,322,0.22340727004737154,0.24305377044612092,0.5403726708074534,2.804717398006096
20260906T221530Z_db18dc51,WD,BTC,fair_accel_100ms,100,0.95,0.20850571849977553,1933,0.2505055231732453,0.0,0.28246249353336783,0.27040722179143223
20260906T221530Z_db18dc51,WD,BTC,fair_accel_100ms,200,0.95,0.20850571849977553,1933,0.2987053896868957,0.0,0.33936885669943095,0.3433083423230396
20260906T221530Z_db18dc51,WD,BTC,fair_accel_100ms,500,0.95,0.20850571849977553,1933,0.3588978590399416,0.0,0.42110708742886704,0.45755185869938353
20260906T221530Z_db18dc51,WD,BTC,fair_accel_100ms,1000,0.95,0.20850571849977553,1933,0.3979267974828959,0.0,0.4816347646145887,0.5919026325572595
20260906T221530Z_db18dc51,WD,BTC,fair_accel_100ms,2000,0.95,0.20850571849977553,1567,0.4608358968231558,0.24893223630201936,0.5437141033822591,0.7879796700589431
20260906T221530Z_db18dc51,WD,BTC,fair_accel_100ms,5000,0.95,0.20850571849977553,1043,0.577820640112912,0.4191734962841281,0.5992329817833174,1.1525420079946826
20260906T221530Z_db18dc51,WD,BTC,fair_accel_100ms,10000,0.95,0.20850571849977553,696,0.6873181061265743,0.5316674912039743,0.6278735632183908,1.6271855292007424
20260906T221530Z_db18dc51,WD,BTC,fair_accel_100ms,30000,0.95,0.20850571849977553,301,0.5493445872586249,0.7960520796397649,0.574750830564784,2.889369152074365
20260906T221530Z_db18dc51,WD,BTC,fair_gap_reversion,100,0.8,0.4315154534384469,2765,0.1095817342815127,0.0,0.09873417721518987,0.12748015164738416
20260906T221530Z_db18dc51,WD,BTC,fair_gap_reversion,200,0.8,0.4315154534384469,2765,0.13269585546178608,0.0,0.1298372513562387,0.1678938964328313
20260906T221530Z_db18dc51,WD,BTC,fair_gap_reversion,500,0.8,0.4315154534384469,2765,0.16668330793645314,0.0,0.1996383363471971,0.27525215105695916
20260906T221530Z_db18dc51,WD,BTC,fair_gap_reversion,1000,0.8,0.4315154534384469,2765,0.2160895691214262,0.0,0.2759493670886076,0.40628231160527273
20260906T221530Z_db18dc51,WD,BTC,fair_gap_reversion,2000,0.8,0.4315154534384469,1730,0.2992803903887943,0.0,0.3930635838150289,0.6689062298968662
20260906T221530Z_db18dc51,WD,BTC,fair_gap_reversion,5000,0.8,0.4315154534384469,998,0.36485561086878404,0.0687099701429774,0.5140280561122245,1.1358007327101665
20260906T221530Z_db18dc51,WD,BTC,fair_gap_reversion,10000,0.8,0.4315154534384469,643,0.6134112951394439,0.40001675075433735,0.5629860031104199,1.6704817068915283
20260906T221530Z_db18dc51,WD,BTC,fair_gap_reversion,30000,0.8,0.4315154534384469,291,0.40584160026444516,0.2246166075381542,0.5360824742268041,3.0075123781418474
20260906T221530Z_db18dc51,WD,BTC,fair_gap_reversion,100,0.9,0.5540845678897455,1555,0.19684152856264947,0.0,0.15755627009646303,0.2174100691865827
20260906T221530Z_db18dc51,WD,BTC,fair_gap_reversion,200,0.9,0.5540845678897455,1555,0.2272061326661419,0.0,0.18906752411575561,0.2712801925856583
20260906T221530Z_db18dc51,WD,BTC,fair_gap_reversion,500,0.9,0.5540845678897455,1555,0.2632458456630671,0.0,0.2694533762057878,0.3901856517509724
20260906T221530Z_db18dc51,WD,BTC,fair_gap_reversion,1000,0.9,0.5540845678897455,1554,0.32700414795474136,0.0,0.3481338481338481,0.5172941970773557
20260906T221530Z_db18dc51,WD,BTC,fair_gap_reversion,2000,0.9,0.5540845678897455,1066,0.4548230939690175,0.0,0.47373358348968103,0.806943450246673
20260906T221530Z_db18dc51,WD,BTC,fair_gap_reversion,5000,0.9,0.5540845678897455,699,0.5695578851649344,0.4129098130485371,0.5736766809728183,1.3072223895369999
20260906T221530Z_db18dc51,WD,BTC,fair_gap_reversion,10000,0.9,0.5540845678897455,496,0.7639606329928911,0.5541589564501621,0.5987903225806451,1.8568866168372196
20260906T221530Z_db18dc51,WD,BTC,fair_gap_reversion,30000,0.9,0.5540845678897455,244,0.7704903456402562,0.6753899795099895,0.5737704918032787,3.136219737801896
20260906T221530Z_db18dc51,WD,BTC,fair_gap_reversion,100,0.95,0.6828833412353408,860,0.30936789020676747,0.0,0.21627906976744185,0.3283792307540026
20260906T221530Z_db18dc51,WD,BTC,fair_gap_reversion,200,0.95,0.6828833412353408,860,0.35668915009656266,0.0,0.25,0.4031014585569444
20260906T221530Z_db18dc51,WD,BTC,fair_gap_reversion,500,0.95,0.6828833412353408,860,0.37889662718153877,0.0,0.32906976744186045,0.5174628049651598
20260906T221530Z_db18dc51,WD,BTC,fair_gap_reversion,1000,0.95,0.6828833412353408,859,0.47440676069032733,0.0,0.4086146682188591,0.6552371827192445
20260906T221530Z_db18dc51,WD,BTC,fair_gap_reversion,2000,0.95,0.6828833412353408,627,0.6523001609119099,0.3492650154698356,0.5390749601275917,0.9490066194068612
20260906T221530Z_db18dc51,WD,BTC,fair_gap_reversion,5000,0.95,0.6828833412353408,453,0.7825655635755452,0.6614466464575515,0.6445916114790287,1.4731095596551085
20260906T221530Z_db18dc51,WD,BTC,fair_gap_reversion,10000,0.95,0.6828833412353408,344,0.9870090222612938,0.8170746548262355,0.6598837209302325,2.0520561381606686
20260906T221530Z_db18dc51,WD,BTC,fair_gap_reversion,30000,0.95,0.6828833412353408,201,0.9179170695088549,1.1108850519989242,0.6119402985074627,3.379727378316903
20260906T221530Z_db18dc51,WD,BTC,leader_gap_1000ms,100,0.8,0.2505210102734132,3052,0.105638428170366,0.0,0.12221494102228048,0.14513593505072045
20260906T221530Z_db18dc51,WD,BTC,leader_gap_1000ms,200,0.8,0.2505210102734132,3052,0.12016189386800447,0.0,0.15530799475753604,0.19555496854947615
20260906T221530Z_db18dc51,WD,BTC,leader_gap_1000ms,500,0.8,0.2505210102734132,3052,0.1355458194483443,0.0,0.22051114023591087,0.2999413859832401
20260906T221530Z_db18dc51,WD,BTC,leader_gap_1000ms,1000,0.8,0.2505210102734132,3051,0.1599501391645827,0.0,0.288102261553589,0.4423608493487502
20260906T221530Z_db18dc51,WD,BTC,leader_gap_1000ms,2000,0.8,0.2505210102734132,2088,0.21716971211587302,0.0,0.3850574712643678,0.6700078654438778
20260906T221530Z_db18dc51,WD,BTC,leader_gap_1000ms,5000,0.8,0.2505210102734132,1259,0.21563884319936222,0.0,0.4749801429706116,1.0677590438870777
20260906T221530Z_db18dc51,WD,BTC,leader_gap_1000ms,10000,0.8,0.2505210102734132,789,0.26266519565214774,0.0,0.49936628643852976,1.5990304690330033
20260906T221530Z_db18dc51,WD,BTC,leader_gap_1000ms,30000,0.8,0.2505210102734132,315,0.18270209518914907,0.14989535430929465,0.5206349206349207,2.835864511208481
20260906T221530Z_db18dc51,WD,BTC,leader_gap_1000ms,100,0.9,0.4737919290135688,1826,0.1717965941908939,0.0,0.16319824753559695,0.2153299753893197
20260906T221530Z_db18dc51,WD,BTC,leader_gap_1000ms,200,0.9,0.4737919290135688,1826,0.19722277105201064,0.0,0.2004381161007667,0.2686012059465839
20260906T221530Z_db18dc51,WD,BTC,leader_gap_1000ms,500,0.9,0.4737919290135688,1826,0.22907482604072135,0.0,0.26889375684556405,0.384878569611998
20260906T221530Z_db18dc51,WD,BTC,leader_gap_1000ms,1000,0.9,0.4737919290135688,1825,0.260917323921945,0.0,0.34356164383561644,0.5145310555417685
20260906T221530Z_db18dc51,WD,BTC,leader_gap_1000ms,2000,0.9,0.4737919290135688,1384,0.33158369651373154,0.0,0.430635838150289,0.7421376398079671
20260906T221530Z_db18dc51,WD,BTC,leader_gap_1000ms,5000,0.9,0.4737919290135688,933,0.359522492084137,0.12444629178171679,0.5230439442658092,1.1680105618481558
20260906T221530Z_db18dc51,WD,BTC,leader_gap_1000ms,10000,0.9,0.4737919290135688,639,0.43438107929352004,0.36373031784114196,0.5539906103286385,1.6593852465705776
20260906T221530Z_db18dc51,WD,BTC,leader_gap_1000ms,30000,0.9,0.4737919290135688,292,0.43832706356853857,0.14982847628398466,0.523972602739726,2.8721586106583086
20260906T221530Z_db18dc51,WD,BTC,leader_gap_1000ms,100,0.95,0.6572685790963467,1100,0.24675458130716915,0.0,0.19,0.2934384172730858
20260906T221530Z_db18dc51,WD,BTC,leader_gap_1000ms,200,0.95,0.6572685790963467,1100,0.2796328426774067,0.0,0.22545454545454546,0.3635103076991841
20260906T221530Z_db18dc51,WD,BTC,leader_gap_1000ms,500,0.95,0.6572685790963467,1100,0.31981130481317266,0.0,0.30454545454545456,0.48067187856927274
20260906T221530Z_db18dc51,WD,BTC,leader_gap_1000ms,1000,0.95,0.6572685790963467,1099,0.3687196287590455,0.0,0.37852593266606005,0.6157152676154898
20260906T221530Z_db18dc51,WD,BTC,leader_gap_1000ms,2000,0.95,0.6572685790963467,881,0.44056451002919245,0.0,0.46311010215664017,0.840913860514795
20260906T221530Z_db18dc51,WD,BTC,leader_gap_1000ms,5000,0.95,0.6572685790963467,668,0.4604354264016297,0.3860439061707076,0.5598802395209581,1.281235650153244
20260906T221530Z_db18dc51,WD,BTC,leader_gap_1000ms,10000,0.95,0.6572685790963467,499,0.4858710419151701,0.48579425501903906,0.56312625250501,1.7743023910101832
20260906T221530Z_db18dc51,WD,BTC,leader_gap_1000ms,30000,0.95,0.6572685790963467,257,0.5417512258041378,0.7234703127740201,0.5642023346303502,3.051948315279946
20260906T221530Z_db18dc51,WD,BTC,leader_gap_100ms,100,0.8,0.0005949272306571616,4442,0.07776780698703915,0.0,0.1154885186852769,0.12226515913639911
20260906T221530Z_db18dc51,WD,BTC,leader_gap_100ms,200,0.8,0.0005949272306571616,4442,0.09434350038264508,0.0,0.14520486267447097,0.16938890348303304
20260906T221530Z_db18dc51,WD,BTC,leader_gap_100ms,500,0.8,0.0005949272306571616,4441,0.11607897673381333,0.0,0.20355775726187794,0.26727288944978644
20260906T221530Z_db18dc51,WD,BTC,leader_gap_100ms,1000,0.8,0.0005949272306571616,4441,0.12774926188510552,0.0,0.2621031299256924,0.3933746421580442
20260906T221530Z_db18dc51,WD,BTC,leader_gap_100ms,2000,0.8,0.0005949272306571616,2970,0.17141792613705287,0.0,0.3505050505050505,0.5971287277185489
20260906T221530Z_db18dc51,WD,BTC,leader_gap_100ms,5000,0.8,0.0005949272306571616,1580,0.20626966860316645,0.0,0.4443037974683544,1.0113013275746627
20260906T221530Z_db18dc51,WD,BTC,leader_gap_100ms,10000,0.8,0.0005949272306571616,900,0.1920249756622393,0.024999464292403215,0.5111111111111111,1.5454782166240333
20260906T221530Z_db18dc51,WD,BTC,leader_gap_100ms,30000,0.8,0.0005949272306571616,336,0.20690735304634011,0.0,0.49107142857142855,2.700556490665803
20260906T221530Z_db18dc51,WD,BTC,leader_gap_100ms,100,0.9,0.0010541358738615032,3846,0.1022536987799363,0.0,0.14456578263130526,0.15013790101741561
20260906T221530Z_db18dc51,WD,BTC,leader_gap_100ms,200,0.9,0.0010541358738615032,3846,0.12860708685039857,0.0,0.1794071762870515,0.2024291282704877
20260906T221530Z_db18dc51,WD,BTC,leader_gap_100ms,500,0.9,0.0010541358738615032,3845,0.15681763922200817,0.0,0.2400520156046814,0.29968019770744153
20260906T221530Z_db18dc51,WD,BTC,leader_gap_100ms,1000,0.9,0.0010541358738615032,3845,0.18176880214900934,0.0,0.3024707412223667,0.43080114624700216
20260906T221530Z_db18dc51,WD,BTC,leader_gap_100ms,2000,0.9,0.0010541358738615032,2737,0.2295825572440001,0.0,0.3847278041651443,0.6240371107082173
20260906T221530Z_db18dc51,WD,BTC,leader_gap_100ms,5000,0.9,0.0010541358738615032,1534,0.23160691987792215,0.0,0.4661016949152542,1.020470483991471
20260906T221530Z_db18dc51,WD,BTC,leader_gap_100ms,10000,0.9,0.0010541358738615032,885,0.3455767062540035,0.2121454519204479,0.536723163841808,1.5589351382195833
20260906T221530Z_db18dc51,WD,BTC,leader_gap_100ms,30000,0.9,0.0010541358738615032,334,0.06118917081712053,-0.00622514610358749,0.4880239520958084,2.7737892996733233
20260906T221530Z_db18dc51,WD,BTC,leader_gap_100ms,100,0.95,0.1539088078838424,2686,0.1386979850981172,0.0,0.16679076693968728,0.19102002631032128
20260906T221530Z_db18dc51,WD,BTC,leader_gap_100ms,200,0.95,0.1539088078838424,2686,0.16267122448369287,0.0,0.20588235294117646,0.25173906762686377
20260906T221530Z_db18dc51,WD,BTC,leader_gap_100ms,500,0.95,0.1539088078838424,2686,0.18128630353146957,0.0,0.26023827252419957,0.35321174441455694
20260906T221530Z_db18dc51,WD,BTC,leader_gap_100ms,1000,0.95,0.1539088078838424,2686,0.1887395711294409,0.0,0.31794489947877885,0.48322972475576337
20260906T221530Z_db18dc51,WD,BTC,leader_gap_100ms,2000,0.95,0.1539088078838424,2066,0.241924573444464,0.0,0.39641819941916745,0.6806362984349602
20260906T221530Z_db18dc51,WD,BTC,leader_gap_100ms,5000,0.95,0.1539088078838424,1264,0.24102904116956472,0.0,0.4849683544303797,1.0680996809615133
20260906T221530Z_db18dc51,WD,BTC,leader_gap_100ms,10000,0.95,0.1539088078838424,794,0.36695851160774,0.1745772803073654,0.5327455919395466,1.596319339141914
20260906T221530Z_db18dc51,WD,BTC,leader_gap_100ms,30000,0.95,0.1539088078838424,318,-0.07835317776386722,-0.14344258591315973,0.4779874213836478,2.795555310367909
20260906T221530Z_db18dc51,WD,BTC,leader_gap_200ms,100,0.8,0.0014399400788121662,4297,0.08390088693118068,0.0,0.12241098440772633,0.1291649614304259
20260906T221530Z_db18dc51,WD,BTC,leader_gap_200ms,200,0.8,0.0014399400788121662,4297,0.10444596843434184,0.0,0.1521992087502909,0.17629591553270374
20260906T221530Z_db18dc51,WD,BTC,leader_gap_200ms,500,0.8,0.0014399400788121662,4296,0.12941746384378652,0.0,0.2118249534450652,0.2746596973372574
20260906T221530Z_db18dc51,WD,BTC,leader_gap_200ms,1000,0.8,0.0014399400788121662,4296,0.15280806306672517,0.0,0.2749068901303538,0.40511305738446574
20260906T221530Z_db18dc51,WD,BTC,leader_gap_200ms,2000,0.8,0.0014399400788121662,2889,0.18414524542129782,0.0,0.36171685704395984,0.612439972708449
20260906T221530Z_db18dc51,WD,BTC,leader_gap_200ms,5000,0.8,0.0014399400788121662,1574,0.23255075310451842,0.0,0.45806861499364676,1.012690946432736
20260906T221530Z_db18dc51,WD,BTC,leader_gap_200ms,10000,0.8,0.0014399400788121662,895,0.2725516933315658,0.12497976890223482,0.5195530726256983,1.5455266182527365
20260906T221530Z_db18dc51,WD,BTC,leader_gap_200ms,30000,0.8,0.0014399400788121662,336,-0.0452440293396058,-0.09976105116774345,0.47023809523809523,2.7339683886415904
20260906T221530Z_db18dc51,WD,BTC,leader_gap_200ms,100,0.9,0.10451743207410691,3126,0.12008591084021816,0.0,0.15706973768394114,0.17688353843152055
20260906T221530Z_db18dc51,WD,BTC,leader_gap_200ms,200,0.9,0.10451743207410691,3126,0.14549090620993316,0.0,0.1944977607165707,0.2332733480801441
20260906T221530Z_db18dc51,WD,BTC,leader_gap_200ms,500,0.9,0.10451743207410691,3125,0.16491306252584617,0.0,0.25344,0.33411847359307467
20260906T221530Z_db18dc51,WD,BTC,leader_gap_200ms,1000,0.9,0.10451743207410691,3125,0.18947731615394237,0.0,0.31904,0.4661471551210362
20260906T221530Z_db18dc51,WD,BTC,leader_gap_200ms,2000,0.9,0.10451743207410691,2294,0.2506107832077344,0.0,0.4036617262423714,0.6638611769984875
20260906T221530Z_db18dc51,WD,BTC,leader_gap_200ms,5000,0.9,0.10451743207410691,1341,0.21417818028221827,0.0,0.46830723340790453,1.0622992652173213
20260906T221530Z_db18dc51,WD,BTC,leader_gap_200ms,10000,0.9,0.10451743207410691,817,0.29386999050349216,0.08737123663978756,0.5250917992656059,1.5686329306433153
20260906T221530Z_db18dc51,WD,BTC,leader_gap_200ms,30000,0.9,0.10451743207410691,326,0.13886657861069643,0.08738511332197653,0.5122699386503068,2.769159226250926
20260906T221530Z_db18dc51,WD,BTC,leader_gap_200ms,100,0.95,0.31057027063222875,2022,0.16318032547199895,0.0,0.1681503461918892,0.21695853261475312
20260906T221530Z_db18dc51,WD,BTC,leader_gap_200ms,200,0.95,0.31057027063222875,2022,0.1828153841577422,0.0,0.20079129574678536,0.2863024991326888
20260906T221530Z_db18dc51,WD,BTC,leader_gap_200ms,500,0.95,0.31057027063222875,2022,0.19608060551678191,0.0,0.26162215628091,0.3855002304635026
20260906T221530Z_db18dc51,WD,BTC,leader_gap_200ms,1000,0.95,0.31057027063222875,2021,0.20714653822726734,0.0,0.32261256803562594,0.5152160776612505
20260906T221530Z_db18dc51,WD,BTC,leader_gap_200ms,2000,0.95,0.31057027063222875,1628,0.2563317327367224,0.0,0.3931203931203931,0.7206705631218359
20260906T221530Z_db18dc51,WD,BTC,leader_gap_200ms,5000,0.95,0.31057027063222875,1075,0.22387769779866598,0.0,0.4688372093023256,1.125116521010578
20260906T221530Z_db18dc51,WD,BTC,leader_gap_200ms,10000,0.95,0.31057027063222875,706,0.3245310080447843,0.10624450276360714,0.5169971671388102,1.6538595655237374
20260906T221530Z_db18dc51,WD,BTC,leader_gap_200ms,30000,0.95,0.31057027063222875,305,-0.07816118945494151,0.0,0.49836065573770494,2.909682093049396
20260906T221530Z_db18dc51,WD,BTC,leader_gap_500ms,100,0.8,0.0954616370827523,3527,0.10290440212882973,0.0,0.1386447405727247,0.15272211280900025
20260906T221530Z_db18dc51,WD,BTC,leader_gap_500ms,200,0.8,0.0954616370827523,3527,0.1257794381202489,0.0,0.17323504394669692,0.20240198129263004
20260906T221530Z_db18dc51,WD,BTC,leader_gap_500ms,500,0.8,0.0954616370827523,3526,0.1458053996298811,0.0,0.2342597844583097,0.30391788021458765
20260906T221530Z_db18dc51,WD,BTC,leader_gap_500ms,1000,0.8,0.0954616370827523,3526,0.16759099266338395,0.0,0.29892229154849687,0.43758426557092645
20260906T221530Z_db18dc51,WD,BTC,leader_gap_500ms,2000,0.8,0.0954616370827523,2466,0.21164430628363085,0.0,0.38605028386050283,0.6457409564131789
20260906T221530Z_db18dc51,WD,BTC,leader_gap_500ms,5000,0.8,0.0954616370827523,1415,0.2675166010674722,0.0,0.4713780918727915,1.0544824163729665
20260906T221530Z_db18dc51,WD,BTC,leader_gap_500ms,10000,0.8,0.0954616370827523,842,0.22837082097377992,0.08735368275875954,0.517814726840855,1.5541638996350668
20260906T221530Z_db18dc51,WD,BTC,leader_gap_500ms,30000,0.8,0.0954616370827523,331,0.5021903090181552,0.4729983302807644,0.5438066465256798,2.7939862374419238
20260906T221530Z_db18dc51,WD,BTC,leader_gap_500ms,100,0.9,0.3148750104295042,2208,0.14733531794254323,0.0,0.15443840579710144,0.19581286768060907
20260906T221530Z_db18dc51,WD,BTC,leader_gap_500ms,200,0.9,0.3148750104295042,2208,0.17441047467048368,0.0,0.1911231884057971,0.25459093945231887
20260906T221530Z_db18dc51,WD,BTC,leader_gap_500ms,500,0.9,0.3148750104295042,2208,0.1832886757948472,0.0,0.2545289855072464,0.36390210413717955
20260906T221530Z_db18dc51,WD,BTC,leader_gap_500ms,1000,0.9,0.3148750104295042,2207,0.205000960199277,0.0,0.31762573629361124,0.49382086221388005
20260906T221530Z_db18dc51,WD,BTC,leader_gap_500ms,2000,0.9,0.3148750104295042,1712,0.2545633647578284,0.0,0.3989485981308411,0.7058590840918614
20260906T221530Z_db18dc51,WD,BTC,leader_gap_500ms,5000,0.9,0.3148750104295042,1117,0.16586015099654577,0.0,0.4628469113697404,1.0883903842004974
20260906T221530Z_db18dc51,WD,BTC,leader_gap_500ms,10000,0.9,0.3148750104295042,727,0.24301770445712403,0.09984106550514808,0.515818431911967,1.6178509360845013
20260906T221530Z_db18dc51,WD,BTC,leader_gap_500ms,30000,0.9,0.3148750104295042,307,0.36346154172031564,0.3743983886326985,0.5439739413680782,2.8865734794373963
20260906T221530Z_db18dc51,WD,BTC,leader_gap_500ms,100,0.95,0.5256713801641323,1336,0.22983934778039122,0.0,0.19535928143712575,0.27845891520233423
20260906T221530Z_db18dc51,WD,BTC,leader_gap_500ms,200,0.95,0.5256713801641323,1336,0.2565314688543714,0.0,0.22904191616766467,0.3411360201938174
20260906T221530Z_db18dc51,WD,BTC,leader_gap_500ms,500,0.95,0.5256713801641323,1336,0.27893451492707927,0.0,0.29191616766467066,0.44465854224215307
20260906T221530Z_db18dc51,WD,BTC,leader_gap_500ms,1000,0.95,0.5256713801641323,1335,0.32812601756339443,0.0,0.3782771535580524,0.5842239833957115
20260906T221530Z_db18dc51,WD,BTC,leader_gap_500ms,2000,0.95,0.5256713801641323,1129,0.3392503207447552,0.0,0.4348981399468556,0.7782805446149756
20260906T221530Z_db18dc51,WD,BTC,leader_gap_500ms,5000,0.95,0.5256713801641323,810,0.378227317252283,0.1811229395568617,0.5345679012345679,1.2233632104544034
20260906T221530Z_db18dc51,WD,BTC,leader_gap_500ms,10000,0.95,0.5256713801641323,576,0.44072223306837227,0.2881465788151233,0.5416666666666666,1.7142685568114522
20260906T221530Z_db18dc51,WD,BTC,leader_gap_500ms,30000,0.95,0.5256713801641323,277,0.030944854063990168,-0.1496808990350792,0.48375451263537905,2.920096957352988
20260906T221530Z_db18dc51,WD,ETH,bitget_ofi,100,0.8,0.4907374046010973,4465,0.11006004839534222,0.0,0.1845464725643897,0.1384626031093486
20260906T221530Z_db18dc51,WD,ETH,bitget_ofi,200,0.8,0.4907374046010973,4465,0.13955166703000427,0.0,0.24031354983202688,0.2034653439367581
20260906T221530Z_db18dc51,WD,ETH,bitget_ofi,500,0.8,0.4907374046010973,4465,0.18830216282261555,0.0,0.33191489361702126,0.35258731365801577
20260906T221530Z_db18dc51,WD,ETH,bitget_ofi,1000,0.8,0.4907374046010973,4464,0.22946848545525297,0.0,0.4117383512544803,0.5286564271174906
20260906T221530Z_db18dc51,WD,ETH,bitget_ofi,2000,0.8,0.4907374046010973,3058,0.265549414871075,0.0,0.47416612164813604,0.8130725694138241
20260906T221530Z_db18dc51,WD,ETH,bitget_ofi,5000,0.8,0.4907374046010973,1625,0.37403671739045113,0.12010473132622332,0.540923076923077,1.3547638108298898
20260906T221530Z_db18dc51,WD,ETH,bitget_ofi,10000,0.8,0.4907374046010973,932,0.46211839130227156,0.31849746706291554,0.5643776824034334,1.9431992248111183
20260906T221530Z_db18dc51,WD,ETH,bitget_ofi,30000,0.8,0.4907374046010973,339,0.479539731364938,0.7171471887905122,0.5486725663716814,3.5628341697114676
20260906T221530Z_db18dc51,WD,ETH,bitget_ofi,100,0.9,1.0199826086956525,3065,0.14276571655462733,0.0,0.22805872756933115,0.17741367371814348
20260906T221530Z_db18dc51,WD,ETH,bitget_ofi,200,0.9,1.0199826086956525,3065,0.18514418325996282,0.0,0.2933115823817292,0.25529108269092055
20260906T221530Z_db18dc51,WD,ETH,bitget_ofi,500,0.9,1.0199826086956525,3065,0.23790319959435288,0.0,0.3807504078303426,0.41332096006665053
20260906T221530Z_db18dc51,WD,ETH,bitget_ofi,1000,0.9,1.0199826086956525,3065,0.28108390103977604,0.0,0.45546492659053833,0.5876181414860209
20260906T221530Z_db18dc51,WD,ETH,bitget_ofi,2000,0.9,1.0199826086956525,2312,0.29847274117627504,0.03978231258333827,0.5030276816608996,0.8565494749415504
20260906T221530Z_db18dc51,WD,ETH,bitget_ofi,5000,0.9,1.0199826086956525,1374,0.3759685992163466,0.2000649304547578,0.5560407569141194,1.4084076541875057
20260906T221530Z_db18dc51,WD,ETH,bitget_ofi,10000,0.9,1.0199826086956525,828,0.5090966347269588,0.2788578289614822,0.5640096618357487,2.024620751273728
20260906T221530Z_db18dc51,WD,ETH,bitget_ofi,30000,0.9,1.0199826086956525,325,-0.15893753049470244,-0.15994785700137945,0.48923076923076925,3.6048084661312623
20260906T221530Z_db18dc51,WD,ETH,bitget_ofi,100,0.95,1.5313160465274456,1875,0.1649463934829943,0.0,0.2538666666666667,0.21055485113570402
20260906T221530Z_db18dc51,WD,ETH,bitget_ofi,200,0.95,1.5313160465274456,1875,0.2052870910245714,0.0,0.31893333333333335,0.2941960297810432
20260906T221530Z_db18dc51,WD,ETH,bitget_ofi,500,0.95,1.5313160465274456,1875,0.24319683242769402,0.0,0.39093333333333335,0.45280620540056704
20260906T221530Z_db18dc51,WD,ETH,bitget_ofi,1000,0.95,1.5313160465274456,1875,0.2818099867550238,0.0,0.47146666666666665,0.639268061604189
20260906T221530Z_db18dc51,WD,ETH,bitget_ofi,2000,0.95,1.5313160465274456,1549,0.3240131159289238,0.1193778028926939,0.5216268560361523,0.9012108239456172
20260906T221530Z_db18dc51,WD,ETH,bitget_ofi,5000,0.95,1.5313160465274456,1055,0.4022310201809964,0.19883482791480703,0.5421800947867299,1.4737501761410643
20260906T221530Z_db18dc51,WD,ETH,bitget_ofi,10000,0.95,1.5313160465274456,696,0.19036075822936804,0.1594846187915748,0.5359195402298851,2.0042190951713295
20260906T221530Z_db18dc51,WD,ETH,bitget_ofi,30000,0.95,1.5313160465274456,304,0.3087781919483924,0.2585504296294856,0.5098684210526315,3.74553041972689
20260906T221530Z_db18dc51,WD,ETH,bitget_trade_flow,100,0.8,1.0,5338,0.08209891955676135,0.0,0.12420382165605096,0.11957120382140782
20260906T221530Z_db18dc51,WD,ETH,bitget_trade_flow,200,0.8,1.0,5338,0.09452846316126653,0.0,0.16429374297489696,0.17449557765048856
20260906T221530Z_db18dc51,WD,ETH,bitget_trade_flow,500,0.8,1.0,5338,0.1283094217945055,0.0,0.24297489696515548,0.31149020743386063
20260906T221530Z_db18dc51,WD,ETH,bitget_trade_flow,1000,0.8,1.0,5337,0.14364447850581583,0.0,0.318905752295297,0.49008561139261314
20260906T221530Z_db18dc51,WD,ETH,bitget_trade_flow,2000,0.8,1.0,3528,0.1626726490097609,0.0,0.397108843537415,0.7531299620323952
20260906T221530Z_db18dc51,WD,ETH,bitget_trade_flow,5000,0.8,1.0,1765,0.17623355625217976,0.0,0.47592067988668557,1.3385406897129597
20260906T221530Z_db18dc51,WD,ETH,bitget_trade_flow,10000,0.8,1.0,970,0.09980061484075631,0.0,0.4979381443298969,1.9400508447200357
20260906T221530Z_db18dc51,WD,ETH,bitget_trade_flow,30000,0.8,1.0,348,0.39708820694755576,0.27900477735635554,0.5114942528735632,3.4910809464433297
20260906T221530Z_db18dc51,WD,ETH,bitget_trade_flow,100,0.9,1.0,5338,0.08209891955676135,0.0,0.12420382165605096,0.11957120382140782
20260906T221530Z_db18dc51,WD,ETH,bitget_trade_flow,200,0.9,1.0,5338,0.09452846316126653,0.0,0.16429374297489696,0.17449557765048856
20260906T221530Z_db18dc51,WD,ETH,bitget_trade_flow,500,0.9,1.0,5338,0.1283094217945055,0.0,0.24297489696515548,0.31149020743386063
20260906T221530Z_db18dc51,WD,ETH,bitget_trade_flow,1000,0.9,1.0,5337,0.14364447850581583,0.0,0.318905752295297,0.49008561139261314
20260906T221530Z_db18dc51,WD,ETH,bitget_trade_flow,2000,0.9,1.0,3528,0.1626726490097609,0.0,0.397108843537415,0.7531299620323952
20260906T221530Z_db18dc51,WD,ETH,bitget_trade_flow,5000,0.9,1.0,1765,0.17623355625217976,0.0,0.47592067988668557,1.3385406897129597
20260906T221530Z_db18dc51,WD,ETH,bitget_trade_flow,10000,0.9,1.0,970,0.09980061484075631,0.0,0.4979381443298969,1.9400508447200357
20260906T221530Z_db18dc51,WD,ETH,bitget_trade_flow,30000,0.9,1.0,348,0.39708820694755576,0.27900477735635554,0.5114942528735632,3.4910809464433297
20260906T221530Z_db18dc51,WD,ETH,bitget_trade_flow,100,0.95,1.0,5338,0.08209891955676135,0.0,0.12420382165605096,0.11957120382140782
20260906T221530Z_db18dc51,WD,ETH,bitget_trade_flow,200,0.95,1.0,5338,0.09452846316126653,0.0,0.16429374297489696,0.17449557765048856
20260906T221530Z_db18dc51,WD,ETH,bitget_trade_flow,500,0.95,1.0,5338,0.1283094217945055,0.0,0.24297489696515548,0.31149020743386063
20260906T221530Z_db18dc51,WD,ETH,bitget_trade_flow,1000,0.95,1.0,5337,0.14364447850581583,0.0,0.318905752295297,0.49008561139261314
20260906T221530Z_db18dc51,WD,ETH,bitget_trade_flow,2000,0.95,1.0,3528,0.1626726490097609,0.0,0.397108843537415,0.7531299620323952
20260906T221530Z_db18dc51,WD,ETH,bitget_trade_flow,5000,0.95,1.0,1765,0.17623355625217976,0.0,0.47592067988668557,1.3385406897129597
20260906T221530Z_db18dc51,WD,ETH,bitget_trade_flow,10000,0.95,1.0,970,0.09980061484075631,0.0,0.4979381443298969,1.9400508447200357
20260906T221530Z_db18dc51,WD,ETH,bitget_trade_flow,30000,0.95,1.0,348,0.39708820694755576,0.27900477735635554,0.5114942528735632,3.4910809464433297
20260906T221530Z_db18dc51,WD,ETH,depth_imbalance_l1,100,0.8,0.8454760232424494,3821,0.14076395804803507,0.0,0.2096309866527087,0.15575517142707082
20260906T221530Z_db18dc51,WD,ETH,depth_imbalance_l1,200,0.8,0.8454760232424494,3821,0.18544364788286358,0.0,0.2713949227950798,0.22228347698736903
20260906T221530Z_db18dc51,WD,ETH,depth_imbalance_l1,500,0.8,0.8454760232424494,3821,0.2911147675774822,0.0,0.38183721538864174,0.37929910494308544
20260906T221530Z_db18dc51,WD,ETH,depth_imbalance_l1,1000,0.8,0.8454760232424494,3821,0.35634663398442057,0.0,0.4682020413504318,0.5429582434435963
20260906T221530Z_db18dc51,WD,ETH,depth_imbalance_l1,2000,0.8,0.8454760232424494,2560,0.4368740361014293,0.1998262133664405,0.55546875,0.8234492290544239
20260906T221530Z_db18dc51,WD,ETH,depth_imbalance_l1,5000,0.8,0.8454760232424494,1414,0.5229998638947205,0.3985016352411973,0.6011315417256011,1.426343108819299
20260906T221530Z_db18dc51,WD,ETH,depth_imbalance_l1,10000,0.8,0.8454760232424494,846,0.5342684769299846,0.4383496422253726,0.5898345153664303,2.0214545308225302
20260906T221530Z_db18dc51,WD,ETH,depth_imbalance_l1,30000,0.8,0.8454760232424494,328,0.44415110934933083,0.4769940102383696,0.5487804878048781,3.5917099881355714
20260906T221530Z_db18dc51,WD,ETH,depth_imbalance_l1,100,0.9,0.9245000374503782,2478,0.20659096032173294,0.0,0.28490718321226793,0.2217070873092415
20260906T221530Z_db18dc51,WD,ETH,depth_imbalance_l1,200,0.9,0.9245000374503782,2478,0.26952417996291594,0.0,0.35351089588377727,0.2966656156514603
20260906T221530Z_db18dc51,WD,ETH,depth_imbalance_l1,500,0.9,0.9245000374503782,2478,0.38831347283272555,0.0,0.4572235673930589,0.4625125427839183
20260906T221530Z_db18dc51,WD,ETH,depth_imbalance_l1,1000,0.9,0.9245000374503782,2478,0.4580870524345232,0.1591767381416632,0.5338983050847458,0.6342281862888814
20260906T221530Z_db18dc51,WD,ETH,depth_imbalance_l1,2000,0.9,0.9245000374503782,1813,0.5531461990415133,0.3591638665563848,0.6150027578599007,0.912306697598916
20260906T221530Z_db18dc51,WD,ETH,depth_imbalance_l1,5000,0.9,0.9245000374503782,1131,0.6649649719084206,0.5175221042822311,0.6427939876215738,1.5065641107044248
20260906T221530Z_db18dc51,WD,ETH,depth_imbalance_l1,10000,0.9,0.9245000374503782,742,0.6856580253518862,0.6372490088260492,0.6118598382749326,2.056655729960607
20260906T221530Z_db18dc51,WD,ETH,depth_imbalance_l1,30000,0.9,0.9245000374503782,311,0.8135925514715043,1.0349803462491927,0.5884244372990354,3.5091654147944444
20260906T221530Z_db18dc51,WD,ETH,depth_imbalance_l1,100,0.95,0.9737031700288186,1468,0.23722694841223002,0.0,0.32697547683923706,0.26059264897905754
20260906T221530Z_db18dc51,WD,ETH,depth_imbalance_l1,200,0.95,0.9737031700288186,1468,0.3105325513343495,0.0,0.3978201634877384,0.34215489034570584
20260906T221530Z_db18dc51,WD,ETH,depth_imbalance_l1,500,0.95,0.9737031700288186,1468,0.4433827307940247,0.019932972097178814,0.5006811989100818,0.506169951292988
20260906T221530Z_db18dc51,WD,ETH,depth_imbalance_l1,1000,0.95,0.9737031700288186,1468,0.5217790744482343,0.2780690912352275,0.5728882833787466,0.693886362860354
20260906T221530Z_db18dc51,WD,ETH,depth_imbalance_l1,2000,0.95,0.9737031700288186,1151,0.6370998025015566,0.4784164416689643,0.6490008688097306,0.9637931167061036
20260906T221530Z_db18dc51,WD,ETH,depth_imbalance_l1,5000,0.95,0.9737031700288186,808,0.6567907059962722,0.5177324179344464,0.6448019801980198,1.5056766642978359
20260906T221530Z_db18dc51,WD,ETH,depth_imbalance_l1,10000,0.95,0.9737031700288186,583,0.6826895427007418,0.5566456534380598,0.5951972555746141,2.079396016236038
20260906T221530Z_db18dc51,WD,ETH,depth_imbalance_l1,30000,0.95,0.9737031700288186,275,1.0645547998345561,0.796059505867905,0.5818181818181818,3.702942614515866
20260906T221530Z_db18dc51,WD,ETH,depth_imbalance_l5,100,0.8,0.7670690879577964,3763,0.11777613103770823,0.0,0.18097262822216317,0.13214520988520034
20260906T221530Z_db18dc51,WD,ETH,depth_imbalance_l5,200,0.8,0.7670690879577964,3763,0.16425850780317075,0.0,0.239968110550093,0.19864318670680875
20260906T221530Z_db18dc51,WD,ETH,depth_imbalance_l5,500,0.8,0.7670690879577964,3763,0.25185481899722,0.0,0.3401541323412171,0.34885370819057937
20260906T221530Z_db18dc51,WD,ETH,depth_imbalance_l5,1000,0.8,0.7670690879577964,3762,0.3080637733175677,0.0,0.4226475279106858,0.502929946186348
20260906T221530Z_db18dc51,WD,ETH,depth_imbalance_l5,2000,0.8,0.7670690879577964,2482,0.405872816654994,0.11943103057280076,0.5249798549556809,0.8067392624642522
20260906T221530Z_db18dc51,WD,ETH,depth_imbalance_l5,5000,0.8,0.7670690879577964,1401,0.5702235061648422,0.3980202473402913,0.5960028551034975,1.4020512946995969
20260906T221530Z_db18dc51,WD,ETH,depth_imbalance_l5,10000,0.8,0.7670690879577964,839,0.49680614639008863,0.3986803680342449,0.5733015494636472,1.9675187039400253
20260906T221530Z_db18dc51,WD,ETH,depth_imbalance_l5,30000,0.8,0.7670690879577964,326,0.6361769339150233,0.6570798994901115,0.5552147239263804,3.6159842833897144
20260906T221530Z_db18dc51,WD,ETH,depth_imbalance_l5,100,0.9,0.8716167815451673,2268,0.14828329464737136,0.0,0.21693121693121692,0.15890908683898727
20260906T221530Z_db18dc51,WD,ETH,depth_imbalance_l5,200,0.9,0.8716167815451673,2268,0.2003917130380409,0.0,0.2839506172839506,0.22929622975626598
20260906T221530Z_db18dc51,WD,ETH,depth_imbalance_l5,500,0.9,0.8716167815451673,2268,0.285860290090325,0.0,0.3844797178130511,0.38139147616176683
20260906T221530Z_db18dc51,WD,ETH,depth_imbalance_l5,1000,0.9,0.8716167815451673,2268,0.35557775292649263,0.0,0.46472663139329806,0.5509458376356497
20260906T221530Z_db18dc51,WD,ETH,depth_imbalance_l5,2000,0.9,0.8716167815451673,1649,0.43743877237697554,0.1991984255434344,0.5518496058217102,0.8492288647359975
20260906T221530Z_db18dc51,WD,ETH,depth_imbalance_l5,5000,0.9,0.8716167815451673,1047,0.5059146726719879,0.39797747850873844,0.5959885386819485,1.4180474619632246
20260906T221530Z_db18dc51,WD,ETH,depth_imbalance_l5,10000,0.9,0.8716167815451673,699,0.5951466716325965,0.47705276808916824,0.5894134477825465,2.0013376943422077
20260906T221530Z_db18dc51,WD,ETH,depth_imbalance_l5,30000,0.9,0.8716167815451673,300,0.6350450630815999,0.8958072386430772,0.57,3.5616215268417517
20260906T221530Z_db18dc51,WD,ETH,depth_imbalance_l5,100,0.95,0.930756548818465,1351,0.18147682723564915,0.0,0.2598075499629904,0.19722012143131865
20260906T221530Z_db18dc51,WD,ETH,depth_imbalance_l5,200,0.95,0.930756548818465,1351,0.2572323178597382,0.0,0.3338267949666913,0.30059509399541295
20260906T221530Z_db18dc51,WD,ETH,depth_imbalance_l5,500,0.95,0.930756548818465,1351,0.37165823742130066,0.0,0.4396743153219837,0.45137174104803995
20260906T221530Z_db18dc51,WD,ETH,depth_imbalance_l5,1000,0.95,0.930756548818465,1351,0.43742966782726883,0.03983190934270135,0.5107327905255367,0.6266144691526729
20260906T221530Z_db18dc51,WD,ETH,depth_imbalance_l5,2000,0.95,0.930756548818465,1059,0.5414736162462851,0.31823380242318017,0.591123701605288,0.9088027731700737
20260906T221530Z_db18dc51,WD,ETH,depth_imbalance_l5,5000,0.95,0.930756548818465,751,0.6101898765830422,0.4778487251329532,0.6218375499334221,1.4559844429904543
20260906T221530Z_db18dc51,WD,ETH,depth_imbalance_l5,10000,0.95,0.930756548818465,543,0.6599308549809598,0.5182855116442769,0.5930018416206262,2.005963706954986
20260906T221530Z_db18dc51,WD,ETH,depth_imbalance_l5,30000,0.95,0.930756548818465,267,0.594738481101492,0.6349395321436598,0.5730337078651685,3.520124537031411
20260906T221530Z_db18dc51,WD,ETH,external_ofi,100,0.8,0.13998743698149144,6265,0.11105425926776805,0.0,0.15482841181165202,0.13080687957162584
20260906T221530Z_db18dc51,WD,ETH,external_ofi,200,0.8,0.13998743698149144,6265,0.1415579535146226,0.0,0.20558659217877095,0.19100744839332479
20260906T221530Z_db18dc51,WD,ETH,external_ofi,500,0.8,0.13998743698149144,6265,0.20117697279843708,0.0,0.29896249002394254,0.3322100809282262
20260906T221530Z_db18dc51,WD,ETH,external_ofi,1000,0.8,0.13998743698149144,6264,0.23424611047960617,0.0,0.37819284802043424,0.5015696455306425
20260906T221530Z_db18dc51,WD,ETH,external_ofi,2000,0.8,0.13998743698149144,3900,0.2751969168053913,0.0,0.46487179487179486,0.7751189404856251
20260906T221530Z_db18dc51,WD,ETH,external_ofi,5000,0.8,0.13998743698149144,1860,0.2927649050387929,0.07952159849478752,0.5155913978494624,1.3234184571332528
20260906T221530Z_db18dc51,WD,ETH,external_ofi,10000,0.8,0.13998743698149144,997,0.31162560454067906,0.2004916054212275,0.5396188565697091,1.946027918618167
20260906T221530Z_db18dc51,WD,ETH,external_ofi,30000,0.8,0.13998743698149144,350,-0.03156120877516589,0.11963136529724959,0.5171428571428571,3.4879883833414707
20260906T221530Z_db18dc51,WD,ETH,external_ofi,100,0.9,0.3932314248043311,4337,0.18302508938157871,0.0,0.24094996541388056,0.2046573655430437
20260906T221530Z_db18dc51,WD,ETH,external_ofi,200,0.9,0.3932314248043311,4337,0.22022843635102327,0.0,0.29513488586580583,0.27827810515882606
20260906T221530Z_db18dc51,WD,ETH,external_ofi,500,0.9,0.3932314248043311,4337,0.2687807348563546,0.0,0.3772192759972331,0.4247189096291482
20260906T221530Z_db18dc51,WD,ETH,external_ofi,1000,0.9,0.3932314248043311,4336,0.3147608768786891,0.0,0.448570110701107,0.5919556550744569
20260906T221530Z_db18dc51,WD,ETH,external_ofi,2000,0.9,0.3932314248043311,3023,0.428716644838555,0.11955906616537199,0.5233212041018855,0.8497070410808142
20260906T221530Z_db18dc51,WD,ETH,external_ofi,5000,0.9,0.3932314248043311,1623,0.47631443147512287,0.31793153744584735,0.5625385089340728,1.404946437568064
20260906T221530Z_db18dc51,WD,ETH,external_ofi,10000,0.9,0.3932314248043311,927,0.4400939078617148,0.3194932836786632,0.5728155339805825,1.9428734278996562
20260906T221530Z_db18dc51,WD,ETH,external_ofi,30000,0.9,0.3932314248043311,341,0.615582158735815,0.5966776987499122,0.5454545454545454,3.477871599750135
20260906T221530Z_db18dc51,WD,ETH,external_ofi,100,0.95,0.9236440585715404,2848,0.26656402445000904,0.0,0.3026685393258427,0.2942400064000109
20260906T221530Z_db18dc51,WD,ETH,external_ofi,200,0.95,0.9236440585715404,2848,0.3022339971097901,0.0,0.35463483146067415,0.3650303498651322
20260906T221530Z_db18dc51,WD,ETH,external_ofi,500,0.95,0.9236440585715404,2848,0.3475708061171102,0.0,0.42661516853932585,0.523724981479846
20260906T221530Z_db18dc51,WD,ETH,external_ofi,1000,0.95,0.9236440585715404,2847,0.37759150568884764,0.0,0.4906919564453811,0.6926789676990678
20260906T221530Z_db18dc51,WD,ETH,external_ofi,2000,0.95,0.9236440585715404,2186,0.4505374291975789,0.2384173858619163,0.5480329368709973,0.9395604120741657
20260906T221530Z_db18dc51,WD,ETH,external_ofi,5000,0.95,0.9236440585715404,1322,0.5325915125336594,0.3391292739593429,0.5763993948562783,1.483758002963738
20260906T221530Z_db18dc51,WD,ETH,external_ofi,10000,0.95,0.9236440585715404,819,0.4417543677695263,0.3190269677746051,0.5677655677655677,2.0119081101131826
20260906T221530Z_db18dc51,WD,ETH,external_ofi,30000,0.95,0.9236440585715404,324,0.35975399706234773,0.49737631453637887,0.5339506172839507,3.7634108711883645
20260906T221530Z_db18dc51,WD,ETH,external_trade_flow,100,0.8,1.0,9278,0.020592666587812777,0.0,0.04860961414097866,0.04628466081812418
20260906T221530Z_db18dc51,WD,ETH,external_trade_flow,200,0.8,1.0,9278,0.026579921615490058,0.0,0.0815908600991593,0.09231492769225196
20260906T221530Z_db18dc51,WD,ETH,external_trade_flow,500,0.8,1.0,9277,0.036998280201524895,0.0,0.15080306133448312,0.20564164626235465
20260906T221530Z_db18dc51,WD,ETH,external_trade_flow,1000,0.8,1.0,9277,0.049154777736018805,0.0,0.23628328123315728,0.38335497633323473
20260906T221530Z_db18dc51,WD,ETH,external_trade_flow,2000,0.8,1.0,4987,0.06850797267152195,0.0,0.33827952676960094,0.6630527025827118
20260906T221530Z_db18dc51,WD,ETH,external_trade_flow,5000,0.8,1.0,2092,0.17456218910947383,0.0,0.47084130019120457,1.2676032337152385
20260906T221530Z_db18dc51,WD,ETH,external_trade_flow,10000,0.8,1.0,1062,0.07925386272582056,0.0,0.4962335216572505,1.864561098472851
20260906T221530Z_db18dc51,WD,ETH,external_trade_flow,30000,0.8,1.0,358,0.3210975521199645,0.2385956331322458,0.5307262569832403,3.4461539913933756
20260906T221530Z_db18dc51,WD,ETH,external_trade_flow,100,0.9,1.0,9278,0.020592666587812777,0.0,0.04860961414097866,0.04628466081812418
20260906T221530Z_db18dc51,WD,ETH,external_trade_flow,200,0.9,1.0,9278,0.026579921615490058,0.0,0.0815908600991593,0.09231492769225196
20260906T221530Z_db18dc51,WD,ETH,external_trade_flow,500,0.9,1.0,9277,0.036998280201524895,0.0,0.15080306133448312,0.20564164626235465
20260906T221530Z_db18dc51,WD,ETH,external_trade_flow,1000,0.9,1.0,9277,0.049154777736018805,0.0,0.23628328123315728,0.38335497633323473
20260906T221530Z_db18dc51,WD,ETH,external_trade_flow,2000,0.9,1.0,4987,0.06850797267152195,0.0,0.33827952676960094,0.6630527025827118
20260906T221530Z_db18dc51,WD,ETH,external_trade_flow,5000,0.9,1.0,2092,0.17456218910947383,0.0,0.47084130019120457,1.2676032337152385
20260906T221530Z_db18dc51,WD,ETH,external_trade_flow,10000,0.9,1.0,1062,0.07925386272582056,0.0,0.4962335216572505,1.864561098472851
20260906T221530Z_db18dc51,WD,ETH,external_trade_flow,30000,0.9,1.0,358,0.3210975521199645,0.2385956331322458,0.5307262569832403,3.4461539913933756
20260906T221530Z_db18dc51,WD,ETH,external_trade_flow,100,0.95,1.0,9278,0.020592666587812777,0.0,0.04860961414097866,0.04628466081812418
20260906T221530Z_db18dc51,WD,ETH,external_trade_flow,200,0.95,1.0,9278,0.026579921615490058,0.0,0.0815908600991593,0.09231492769225196
20260906T221530Z_db18dc51,WD,ETH,external_trade_flow,500,0.95,1.0,9277,0.036998280201524895,0.0,0.15080306133448312,0.20564164626235465
20260906T221530Z_db18dc51,WD,ETH,external_trade_flow,1000,0.95,1.0,9277,0.049154777736018805,0.0,0.23628328123315728,0.38335497633323473
20260906T221530Z_db18dc51,WD,ETH,external_trade_flow,2000,0.95,1.0,4987,0.06850797267152195,0.0,0.33827952676960094,0.6630527025827118
20260906T221530Z_db18dc51,WD,ETH,external_trade_flow,5000,0.95,1.0,2092,0.17456218910947383,0.0,0.47084130019120457,1.2676032337152385
20260906T221530Z_db18dc51,WD,ETH,external_trade_flow,10000,0.95,1.0,1062,0.07925386272582056,0.0,0.4962335216572505,1.864561098472851
20260906T221530Z_db18dc51,WD,ETH,external_trade_flow,30000,0.95,1.0,358,0.3210975521199645,0.2385956331322458,0.5307262569832403,3.4461539913933756
20260906T221530Z_db18dc51,WD,ETH,fair_accel_100ms,100,0.8,0.00023104825590850302,5206,0.11597881716840226,0.0,0.1571263926238955,0.15035044826846597
20260906T221530Z_db18dc51,WD,ETH,fair_accel_100ms,200,0.8,0.00023104825590850302,5206,0.14283230226184515,0.0,0.2076450249711871,0.21264045089300804
20260906T221530Z_db18dc51,WD,ETH,fair_accel_100ms,500,0.8,0.00023104825590850302,5206,0.19492972272382264,0.0,0.29888590088359585,0.36113885300447185
20260906T221530Z_db18dc51,WD,ETH,fair_accel_100ms,1000,0.8,0.00023104825590850302,5205,0.20959180192835059,0.0,0.37002881844380403,0.5328147349427713
20260906T221530Z_db18dc51,WD,ETH,fair_accel_100ms,2000,0.8,0.00023104825590850302,3456,0.21118714141669914,0.0,0.43605324074074076,0.812586381706866
20260906T221530Z_db18dc51,WD,ETH,fair_accel_100ms,5000,0.8,0.00023104825590850302,1748,0.272204353664713,0.07963019737313251,0.5137299771167048,1.340932533343701
20260906T221530Z_db18dc51,WD,ETH,fair_accel_100ms,10000,0.8,0.00023104825590850302,963,0.28766350605866453,0.19906915264919592,0.5327102803738317,2.0159372872621595
20260906T221530Z_db18dc51,WD,ETH,fair_accel_100ms,30000,0.8,0.00023104825590850302,343,0.37258141716718,0.5967797765054321,0.5335276967930029,3.5851482476247516
20260906T221530Z_db18dc51,WD,ETH,fair_accel_100ms,100,0.9,0.17208893629000116,3326,0.20799090926543318,0.0,0.24203247143716175,0.2402943134183014
20260906T221530Z_db18dc51,WD,ETH,fair_accel_100ms,200,0.9,0.17208893629000116,3326,0.23733651566799013,0.0,0.29073962717979557,0.3083893181370942
20260906T221530Z_db18dc51,WD,ETH,fair_accel_100ms,500,0.9,0.17208893629000116,3326,0.2817006701783703,0.0,0.370414912808178,0.46178014198468953
20260906T221530Z_db18dc51,WD,ETH,fair_accel_100ms,1000,0.9,0.17208893629000116,3325,0.3287345595769617,0.0,0.4427067669172932,0.6297293341983823
20260906T221530Z_db18dc51,WD,ETH,fair_accel_100ms,2000,0.9,0.17208893629000116,2446,0.3990645715709605,0.039960451054755215,0.5073589533932952,0.8848696723428524
20260906T221530Z_db18dc51,WD,ETH,fair_accel_100ms,5000,0.9,0.17208893629000116,1421,0.4604357500419448,0.27947124043362837,0.5517241379310345,1.4885963125780564
20260906T221530Z_db18dc51,WD,ETH,fair_accel_100ms,10000,0.9,0.17208893629000116,849,0.4925238330063895,0.3975376518369318,0.5771495877502945,1.9540544585918207
20260906T221530Z_db18dc51,WD,ETH,fair_accel_100ms,30000,0.9,0.17208893629000116,328,0.20920128291197168,0.3387982569417095,0.5213414634146342,3.6589405015928835
20260906T221530Z_db18dc51,WD,ETH,fair_accel_100ms,100,0.95,0.3977639744033837,2136,0.2947448587512129,0.0,0.3000936329588015,0.33790368110519237
20260906T221530Z_db18dc51,WD,ETH,fair_accel_100ms,200,0.95,0.3977639744033837,2136,0.32105666600152455,0.0,0.3450374531835206,0.3993317886976788
20260906T221530Z_db18dc51,WD,ETH,fair_accel_100ms,500,0.95,0.3977639744033837,2136,0.3651549689046702,0.0,0.41947565543071164,0.5650972761142944
20260906T221530Z_db18dc51,WD,ETH,fair_accel_100ms,1000,0.95,0.3977639744033837,2135,0.39489717334347113,0.0,0.48149882903981267,0.7304391739417054
20260906T221530Z_db18dc51,WD,ETH,fair_accel_100ms,2000,0.95,0.3977639744033837,1747,0.4037044899593868,0.15944671988535936,0.5289066971951918,0.982154321885649
20260906T221530Z_db18dc51,WD,ETH,fair_accel_100ms,5000,0.95,0.3977639744033837,1138,0.5192189023743788,0.3594353528637232,0.5773286467486819,1.5297145610876468
20260906T221530Z_db18dc51,WD,ETH,fair_accel_100ms,10000,0.95,0.3977639744033837,736,0.4726896719733586,0.3201023107267238,0.5665760869565217,2.1139158489859047
20260906T221530Z_db18dc51,WD,ETH,fair_accel_100ms,30000,0.95,0.3977639744033837,311,0.5584735380807819,0.23875608083106395,0.5209003215434084,3.645523128279969
20260906T221530Z_db18dc51,WD,ETH,fair_gap_reversion,100,0.8,0.5027999396101103,3078,0.13459827552543535,0.0,0.12183235867446393,0.18507416313738095
20260906T221530Z_db18dc51,WD,ETH,fair_gap_reversion,200,0.8,0.5027999396101103,3078,0.14808935528033407,0.0,0.16146848602988953,0.24633666662477496
20260906T221530Z_db18dc51,WD,ETH,fair_gap_reversion,500,0.8,0.5027999396101103,3078,0.18814675424596067,0.0,0.23619233268356074,0.37561002316552417
20260906T221530Z_db18dc51,WD,ETH,fair_gap_reversion,1000,0.8,0.5027999396101103,3077,0.22303887836301897,0.0,0.3214169645758856,0.5677193637385901
20260906T221530Z_db18dc51,WD,ETH,fair_gap_reversion,2000,0.8,0.5027999396101103,2020,0.26019287509130823,0.0,0.4267326732673267,0.8924130847457761
20260906T221530Z_db18dc51,WD,ETH,fair_gap_reversion,5000,0.8,0.5027999396101103,1173,0.3830264506622474,0.17849121377428018,0.5225916453537937,1.4943131935334042
20260906T221530Z_db18dc51,WD,ETH,fair_gap_reversion,10000,0.8,0.5027999396101103,741,0.4415704300781316,0.3174785851039609,0.5398110661268556,2.1092655474980457
20260906T221530Z_db18dc51,WD,ETH,fair_gap_reversion,30000,0.8,0.5027999396101103,307,-0.04159631832780351,0.1194966799843294,0.511400651465798,3.7442914732676176
20260906T221530Z_db18dc51,WD,ETH,fair_gap_reversion,100,0.9,0.6662132358415951,1738,0.23888716326969536,0.0,0.16858457997698503,0.2790591326227298
20260906T221530Z_db18dc51,WD,ETH,fair_gap_reversion,200,0.9,0.6662132358415951,1738,0.25393928792077197,0.0,0.21288837744533948,0.33874059759179215
20260906T221530Z_db18dc51,WD,ETH,fair_gap_reversion,500,0.9,0.6662132358415951,1738,0.32782941332221055,0.0,0.30149597238204834,0.48402317895301183
20260906T221530Z_db18dc51,WD,ETH,fair_gap_reversion,1000,0.9,0.6662132358415951,1737,0.3577483331743184,0.0,0.3793897524467473,0.6817780191138224
20260906T221530Z_db18dc51,WD,ETH,fair_gap_reversion,2000,0.9,0.6662132358415951,1233,0.41831658155171547,0.0,0.47769667477696676,0.9900160081622523
20260906T221530Z_db18dc51,WD,ETH,fair_gap_reversion,5000,0.9,0.6662132358415951,792,0.5246047921746576,0.27830401654697434,0.5517676767676768,1.6257753288741121
20260906T221530Z_db18dc51,WD,ETH,fair_gap_reversion,10000,0.9,0.6662132358415951,564,0.6302366889739577,0.4773252601274116,0.5602836879432624,2.187293917630443
20260906T221530Z_db18dc51,WD,ETH,fair_gap_reversion,30000,0.9,0.6662132358415951,267,0.746530899441565,0.3181009374308905,0.550561797752809,3.625096738036685
20260906T221530Z_db18dc51,WD,ETH,fair_gap_reversion,100,0.95,0.8377605393711782,945,0.3918107483576165,0.0,0.22433862433862434,0.43512684554654324
20260906T221530Z_db18dc51,WD,ETH,fair_gap_reversion,200,0.95,0.8377605393711782,945,0.41570363973280333,0.0,0.2624338624338624,0.487264549155134
20260906T221530Z_db18dc51,WD,ETH,fair_gap_reversion,500,0.95,0.8377605393711782,945,0.49239189706063313,0.0,0.3566137566137566,0.6217647234049718
20260906T221530Z_db18dc51,WD,ETH,fair_gap_reversion,1000,0.95,0.8377605393711782,945,0.5418298741629253,0.0,0.41904761904761906,0.8278632375773777
20260906T221530Z_db18dc51,WD,ETH,fair_gap_reversion,2000,0.95,0.8377605393711782,705,0.6449233211237472,0.19916271993321774,0.5234042553191489,1.1899797403839292
20260906T221530Z_db18dc51,WD,ETH,fair_gap_reversion,5000,0.95,0.8377605393711782,500,0.7202378285021536,0.4771145347358271,0.572,1.7466387583778673
20260906T221530Z_db18dc51,WD,ETH,fair_gap_reversion,10000,0.95,0.8377605393711782,386,0.7020270314431178,0.47895382145329457,0.5803108808290155,2.3117817766063435
20260906T221530Z_db18dc51,WD,ETH,fair_gap_reversion,30000,0.95,0.8377605393711782,215,0.6772111549935104,0.11944054051137894,0.5255813953488372,3.6770387790659167
20260906T221530Z_db18dc51,WD,ETH,leader_gap_1000ms,100,0.8,0.39751201851267914,3600,0.113982003822382,0.0,0.1272222222222222,0.18094056957511917
20260906T221530Z_db18dc51,WD,ETH,leader_gap_1000ms,200,0.8,0.39751201851267914,3600,0.12156537563323576,0.0,0.17,0.24398245717265715
20260906T221530Z_db18dc51,WD,ETH,leader_gap_1000ms,500,0.8,0.39751201851267914,3599,0.14448019760468733,0.0,0.24868018894137262,0.38323372411000045
20260906T221530Z_db18dc51,WD,ETH,leader_gap_1000ms,1000,0.8,0.39751201851267914,3599,0.16827910558307194,0.0,0.3323145318143929,0.568219274646435
20260906T221530Z_db18dc51,WD,ETH,leader_gap_1000ms,2000,0.8,0.39751201851267914,2441,0.18424897271811028,0.0,0.420319541171651,0.8726279680668921
20260906T221530Z_db18dc51,WD,ETH,leader_gap_1000ms,5000,0.8,0.39751201851267914,1405,0.21212201952765147,0.0,0.49395017793594304,1.4273153759433865
20260906T221530Z_db18dc51,WD,ETH,leader_gap_1000ms,10000,0.8,0.39751201851267914,850,0.19676498785548585,0.13954668977513504,0.528235294117647,1.9788937504909725
20260906T221530Z_db18dc51,WD,ETH,leader_gap_1000ms,30000,0.8,0.39751201851267914,329,0.51145016947729,0.517396461122135,0.5440729483282675,3.4572506645191474
20260906T221530Z_db18dc51,WD,ETH,leader_gap_1000ms,100,0.9,0.5969341840405453,2262,0.19258820224972148,0.0,0.17197170645446508,0.2519608418494944
20260906T221530Z_db18dc51,WD,ETH,leader_gap_1000ms,200,0.9,0.5969341840405453,2262,0.19943571853389533,0.0,0.21706454465075153,0.3185332373910269
20260906T221530Z_db18dc51,WD,ETH,leader_gap_1000ms,500,0.9,0.5969341840405453,2261,0.23527301299843634,0.0,0.3069438301636444,0.46727779586702284
20260906T221530Z_db18dc51,WD,ETH,leader_gap_1000ms,1000,0.9,0.5969341840405453,2261,0.27681480797100655,0.0,0.3847854931446263,0.6613192159778595
20260906T221530Z_db18dc51,WD,ETH,leader_gap_1000ms,2000,0.9,0.5969341840405453,1681,0.3111291334611969,0.0,0.46222486615110053,0.9398421593463977
20260906T221530Z_db18dc51,WD,ETH,leader_gap_1000ms,5000,0.9,0.5969341840405453,1089,0.3706338773389096,0.19938271113370779,0.5390266299357208,1.5260265572687477
20260906T221530Z_db18dc51,WD,ETH,leader_gap_1000ms,10000,0.9,0.5969341840405453,721,0.37825669126984257,0.23957212419793747,0.5436893203883495,2.0820473054889987
20260906T221530Z_db18dc51,WD,ETH,leader_gap_1000ms,30000,0.9,0.5969341840405453,308,0.7364594665398838,0.49741767626893924,0.5551948051948052,3.568918089384693
20260906T221530Z_db18dc51,WD,ETH,leader_gap_1000ms,100,0.95,0.7816190902524731,1356,0.2970600479464726,0.0,0.21386430678466076,0.34882252376997797
20260906T221530Z_db18dc51,WD,ETH,leader_gap_1000ms,200,0.95,0.7816190902524731,1356,0.30659522120677457,0.0,0.2691740412979351,0.4228045964069198
20260906T221530Z_db18dc51,WD,ETH,leader_gap_1000ms,500,0.95,0.7816190902524731,1355,0.3445836336278509,0.0,0.36014760147601477,0.570338649431557
20260906T221530Z_db18dc51,WD,ETH,leader_gap_1000ms,1000,0.95,0.7816190902524731,1355,0.40968339245678886,0.0,0.4354243542435424,0.7543925006208333
20260906T221530Z_db18dc51,WD,ETH,leader_gap_1000ms,2000,0.95,0.7816190902524731,1069,0.4554194704223156,0.03981034352485955,0.5032740879326474,1.0499461586583914
20260906T221530Z_db18dc51,WD,ETH,leader_gap_1000ms,5000,0.95,0.7816190902524731,782,0.47987262966282146,0.2982445491851876,0.5562659846547314,1.6270142985853782
20260906T221530Z_db18dc51,WD,ETH,leader_gap_1000ms,10000,0.95,0.7816190902524731,560,0.5073364103140993,0.4381195919601151,0.5696428571428571,2.211408188271786
20260906T221530Z_db18dc51,WD,ETH,leader_gap_1000ms,30000,0.95,0.7816190902524731,272,0.7633779748742668,0.43951629285852933,0.5294117647058824,3.700735290680959
20260906T221530Z_db18dc51,WD,ETH,leader_gap_100ms,100,0.8,0.0008305534516436084,5432,0.07421016141383194,0.0,0.12279086892488954,0.1452566541291046
20260906T221530Z_db18dc51,WD,ETH,leader_gap_100ms,200,0.8,0.0008305534516436084,5432,0.08336294179347141,0.0,0.16071428571428573,0.2075634331674548
20260906T221530Z_db18dc51,WD,ETH,leader_gap_100ms,500,0.8,0.0008305534516436084,5432,0.09721883385801536,0.0,0.2424521354933726,0.3619826900932947
20260906T221530Z_db18dc51,WD,ETH,leader_gap_100ms,1000,0.8,0.0008305534516436084,5431,0.10779802154954853,0.0,0.30970355367335667,0.5302392871818392
20260906T221530Z_db18dc51,WD,ETH,leader_gap_100ms,2000,0.8,0.0008305534516436084,3521,0.10520423122102432,0.0,0.38426583357000854,0.8038402500977624
20260906T221530Z_db18dc51,WD,ETH,leader_gap_100ms,5000,0.8,0.0008305534516436084,1765,0.1427794787344169,0.0,0.46458923512747874,1.3150957534295562
20260906T221530Z_db18dc51,WD,ETH,leader_gap_100ms,10000,0.8,0.0008305534516436084,969,0.2142335555436305,0.11914406901022377,0.5128998968008256,1.9723056147495313
20260906T221530Z_db18dc51,WD,ETH,leader_gap_100ms,30000,0.8,0.0008305534516436084,344,0.4215411397553639,0.278632031026156,0.5319767441860465,3.543403105973536
20260906T221530Z_db18dc51,WD,ETH,leader_gap_100ms,100,0.9,0.10034197296480478,4415,0.09846946733065923,0.0,0.13975084937712345,0.18278234450987146
20260906T221530Z_db18dc51,WD,ETH,leader_gap_100ms,200,0.9,0.10034197296480478,4415,0.10206585339263045,0.0,0.1768969422423556,0.252415640079355
20260906T221530Z_db18dc51,WD,ETH,leader_gap_100ms,500,0.9,0.10034197296480478,4415,0.1268644015736026,0.0,0.2582106455266138,0.39755166914757656
20260906T221530Z_db18dc51,WD,ETH,leader_gap_100ms,1000,0.9,0.10034197296480478,4414,0.1433987953740633,0.0,0.3237426370638876,0.5615932450880208
20260906T221530Z_db18dc51,WD,ETH,leader_gap_100ms,2000,0.9,0.10034197296480478,3061,0.1887944127726589,0.0,0.40836327997386473,0.8300626439237667
20260906T221530Z_db18dc51,WD,ETH,leader_gap_100ms,5000,0.9,0.10034197296480478,1633,0.16238242730075622,0.0,0.4696876913655848,1.3775081909418132
20260906T221530Z_db18dc51,WD,ETH,leader_gap_100ms,10000,0.9,0.10034197296480478,925,0.31486527192652164,0.15852351201192016,0.5297297297297298,1.9566016592715159
20260906T221530Z_db18dc51,WD,ETH,leader_gap_100ms,30000,0.9,0.10034197296480478,339,0.14757721397694054,0.2777987229385786,0.5221238938053098,3.4470089746992874
20260906T221530Z_db18dc51,WD,ETH,leader_gap_100ms,100,0.95,0.318805246782487,2936,0.15905248467170294,0.0,0.17302452316076294,0.24218807985215904
20260906T221530Z_db18dc51,WD,ETH,leader_gap_100ms,200,0.95,0.318805246782487,2936,0.15503438980500794,0.0,0.20776566757493187,0.31428461354561266
20260906T221530Z_db18dc51,WD,ETH,leader_gap_100ms,500,0.95,0.318805246782487,2936,0.17708933333293297,0.0,0.2840599455040872,0.4605500656362534
20260906T221530Z_db18dc51,WD,ETH,leader_gap_100ms,1000,0.95,0.318805246782487,2935,0.20293640401113833,0.0,0.35877342419080066,0.6337316721229347
20260906T221530Z_db18dc51,WD,ETH,leader_gap_100ms,2000,0.95,0.318805246782487,2244,0.21179795149406924,0.0,0.43003565062388593,0.8987208105952883
20260906T221530Z_db18dc51,WD,ETH,leader_gap_100ms,5000,0.95,0.318805246782487,1345,0.2544241963518027,0.03969545645681564,0.5003717472118959,1.4581267376347058
20260906T221530Z_db18dc51,WD,ETH,leader_gap_100ms,10000,0.95,0.318805246782487,823,0.2919602652214722,0.2784097236769724,0.5504252733900364,1.9916036296084842
20260906T221530Z_db18dc51,WD,ETH,leader_gap_100ms,30000,0.95,0.318805246782487,324,0.7843277988437747,0.6762001655375378,0.558641975308642,3.545222711583112
20260906T221530Z_db18dc51,WD,ETH,leader_gap_200ms,100,0.8,0.03824846984902209,5103,0.08380531955095027,0.0,0.12678816382520086,0.15675190082218807
20260906T221530Z_db18dc51,WD,ETH,leader_gap_200ms,200,0.8,0.03824846984902209,5103,0.08987737751295148,0.0,0.165588869292573,0.21807969174149847
20260906T221530Z_db18dc51,WD,ETH,leader_gap_200ms,500,0.8,0.03824846984902209,5103,0.1105430056716421,0.0,0.24926513815402704,0.36561805695863775
20260906T221530Z_db18dc51,WD,ETH,leader_gap_200ms,1000,0.8,0.03824846984902209,5102,0.13319680968442504,0.0,0.3210505684045472,0.5360023421633883
20260906T221530Z_db18dc51,WD,ETH,leader_gap_200ms,2000,0.8,0.03824846984902209,3391,0.16073562606745212,0.0,0.4072544971984665,0.8140321017750323
20260906T221530Z_db18dc51,WD,ETH,leader_gap_200ms,5000,0.8,0.03824846984902209,1732,0.20960631978585773,0.0,0.48036951501154734,1.327214391915073
20260906T221530Z_db18dc51,WD,ETH,leader_gap_200ms,10000,0.8,0.03824846984902209,965,0.3333100313267454,0.1994328130870974,0.5430051813471503,1.9402315375821224
20260906T221530Z_db18dc51,WD,ETH,leader_gap_200ms,30000,0.8,0.03824846984902209,343,0.6216271424648853,0.796059505867905,0.5568513119533528,3.6041735862704867
20260906T221530Z_db18dc51,WD,ETH,leader_gap_200ms,100,0.9,0.2653034352087104,3497,0.12544027257065338,0.0,0.15184443808979126,0.20536362250886067
20260906T221530Z_db18dc51,WD,ETH,leader_gap_200ms,200,0.9,0.2653034352087104,3497,0.1316462571954005,0.0,0.18987703746068058,0.28173498793610013
20260906T221530Z_db18dc51,WD,ETH,leader_gap_200ms,500,0.9,0.2653034352087104,3497,0.15040842632154588,0.0,0.2647983986273949,0.42764909715660054
20260906T221530Z_db18dc51,WD,ETH,leader_gap_200ms,1000,0.9,0.2653034352087104,3496,0.17364174016966677,0.0,0.3343821510297483,0.5940098546129684
20260906T221530Z_db18dc51,WD,ETH,leader_gap_200ms,2000,0.9,0.2653034352087104,2550,0.18886203934801643,0.0,0.41568627450980394,0.8769408053505195
20260906T221530Z_db18dc51,WD,ETH,leader_gap_200ms,5000,0.9,0.2653034352087104,1454,0.26539623875292073,0.03974872735105053,0.5020632737276479,1.44435437603387
20260906T221530Z_db18dc51,WD,ETH,leader_gap_200ms,10000,0.9,0.2653034352087104,869,0.2243189592345411,0.07987172600912797,0.525891829689298,2.043781165642425
20260906T221530Z_db18dc51,WD,ETH,leader_gap_200ms,30000,0.9,0.2653034352087104,330,0.6984185569836869,0.4373467586906991,0.5545454545454546,3.614173837900926
20260906T221530Z_db18dc51,WD,ETH,leader_gap_200ms,100,0.95,0.47938019917537683,2203,0.21100113369838094,0.0,0.19337267362687244,0.2809684986801114
20260906T221530Z_db18dc51,WD,ETH,leader_gap_200ms,200,0.95,0.47938019917537683,2203,0.21038728274488788,0.0,0.2342260553790286,0.3532228459614886
20260906T221530Z_db18dc51,WD,ETH,leader_gap_200ms,500,0.95,0.47938019917537683,2203,0.26555812856156863,0.0,0.318656377666818,0.5094125109622103
20260906T221530Z_db18dc51,WD,ETH,leader_gap_200ms,1000,0.95,0.47938019917537683,2203,0.2952133149895017,0.0,0.3931003177485247,0.6919759086756093
20260906T221530Z_db18dc51,WD,ETH,leader_gap_200ms,2000,0.95,0.47938019917537683,1765,0.2778232612921587,0.0,0.4481586402266289,0.9320310914198014
20260906T221530Z_db18dc51,WD,ETH,leader_gap_200ms,5000,0.95,0.47938019917537683,1152,0.33908876128716253,0.09951460276600971,0.5199652777777778,1.527409457042021
20260906T221530Z_db18dc51,WD,ETH,leader_gap_200ms,10000,0.95,0.47938019917537683,746,0.3855177840077233,0.2985307237468519,0.5603217158176944,2.0625531090504814
20260906T221530Z_db18dc51,WD,ETH,leader_gap_200ms,30000,0.95,0.47938019917537683,307,0.4452213869691179,0.27941434754659106,0.5244299674267101,3.642789751762856
20260906T221530Z_db18dc51,WD,ETH,leader_gap_500ms,100,0.8,0.2511965447745976,3991,0.11130677828320597,0.0,0.13580556251566023,0.1842733079563684
20260906T221530Z_db18dc51,WD,ETH,leader_gap_500ms,200,0.8,0.2511965447745976,3991,0.1149210511017958,0.0,0.17414181909295917,0.25581845711972756
20260906T221530Z_db18dc51,WD,ETH,leader_gap_500ms,500,0.8,0.2511965447745976,3991,0.1429571159525795,0.0,0.25206715108995237,0.3955244466442632
20260906T221530Z_db18dc51,WD,ETH,leader_gap_500ms,1000,0.8,0.2511965447745976,3990,0.16187104642989347,0.0,0.32907268170426063,0.5696585931492332
20260906T221530Z_db18dc51,WD,ETH,leader_gap_500ms,2000,0.8,0.2511965447745976,2796,0.17196574812068627,0.0,0.4073676680972818,0.8477991147610023
20260906T221530Z_db18dc51,WD,ETH,leader_gap_500ms,5000,0.8,0.2511965447745976,1529,0.17817992211831687,0.0,0.4754741661216481,1.4041747789952121
20260906T221530Z_db18dc51,WD,ETH,leader_gap_500ms,10000,0.8,0.2511965447745976,896,0.1103587031644101,0.03988322802007498,0.5100446428571429,2.046296741675847
20260906T221530Z_db18dc51,WD,ETH,leader_gap_500ms,30000,0.8,0.2511965447745976,335,0.5550558204765529,0.4378806576864469,0.5552238805970149,3.6147864299717565
20260906T221530Z_db18dc51,WD,ETH,leader_gap_500ms,100,0.9,0.4775513857213582,2539,0.17989068129068014,0.0,0.17014572666404096,0.24670152934520984
20260906T221530Z_db18dc51,WD,ETH,leader_gap_500ms,200,0.9,0.4775513857213582,2539,0.185037550429822,0.0,0.21583300512012604,0.320094503613297
20260906T221530Z_db18dc51,WD,ETH,leader_gap_500ms,500,0.9,0.4775513857213582,2538,0.2266393771519742,0.0,0.2962962962962963,0.46892513132190383
20260906T221530Z_db18dc51,WD,ETH,leader_gap_500ms,1000,0.9,0.4775513857213582,2538,0.24321479709660113,0.0,0.3672182821118991,0.6463078585684243
20260906T221530Z_db18dc51,WD,ETH,leader_gap_500ms,2000,0.9,0.4775513857213582,1945,0.24370432069836773,0.0,0.43496143958868894,0.912869260845409
20260906T221530Z_db18dc51,WD,ETH,leader_gap_500ms,5000,0.9,0.4775513857213582,1221,0.2787807556071486,0.03986350735015895,0.5102375102375102,1.4682643474164108
20260906T221530Z_db18dc51,WD,ETH,leader_gap_500ms,10000,0.9,0.4775513857213582,775,0.35315567303501544,0.3182439300211593,0.5612903225806452,2.079236882582667
20260906T221530Z_db18dc51,WD,ETH,leader_gap_500ms,30000,0.9,0.4775513857213582,317,0.5706218080326065,0.39917052370515216,0.5488958990536278,3.573428048071663
20260906T221530Z_db18dc51,WD,ETH,leader_gap_500ms,100,0.95,0.6624105600013377,1558,0.2713614882838655,0.0,0.21245186136071886,0.332011449454258
20260906T221530Z_db18dc51,WD,ETH,leader_gap_500ms,200,0.95,0.6624105600013377,1558,0.28354911286826995,0.0,0.2644415917843389,0.40931459099475614
20260906T221530Z_db18dc51,WD,ETH,leader_gap_500ms,500,0.95,0.6624105600013377,1557,0.34408988359071085,0.0,0.35324341682723187,0.554100680762923
20260906T221530Z_db18dc51,WD,ETH,leader_gap_500ms,1000,0.95,0.6624105600013377,1557,0.38820362647380896,0.0,0.42324983943481054,0.7405707548094256
20260906T221530Z_db18dc51,WD,ETH,leader_gap_500ms,2000,0.95,0.6624105600013377,1281,0.38149208644403476,0.0,0.4715066354410617,0.9848902521595678
20260906T221530Z_db18dc51,WD,ETH,leader_gap_500ms,5000,0.95,0.6624105600013377,909,0.4229044984887224,0.27862138142076864,0.5522552255225522,1.5586568662374702
20260906T221530Z_db18dc51,WD,ETH,leader_gap_500ms,10000,0.95,0.6624105600013377,628,0.44408281398118765,0.3188982249153627,0.5668789808917197,2.1170842537452628
20260906T221530Z_db18dc51,WD,ETH,leader_gap_500ms,30000,0.95,0.6624105600013377,285,0.7706814384264299,0.5977691257991992,0.5508771929824562,3.7385797430717367
20260907T070729Z_48d293bf,WD,BTC,bitget_ofi,100,0.8,0.08377833735460671,4029,0.044153803734705385,0.0,0.0759493670886076,0.06033246424912018
20260907T070729Z_48d293bf,WD,BTC,bitget_ofi,200,0.8,0.08377833735460671,4029,0.06837208207174665,0.0,0.10747083643584016,0.09211200794977634
20260907T070729Z_48d293bf,WD,BTC,bitget_ofi,500,0.8,0.08377833735460671,4029,0.09960872721830535,0.0,0.15735914619012162,0.16360935013002126
20260907T070729Z_48d293bf,WD,BTC,bitget_ofi,1000,0.8,0.08377833735460671,4029,0.12530012236386287,0.0,0.2087366592206503,0.24147596723686865
20260907T070729Z_48d293bf,WD,BTC,bitget_ofi,2000,0.8,0.08377833735460671,2737,0.1567681733107995,0.0,0.2674461088783339,0.3712905464851986
20260907T070729Z_48d293bf,WD,BTC,bitget_ofi,5000,0.8,0.08377833735460671,1493,0.22259326610763416,0.0,0.362357669122572,0.6477606184074177
20260907T070729Z_48d293bf,WD,BTC,bitget_ofi,10000,0.8,0.08377833735460671,871,0.29064068782709085,0.0,0.4489092996555683,1.0084084474950066
20260907T070729Z_48d293bf,WD,BTC,bitget_ofi,30000,0.8,0.08377833735460671,331,0.3001733478724742,0.06295809886736524,0.525679758308157,1.8235226110197622
20260907T070729Z_48d293bf,WD,BTC,bitget_ofi,100,0.9,0.4293590619260195,2729,0.06537309378189794,0.0,0.105533162330524,0.07405792048711914
20260907T070729Z_48d293bf,WD,BTC,bitget_ofi,200,0.9,0.4293590619260195,2729,0.09527063269573116,0.0,0.14327592524734334,0.11069251288501082
20260907T070729Z_48d293bf,WD,BTC,bitget_ofi,500,0.9,0.4293590619260195,2729,0.1389416280148026,0.0,0.20556980578966655,0.19124706143415618
20260907T070729Z_48d293bf,WD,BTC,bitget_ofi,1000,0.9,0.4293590619260195,2729,0.175645679202054,0.0,0.25943569072920486,0.2827944715335932
20260907T070729Z_48d293bf,WD,BTC,bitget_ofi,2000,0.9,0.4293590619260195,2032,0.18756529891332,0.0,0.31791338582677164,0.41633766359450014
20260907T070729Z_48d293bf,WD,BTC,bitget_ofi,5000,0.9,0.4293590619260195,1249,0.3018654874197889,0.0,0.4235388310648519,0.6781371349418827
20260907T070729Z_48d293bf,WD,BTC,bitget_ofi,10000,0.9,0.4293590619260195,759,0.39577698512499554,0.0,0.4901185770750988,1.0295970023070031
20260907T070729Z_48d293bf,WD,BTC,bitget_ofi,30000,0.9,0.4293590619260195,307,0.2974012424369013,0.025174696660326144,0.5146579804560261,2.0326926708218616
20260907T070729Z_48d293bf,WD,BTC,bitget_ofi,100,0.95,0.9554686849185259,1867,0.09379292278580659,0.0,0.144617032672737,0.10830658643743192
20260907T070729Z_48d293bf,WD,BTC,bitget_ofi,200,0.95,0.9554686849185259,1867,0.1275752029924066,0.0,0.19068023567220138,0.1491127807005146
20260907T070729Z_48d293bf,WD,BTC,bitget_ofi,500,0.95,0.9554686849185259,1867,0.17657875060285647,0.0,0.25281199785752545,0.2295680429586162
20260907T070729Z_48d293bf,WD,BTC,bitget_ofi,1000,0.95,0.9554686849185259,1867,0.22004424088744626,0.0,0.31226566684520624,0.33552426893538606
20260907T070729Z_48d293bf,WD,BTC,bitget_ofi,2000,0.95,0.9554686849185259,1513,0.2494546442709363,0.0,0.3661599471249174,0.46070471984508665
20260907T070729Z_48d293bf,WD,BTC,bitget_ofi,5000,0.95,0.9554686849185259,1020,0.36329206503227257,0.0,0.4588235294117647,0.7193152941829635
20260907T070729Z_48d293bf,WD,BTC,bitget_ofi,10000,0.95,0.9554686849185259,663,0.26944342608904587,0.0,0.49321266968325794,1.0931698142545316
20260907T070729Z_48d293bf,WD,BTC,bitget_ofi,30000,0.95,0.9554686849185259,293,0.061999844387184685,0.0,0.49829351535836175,2.005626168418365
20260907T070729Z_48d293bf,WD,BTC,bitget_trade_flow,100,0.8,1.0,5542,0.03142938768567581,0.0,0.04998195597257308,0.04270772272914715
20260907T070729Z_48d293bf,WD,BTC,bitget_trade_flow,200,0.8,1.0,5542,0.03901716630333965,0.0,0.06549981955972572,0.06518362678649453
20260907T070729Z_48d293bf,WD,BTC,bitget_trade_flow,500,0.8,1.0,5542,0.05117069741037563,0.0,0.10014435221941537,0.1187276078552849
20260907T070729Z_48d293bf,WD,BTC,bitget_trade_flow,1000,0.8,1.0,5542,0.06309192335164199,0.0,0.143089137495489,0.19941669879429838
20260907T070729Z_48d293bf,WD,BTC,bitget_trade_flow,2000,0.8,1.0,3617,0.049950903337954336,0.0,0.19491291125241914,0.31147563547282014
20260907T070729Z_48d293bf,WD,BTC,bitget_trade_flow,5000,0.8,1.0,1790,0.07107082443683187,0.0,0.2977653631284916,0.5723056959621257
20260907T070729Z_48d293bf,WD,BTC,bitget_trade_flow,10000,0.8,1.0,973,0.13583071129380683,0.0,0.37821171634121276,0.9534701994147005
20260907T070729Z_48d293bf,WD,BTC,bitget_trade_flow,30000,0.8,1.0,348,0.07262562837257867,0.0,0.46839080459770116,1.8058023944463375
20260907T070729Z_48d293bf,WD,BTC,bitget_trade_flow,100,0.9,1.0,5542,0.03142938768567581,0.0,0.04998195597257308,0.04270772272914715
20260907T070729Z_48d293bf,WD,BTC,bitget_trade_flow,200,0.9,1.0,5542,0.03901716630333965,0.0,0.06549981955972572,0.06518362678649453
20260907T070729Z_48d293bf,WD,BTC,bitget_trade_flow,500,0.9,1.0,5542,0.05117069741037563,0.0,0.10014435221941537,0.1187276078552849
20260907T070729Z_48d293bf,WD,BTC,bitget_trade_flow,1000,0.9,1.0,5542,0.06309192335164199,0.0,0.143089137495489,0.19941669879429838
20260907T070729Z_48d293bf,WD,BTC,bitget_trade_flow,2000,0.9,1.0,3617,0.049950903337954336,0.0,0.19491291125241914,0.31147563547282014
20260907T070729Z_48d293bf,WD,BTC,bitget_trade_flow,5000,0.9,1.0,1790,0.07107082443683187,0.0,0.2977653631284916,0.5723056959621257
20260907T070729Z_48d293bf,WD,BTC,bitget_trade_flow,10000,0.9,1.0,973,0.13583071129380683,0.0,0.37821171634121276,0.9534701994147005
20260907T070729Z_48d293bf,WD,BTC,bitget_trade_flow,30000,0.9,1.0,348,0.07262562837257867,0.0,0.46839080459770116,1.8058023944463375
20260907T070729Z_48d293bf,WD,BTC,bitget_trade_flow,100,0.95,1.0,5542,0.03142938768567581,0.0,0.04998195597257308,0.04270772272914715
20260907T070729Z_48d293bf,WD,BTC,bitget_trade_flow,200,0.95,1.0,5542,0.03901716630333965,0.0,0.06549981955972572,0.06518362678649453
20260907T070729Z_48d293bf,WD,BTC,bitget_trade_flow,500,0.95,1.0,5542,0.05117069741037563,0.0,0.10014435221941537,0.1187276078552849
20260907T070729Z_48d293bf,WD,BTC,bitget_trade_flow,1000,0.95,1.0,5542,0.06309192335164199,0.0,0.143089137495489,0.19941669879429838
20260907T070729Z_48d293bf,WD,BTC,bitget_trade_flow,2000,0.95,1.0,3617,0.049950903337954336,0.0,0.19491291125241914,0.31147563547282014
20260907T070729Z_48d293bf,WD,BTC,bitget_trade_flow,5000,0.95,1.0,1790,0.07107082443683187,0.0,0.2977653631284916,0.5723056959621257
20260907T070729Z_48d293bf,WD,BTC,bitget_trade_flow,10000,0.95,1.0,973,0.13583071129380683,0.0,0.37821171634121276,0.9534701994147005
20260907T070729Z_48d293bf,WD,BTC,bitget_trade_flow,30000,0.95,1.0,348,0.07262562837257867,0.0,0.46839080459770116,1.8058023944463375
20260907T070729Z_48d293bf,WD,BTC,depth_imbalance_l1,100,0.8,0.9049882104384737,3191,0.07076656454476257,0.0,0.11062362895643998,0.07340521255946107
20260907T070729Z_48d293bf,WD,BTC,depth_imbalance_l1,200,0.8,0.9049882104384737,3191,0.10310197845989652,0.0,0.15198997179567533,0.10855875178439309
20260907T070729Z_48d293bf,WD,BTC,depth_imbalance_l1,500,0.8,0.9049882104384737,3191,0.1731908258295633,0.0,0.2300219366969602,0.19042245577604805
20260907T070729Z_48d293bf,WD,BTC,depth_imbalance_l1,1000,0.8,0.9049882104384737,3191,0.24224205743423177,0.0,0.3111877154497023,0.2852411336816716
20260907T070729Z_48d293bf,WD,BTC,depth_imbalance_l1,2000,0.8,0.9049882104384737,2010,0.3410695654474003,0.0,0.43233830845771143,0.45142699347446585
20260907T070729Z_48d293bf,WD,BTC,depth_imbalance_l1,5000,0.8,0.9049882104384737,1118,0.5155836879276329,0.1888788302506714,0.554561717352415,0.7676488178019171
20260907T070729Z_48d293bf,WD,BTC,depth_imbalance_l1,10000,0.8,0.9049882104384737,697,0.5495606279295208,0.3146209384275322,0.6054519368723099,1.1523908511761698
20260907T070729Z_48d293bf,WD,BTC,depth_imbalance_l1,30000,0.8,0.9049882104384737,292,0.4562115642232711,0.27687653119670663,0.5582191780821918,2.106394754836982
20260907T070729Z_48d293bf,WD,BTC,depth_imbalance_l1,100,0.9,0.9650818167210223,1904,0.10616027119092353,0.0,0.164390756302521,0.11058250113572544
20260907T070729Z_48d293bf,WD,BTC,depth_imbalance_l1,200,0.9,0.9650818167210223,1904,0.1575713592171209,0.0,0.22478991596638656,0.1638411249922414
20260907T070729Z_48d293bf,WD,BTC,depth_imbalance_l1,500,0.9,0.9650818167210223,1904,0.23160598117928766,0.0,0.30409663865546216,0.25722535389055595
20260907T070729Z_48d293bf,WD,BTC,depth_imbalance_l1,1000,0.9,0.9650818167210223,1904,0.3051903031234027,0.0,0.3786764705882353,0.3527701789411297
20260907T070729Z_48d293bf,WD,BTC,depth_imbalance_l1,2000,0.9,0.9650818167210223,1294,0.43619441254362656,0.025193029532535924,0.5069551777434312,0.5343301894025897
20260907T070729Z_48d293bf,WD,BTC,depth_imbalance_l1,5000,0.9,0.9650818167210223,811,0.5963769342144273,0.32733162410241873,0.6054254007398274,0.86711521721071
20260907T070729Z_48d293bf,WD,BTC,depth_imbalance_l1,10000,0.9,0.9650818167210223,554,0.6016522927862816,0.40320923189442115,0.631768953068592,1.2669002790877724
20260907T070729Z_48d293bf,WD,BTC,depth_imbalance_l1,30000,0.9,0.9650818167210223,260,0.5403007226128858,0.21390584041941818,0.5538461538461539,2.157737408560592
20260907T070729Z_48d293bf,WD,BTC,depth_imbalance_l1,100,0.95,0.9883141411609052,1052,0.16060789905245362,0.0,0.21958174904942965,0.16573467572633
20260907T070729Z_48d293bf,WD,BTC,depth_imbalance_l1,200,0.95,0.9883141411609052,1052,0.20880602146063398,0.0,0.2889733840304182,0.21560716063543833
20260907T070729Z_48d293bf,WD,BTC,depth_imbalance_l1,500,0.95,0.9883141411609052,1052,0.2912775655216517,0.0,0.3659695817490494,0.31903221474775334
20260907T070729Z_48d293bf,WD,BTC,depth_imbalance_l1,1000,0.95,0.9883141411609052,1052,0.3857694660112457,0.0,0.44866920152091255,0.43088659411696917
20260907T070729Z_48d293bf,WD,BTC,depth_imbalance_l1,2000,0.95,0.9883141411609052,765,0.4987572341125842,0.2392335460935102,0.5647058823529412,0.6180952594427722
20260907T070729Z_48d293bf,WD,BTC,depth_imbalance_l1,5000,0.95,0.9883141411609052,535,0.6824920083805399,0.4783674076619312,0.6560747663551402,0.9717996231196271
20260907T070729Z_48d293bf,WD,BTC,depth_imbalance_l1,10000,0.95,0.9883141411609052,403,0.6437643132692039,0.46598322469049264,0.652605459057072,1.2659375736958707
20260907T070729Z_48d293bf,WD,BTC,depth_imbalance_l1,30000,0.95,0.9883141411609052,217,0.6724664685286142,0.40348891829716826,0.5898617511520737,2.1868935458991365
20260907T070729Z_48d293bf,WD,BTC,depth_imbalance_l5,100,0.8,0.9121516813690327,3192,0.07127466050222955,0.0,0.1055764411027569,0.07478244897436283
20260907T070729Z_48d293bf,WD,BTC,depth_imbalance_l5,200,0.8,0.9121516813690327,3192,0.1016535040494587,0.0,0.14442355889724312,0.10714816723515717
20260907T070729Z_48d293bf,WD,BTC,depth_imbalance_l5,500,0.8,0.9121516813690327,3192,0.1678433282917381,0.0,0.21929824561403508,0.18451233947505305
20260907T070729Z_48d293bf,WD,BTC,depth_imbalance_l5,1000,0.8,0.9121516813690327,3192,0.23268472859218767,0.0,0.29542606516290726,0.2791863819372043
20260907T070729Z_48d293bf,WD,BTC,depth_imbalance_l5,2000,0.8,0.9121516813690327,1988,0.33295756743516514,0.0,0.4164989939637827,0.439196876548187
20260907T070729Z_48d293bf,WD,BTC,depth_imbalance_l5,5000,0.8,0.9121516813690327,1107,0.5227036246057079,0.1510242274344456,0.5293586269196026,0.7721451291703407
20260907T070729Z_48d293bf,WD,BTC,depth_imbalance_l5,10000,0.8,0.9121516813690327,690,0.5738493155659137,0.2894550894951915,0.5869565217391305,1.1304219086663772
20260907T070729Z_48d293bf,WD,BTC,depth_imbalance_l5,30000,0.8,0.9121516813690327,292,0.5784217874921836,0.27066125281472986,0.5684931506849316,2.0565305974513235
20260907T070729Z_48d293bf,WD,BTC,depth_imbalance_l5,100,0.9,0.9623847231110882,1884,0.10080511818912773,0.0,0.15180467091295116,0.10934751255147086
20260907T070729Z_48d293bf,WD,BTC,depth_imbalance_l5,200,0.9,0.9623847231110882,1884,0.14166540277007242,0.0,0.2054140127388535,0.15378366449952025
20260907T070729Z_48d293bf,WD,BTC,depth_imbalance_l5,500,0.9,0.9623847231110882,1884,0.21621298521974158,0.0,0.2892781316348195,0.2475080729952553
20260907T070729Z_48d293bf,WD,BTC,depth_imbalance_l5,1000,0.9,0.9623847231110882,1884,0.2988776038253883,0.0,0.3657112526539278,0.3469120215887988
20260907T070729Z_48d293bf,WD,BTC,depth_imbalance_l5,2000,0.9,0.9623847231110882,1285,0.4222001985862998,0.0,0.48249027237354086,0.5259013863568768
20260907T070729Z_48d293bf,WD,BTC,depth_imbalance_l5,5000,0.9,0.9623847231110882,807,0.5711962159023972,0.3146553894425062,0.5824039653035935,0.8567947249896227
20260907T070729Z_48d293bf,WD,BTC,depth_imbalance_l5,10000,0.9,0.9623847231110882,547,0.5535348570014191,0.38952259612729917,0.6106032906764168,1.2259323555789583
20260907T070729Z_48d293bf,WD,BTC,depth_imbalance_l5,30000,0.9,0.9623847231110882,260,0.45868279142870755,0.16377564690578866,0.5384615384615384,2.1254195710264603
20260907T070729Z_48d293bf,WD,BTC,depth_imbalance_l5,100,0.95,0.9844264335682237,1060,0.14431245060884823,0.0,0.20566037735849058,0.15161456283284022
20260907T070729Z_48d293bf,WD,BTC,depth_imbalance_l5,200,0.95,0.9844264335682237,1060,0.1901802357539759,0.0,0.2660377358490566,0.19833620115697706
20260907T070729Z_48d293bf,WD,BTC,depth_imbalance_l5,500,0.95,0.9844264335682237,1060,0.28216710124381167,0.0,0.35377358490566035,0.3142380275154261
20260907T070729Z_48d293bf,WD,BTC,depth_imbalance_l5,1000,0.95,0.9844264335682237,1060,0.38782926542445095,0.0,0.4367924528301887,0.44000496734532735
20260907T070729Z_48d293bf,WD,BTC,depth_imbalance_l5,2000,0.95,0.9844264335682237,782,0.49578927062979095,0.2644143601322982,0.5485933503836317,0.6126343610632764
20260907T070729Z_48d293bf,WD,BTC,depth_imbalance_l5,5000,0.95,0.9844264335682237,541,0.6620017028580976,0.516588149581361,0.6432532347504621,0.9790948576757453
20260907T070729Z_48d293bf,WD,BTC,depth_imbalance_l5,10000,0.95,0.9844264335682237,407,0.5509057435693901,0.43998094261090503,0.6363636363636364,1.2594118306134194
20260907T070729Z_48d293bf,WD,BTC,depth_imbalance_l5,30000,0.95,0.9844264335682237,224,0.6241701341764815,0.49065924835674957,0.6116071428571429,2.1567841616705863
20260907T070729Z_48d293bf,WD,BTC,external_ofi,100,0.8,0.05301951465857737,6037,0.03446991215172055,0.0,0.05979791287063111,0.04411609468742632
20260907T070729Z_48d293bf,WD,BTC,external_ofi,200,0.8,0.05301951465857737,6037,0.05068582718576988,0.0,0.08530727182375351,0.0725869664806858
20260907T070729Z_48d293bf,WD,BTC,external_ofi,500,0.8,0.05301951465857737,6037,0.08199282768110701,0.0,0.1340069570978963,0.1403568053299002
20260907T070729Z_48d293bf,WD,BTC,external_ofi,1000,0.8,0.05301951465857737,6037,0.10524702923412581,0.0,0.1793937386118933,0.21127741486596377
20260907T070729Z_48d293bf,WD,BTC,external_ofi,2000,0.8,0.05301951465857737,3752,0.1362253812834021,0.0,0.24227078891257997,0.3291884031424855
20260907T070729Z_48d293bf,WD,BTC,external_ofi,5000,0.8,0.05301951465857737,1822,0.1732856541096007,0.0,0.3336992316136114,0.5906163132508602
20260907T070729Z_48d293bf,WD,BTC,external_ofi,10000,0.8,0.05301951465857737,988,0.17350699332433944,0.0,0.4008097165991903,0.9536040508172623
20260907T070729Z_48d293bf,WD,BTC,external_ofi,30000,0.8,0.05301951465857737,348,0.02804117492070546,0.0,0.46264367816091956,1.8952540416379682
20260907T070729Z_48d293bf,WD,BTC,external_ofi,100,0.9,0.1536837630868939,3999,0.07683807046650834,0.0,0.10552638159539884,0.08406101447122305
20260907T070729Z_48d293bf,WD,BTC,external_ofi,200,0.9,0.1536837630868939,3999,0.10360923472440102,0.0,0.1420355088772193,0.12460958796076366
20260907T070729Z_48d293bf,WD,BTC,external_ofi,500,0.9,0.1536837630868939,3999,0.15193988584259296,0.0,0.20255063765941486,0.19656768450867712
20260907T070729Z_48d293bf,WD,BTC,external_ofi,1000,0.9,0.1536837630868939,3999,0.1882970681552944,0.0,0.25681420355088774,0.28598691605601356
20260907T070729Z_48d293bf,WD,BTC,external_ofi,2000,0.9,0.1536837630868939,2779,0.2160151605881826,0.0,0.31198272759985607,0.4034419205440002
20260907T070729Z_48d293bf,WD,BTC,external_ofi,5000,0.9,0.1536837630868939,1510,0.28113255223597194,0.0,0.4019867549668874,0.6789443633299139
20260907T070729Z_48d293bf,WD,BTC,external_ofi,10000,0.9,0.1536837630868939,880,0.2999559796533052,0.0,0.4647727272727273,1.0119365177652184
20260907T070729Z_48d293bf,WD,BTC,external_ofi,30000,0.9,0.1536837630868939,333,0.35561358682303185,0.06295809886736524,0.5225225225225225,1.8700935646682166
20260907T070729Z_48d293bf,WD,BTC,external_ofi,100,0.95,0.3837211092018483,2400,0.14179923563738733,0.0,0.18083333333333335,0.15661220251279598
20260907T070729Z_48d293bf,WD,BTC,external_ofi,200,0.95,0.3837211092018483,2400,0.18024687185166907,0.0,0.22916666666666666,0.21124604896948107
20260907T070729Z_48d293bf,WD,BTC,external_ofi,500,0.95,0.3837211092018483,2400,0.24265834736466335,0.0,0.3016666666666667,0.2999504367142345
20260907T070729Z_48d293bf,WD,BTC,external_ofi,1000,0.95,0.3837211092018483,2400,0.2860782333979508,0.0,0.3545833333333333,0.3987736987135996
20260907T070729Z_48d293bf,WD,BTC,external_ofi,2000,0.95,0.3837211092018483,1813,0.3405296136466744,0.0,0.4153337010479868,0.5371404329327344
20260907T070729Z_48d293bf,WD,BTC,external_ofi,5000,0.95,0.3837211092018483,1140,0.4419444245207007,0.0,0.49912280701754386,0.8190868830459527
20260907T070729Z_48d293bf,WD,BTC,external_ofi,10000,0.95,0.3837211092018483,724,0.5860995132995979,0.1574993973962174,0.5524861878453039,1.1157461123156274
20260907T070729Z_48d293bf,WD,BTC,external_ofi,30000,0.95,0.3837211092018483,307,0.4409966573679344,0.28912815293003796,0.5635179153094463,2.1072236369267157
20260907T070729Z_48d293bf,WD,BTC,external_trade_flow,100,0.8,1.0,9098,0.008081031571869743,0.0,0.017916025500109914,0.016103070605871402
20260907T070729Z_48d293bf,WD,BTC,external_trade_flow,200,0.8,1.0,9098,0.008945330029163936,0.0,0.027808309518575512,0.029135801194945087
20260907T070729Z_48d293bf,WD,BTC,external_trade_flow,500,0.8,1.0,9098,0.013394560493797569,0.0,0.05726533304022862,0.07412976412327657
20260907T070729Z_48d293bf,WD,BTC,external_trade_flow,1000,0.8,1.0,9098,0.01513349004185335,0.0,0.09419652670916685,0.13919643061824838
20260907T070729Z_48d293bf,WD,BTC,external_trade_flow,2000,0.8,1.0,4935,0.027006915984994294,0.0,0.15866261398176293,0.2559206849664911
20260907T070729Z_48d293bf,WD,BTC,external_trade_flow,5000,0.8,1.0,2077,-0.03231583106386929,0.0,0.23350987000481463,0.5286893773253514
20260907T070729Z_48d293bf,WD,BTC,external_trade_flow,10000,0.8,1.0,1058,0.07057351347141008,0.0,0.3610586011342155,0.8835418034659588
20260907T070729Z_48d293bf,WD,BTC,external_trade_flow,30000,0.8,1.0,357,0.28052860323115764,0.012588132662305396,0.5014005602240896,1.715244121528271
20260907T070729Z_48d293bf,WD,BTC,external_trade_flow,100,0.9,1.0,9098,0.008081031571869743,0.0,0.017916025500109914,0.016103070605871402
20260907T070729Z_48d293bf,WD,BTC,external_trade_flow,200,0.9,1.0,9098,0.008945330029163936,0.0,0.027808309518575512,0.029135801194945087
20260907T070729Z_48d293bf,WD,BTC,external_trade_flow,500,0.9,1.0,9098,0.013394560493797569,0.0,0.05726533304022862,0.07412976412327657
20260907T070729Z_48d293bf,WD,BTC,external_trade_flow,1000,0.9,1.0,9098,0.01513349004185335,0.0,0.09419652670916685,0.13919643061824838
20260907T070729Z_48d293bf,WD,BTC,external_trade_flow,2000,0.9,1.0,4935,0.027006915984994294,0.0,0.15866261398176293,0.2559206849664911
20260907T070729Z_48d293bf,WD,BTC,external_trade_flow,5000,0.9,1.0,2077,-0.03231583106386929,0.0,0.23350987000481463,0.5286893773253514
20260907T070729Z_48d293bf,WD,BTC,external_trade_flow,10000,0.9,1.0,1058,0.07057351347141008,0.0,0.3610586011342155,0.8835418034659588
20260907T070729Z_48d293bf,WD,BTC,external_trade_flow,30000,0.9,1.0,357,0.28052860323115764,0.012588132662305396,0.5014005602240896,1.715244121528271
20260907T070729Z_48d293bf,WD,BTC,external_trade_flow,100,0.95,1.0,9098,0.008081031571869743,0.0,0.017916025500109914,0.016103070605871402
20260907T070729Z_48d293bf,WD,BTC,external_trade_flow,200,0.95,1.0,9098,0.008945330029163936,0.0,0.027808309518575512,0.029135801194945087
20260907T070729Z_48d293bf,WD,BTC,external_trade_flow,500,0.95,1.0,9098,0.013394560493797569,0.0,0.05726533304022862,0.07412976412327657
20260907T070729Z_48d293bf,WD,BTC,external_trade_flow,1000,0.95,1.0,9098,0.01513349004185335,0.0,0.09419652670916685,0.13919643061824838
20260907T070729Z_48d293bf,WD,BTC,external_trade_flow,2000,0.95,1.0,4935,0.027006915984994294,0.0,0.15866261398176293,0.2559206849664911
20260907T070729Z_48d293bf,WD,BTC,external_trade_flow,5000,0.95,1.0,2077,-0.03231583106386929,0.0,0.23350987000481463,0.5286893773253514
20260907T070729Z_48d293bf,WD,BTC,external_trade_flow,10000,0.95,1.0,1058,0.07057351347141008,0.0,0.3610586011342155,0.8835418034659588
20260907T070729Z_48d293bf,WD,BTC,external_trade_flow,30000,0.95,1.0,357,0.28052860323115764,0.012588132662305396,0.5014005602240896,1.715244121528271
20260907T070729Z_48d293bf,WD,BTC,fair_accel_100ms,100,0.8,7.117705985736945e-07,3786,0.07101920628051549,0.0,0.09587955625990491,0.08421792864554097
20260907T070729Z_48d293bf,WD,BTC,fair_accel_100ms,200,0.8,7.117705985736945e-07,3786,0.0911348512721889,0.0,0.12651875330163762,0.11870292972772357
20260907T070729Z_48d293bf,WD,BTC,fair_accel_100ms,500,0.8,7.117705985736945e-07,3786,0.12546522182904624,0.0,0.1814580031695721,0.19679809710510715
20260907T070729Z_48d293bf,WD,BTC,fair_accel_100ms,1000,0.8,7.117705985736945e-07,3786,0.1555962154506636,0.0,0.23111463285789752,0.28397376173423194
20260907T070729Z_48d293bf,WD,BTC,fair_accel_100ms,2000,0.8,7.117705985736945e-07,2502,0.2069903064405954,0.0,0.30815347721822545,0.4233013451932966
20260907T070729Z_48d293bf,WD,BTC,fair_accel_100ms,5000,0.8,7.117705985736945e-07,1373,0.32743919965704343,0.0,0.41733430444282593,0.7227120575489766
20260907T070729Z_48d293bf,WD,BTC,fair_accel_100ms,10000,0.8,7.117705985736945e-07,813,0.33834601993966734,0.0,0.4489544895448955,1.037318773994658
20260907T070729Z_48d293bf,WD,BTC,fair_accel_100ms,30000,0.8,7.117705985736945e-07,325,0.30696974220204737,0.0,0.49230769230769234,1.892622591926797
20260907T070729Z_48d293bf,WD,BTC,fair_accel_100ms,100,0.9,0.0007558593136630271,2832,0.10155903133049733,0.0,0.13312146892655366,0.12156337807291215
20260907T070729Z_48d293bf,WD,BTC,fair_accel_100ms,200,0.9,0.0007558593136630271,2832,0.12719917859437588,0.0,0.1719632768361582,0.16356303291397617
20260907T070729Z_48d293bf,WD,BTC,fair_accel_100ms,500,0.9,0.0007558593136630271,2832,0.17284165190986453,0.0,0.23622881355932204,0.25299434982954866
20260907T070729Z_48d293bf,WD,BTC,fair_accel_100ms,1000,0.9,0.0007558593136630271,2832,0.19682698289741438,0.0,0.2838983050847458,0.34798412075324925
20260907T070729Z_48d293bf,WD,BTC,fair_accel_100ms,2000,0.9,0.0007558593136630271,2067,0.24208761883625715,0.0,0.34591194968553457,0.47687023198830925
20260907T070729Z_48d293bf,WD,BTC,fair_accel_100ms,5000,0.9,0.0007558593136630271,1248,0.35072734327097776,0.0,0.4342948717948718,0.7608432427290103
20260907T070729Z_48d293bf,WD,BTC,fair_accel_100ms,10000,0.9,0.0007558593136630271,768,0.31208547105273626,0.0,0.4544270833333333,1.051768691162573
20260907T070729Z_48d293bf,WD,BTC,fair_accel_100ms,30000,0.9,0.0007558593136630271,316,0.2780596996801933,0.1762531620147475,0.5348101265822784,2.010402355106552
20260907T070729Z_48d293bf,WD,BTC,fair_accel_100ms,100,0.95,0.12999024536619605,1762,0.15445458339895876,0.0,0.2054483541430193,0.18154650851285747
20260907T070729Z_48d293bf,WD,BTC,fair_accel_100ms,200,0.95,0.12999024536619605,1762,0.19800636029006186,0.0,0.2542565266742338,0.2427308383510875
20260907T070729Z_48d293bf,WD,BTC,fair_accel_100ms,500,0.95,0.12999024536619605,1762,0.25712793655905564,0.0,0.3195232690124858,0.3415811874512491
20260907T070729Z_48d293bf,WD,BTC,fair_accel_100ms,1000,0.95,0.12999024536619605,1762,0.30409666748013203,0.0,0.37343927355278095,0.4521881709972445
20260907T070729Z_48d293bf,WD,BTC,fair_accel_100ms,2000,0.95,0.12999024536619605,1399,0.3504620852222924,0.0,0.4303073624017155,0.6001155329884218
20260907T070729Z_48d293bf,WD,BTC,fair_accel_100ms,5000,0.95,0.12999024536619605,925,0.48004990261200986,0.0,0.4962162162162162,0.8871175803916206
20260907T070729Z_48d293bf,WD,BTC,fair_accel_100ms,10000,0.95,0.12999024536619605,614,0.4579453926692246,0.08808564074231948,0.5260586319218241,1.225556393592677
20260907T070729Z_48d293bf,WD,BTC,fair_accel_100ms,30000,0.95,0.12999024536619605,282,0.6145043754473856,0.3399618063955392,0.574468085106383,2.108869948928201
20260907T070729Z_48d293bf,WD,BTC,fair_gap_reversion,100,0.8,0.4146193779601681,2547,0.08434361819577237,0.0,0.0840204161758932,0.09270917804318192
20260907T070729Z_48d293bf,WD,BTC,fair_gap_reversion,200,0.8,0.4146193779601681,2547,0.10699814617185588,0.0,0.10836277974087162,0.1236235135287507
20260907T070729Z_48d293bf,WD,BTC,fair_gap_reversion,500,0.8,0.4146193779601681,2547,0.14926453362992206,0.0,0.1574401256380055,0.19491030073566623
20260907T070729Z_48d293bf,WD,BTC,fair_gap_reversion,1000,0.8,0.4146193779601681,2547,0.18848071383913875,0.0,0.21240675304279544,0.2901488766314247
20260907T070729Z_48d293bf,WD,BTC,fair_gap_reversion,2000,0.8,0.4146193779601681,1491,0.2681999647710559,0.0,0.3071763916834339,0.4873785735881309
20260907T070729Z_48d293bf,WD,BTC,fair_gap_reversion,5000,0.8,0.4146193779601681,796,0.4712023609748871,0.0,0.45603015075376885,0.8967456285982505
20260907T070729Z_48d293bf,WD,BTC,fair_gap_reversion,10000,0.8,0.4146193779601681,514,0.7028406432834516,0.3079403003858534,0.5583657587548638,1.3048562784841884
20260907T070729Z_48d293bf,WD,BTC,fair_gap_reversion,30000,0.8,0.4146193779601681,249,0.6193819686407404,0.4153367500622064,0.5863453815261044,2.106848999147568
20260907T070729Z_48d293bf,WD,BTC,fair_gap_reversion,100,0.9,0.5563402015233978,1365,0.14006186124357026,0.0,0.12161172161172161,0.1480247160325461
20260907T070729Z_48d293bf,WD,BTC,fair_gap_reversion,200,0.9,0.5563402015233978,1365,0.1672317664826081,0.0,0.14871794871794872,0.1874843020893777
20260907T070729Z_48d293bf,WD,BTC,fair_gap_reversion,500,0.9,0.5563402015233978,1365,0.20732798306656328,0.0,0.20586080586080585,0.2812910453135572
20260907T070729Z_48d293bf,WD,BTC,fair_gap_reversion,1000,0.9,0.5563402015233978,1365,0.26449490138078957,0.0,0.2600732600732601,0.385782257401835
20260907T070729Z_48d293bf,WD,BTC,fair_gap_reversion,2000,0.9,0.5563402015233978,850,0.3928970713649568,0.0,0.38235294117647056,0.6189857466006237
20260907T070729Z_48d293bf,WD,BTC,fair_gap_reversion,5000,0.9,0.5563402015233978,502,0.5941867084237648,0.2265919504028474,0.5318725099601593,1.02774134495544
20260907T070729Z_48d293bf,WD,BTC,fair_gap_reversion,10000,0.9,0.5563402015233978,347,0.7721394251195981,0.47957423913202535,0.590778097982709,1.5530682158983267
20260907T070729Z_48d293bf,WD,BTC,fair_gap_reversion,30000,0.9,0.5563402015233978,195,1.0866062963591205,0.7424839236753915,0.6410256410256411,2.4695383631039247
20260907T070729Z_48d293bf,WD,BTC,fair_gap_reversion,100,0.95,0.6899182072173105,750,0.24311121774975816,0.0,0.18666666666666668,0.2526988384670996
20260907T070729Z_48d293bf,WD,BTC,fair_gap_reversion,200,0.95,0.6899182072173105,750,0.2843134705390589,0.0,0.22,0.3068244201095142
20260907T070729Z_48d293bf,WD,BTC,fair_gap_reversion,500,0.95,0.6899182072173105,750,0.33602565341539214,0.0,0.2733333333333333,0.42464409031854133
20260907T070729Z_48d293bf,WD,BTC,fair_gap_reversion,1000,0.95,0.6899182072173105,750,0.4188931469547566,0.0,0.3333333333333333,0.5447936619638963
20260907T070729Z_48d293bf,WD,BTC,fair_gap_reversion,2000,0.95,0.6899182072173105,488,0.6102718974577699,0.0,0.4651639344262295,0.8132617093631066
20260907T070729Z_48d293bf,WD,BTC,fair_gap_reversion,5000,0.95,0.6899182072173105,315,0.8317787172940347,0.5165165620287867,0.5746031746031746,1.274669961198833
20260907T070729Z_48d293bf,WD,BTC,fair_gap_reversion,10000,0.95,0.6899182072173105,236,1.0165592082013428,0.9700060845195776,0.6483050847457628,1.8772566263389223
20260907T070729Z_48d293bf,WD,BTC,fair_gap_reversion,30000,0.95,0.6899182072173105,153,1.5868485217370067,0.9211844672100187,0.673202614379085,2.6761672025436667
20260907T070729Z_48d293bf,WD,BTC,leader_gap_1000ms,100,0.8,0.1294850448199729,2778,0.0670673429638833,0.0,0.09467242620590353,0.09681781475159179
20260907T070729Z_48d293bf,WD,BTC,leader_gap_1000ms,200,0.8,0.1294850448199729,2778,0.0888861386671991,0.0,0.1216702663786897,0.14428857704150788
20260907T070729Z_48d293bf,WD,BTC,leader_gap_1000ms,500,0.8,0.1294850448199729,2778,0.12040252257145131,0.0,0.1789056875449964,0.22968988114042202
20260907T070729Z_48d293bf,WD,BTC,leader_gap_1000ms,1000,0.8,0.1294850448199729,2778,0.1535287913561477,0.0,0.238300935925126,0.3411894995197357
20260907T070729Z_48d293bf,WD,BTC,leader_gap_1000ms,2000,0.8,0.1294850448199729,1876,0.1477341636324271,0.0,0.3033049040511727,0.4856240896965216
20260907T070729Z_48d293bf,WD,BTC,leader_gap_1000ms,5000,0.8,0.1294850448199729,1116,0.16574302132119628,0.0,0.37992831541218636,0.8171842489954263
20260907T070729Z_48d293bf,WD,BTC,leader_gap_1000ms,10000,0.8,0.1294850448199729,702,0.2670848123467125,0.0,0.452991452991453,1.0971532967564501
20260907T070729Z_48d293bf,WD,BTC,leader_gap_1000ms,30000,0.8,0.1294850448199729,302,0.25471665272798727,0.006293242442490855,0.5,2.0968644995036287
20260907T070729Z_48d293bf,WD,BTC,leader_gap_1000ms,100,0.9,0.3322988246936913,1620,0.12912922565041426,0.0,0.13518518518518519,0.1727131386910574
20260907T070729Z_48d293bf,WD,BTC,leader_gap_1000ms,200,0.9,0.3322988246936913,1620,0.1572948469305654,0.0,0.17777777777777778,0.2363157005064029
20260907T070729Z_48d293bf,WD,BTC,leader_gap_1000ms,500,0.9,0.3322988246936913,1620,0.18512663013941494,0.0,0.23580246913580247,0.335773193481131
20260907T070729Z_48d293bf,WD,BTC,leader_gap_1000ms,1000,0.9,0.3322988246936913,1620,0.21497560901397875,0.0,0.29074074074074074,0.4587398738450379
20260907T070729Z_48d293bf,WD,BTC,leader_gap_1000ms,2000,0.9,0.3322988246936913,1199,0.21967830918213133,0.0,0.34612176814011675,0.6117710856598051
20260907T070729Z_48d293bf,WD,BTC,leader_gap_1000ms,5000,0.9,0.3322988246936913,802,0.3064337316859033,0.0,0.4251870324189526,0.9262714351590376
20260907T070729Z_48d293bf,WD,BTC,leader_gap_1000ms,10000,0.9,0.3322988246936913,544,0.31563139501542564,0.0,0.49264705882352944,1.3148338854174038
20260907T070729Z_48d293bf,WD,BTC,leader_gap_1000ms,30000,0.9,0.3322988246936913,261,0.41244248757199514,0.1762721339628556,0.5363984674329502,2.1217776838118843
20260907T070729Z_48d293bf,WD,BTC,leader_gap_1000ms,100,0.95,0.5335770307323712,997,0.17286357432768332,0.0,0.1675025075225677,0.21513267489016152
20260907T070729Z_48d293bf,WD,BTC,leader_gap_1000ms,200,0.95,0.5335770307323712,997,0.21190358175259574,0.0,0.20661985957873621,0.2890472295277808
20260907T070729Z_48d293bf,WD,BTC,leader_gap_1000ms,500,0.95,0.5335770307323712,997,0.2530266217040561,0.0,0.27382146439317956,0.3964199687418499
20260907T070729Z_48d293bf,WD,BTC,leader_gap_1000ms,1000,0.95,0.5335770307323712,997,0.29960013656869294,0.0,0.3340020060180542,0.5631423861666115
20260907T070729Z_48d293bf,WD,BTC,leader_gap_1000ms,2000,0.95,0.5335770307323712,784,0.38726251415634777,0.0,0.40433673469387754,0.735197509592618
20260907T070729Z_48d293bf,WD,BTC,leader_gap_1000ms,5000,0.95,0.5335770307323712,568,0.3754047830246464,0.0,0.4894366197183099,1.0219023320601666
20260907T070729Z_48d293bf,WD,BTC,leader_gap_1000ms,10000,0.95,0.5335770307323712,419,0.5279859586361806,0.2640948025032652,0.5513126491646778,1.4177444502488985
20260907T070729Z_48d293bf,WD,BTC,leader_gap_1000ms,30000,0.95,0.5335770307323712,225,0.9458045685316405,0.629627367842177,0.6444444444444445,2.3822180026240423
20260907T070729Z_48d293bf,WD,BTC,leader_gap_100ms,100,0.8,0.0005443890478997263,3921,0.05648474944312454,0.0,0.07855138995154297,0.07861499960192103
20260907T070729Z_48d293bf,WD,BTC,leader_gap_100ms,200,0.8,0.0005443890478997263,3921,0.06933669571582955,0.0,0.10328997704667177,0.11217586222609577
20260907T070729Z_48d293bf,WD,BTC,leader_gap_100ms,500,0.8,0.0005443890478997263,3921,0.0831535522568844,0.0,0.14639122672787555,0.1867332232616814
20260907T070729Z_48d293bf,WD,BTC,leader_gap_100ms,1000,0.8,0.0005443890478997263,3921,0.091081752803236,0.0,0.18388166284111196,0.2769706374811586
20260907T070729Z_48d293bf,WD,BTC,leader_gap_100ms,2000,0.8,0.0005443890478997263,2558,0.10738842715014807,0.0,0.2529319781078968,0.41346998097157966
20260907T070729Z_48d293bf,WD,BTC,leader_gap_100ms,5000,0.8,0.0005443890478997263,1381,0.16907600686135305,0.0,0.36278059377262856,0.7262818562856831
20260907T070729Z_48d293bf,WD,BTC,leader_gap_100ms,10000,0.8,0.0005443890478997263,815,0.08063737187025842,0.0,0.403680981595092,1.0526543939101842
20260907T070729Z_48d293bf,WD,BTC,leader_gap_100ms,30000,0.8,0.0005443890478997263,325,0.07983196717778955,0.0,0.48923076923076925,1.8996103629483265
20260907T070729Z_48d293bf,WD,BTC,leader_gap_100ms,100,0.9,0.0008841755596651663,3197,0.0772385926002443,0.0,0.10353456365342509,0.10490327104547242
20260907T070729Z_48d293bf,WD,BTC,leader_gap_100ms,200,0.9,0.0008841755596651663,3197,0.10174789549005855,0.0,0.13606506099468252,0.1442055380139149
20260907T070729Z_48d293bf,WD,BTC,leader_gap_100ms,500,0.9,0.0008841755596651663,3197,0.13368424806374002,0.0,0.18892711917422583,0.22778131410215294
20260907T070729Z_48d293bf,WD,BTC,leader_gap_100ms,1000,0.9,0.0008841755596651663,3197,0.14660981683180363,0.0,0.23052862058179543,0.3214326528433082
20260907T070729Z_48d293bf,WD,BTC,leader_gap_100ms,2000,0.9,0.0008841755596651663,2281,0.14744946838463946,0.0,0.285839544059623,0.44482692602656176
20260907T070729Z_48d293bf,WD,BTC,leader_gap_100ms,5000,0.9,0.0008841755596651663,1311,0.20613463055987152,0.0,0.38443935926773454,0.7305071515655646
20260907T070729Z_48d293bf,WD,BTC,leader_gap_100ms,10000,0.9,0.0008841755596651663,795,0.15819582207943145,0.0,0.43018867924528303,1.0499875725307837
20260907T070729Z_48d293bf,WD,BTC,leader_gap_100ms,30000,0.9,0.0008841755596651663,321,0.021367969788915177,0.0,0.48286604361370716,1.961840521149859
20260907T070729Z_48d293bf,WD,BTC,leader_gap_100ms,100,0.95,0.05872154440887123,2421,0.09946319584621503,0.0,0.13548120611317638,0.1340331261803947
20260907T070729Z_48d293bf,WD,BTC,leader_gap_100ms,200,0.95,0.05872154440887123,2421,0.12715611189965656,0.0,0.16893845518380834,0.1852171606272454
20260907T070729Z_48d293bf,WD,BTC,leader_gap_100ms,500,0.95,0.05872154440887123,2421,0.1558384006426467,0.0,0.21891780256092525,0.2729344174848129
20260907T070729Z_48d293bf,WD,BTC,leader_gap_100ms,1000,0.95,0.05872154440887123,2421,0.18060516803023463,0.0,0.2680710450227179,0.3738280668449861
20260907T070729Z_48d293bf,WD,BTC,leader_gap_100ms,2000,0.95,0.05872154440887123,1850,0.18262207118705565,0.0,0.3172972972972973,0.4916537408786727
20260907T070729Z_48d293bf,WD,BTC,leader_gap_100ms,5000,0.95,0.05872154440887123,1139,0.22537029521075452,0.0,0.3880597014925373,0.7903284667436805
20260907T070729Z_48d293bf,WD,BTC,leader_gap_100ms,10000,0.95,0.05872154440887123,715,0.30886430894255557,0.0,0.46013986013986014,1.1703245388735717
20260907T070729Z_48d293bf,WD,BTC,leader_gap_100ms,30000,0.95,0.05872154440887123,303,0.4320277864259447,0.06295809886736524,0.5247524752475248,2.0423775759571914
20260907T070729Z_48d293bf,WD,BTC,leader_gap_200ms,100,0.8,0.001254268175043681,3768,0.06028564284995669,0.0,0.08572186836518046,0.08587021999230189
20260907T070729Z_48d293bf,WD,BTC,leader_gap_200ms,200,0.8,0.001254268175043681,3768,0.07594900417843198,0.0,0.10987261146496816,0.1163757757084151
20260907T070729Z_48d293bf,WD,BTC,leader_gap_200ms,500,0.8,0.001254268175043681,3768,0.08886262470977199,0.0,0.15684713375796178,0.19550482250304574
20260907T070729Z_48d293bf,WD,BTC,leader_gap_200ms,1000,0.8,0.001254268175043681,3768,0.0971914177522777,0.0,0.1947983014861996,0.2862191569577298
20260907T070729Z_48d293bf,WD,BTC,leader_gap_200ms,2000,0.8,0.001254268175043681,2495,0.11798921964900423,0.0,0.262124248496994,0.424198806988846
20260907T070729Z_48d293bf,WD,BTC,leader_gap_200ms,5000,0.8,0.001254268175043681,1374,0.16530083647586535,0.0,0.3573508005822416,0.7211887922961764
20260907T070729Z_48d293bf,WD,BTC,leader_gap_200ms,10000,0.8,0.001254268175043681,812,0.11677536842780457,0.0,0.4002463054187192,1.039966601392227
20260907T070729Z_48d293bf,WD,BTC,leader_gap_200ms,30000,0.8,0.001254268175043681,325,0.040689143110064774,0.0,0.49538461538461537,1.8945636131180577
20260907T070729Z_48d293bf,WD,BTC,leader_gap_200ms,100,0.9,0.01656836571777738,2879,0.08803617626612274,0.0,0.11462313303230288,0.1126841520007142
20260907T070729Z_48d293bf,WD,BTC,leader_gap_200ms,200,0.9,0.01656836571777738,2879,0.10846625930998079,0.0,0.1431052448766933,0.15459994588751175
20260907T070729Z_48d293bf,WD,BTC,leader_gap_200ms,500,0.9,0.01656836571777738,2879,0.13819008251447276,0.0,0.20076415422021535,0.24244381563530826
20260907T070729Z_48d293bf,WD,BTC,leader_gap_200ms,1000,0.9,0.01656836571777738,2879,0.16409739798817288,0.0,0.24696075026050712,0.3412689668731535
20260907T070729Z_48d293bf,WD,BTC,leader_gap_200ms,2000,0.9,0.01656836571777738,2118,0.17153172394670166,0.0,0.3031161473087819,0.4582666476225828
20260907T070729Z_48d293bf,WD,BTC,leader_gap_200ms,5000,0.9,0.01656836571777738,1260,0.24258867178930837,0.0,0.3761904761904762,0.7401190570779729
20260907T070729Z_48d293bf,WD,BTC,leader_gap_200ms,10000,0.9,0.01656836571777738,776,0.2430865635148954,0.0,0.4420103092783505,1.0530218856007045
20260907T070729Z_48d293bf,WD,BTC,leader_gap_200ms,30000,0.9,0.01656836571777738,316,0.2827944156541417,0.0314264674722763,0.5126582278481012,1.9508063176727224
20260907T070729Z_48d293bf,WD,BTC,leader_gap_200ms,100,0.95,0.19271832684806436,1799,0.12229601594396337,0.0,0.14841578654808227,0.16145756002209535
20260907T070729Z_48d293bf,WD,BTC,leader_gap_200ms,200,0.95,0.19271832684806436,1799,0.14612465331923047,0.0,0.18343524180100054,0.21589187719282293
20260907T070729Z_48d293bf,WD,BTC,leader_gap_200ms,500,0.95,0.19271832684806436,1799,0.17869321511673875,0.0,0.23957754307948861,0.3114802614348119
20260907T070729Z_48d293bf,WD,BTC,leader_gap_200ms,1000,0.95,0.19271832684806436,1799,0.22202147703419534,0.0,0.2896053362979433,0.42576152767219305
20260907T070729Z_48d293bf,WD,BTC,leader_gap_200ms,2000,0.95,0.19271832684806436,1401,0.2363954169775463,0.0,0.337615988579586,0.5669817405274727
20260907T070729Z_48d293bf,WD,BTC,leader_gap_200ms,5000,0.95,0.19271832684806436,925,0.25331779148774314,0.0,0.39675675675675676,0.8640782304013546
20260907T070729Z_48d293bf,WD,BTC,leader_gap_200ms,10000,0.95,0.19271832684806436,613,0.36259629783189723,0.0,0.4893964110929853,1.2551236429386152
20260907T070729Z_48d293bf,WD,BTC,leader_gap_200ms,30000,0.95,0.19271832684806436,282,0.3476565553830973,0.10076358421840934,0.5283687943262412,2.1686069840233873
20260907T070729Z_48d293bf,WD,BTC,leader_gap_500ms,100,0.8,0.00720379809263568,3304,0.06618553721348094,0.0,0.09231234866828088,0.09449500087944404
20260907T070729Z_48d293bf,WD,BTC,leader_gap_500ms,200,0.8,0.00720379809263568,3304,0.08221925254975337,0.0,0.12167070217917676,0.13188521159791636
20260907T070729Z_48d293bf,WD,BTC,leader_gap_500ms,500,0.8,0.00720379809263568,3304,0.11094347044321969,0.0,0.18008474576271186,0.21085528941183954
20260907T070729Z_48d293bf,WD,BTC,leader_gap_500ms,1000,0.8,0.00720379809263568,3304,0.13678789953138462,0.0,0.23062953995157384,0.3152933927197205
20260907T070729Z_48d293bf,WD,BTC,leader_gap_500ms,2000,0.8,0.00720379809263568,2334,0.15410075763118825,0.0,0.2874892887746358,0.43968647288649765
20260907T070729Z_48d293bf,WD,BTC,leader_gap_500ms,5000,0.8,0.00720379809263568,1330,0.19830153250939908,0.0,0.3744360902255639,0.7272031719886005
20260907T070729Z_48d293bf,WD,BTC,leader_gap_500ms,10000,0.8,0.00720379809263568,801,0.18521392700693204,0.0,0.43196004993757803,1.0257426532751128
20260907T070729Z_48d293bf,WD,BTC,leader_gap_500ms,30000,0.8,0.00720379809263568,320,0.4484805013113931,0.0,0.4875,1.9536235428681028
20260907T070729Z_48d293bf,WD,BTC,leader_gap_500ms,100,0.9,0.1892396307463859,1990,0.10369261269972789,0.0,0.13668341708542714,0.14917534864914794
20260907T070729Z_48d293bf,WD,BTC,leader_gap_500ms,200,0.9,0.1892396307463859,1990,0.12583914153991957,0.0,0.1728643216080402,0.20731140669180192
20260907T070729Z_48d293bf,WD,BTC,leader_gap_500ms,500,0.9,0.1892396307463859,1990,0.15924936627296482,0.0,0.22964824120603014,0.2960901916999738
20260907T070729Z_48d293bf,WD,BTC,leader_gap_500ms,1000,0.9,0.1892396307463859,1990,0.19090343156774714,0.0,0.27587939698492464,0.4150333305041173
20260907T070729Z_48d293bf,WD,BTC,leader_gap_500ms,2000,0.9,0.1892396307463859,1523,0.21083084117093392,0.0,0.32698621142481943,0.5489339730598812
20260907T070729Z_48d293bf,WD,BTC,leader_gap_500ms,5000,0.9,0.1892396307463859,959,0.25931017379515847,0.0,0.40875912408759124,0.8620937508772164
20260907T070729Z_48d293bf,WD,BTC,leader_gap_500ms,10000,0.9,0.1892396307463859,631,0.32484107080718566,0.0,0.47702060221870046,1.2605763542295194
20260907T070729Z_48d293bf,WD,BTC,leader_gap_500ms,30000,0.9,0.1892396307463859,287,0.3692985842768969,0.25213225094243213,0.5400696864111498,2.1486367856721813
20260907T070729Z_48d293bf,WD,BTC,leader_gap_500ms,100,0.95,0.38814474894024487,1201,0.15381821423562514,0.0,0.1623646960865945,0.1920312531093341
20260907T070729Z_48d293bf,WD,BTC,leader_gap_500ms,200,0.95,0.38814474894024487,1201,0.18499467259633173,0.0,0.2073272273105745,0.25722782807926264
20260907T070729Z_48d293bf,WD,BTC,leader_gap_500ms,500,0.95,0.38814474894024487,1201,0.20565521468333128,0.0,0.26894254787676936,0.37269368162227545
20260907T070729Z_48d293bf,WD,BTC,leader_gap_500ms,1000,0.95,0.38814474894024487,1201,0.21578767567164941,0.0,0.3122398001665279,0.49123196407333863
20260907T070729Z_48d293bf,WD,BTC,leader_gap_500ms,2000,0.95,0.38814474894024487,977,0.2641002487366939,0.0,0.35516888433981575,0.6549073362992184
20260907T070729Z_48d293bf,WD,BTC,leader_gap_500ms,5000,0.95,0.38814474894024487,693,0.2903876023628604,0.0,0.4357864357864358,0.9567976149440202
20260907T070729Z_48d293bf,WD,BTC,leader_gap_500ms,10000,0.95,0.38814474894024487,498,0.3620625560170558,0.012585448317489142,0.5020080321285141,1.2990961141659234
20260907T070729Z_48d293bf,WD,BTC,leader_gap_500ms,30000,0.95,0.38814474894024487,248,0.8392006550438834,0.4660058021703561,0.5967741935483871,2.2812790389633335
20260907T070729Z_48d293bf,WD,ETH,bitget_ofi,100,0.8,0.3623989859819295,4080,0.06628750141636451,0.0,0.12475490196078431,0.09440742219327135
20260907T070729Z_48d293bf,WD,ETH,bitget_ofi,200,0.8,0.3623989859819295,4080,0.09211280164790245,0.0,0.1698529411764706,0.14365342308386142
20260907T070729Z_48d293bf,WD,ETH,bitget_ofi,500,0.8,0.3623989859819295,4080,0.13935540781142627,0.0,0.2568627450980392,0.26271880036973927
20260907T070729Z_48d293bf,WD,ETH,bitget_ofi,1000,0.8,0.3623989859819295,4080,0.1760453564562042,0.0,0.3301470588235294,0.3970750540430603
20260907T070729Z_48d293bf,WD,ETH,bitget_ofi,2000,0.8,0.3623989859819295,2852,0.17540113514633002,0.0,0.3962131837307153,0.5925480611895724
20260907T070729Z_48d293bf,WD,ETH,bitget_ofi,5000,0.8,0.3623989859819295,1536,0.22363408222038875,0.0,0.4791666666666667,1.0134381909126635
20260907T070729Z_48d293bf,WD,ETH,bitget_ofi,10000,0.8,0.3623989859819295,888,0.1881919839832435,0.04015749871682296,0.5056306306306306,1.440035989654196
20260907T070729Z_48d293bf,WD,ETH,bitget_ofi,30000,0.8,0.3623989859819295,332,0.49595545576196465,0.24147642497429553,0.536144578313253,2.5985904401217996
20260907T070729Z_48d293bf,WD,ETH,bitget_ofi,100,0.9,0.8047460722970765,2688,0.08569706410006317,0.0,0.15811011904761904,0.1132975283675582
20260907T070729Z_48d293bf,WD,ETH,bitget_ofi,200,0.9,0.8047460722970765,2688,0.12145509004725571,0.0,0.21688988095238096,0.17018671323395904
20260907T070729Z_48d293bf,WD,ETH,bitget_ofi,500,0.9,0.8047460722970765,2688,0.1675961748924504,0.0,0.30691964285714285,0.2929013877281082
20260907T070729Z_48d293bf,WD,ETH,bitget_ofi,1000,0.9,0.8047460722970765,2688,0.21516922477782702,0.0,0.3802083333333333,0.44800056397587246
20260907T070729Z_48d293bf,WD,ETH,bitget_ofi,2000,0.9,0.8047460722970765,2039,0.23632069238015696,0.0,0.4521824423737126,0.6498280411457191
20260907T070729Z_48d293bf,WD,ETH,bitget_ofi,5000,0.9,0.8047460722970765,1255,0.27732103800753893,0.08037244591734445,0.5227091633466135,1.0781194680320878
20260907T070729Z_48d293bf,WD,ETH,bitget_ofi,10000,0.9,0.8047460722970765,779,0.21306204047163524,0.20090326106894885,0.5468549422336328,1.485801646777788
20260907T070729Z_48d293bf,WD,ETH,bitget_ofi,30000,0.9,0.8047460722970765,318,0.24011916337655273,0.3013485527354406,0.5660377358490566,2.6219371096901645
20260907T070729Z_48d293bf,WD,ETH,bitget_ofi,100,0.95,1.1731009680189042,1664,0.10892232412614912,0.0,0.19411057692307693,0.15885198898825972
20260907T070729Z_48d293bf,WD,ETH,bitget_ofi,200,0.95,1.1731009680189042,1664,0.1432827791296883,0.0,0.25961538461538464,0.22803371180413196
20260907T070729Z_48d293bf,WD,ETH,bitget_ofi,500,0.95,1.1731009680189042,1664,0.19888767925675815,0.0,0.3359375,0.35278133809281353
20260907T070729Z_48d293bf,WD,ETH,bitget_ofi,1000,0.95,1.1731009680189042,1664,0.2383921292003261,0.0,0.4020432692307692,0.504178634495673
20260907T070729Z_48d293bf,WD,ETH,bitget_ofi,2000,0.95,1.1731009680189042,1352,0.28678707866304665,0.0,0.46597633136094674,0.7173541328206265
20260907T070729Z_48d293bf,WD,ETH,bitget_ofi,5000,0.95,1.1731009680189042,940,0.3219983539375983,0.04016427200930278,0.5031914893617021,1.101405641073975
20260907T070729Z_48d293bf,WD,ETH,bitget_ofi,10000,0.95,1.1731009680189042,633,0.25516477552685846,0.12002112371854962,0.5213270142180095,1.6437696577661347
20260907T070729Z_48d293bf,WD,ETH,bitget_ofi,30000,0.95,1.1731009680189042,293,0.21247013052168096,0.08040411105976399,0.515358361774744,2.5960889585210025
20260907T070729Z_48d293bf,WD,ETH,bitget_trade_flow,100,0.8,1.0,4688,0.06775795904543824,0.0,0.0966296928327645,0.09267639634139724
20260907T070729Z_48d293bf,WD,ETH,bitget_trade_flow,200,0.8,1.0,4688,0.0756130620030983,0.0,0.13417235494880547,0.1400770734645563
20260907T070729Z_48d293bf,WD,ETH,bitget_trade_flow,500,0.8,1.0,4688,0.08637134460545619,0.0,0.19389931740614336,0.244762706387725
20260907T070729Z_48d293bf,WD,ETH,bitget_trade_flow,1000,0.8,1.0,4688,0.10521880286943197,0.0,0.2636518771331058,0.38099700345316784
20260907T070729Z_48d293bf,WD,ETH,bitget_trade_flow,2000,0.8,1.0,3193,0.09021532522189349,0.0,0.32633886626996556,0.5700119517441586
20260907T070729Z_48d293bf,WD,ETH,bitget_trade_flow,5000,0.8,1.0,1659,0.09795479597951559,0.0,0.4273658830620856,0.9881467167893054
20260907T070729Z_48d293bf,WD,ETH,bitget_trade_flow,10000,0.8,1.0,944,0.14991424931175026,0.0,0.4788135593220339,1.4343055433434984
20260907T070729Z_48d293bf,WD,ETH,bitget_trade_flow,30000,0.8,1.0,341,-0.3331500850775895,-0.040164836489163774,0.4633431085043988,2.670265961037645
20260907T070729Z_48d293bf,WD,ETH,bitget_trade_flow,100,0.9,1.0,4688,0.06775795904543824,0.0,0.0966296928327645,0.09267639634139724
20260907T070729Z_48d293bf,WD,ETH,bitget_trade_flow,200,0.9,1.0,4688,0.0756130620030983,0.0,0.13417235494880547,0.1400770734645563
20260907T070729Z_48d293bf,WD,ETH,bitget_trade_flow,500,0.9,1.0,4688,0.08637134460545619,0.0,0.19389931740614336,0.244762706387725
20260907T070729Z_48d293bf,WD,ETH,bitget_trade_flow,1000,0.9,1.0,4688,0.10521880286943197,0.0,0.2636518771331058,0.38099700345316784
20260907T070729Z_48d293bf,WD,ETH,bitget_trade_flow,2000,0.9,1.0,3193,0.09021532522189349,0.0,0.32633886626996556,0.5700119517441586
20260907T070729Z_48d293bf,WD,ETH,bitget_trade_flow,5000,0.9,1.0,1659,0.09795479597951559,0.0,0.4273658830620856,0.9881467167893054
20260907T070729Z_48d293bf,WD,ETH,bitget_trade_flow,10000,0.9,1.0,944,0.14991424931175026,0.0,0.4788135593220339,1.4343055433434984
20260907T070729Z_48d293bf,WD,ETH,bitget_trade_flow,30000,0.9,1.0,341,-0.3331500850775895,-0.040164836489163774,0.4633431085043988,2.670265961037645
20260907T070729Z_48d293bf,WD,ETH,bitget_trade_flow,100,0.95,1.0,4688,0.06775795904543824,0.0,0.0966296928327645,0.09267639634139724
20260907T070729Z_48d293bf,WD,ETH,bitget_trade_flow,200,0.95,1.0,4688,0.0756130620030983,0.0,0.13417235494880547,0.1400770734645563
20260907T070729Z_48d293bf,WD,ETH,bitget_trade_flow,500,0.95,1.0,4688,0.08637134460545619,0.0,0.19389931740614336,0.244762706387725
20260907T070729Z_48d293bf,WD,ETH,bitget_trade_flow,1000,0.95,1.0,4688,0.10521880286943197,0.0,0.2636518771331058,0.38099700345316784
20260907T070729Z_48d293bf,WD,ETH,bitget_trade_flow,2000,0.95,1.0,3193,0.09021532522189349,0.0,0.32633886626996556,0.5700119517441586
20260907T070729Z_48d293bf,WD,ETH,bitget_trade_flow,5000,0.95,1.0,1659,0.09795479597951559,0.0,0.4273658830620856,0.9881467167893054
20260907T070729Z_48d293bf,WD,ETH,bitget_trade_flow,10000,0.95,1.0,944,0.14991424931175026,0.0,0.4788135593220339,1.4343055433434984
20260907T070729Z_48d293bf,WD,ETH,bitget_trade_flow,30000,0.95,1.0,341,-0.3331500850775895,-0.040164836489163774,0.4633431085043988,2.670265961037645
20260907T070729Z_48d293bf,WD,ETH,depth_imbalance_l1,100,0.8,0.7571220627989187,3558,0.10077948126692667,0.0,0.15711073636874648,0.1110654646881136
20260907T070729Z_48d293bf,WD,ETH,depth_imbalance_l1,200,0.8,0.7571220627989187,3558,0.14437647545887078,0.0,0.2166947723440135,0.16735511593009958
20260907T070729Z_48d293bf,WD,ETH,depth_imbalance_l1,500,0.8,0.7571220627989187,3558,0.21667021286241242,0.0,0.3102866779089376,0.2867182160726356
20260907T070729Z_48d293bf,WD,ETH,depth_imbalance_l1,1000,0.8,0.7571220627989187,3558,0.28882586819219846,0.0,0.39769533445756045,0.43401289097385837
20260907T070729Z_48d293bf,WD,ETH,depth_imbalance_l1,2000,0.8,0.7571220627989187,2315,0.4111538184531172,0.04014742133031322,0.5079913606911447,0.6705172755256744
20260907T070729Z_48d293bf,WD,ETH,depth_imbalance_l1,5000,0.8,0.7571220627989187,1312,0.478223373265312,0.2807761158204107,0.5625,1.1019985963379544
20260907T070729Z_48d293bf,WD,ETH,depth_imbalance_l1,10000,0.8,0.7571220627989187,787,0.5471477556801444,0.3215505166187282,0.5857687420584498,1.5076762013208154
20260907T070729Z_48d293bf,WD,ETH,depth_imbalance_l1,30000,0.8,0.7571220627989187,321,0.2248295262910311,0.28061623326751456,0.5295950155763239,2.5266887807028375
20260907T070729Z_48d293bf,WD,ETH,depth_imbalance_l1,100,0.9,0.8850545865227758,2170,0.135122324035762,0.0,0.2032258064516129,0.1494062786491357
20260907T070729Z_48d293bf,WD,ETH,depth_imbalance_l1,200,0.9,0.8850545865227758,2170,0.19178842805996846,0.0,0.2732718894009217,0.21893158710451888
20260907T070729Z_48d293bf,WD,ETH,depth_imbalance_l1,500,0.9,0.8850545865227758,2170,0.26897095273956595,0.0,0.36451612903225805,0.34313511811630293
20260907T070729Z_48d293bf,WD,ETH,depth_imbalance_l1,1000,0.9,0.8850545865227758,2170,0.3487927790659137,0.0,0.44608294930875575,0.5076590147505221
20260907T070729Z_48d293bf,WD,ETH,depth_imbalance_l1,2000,0.9,0.8850545865227758,1563,0.49326269456220595,0.20176259806188257,0.5681381957773513,0.7469316601188787
20260907T070729Z_48d293bf,WD,ETH,depth_imbalance_l1,5000,0.9,0.8850545865227758,991,0.5510662181145822,0.4013316183646767,0.6024217961654894,1.1545813031124825
20260907T070729Z_48d293bf,WD,ETH,depth_imbalance_l1,10000,0.9,0.8850545865227758,653,0.6263726531420974,0.3618876057908335,0.6094946401225115,1.545097387133228
20260907T070729Z_48d293bf,WD,ETH,depth_imbalance_l1,30000,0.9,0.8850545865227758,294,0.7288234255500152,0.2810801435842994,0.54421768707483,2.7122541622476493
20260907T070729Z_48d293bf,WD,ETH,depth_imbalance_l1,100,0.95,0.9571283612379503,1224,0.16094046287540872,0.0,0.23366013071895425,0.17276033339583086
20260907T070729Z_48d293bf,WD,ETH,depth_imbalance_l1,200,0.95,0.9571283612379503,1224,0.23189518789760455,0.0,0.3055555555555556,0.2510109030237744
20260907T070729Z_48d293bf,WD,ETH,depth_imbalance_l1,500,0.95,0.9571283612379503,1224,0.32100301448950047,0.0,0.40522875816993464,0.3859209790171378
20260907T070729Z_48d293bf,WD,ETH,depth_imbalance_l1,1000,0.95,0.9571283612379503,1224,0.40786143790866686,0.0,0.4959150326797386,0.5671908663498665
20260907T070729Z_48d293bf,WD,ETH,depth_imbalance_l1,2000,0.95,0.9571283612379503,943,0.5275576496960322,0.36106007241331284,0.6055143160127253,0.8074795319238843
20260907T070729Z_48d293bf,WD,ETH,depth_imbalance_l1,5000,0.95,0.9571283612379503,667,0.6069937397191946,0.44182739819031425,0.6431784107946027,1.2461655720996458
20260907T070729Z_48d293bf,WD,ETH,depth_imbalance_l1,10000,0.95,0.9571283612379503,486,0.47758821160837434,0.36109428617190253,0.5802469135802469,1.6679568311235387
20260907T070729Z_48d293bf,WD,ETH,depth_imbalance_l1,30000,0.95,0.9571283612379503,251,0.8642983117355436,0.72338980494055,0.6294820717131474,2.574987704937864
20260907T070729Z_48d293bf,WD,ETH,depth_imbalance_l5,100,0.8,0.6567164179104478,3578,0.08588725616291583,0.0,0.13191727221911684,0.09588562528540062
20260907T070729Z_48d293bf,WD,ETH,depth_imbalance_l5,200,0.8,0.6567164179104478,3578,0.12227239025349348,0.0,0.18418110676355506,0.1486803356584792
20260907T070729Z_48d293bf,WD,ETH,depth_imbalance_l5,500,0.8,0.6567164179104478,3578,0.19229488651536958,0.0,0.2797652319731694,0.2711343281477122
20260907T070729Z_48d293bf,WD,ETH,depth_imbalance_l5,1000,0.8,0.6567164179104478,3578,0.2602410469596317,0.0,0.3697596422582448,0.4204555261008987
20260907T070729Z_48d293bf,WD,ETH,depth_imbalance_l5,2000,0.8,0.6567164179104478,2325,0.3314138996830718,0.0,0.48,0.6541445353573422
20260907T070729Z_48d293bf,WD,ETH,depth_imbalance_l5,5000,0.8,0.6567164179104478,1304,0.4162847166077436,0.24066182002013825,0.5598159509202454,1.065323158839396
20260907T070729Z_48d293bf,WD,ETH,depth_imbalance_l5,10000,0.8,0.6567164179104478,788,0.49055475027817075,0.3106839687640831,0.5685279187817259,1.5251171265639163
20260907T070729Z_48d293bf,WD,ETH,depth_imbalance_l5,30000,0.8,0.6567164179104478,324,0.48817079899597965,0.44183982885061435,0.558641975308642,2.7281035787784553
20260907T070729Z_48d293bf,WD,ETH,depth_imbalance_l5,100,0.9,0.7893252332393143,2124,0.11298008380505872,0.0,0.1709039548022599,0.1269133632898168
20260907T070729Z_48d293bf,WD,ETH,depth_imbalance_l5,200,0.9,0.7893252332393143,2124,0.17050256008411876,0.0,0.2396421845574388,0.19324854450058615
20260907T070729Z_48d293bf,WD,ETH,depth_imbalance_l5,500,0.9,0.7893252332393143,2124,0.2544613634538294,0.0,0.3370998116760829,0.32201354543712124
20260907T070729Z_48d293bf,WD,ETH,depth_imbalance_l5,1000,0.9,0.7893252332393143,2124,0.3238996241499189,0.0,0.4194915254237288,0.49018405304212176
20260907T070729Z_48d293bf,WD,ETH,depth_imbalance_l5,2000,0.9,0.7893252332393143,1504,0.4479777856736329,0.1204524280045458,0.5352393617021277,0.7274186372036753
20260907T070729Z_48d293bf,WD,ETH,depth_imbalance_l5,5000,0.9,0.7893252332393143,946,0.5099969287492511,0.3208303210050965,0.587737843551797,1.14867967636736
20260907T070729Z_48d293bf,WD,ETH,depth_imbalance_l5,10000,0.9,0.7893252332393143,624,0.5559904572024854,0.3613383975168683,0.5961538461538461,1.554246869090101
20260907T070729Z_48d293bf,WD,ETH,depth_imbalance_l5,30000,0.9,0.7893252332393143,286,0.6080686384467839,0.5621618506986719,0.5909090909090909,2.719252193675721
20260907T070729Z_48d293bf,WD,ETH,depth_imbalance_l5,100,0.95,0.8775070088419236,1225,0.12880241361262693,0.0,0.19020408163265307,0.1529631363567318
20260907T070729Z_48d293bf,WD,ETH,depth_imbalance_l5,200,0.95,0.8775070088419236,1225,0.19873047811183542,0.0,0.2677551020408163,0.2315038777608281
20260907T070729Z_48d293bf,WD,ETH,depth_imbalance_l5,500,0.95,0.8775070088419236,1225,0.31173538001475215,0.0,0.36653061224489797,0.37673807382233293
20260907T070729Z_48d293bf,WD,ETH,depth_imbalance_l5,1000,0.95,0.8775070088419236,1225,0.4109076980885891,0.0,0.45387755102040817,0.5578164747984968
20260907T070729Z_48d293bf,WD,ETH,depth_imbalance_l5,2000,0.95,0.8775070088419236,939,0.5207090820479037,0.2009323259994165,0.5548455804046858,0.7826167342341123
20260907T070729Z_48d293bf,WD,ETH,depth_imbalance_l5,5000,0.95,0.8775070088419236,658,0.5971801578742009,0.4033716405573466,0.6003039513677811,1.2612159522846276
20260907T070729Z_48d293bf,WD,ETH,depth_imbalance_l5,10000,0.95,0.8775070088419236,474,0.6282399664956103,0.36110589301380297,0.5907172995780591,1.6939081966055747
20260907T070729Z_48d293bf,WD,ETH,depth_imbalance_l5,30000,0.95,0.8775070088419236,250,0.7272556063368237,0.681170311290888,0.62,2.719326103895794
20260907T070729Z_48d293bf,WD,ETH,external_ofi,100,0.8,0.09047515379624738,6164,0.06988628357055922,0.0,0.10918234912394549,0.0855027101700613
20260907T070729Z_48d293bf,WD,ETH,external_ofi,200,0.8,0.09047515379624738,6164,0.09597940242436896,0.0,0.15606748864373785,0.13339683425995033
20260907T070729Z_48d293bf,WD,ETH,external_ofi,500,0.8,0.09047515379624738,6164,0.14149928006685572,0.0,0.23134328358208955,0.23674130966542853
20260907T070729Z_48d293bf,WD,ETH,external_ofi,1000,0.8,0.09047515379624738,6163,0.16998030521271099,0.0,0.29758234625993835,0.3644384568186795
20260907T070729Z_48d293bf,WD,ETH,external_ofi,2000,0.8,0.09047515379624738,3832,0.20028744875075077,0.0,0.3729123173277662,0.5485442721929933
20260907T070729Z_48d293bf,WD,ETH,external_ofi,5000,0.8,0.09047515379624738,1839,0.2605916821770717,0.0,0.466557911908646,0.9578847346143139
20260907T070729Z_48d293bf,WD,ETH,external_ofi,10000,0.8,0.09047515379624738,997,0.23257488459370323,0.0,0.4954864593781344,1.4427272363417292
20260907T070729Z_48d293bf,WD,ETH,external_ofi,30000,0.8,0.09047515379624738,349,0.2206738942624896,0.4016314269085479,0.5587392550143266,2.5695621871685748
20260907T070729Z_48d293bf,WD,ETH,external_ofi,100,0.9,0.27260788321529666,4121,0.12166797273202339,0.0,0.17277359864110653,0.14075046104895453
20260907T070729Z_48d293bf,WD,ETH,external_ofi,200,0.9,0.27260788321529666,4121,0.1611307302557051,0.0,0.23173986896384371,0.20023879943367942
20260907T070729Z_48d293bf,WD,ETH,external_ofi,500,0.9,0.27260788321529666,4121,0.22044226053372132,0.0,0.31545741324921134,0.32335697365753835
20260907T070729Z_48d293bf,WD,ETH,external_ofi,1000,0.9,0.27260788321529666,4121,0.26346926142085475,0.0,0.38218878912885224,0.46165984297811097
20260907T070729Z_48d293bf,WD,ETH,external_ofi,2000,0.9,0.27260788321529666,2848,0.27142580314375686,0.0,0.44803370786516855,0.6389404015555472
20260907T070729Z_48d293bf,WD,ETH,external_ofi,5000,0.9,0.27260788321529666,1552,0.3813240007584216,0.040220975825407505,0.5128865979381443,1.047501157221995
20260907T070729Z_48d293bf,WD,ETH,external_ofi,10000,0.9,0.27260788321529666,902,0.341603672822973,0.08032144643109568,0.5177383592017738,1.4859154344722356
20260907T070729Z_48d293bf,WD,ETH,external_ofi,30000,0.9,0.27260788321529666,337,0.35953812840169963,0.20094928442686713,0.5341246290801187,2.5818628501546743
20260907T070729Z_48d293bf,WD,ETH,external_ofi,100,0.95,0.6213540929761238,2636,0.19221609354559463,0.0,0.24620637329286799,0.21560937739512287
20260907T070729Z_48d293bf,WD,ETH,external_ofi,200,0.95,0.6213540929761238,2636,0.2455831568414246,0.0,0.3091805766312595,0.2951004639760114
20260907T070729Z_48d293bf,WD,ETH,external_ofi,500,0.95,0.6213540929761238,2636,0.305801787173412,0.0,0.3907435508345979,0.4211555361070315
20260907T070729Z_48d293bf,WD,ETH,external_ofi,1000,0.95,0.6213540929761238,2636,0.35798402071572566,0.0,0.45106221547799696,0.5612861616206656
20260907T070729Z_48d293bf,WD,ETH,external_ofi,2000,0.95,0.6213540929761238,1991,0.37617613357374563,0.0,0.496735308890005,0.7521546070860894
20260907T070729Z_48d293bf,WD,ETH,external_ofi,5000,0.95,0.6213540929761238,1239,0.503802181244577,0.2410282264236185,0.5504439063761097,1.1419039286297707
20260907T070729Z_48d293bf,WD,ETH,external_ofi,10000,0.95,0.6213540929761238,769,0.5167127861630704,0.3614762691225772,0.5799739921976593,1.5948327063957868
20260907T070729Z_48d293bf,WD,ETH,external_ofi,30000,0.95,0.6213540929761238,313,0.5465135960345259,0.20038313255760976,0.5527156549520766,2.79085498001302
20260907T070729Z_48d293bf,WD,ETH,external_trade_flow,100,0.8,1.0,9221,0.010397641144780758,0.0,0.03025702201496584,0.028141940603998966
20260907T070729Z_48d293bf,WD,ETH,external_trade_flow,200,0.8,1.0,9221,0.015369563053366718,0.0,0.05335646892961718,0.05679998799782218
20260907T070729Z_48d293bf,WD,ETH,external_trade_flow,500,0.8,1.0,9221,0.02458816121030537,0.0,0.11246068756100205,0.13640888332393902
20260907T070729Z_48d293bf,WD,ETH,external_trade_flow,1000,0.8,1.0,9220,0.028809173851156333,0.0,0.1762472885032538,0.25799292968812293
20260907T070729Z_48d293bf,WD,ETH,external_trade_flow,2000,0.8,1.0,4960,0.0417024567294834,0.0,0.2608870967741935,0.4498452874900058
20260907T070729Z_48d293bf,WD,ETH,external_trade_flow,5000,0.8,1.0,2086,0.05541709874581612,0.0,0.387823585810163,0.8738219383108599
20260907T070729Z_48d293bf,WD,ETH,external_trade_flow,10000,0.8,1.0,1061,0.06800242363368375,0.0,0.4458058435438266,1.364359064641836
20260907T070729Z_48d293bf,WD,ETH,external_trade_flow,30000,0.8,1.0,357,0.47841257948550225,0.2817116801873534,0.5406162464985994,2.5212002815887633
20260907T070729Z_48d293bf,WD,ETH,external_trade_flow,100,0.9,1.0,9221,0.010397641144780758,0.0,0.03025702201496584,0.028141940603998966
20260907T070729Z_48d293bf,WD,ETH,external_trade_flow,200,0.9,1.0,9221,0.015369563053366718,0.0,0.05335646892961718,0.05679998799782218
20260907T070729Z_48d293bf,WD,ETH,external_trade_flow,500,0.9,1.0,9221,0.02458816121030537,0.0,0.11246068756100205,0.13640888332393902
20260907T070729Z_48d293bf,WD,ETH,external_trade_flow,1000,0.9,1.0,9220,0.028809173851156333,0.0,0.1762472885032538,0.25799292968812293
20260907T070729Z_48d293bf,WD,ETH,external_trade_flow,2000,0.9,1.0,4960,0.0417024567294834,0.0,0.2608870967741935,0.4498452874900058
20260907T070729Z_48d293bf,WD,ETH,external_trade_flow,5000,0.9,1.0,2086,0.05541709874581612,0.0,0.387823585810163,0.8738219383108599
20260907T070729Z_48d293bf,WD,ETH,external_trade_flow,10000,0.9,1.0,1061,0.06800242363368375,0.0,0.4458058435438266,1.364359064641836
20260907T070729Z_48d293bf,WD,ETH,external_trade_flow,30000,0.9,1.0,357,0.47841257948550225,0.2817116801873534,0.5406162464985994,2.5212002815887633
20260907T070729Z_48d293bf,WD,ETH,external_trade_flow,100,0.95,1.0,9221,0.010397641144780758,0.0,0.03025702201496584,0.028141940603998966
20260907T070729Z_48d293bf,WD,ETH,external_trade_flow,200,0.95,1.0,9221,0.015369563053366718,0.0,0.05335646892961718,0.05679998799782218
20260907T070729Z_48d293bf,WD,ETH,external_trade_flow,500,0.95,1.0,9221,0.02458816121030537,0.0,0.11246068756100205,0.13640888332393902
20260907T070729Z_48d293bf,WD,ETH,external_trade_flow,1000,0.95,1.0,9220,0.028809173851156333,0.0,0.1762472885032538,0.25799292968812293
20260907T070729Z_48d293bf,WD,ETH,external_trade_flow,2000,0.95,1.0,4960,0.0417024567294834,0.0,0.2608870967741935,0.4498452874900058
20260907T070729Z_48d293bf,WD,ETH,external_trade_flow,5000,0.95,1.0,2086,0.05541709874581612,0.0,0.387823585810163,0.8738219383108599
20260907T070729Z_48d293bf,WD,ETH,external_trade_flow,10000,0.95,1.0,1061,0.06800242363368375,0.0,0.4458058435438266,1.364359064641836
20260907T070729Z_48d293bf,WD,ETH,external_trade_flow,30000,0.95,1.0,357,0.47841257948550225,0.2817116801873534,0.5406162464985994,2.5212002815887633
20260907T070729Z_48d293bf,WD,ETH,fair_accel_100ms,100,0.8,9.969425801485084e-07,4690,0.085215455749335,0.0,0.1208955223880597,0.10772639429759191
20260907T070729Z_48d293bf,WD,ETH,fair_accel_100ms,200,0.8,9.969425801485084e-07,4690,0.1057954429664005,0.0,0.16439232409381663,0.15488630974863907
20260907T070729Z_48d293bf,WD,ETH,fair_accel_100ms,500,0.8,9.969425801485084e-07,4689,0.1449233363920746,0.0,0.2377905736830881,0.2778812066714029
20260907T070729Z_48d293bf,WD,ETH,fair_accel_100ms,1000,0.8,9.969425801485084e-07,4689,0.1796889529328537,0.0,0.3126466197483472,0.4160322926963784
20260907T070729Z_48d293bf,WD,ETH,fair_accel_100ms,2000,0.8,9.969425801485084e-07,3134,0.1773585121948056,0.0,0.37683471601786855,0.5962359640822701
20260907T070729Z_48d293bf,WD,ETH,fair_accel_100ms,5000,0.8,9.969425801485084e-07,1631,0.2540846327077195,0.0,0.46597179644389947,0.9999836635240809
20260907T070729Z_48d293bf,WD,ETH,fair_accel_100ms,10000,0.8,9.969425801485084e-07,929,0.2871249960828565,0.04016532045998097,0.511302475780409,1.4316580130484842
20260907T070729Z_48d293bf,WD,ETH,fair_accel_100ms,30000,0.8,9.969425801485084e-07,340,0.05074988575790632,0.0,0.48823529411764705,2.5476021281484726
20260907T070729Z_48d293bf,WD,ETH,fair_accel_100ms,100,0.9,0.10689627284407457,3157,0.13021424190285344,0.0,0.17484954070319925,0.16014524321091084
20260907T070729Z_48d293bf,WD,ETH,fair_accel_100ms,200,0.9,0.10689627284407457,3157,0.1696134399688909,0.0,0.22711434906556857,0.22279383275190592
20260907T070729Z_48d293bf,WD,ETH,fair_accel_100ms,500,0.9,0.10689627284407457,3157,0.21618125940792654,0.0,0.30376940133037694,0.3518959611545022
20260907T070729Z_48d293bf,WD,ETH,fair_accel_100ms,1000,0.9,0.10689627284407457,3157,0.25001020504052546,0.0,0.36617041495090275,0.5004070341005198
20260907T070729Z_48d293bf,WD,ETH,fair_accel_100ms,2000,0.9,0.10689627284407457,2296,0.28644103140543054,0.0,0.4268292682926829,0.689211993652927
20260907T070729Z_48d293bf,WD,ETH,fair_accel_100ms,5000,0.9,0.10689627284407457,1338,0.3580142065360679,0.040194544674495916,0.5097159940209267,1.0937138480129096
20260907T070729Z_48d293bf,WD,ETH,fair_accel_100ms,10000,0.9,0.10689627284407457,806,0.3897165704775346,0.1808168530481561,0.5421836228287841,1.5356039601466949
20260907T070729Z_48d293bf,WD,ETH,fair_accel_100ms,30000,0.9,0.10689627284407457,318,0.21864423507863914,0.32107396703180113,0.550314465408805,2.7523203489898784
20260907T070729Z_48d293bf,WD,ETH,fair_accel_100ms,100,0.95,0.2674614572446603,1902,0.21792934225339375,0.0,0.2476340694006309,0.25873094687509546
20260907T070729Z_48d293bf,WD,ETH,fair_accel_100ms,200,0.95,0.2674614572446603,1902,0.26336668284518383,0.0,0.30231335436382756,0.3453376612262109
20260907T070729Z_48d293bf,WD,ETH,fair_accel_100ms,500,0.95,0.2674614572446603,1902,0.31397364250154824,0.0,0.3822292323869611,0.4821258471316063
20260907T070729Z_48d293bf,WD,ETH,fair_accel_100ms,1000,0.95,0.2674614572446603,1902,0.35137971268335094,0.0,0.4411146161934805,0.6490513774194324
20260907T070729Z_48d293bf,WD,ETH,fair_accel_100ms,2000,0.95,0.2674614572446603,1491,0.3932246198034574,0.0,0.48826291079812206,0.8672307298998666
20260907T070729Z_48d293bf,WD,ETH,fair_accel_100ms,5000,0.95,0.2674614572446603,995,0.5652127483551103,0.2806567367834033,0.5527638190954773,1.237950645165742
20260907T070729Z_48d293bf,WD,ETH,fair_accel_100ms,10000,0.95,0.2674614572446603,646,0.548368171130497,0.4425429714162843,0.5835913312693498,1.7482402868068108
20260907T070729Z_48d293bf,WD,ETH,fair_accel_100ms,30000,0.95,0.2674614572446603,287,0.898706059195629,0.4818609470694913,0.5818815331010453,2.9149026417562296
20260907T070729Z_48d293bf,WD,ETH,fair_gap_reversion,100,0.8,0.460070734719098,2845,0.1193596612734724,0.0,0.11107205623901582,0.1414643756091088
20260907T070729Z_48d293bf,WD,ETH,fair_gap_reversion,200,0.8,0.460070734719098,2845,0.15417527942516954,0.0,0.1521968365553603,0.19503097297345784
20260907T070729Z_48d293bf,WD,ETH,fair_gap_reversion,500,0.8,0.460070734719098,2845,0.1956392356223543,0.0,0.22073813708260107,0.30135281010506876
20260907T070729Z_48d293bf,WD,ETH,fair_gap_reversion,1000,0.8,0.460070734719098,2845,0.23885216775851387,0.0,0.29173989455184535,0.4499585921992934
20260907T070729Z_48d293bf,WD,ETH,fair_gap_reversion,2000,0.8,0.460070734719098,1783,0.3365642973142203,0.0,0.40437464946719015,0.7132275308498771
20260907T070729Z_48d293bf,WD,ETH,fair_gap_reversion,5000,0.8,0.460070734719098,982,0.46946478435766814,0.1002433984582631,0.5193482688391039,1.1984230847837247
20260907T070729Z_48d293bf,WD,ETH,fair_gap_reversion,10000,0.8,0.460070734719098,628,0.49184673442076765,0.34143502780712986,0.5668789808917197,1.6820335918838016
20260907T070729Z_48d293bf,WD,ETH,fair_gap_reversion,30000,0.8,0.460070734719098,280,0.4816612751649302,0.44191086047669464,0.5714285714285714,2.850253232654278
20260907T070729Z_48d293bf,WD,ETH,fair_gap_reversion,100,0.9,0.6120584267290674,1595,0.2006799365259424,0.0,0.16300940438871472,0.23128912199129226
20260907T070729Z_48d293bf,WD,ETH,fair_gap_reversion,200,0.9,0.6120584267290674,1595,0.2382658335090456,0.0,0.20815047021943572,0.29433024785050743
20260907T070729Z_48d293bf,WD,ETH,fair_gap_reversion,500,0.9,0.6120584267290674,1595,0.29879984371284724,0.0,0.2764890282131661,0.41562296024145157
20260907T070729Z_48d293bf,WD,ETH,fair_gap_reversion,1000,0.9,0.6120584267290674,1595,0.3613178114491155,0.0,0.35360501567398117,0.5670102697337056
20260907T070729Z_48d293bf,WD,ETH,fair_gap_reversion,2000,0.9,0.6120584267290674,1082,0.5227861921273328,0.0,0.48613678373382624,0.9002643990207432
20260907T070729Z_48d293bf,WD,ETH,fair_gap_reversion,5000,0.9,0.6120584267290674,670,0.7108760656202738,0.44272452721312017,0.5865671641791045,1.4160439253013886
20260907T070729Z_48d293bf,WD,ETH,fair_gap_reversion,10000,0.9,0.6120584267290674,468,0.687892862601925,0.5417418658356956,0.6047008547008547,1.8534481075965865
20260907T070729Z_48d293bf,WD,ETH,fair_gap_reversion,30000,0.9,0.6120584267290674,235,0.9738559913857141,0.7646521440157699,0.6170212765957447,2.9715974347727276
20260907T070729Z_48d293bf,WD,ETH,fair_gap_reversion,100,0.95,0.7522298868261056,913,0.34240301785777366,0.0,0.2322015334063527,0.37910326848836007
20260907T070729Z_48d293bf,WD,ETH,fair_gap_reversion,200,0.95,0.7522298868261056,913,0.4069612637400528,0.0,0.28696604600219056,0.45868871835099495
20260907T070729Z_48d293bf,WD,ETH,fair_gap_reversion,500,0.95,0.7522298868261056,913,0.45332314927641215,0.0,0.3548740416210296,0.5676973010274179
20260907T070729Z_48d293bf,WD,ETH,fair_gap_reversion,1000,0.95,0.7522298868261056,913,0.5516480440460746,0.0,0.43263964950711936,0.7315922504843094
20260907T070729Z_48d293bf,WD,ETH,fair_gap_reversion,2000,0.95,0.7522298868261056,662,0.7204765868905731,0.3415006892580804,0.5422960725075529,1.0746096045947664
20260907T070729Z_48d293bf,WD,ETH,fair_gap_reversion,5000,0.95,0.7522298868261056,460,0.86749521854233,0.5621699767661416,0.6195652173913043,1.5262247723624123
20260907T070729Z_48d293bf,WD,ETH,fair_gap_reversion,10000,0.95,0.7522298868261056,347,0.8736998709008988,0.6824787631319258,0.6397694524495677,1.937707723212785
20260907T070729Z_48d293bf,WD,ETH,fair_gap_reversion,30000,0.95,0.7522298868261056,196,0.8701221397284831,0.7639150085245396,0.6275510204081632,2.930892718393741
20260907T070729Z_48d293bf,WD,ETH,leader_gap_1000ms,100,0.8,0.28750780714669,3237,0.0968696186715347,0.0,0.11677479147358666,0.14110760646210746
20260907T070729Z_48d293bf,WD,ETH,leader_gap_1000ms,200,0.8,0.28750780714669,3237,0.11523131039572404,0.0,0.1556997219647822,0.1996192108934272
20260907T070729Z_48d293bf,WD,ETH,leader_gap_1000ms,500,0.8,0.28750780714669,3237,0.13931269031999252,0.0,0.2282978066110596,0.3269872695869183
20260907T070729Z_48d293bf,WD,ETH,leader_gap_1000ms,1000,0.8,0.28750780714669,3237,0.1632657684525414,0.0,0.3036762434352796,0.4804126676241781
20260907T070729Z_48d293bf,WD,ETH,leader_gap_1000ms,2000,0.8,0.28750780714669,2204,0.18480921345481335,0.0,0.3761343012704174,0.6950941898639262
20260907T070729Z_48d293bf,WD,ETH,leader_gap_1000ms,5000,0.8,0.28750780714669,1288,0.27878382549911396,0.0,0.4673913043478261,1.1409702568504443
20260907T070729Z_48d293bf,WD,ETH,leader_gap_1000ms,10000,0.8,0.28750780714669,776,0.33531426530985037,0.04020424735743731,0.5115979381443299,1.5916624974689528
20260907T070729Z_48d293bf,WD,ETH,leader_gap_1000ms,30000,0.8,0.28750780714669,318,0.432019914405517,0.2810844906316562,0.559748427672956,2.658096019693312
20260907T070729Z_48d293bf,WD,ETH,leader_gap_1000ms,100,0.9,0.49248679527817546,2014,0.1463187050132948,0.0,0.14796425024826215,0.1956881731791872
20260907T070729Z_48d293bf,WD,ETH,leader_gap_1000ms,200,0.9,0.49248679527817546,2014,0.18368064260867606,0.0,0.2035749751737835,0.2748951219510714
20260907T070729Z_48d293bf,WD,ETH,leader_gap_1000ms,500,0.9,0.49248679527817546,2014,0.20970984932699246,0.0,0.2810327706057597,0.40503793958343093
20260907T070729Z_48d293bf,WD,ETH,leader_gap_1000ms,1000,0.9,0.49248679527817546,2014,0.25044530599116355,0.0,0.35948361469712015,0.6017525170804348
20260907T070729Z_48d293bf,WD,ETH,leader_gap_1000ms,2000,0.9,0.49248679527817546,1456,0.3034014223414036,0.0,0.44574175824175827,0.8265165170864157
20260907T070729Z_48d293bf,WD,ETH,leader_gap_1000ms,5000,0.9,0.49248679527817546,938,0.41689332156945247,0.20088469703859257,0.5298507462686567,1.2898156643635685
20260907T070729Z_48d293bf,WD,ETH,leader_gap_1000ms,10000,0.9,0.49248679527817546,619,0.48397667544028944,0.2823252306166705,0.5589660743134087,1.708388742183119
20260907T070729Z_48d293bf,WD,ETH,leader_gap_1000ms,30000,0.9,0.49248679527817546,284,0.4344773871773004,0.34152302893575714,0.5563380281690141,2.682315423840097
20260907T070729Z_48d293bf,WD,ETH,leader_gap_1000ms,100,0.95,0.6849122400863134,1193,0.2283498239806554,0.0,0.1961441743503772,0.2991128547338875
20260907T070729Z_48d293bf,WD,ETH,leader_gap_1000ms,200,0.95,0.6849122400863134,1193,0.27408965148443926,0.0,0.25565800502933783,0.38395978245359763
20260907T070729Z_48d293bf,WD,ETH,leader_gap_1000ms,500,0.95,0.6849122400863134,1193,0.3254343515622586,0.0,0.34115674769488685,0.5353013861077252
20260907T070729Z_48d293bf,WD,ETH,leader_gap_1000ms,1000,0.95,0.6849122400863134,1193,0.3836607970652814,0.0,0.4224643755238894,0.7523088279235668
20260907T070729Z_48d293bf,WD,ETH,leader_gap_1000ms,2000,0.95,0.6849122400863134,898,0.5144864499856986,0.16071485998526439,0.5289532293986637,1.0078782670240019
20260907T070729Z_48d293bf,WD,ETH,leader_gap_1000ms,5000,0.95,0.6849122400863134,633,0.526144815110228,0.40169596039812944,0.5734597156398105,1.413520929342202
20260907T070729Z_48d293bf,WD,ETH,leader_gap_1000ms,10000,0.95,0.6849122400863134,455,0.628564742951345,0.5621056479029566,0.6065934065934065,1.901693341416386
20260907T070729Z_48d293bf,WD,ETH,leader_gap_1000ms,30000,0.95,0.6849122400863134,237,0.6153760590623812,0.6000480040209201,0.6033755274261603,2.9529485043468524
20260907T070729Z_48d293bf,WD,ETH,leader_gap_100ms,100,0.8,0.0006834437125358944,4890,0.06403880867164148,0.0,0.10245398773006135,0.10886800080170737
20260907T070729Z_48d293bf,WD,ETH,leader_gap_100ms,200,0.8,0.0006834437125358944,4890,0.07528890787812041,0.0,0.13865030674846626,0.15683048358312865
20260907T070729Z_48d293bf,WD,ETH,leader_gap_100ms,500,0.8,0.0006834437125358944,4890,0.08091934108736883,0.0,0.19386503067484662,0.26809532540890874
20260907T070729Z_48d293bf,WD,ETH,leader_gap_100ms,1000,0.8,0.0006834437125358944,4890,0.10606523067236977,0.0,0.26012269938650306,0.40462006981335297
20260907T070729Z_48d293bf,WD,ETH,leader_gap_100ms,2000,0.8,0.0006834437125358944,3187,0.11717263180880673,0.0,0.33730781299027296,0.5934018819432914
20260907T070729Z_48d293bf,WD,ETH,leader_gap_100ms,5000,0.8,0.0006834437125358944,1641,0.13807506474168335,0.0,0.421084704448507,1.0063516952477662
20260907T070729Z_48d293bf,WD,ETH,leader_gap_100ms,10000,0.8,0.0006834437125358944,930,0.10818327720607673,0.0,0.4666666666666667,1.4258577645867605
20260907T070729Z_48d293bf,WD,ETH,leader_gap_100ms,30000,0.8,0.0006834437125358944,341,-0.10658483980456762,0.2405807619698973,0.5366568914956011,2.567639769119326
20260907T070729Z_48d293bf,WD,ETH,leader_gap_100ms,100,0.9,0.013815017055514998,4188,0.07869657855223378,0.0,0.11986628462273162,0.12403233491284915
20260907T070729Z_48d293bf,WD,ETH,leader_gap_100ms,200,0.9,0.013815017055514998,4188,0.0964697537299149,0.0,0.15950334288443171,0.17573315174311235
20260907T070729Z_48d293bf,WD,ETH,leader_gap_100ms,500,0.9,0.013815017055514998,4188,0.11157413924225536,0.0,0.21967526265520534,0.29572617272500396
20260907T070729Z_48d293bf,WD,ETH,leader_gap_100ms,1000,0.9,0.013815017055514998,4188,0.15091541486380064,0.0,0.29680038204393505,0.43734453726964767
20260907T070729Z_48d293bf,WD,ETH,leader_gap_100ms,2000,0.9,0.013815017055514998,2927,0.16498056801676042,0.0,0.359754014349163,0.610537794095041
20260907T070729Z_48d293bf,WD,ETH,leader_gap_100ms,5000,0.9,0.013815017055514998,1572,0.23317559156834225,0.0,0.4446564885496183,1.015257855069645
20260907T070729Z_48d293bf,WD,ETH,leader_gap_100ms,10000,0.9,0.013815017055514998,912,0.23285068224857888,0.0,0.48135964912280704,1.4575579298176158
20260907T070729Z_48d293bf,WD,ETH,leader_gap_100ms,30000,0.9,0.013815017055514998,338,-0.10288269203964637,0.04015080649394019,0.5118343195266272,2.6330509638901947
20260907T070729Z_48d293bf,WD,ETH,leader_gap_100ms,100,0.95,0.21496139633755557,2699,0.11959775204605971,0.0,0.1474620229714709,0.17366071523898957
20260907T070729Z_48d293bf,WD,ETH,leader_gap_100ms,200,0.95,0.21496139633755557,2699,0.14563071755606996,0.0,0.1922934420155613,0.2457861693164091
20260907T070729Z_48d293bf,WD,ETH,leader_gap_100ms,500,0.95,0.21496139633755557,2699,0.1635008486413756,0.0,0.2500926268988514,0.3714334555674094
20260907T070729Z_48d293bf,WD,ETH,leader_gap_100ms,1000,0.95,0.21496139633755557,2699,0.19347879933114132,0.0,0.3160429788810671,0.526533869050466
20260907T070729Z_48d293bf,WD,ETH,leader_gap_100ms,2000,0.95,0.21496139633755557,2041,0.19043185146069774,0.0,0.37481626653601174,0.7071417163641487
20260907T070729Z_48d293bf,WD,ETH,leader_gap_100ms,5000,0.95,0.21496139633755557,1234,0.2622772100964771,0.0,0.45786061588330634,1.1400089245873168
20260907T070729Z_48d293bf,WD,ETH,leader_gap_100ms,10000,0.95,0.21496139633755557,765,0.13610029328884835,0.0,0.4875816993464052,1.5854432618141756
20260907T070729Z_48d293bf,WD,ETH,leader_gap_100ms,30000,0.95,0.21496139633755557,312,0.04828109681009289,0.020009044088900856,0.5,2.598359146259623
20260907T070729Z_48d293bf,WD,ETH,leader_gap_200ms,100,0.8,0.0018539463153488271,4649,0.07077892791551275,0.0,0.10819531081953108,0.11366791254243741
20260907T070729Z_48d293bf,WD,ETH,leader_gap_200ms,200,0.8,0.0018539463153488271,4649,0.08309376407832375,0.0,0.14691331469133148,0.15893850896423525
20260907T070729Z_48d293bf,WD,ETH,leader_gap_200ms,500,0.8,0.0018539463153488271,4648,0.10133243730001307,0.0,0.21084337349397592,0.2826662425736288
20260907T070729Z_48d293bf,WD,ETH,leader_gap_200ms,1000,0.8,0.0018539463153488271,4648,0.12832102690881728,0.0,0.28141135972461273,0.42118536093128844
20260907T070729Z_48d293bf,WD,ETH,leader_gap_200ms,2000,0.8,0.0018539463153488271,3126,0.12196311833145693,0.0,0.34708893154190656,0.5988450878907638
20260907T070729Z_48d293bf,WD,ETH,leader_gap_200ms,5000,0.8,0.0018539463153488271,1631,0.19022772040999825,0.0,0.4353157572041692,1.0107852923162486
20260907T070729Z_48d293bf,WD,ETH,leader_gap_200ms,10000,0.8,0.0018539463153488271,932,0.22928112798814895,0.0,0.49141630901287553,1.435855814637408
20260907T070729Z_48d293bf,WD,ETH,leader_gap_200ms,30000,0.8,0.0018539463153488271,339,0.05908274898907129,0.16091560982293504,0.528023598820059,2.609374446798441
20260907T070729Z_48d293bf,WD,ETH,leader_gap_200ms,100,0.9,0.16233246937870618,3209,0.09623232028981592,0.0,0.13150514178871922,0.15111117379489944
20260907T070729Z_48d293bf,WD,ETH,leader_gap_200ms,200,0.9,0.16233246937870618,3209,0.11675367282287656,0.0,0.1732626986600187,0.2113100837853953
20260907T070729Z_48d293bf,WD,ETH,leader_gap_200ms,500,0.9,0.16233246937870618,3208,0.1370078445026565,0.0,0.23815461346633415,0.3369041884016404
20260907T070729Z_48d293bf,WD,ETH,leader_gap_200ms,1000,0.9,0.16233246937870618,3208,0.17284578749185425,0.0,0.3098503740648379,0.48870997953985923
20260907T070729Z_48d293bf,WD,ETH,leader_gap_200ms,2000,0.9,0.16233246937870618,2324,0.1796693647132161,0.0,0.3730636833046472,0.6825663026824601
20260907T070729Z_48d293bf,WD,ETH,leader_gap_200ms,5000,0.9,0.16233246937870618,1354,0.2920805688602379,0.0,0.4586410635155096,1.095376917827533
20260907T070729Z_48d293bf,WD,ETH,leader_gap_200ms,10000,0.9,0.16233246937870618,812,0.2579602706229734,0.04019527429236624,0.5098522167487685,1.5568427073122573
20260907T070729Z_48d293bf,WD,ETH,leader_gap_200ms,30000,0.9,0.16233246937870618,322,0.27119748163608615,0.04016040376833989,0.5062111801242236,2.49621744406096
20260907T070729Z_48d293bf,WD,ETH,leader_gap_200ms,100,0.95,0.37715679069238695,2013,0.1526753225313187,0.0,0.16095380029806258,0.21370972753965015
20260907T070729Z_48d293bf,WD,ETH,leader_gap_200ms,200,0.95,0.37715679069238695,2013,0.19306650690565044,0.0,0.20963735717834078,0.29492999954377846
20260907T070729Z_48d293bf,WD,ETH,leader_gap_200ms,500,0.95,0.37715679069238695,2013,0.22235142642309416,0.0,0.27719821162444114,0.41365388181379975
20260907T070729Z_48d293bf,WD,ETH,leader_gap_200ms,1000,0.95,0.37715679069238695,2013,0.25810061854405014,0.0,0.34873323397913564,0.5883346961677359
20260907T070729Z_48d293bf,WD,ETH,leader_gap_200ms,2000,0.95,0.37715679069238695,1576,0.28681726533378077,0.0,0.4149746192893401,0.7939858749309595
20260907T070729Z_48d293bf,WD,ETH,leader_gap_200ms,5000,0.95,0.37715679069238695,1020,0.31791466142200475,0.0,0.49411764705882355,1.2074363611259233
20260907T070729Z_48d293bf,WD,ETH,leader_gap_200ms,10000,0.95,0.37715679069238695,660,0.468965514208271,0.12049717628653255,0.5257575757575758,1.7379337332613536
20260907T070729Z_48d293bf,WD,ETH,leader_gap_200ms,30000,0.95,0.37715679069238695,293,0.5187260588300066,0.24093337591199088,0.5358361774744027,2.6091096629449697
20260907T070729Z_48d293bf,WD,ETH,leader_gap_500ms,100,0.8,0.15053856531582757,3670,0.07976565229471767,0.0,0.1122615803814714,0.12525772090779944
20260907T070729Z_48d293bf,WD,ETH,leader_gap_500ms,200,0.8,0.15053856531582757,3670,0.09572276714883485,0.0,0.14986376021798364,0.18162161810564828
20260907T070729Z_48d293bf,WD,ETH,leader_gap_500ms,500,0.8,0.15053856531582757,3670,0.11688330111946404,0.0,0.22070844686648503,0.3053348125522157
20260907T070729Z_48d293bf,WD,ETH,leader_gap_500ms,1000,0.8,0.15053856531582757,3670,0.14168086348491954,0.0,0.2959128065395095,0.46686953233339695
20260907T070729Z_48d293bf,WD,ETH,leader_gap_500ms,2000,0.8,0.15053856531582757,2562,0.1499854474056176,0.0,0.35753317720530836,0.6515052546481093
20260907T070729Z_48d293bf,WD,ETH,leader_gap_500ms,5000,0.8,0.15053856531582757,1422,0.23382369827552896,0.0,0.45358649789029537,1.0755828304201498
20260907T070729Z_48d293bf,WD,ETH,leader_gap_500ms,10000,0.8,0.15053856531582757,839,0.2261528603215896,0.0,0.4970202622169249,1.576624254212911
20260907T070729Z_48d293bf,WD,ETH,leader_gap_500ms,30000,0.8,0.15053856531582757,325,0.20195175972893042,0.12001968322993486,0.52,2.5899334825918574
20260907T070729Z_48d293bf,WD,ETH,leader_gap_500ms,100,0.9,0.36316381220398997,2313,0.13843618235011002,0.0,0.1487246000864678,0.19244461541682611
20260907T070729Z_48d293bf,WD,ETH,leader_gap_500ms,200,0.9,0.36316381220398997,2313,0.17040288603999115,0.0,0.19455252918287938,0.26570266265201425
20260907T070729Z_48d293bf,WD,ETH,leader_gap_500ms,500,0.9,0.36316381220398997,2313,0.19106942496588064,0.0,0.2619974059662776,0.3883704872635239
20260907T070729Z_48d293bf,WD,ETH,leader_gap_500ms,1000,0.9,0.36316381220398997,2313,0.2254837897170399,0.0,0.33549502810203197,0.5587549646467075
20260907T070729Z_48d293bf,WD,ETH,leader_gap_500ms,2000,0.9,0.36316381220398997,1748,0.2192989370789582,0.0,0.39645308924485123,0.7545732817787238
20260907T070729Z_48d293bf,WD,ETH,leader_gap_500ms,5000,0.9,0.36316381220398997,1097,0.29662031919895376,0.0,0.49134001823154055,1.1819374113296168
20260907T070729Z_48d293bf,WD,ETH,leader_gap_500ms,10000,0.9,0.36316381220398997,694,0.5122822873809447,0.2208155004315553,0.537463976945245,1.66347401523654
20260907T070729Z_48d293bf,WD,ETH,leader_gap_500ms,30000,0.9,0.36316381220398997,303,0.29886578195562447,0.16070420583301034,0.5214521452145214,2.5131062900916152
20260907T070729Z_48d293bf,WD,ETH,leader_gap_500ms,100,0.95,0.563000605826478,1381,0.2216651652248981,0.0,0.20419985517740769,0.2768559284159794
20260907T070729Z_48d293bf,WD,ETH,leader_gap_500ms,200,0.95,0.563000605826478,1381,0.27593880554643707,0.0,0.25850832729905865,0.37817365869544645
20260907T070729Z_48d293bf,WD,ETH,leader_gap_500ms,500,0.95,0.563000605826478,1381,0.3104461211572708,0.0,0.3396089790007241,0.5193198460434056
20260907T070729Z_48d293bf,WD,ETH,leader_gap_500ms,1000,0.95,0.563000605826478,1381,0.37311766248669154,0.0,0.4185372918175235,0.7006241429252957
20260907T070729Z_48d293bf,WD,ETH,leader_gap_500ms,2000,0.95,0.563000605826478,1100,0.4166860202731388,0.0,0.47545454545454546,0.9144960253555033
20260907T070729Z_48d293bf,WD,ETH,leader_gap_500ms,5000,0.95,0.563000605826478,762,0.5260096795096365,0.2805841789779622,0.5459317585301837,1.3322209760549468
20260907T070729Z_48d293bf,WD,ETH,leader_gap_500ms,10000,0.95,0.563000605826478,538,0.4605037796145866,0.44074852424181654,0.5966542750929368,1.8236722648462773
20260907T070729Z_48d293bf,WD,ETH,leader_gap_500ms,30000,0.95,0.563000605826478,262,0.34050839652514403,0.4405923626158684,0.5801526717557252,2.9409671482235162
20260907T124300Z_6ac966eb,WD,BTC,bitget_ofi,100,0.8,0.13675878517082757,4717,0.051785812277599985,0.0,0.08585965656137376,0.06191889464010699
20260907T124300Z_6ac966eb,WD,BTC,bitget_ofi,200,0.8,0.13675878517082757,4717,0.07439032465177815,0.0,0.121687513249947,0.09356298602685455
20260907T124300Z_6ac966eb,WD,BTC,bitget_ofi,500,0.8,0.13675878517082757,4717,0.11274152905557477,0.0,0.1829552681789273,0.168563775660695
20260907T124300Z_6ac966eb,WD,BTC,bitget_ofi,1000,0.8,0.13675878517082757,4716,0.1413659716559434,0.0,0.24787955894826125,0.2761598643722437
20260907T124300Z_6ac966eb,WD,BTC,bitget_ofi,2000,0.8,0.13675878517082757,3132,0.1913998883773776,0.0,0.3218390804597701,0.43037681808878303
20260907T124300Z_6ac966eb,WD,BTC,bitget_ofi,5000,0.8,0.13675878517082757,1622,0.22303529647226517,0.0,0.4130702836004932,0.7886752126720378
20260907T124300Z_6ac966eb,WD,BTC,bitget_ofi,10000,0.8,0.13675878517082757,913,0.17322442293026458,0.0,0.45454545454545453,1.1780311376895503
20260907T124300Z_6ac966eb,WD,BTC,bitget_ofi,30000,0.8,0.13675878517082757,338,0.11586206489989284,0.0,0.48520710059171596,2.2024157296574214
20260907T124300Z_6ac966eb,WD,BTC,bitget_ofi,100,0.9,0.5031842844246291,3169,0.0733916871159912,0.0,0.12275165667402967,0.08441321687970614
20260907T124300Z_6ac966eb,WD,BTC,bitget_ofi,200,0.9,0.5031842844246291,3169,0.10241319856710987,0.0,0.16598295992426634,0.12452342459748392
20260907T124300Z_6ac966eb,WD,BTC,bitget_ofi,500,0.9,0.5031842844246291,3169,0.15948416523276437,0.0,0.23572104764910065,0.21885020575961492
20260907T124300Z_6ac966eb,WD,BTC,bitget_ofi,1000,0.9,0.5031842844246291,3168,0.19925040008792813,0.0,0.3068181818181818,0.33260105084186087
20260907T124300Z_6ac966eb,WD,BTC,bitget_ofi,2000,0.9,0.5031842844246291,2273,0.25429689448731946,0.0,0.38539375274967,0.498731372346987
20260907T124300Z_6ac966eb,WD,BTC,bitget_ofi,5000,0.9,0.5031842844246291,1329,0.3531003626628303,0.0,0.4747930775018811,0.8323812168316929
20260907T124300Z_6ac966eb,WD,BTC,bitget_ofi,10000,0.9,0.5031842844246291,804,0.42817234503940627,0.1136629591913716,0.5323383084577115,1.2778559002164054
20260907T124300Z_6ac966eb,WD,BTC,bitget_ofi,30000,0.9,0.5031842844246291,320,0.5884086566161304,0.45588211711141013,0.575,2.3424553451427768
20260907T124300Z_6ac966eb,WD,BTC,bitget_ofi,100,0.95,1.000492620524703,2130,0.10188045777237703,0.0,0.1671361502347418,0.1180243696161977
20260907T124300Z_6ac966eb,WD,BTC,bitget_ofi,200,0.95,1.000492620524703,2129,0.14288017303304854,0.0,0.2207609206200094,0.17131333446502525
20260907T124300Z_6ac966eb,WD,BTC,bitget_ofi,500,0.95,1.000492620524703,2129,0.209632764463986,0.0,0.29450446218882104,0.278025732114103
20260907T124300Z_6ac966eb,WD,BTC,bitget_ofi,1000,0.95,1.000492620524703,2129,0.2537713823592957,0.0,0.35979333020197274,0.39197025267051216
20260907T124300Z_6ac966eb,WD,BTC,bitget_ofi,2000,0.95,1.000492620524703,1671,0.30664287653634364,0.0,0.4422501496110114,0.5538973644226024
20260907T124300Z_6ac966eb,WD,BTC,bitget_ofi,5000,0.95,1.000492620524703,1080,0.3906761818917071,0.012662002458698656,0.5120370370370371,0.9271222206680646
20260907T124300Z_6ac966eb,WD,BTC,bitget_ofi,10000,0.95,1.000492620524703,707,0.42995537018059515,0.15118634031865166,0.536067892503536,1.307477241658624
20260907T124300Z_6ac966eb,WD,BTC,bitget_ofi,30000,0.95,1.000492620524703,298,0.695376820818219,0.34703857734565613,0.5939597315436241,2.343896999992264
20260907T124300Z_6ac966eb,WD,BTC,bitget_trade_flow,100,0.8,1.0,6513,0.03428569918094542,0.0,0.06049439582373714,0.048045197678262465
20260907T124300Z_6ac966eb,WD,BTC,bitget_trade_flow,200,0.8,1.0,6513,0.0435869436728662,0.0,0.08122217104253032,0.07010832094292985
20260907T124300Z_6ac966eb,WD,BTC,bitget_trade_flow,500,0.8,1.0,6513,0.05787800029015092,0.0,0.12421311223706433,0.1337575508478782
20260907T124300Z_6ac966eb,WD,BTC,bitget_trade_flow,1000,0.8,1.0,6513,0.07573653889039254,0.0,0.17365269461077845,0.23095092821448854
20260907T124300Z_6ac966eb,WD,BTC,bitget_trade_flow,2000,0.8,1.0,4022,0.08739481791656117,0.0,0.23296867230233714,0.3822969965222169
20260907T124300Z_6ac966eb,WD,BTC,bitget_trade_flow,5000,0.8,1.0,1886,0.047300092728886176,0.0,0.3340402969247084,0.7485581204478007
20260907T124300Z_6ac966eb,WD,BTC,bitget_trade_flow,10000,0.8,1.0,999,0.11375721439753197,0.0,0.42042042042042044,1.1781845095842223
20260907T124300Z_6ac966eb,WD,BTC,bitget_trade_flow,30000,0.8,1.0,350,0.0741386102242171,0.0,0.45714285714285713,2.1354032037200197
20260907T124300Z_6ac966eb,WD,BTC,bitget_trade_flow,100,0.9,1.0,6513,0.03428569918094542,0.0,0.06049439582373714,0.048045197678262465
20260907T124300Z_6ac966eb,WD,BTC,bitget_trade_flow,200,0.9,1.0,6513,0.0435869436728662,0.0,0.08122217104253032,0.07010832094292985
20260907T124300Z_6ac966eb,WD,BTC,bitget_trade_flow,500,0.9,1.0,6513,0.05787800029015092,0.0,0.12421311223706433,0.1337575508478782
20260907T124300Z_6ac966eb,WD,BTC,bitget_trade_flow,1000,0.9,1.0,6513,0.07573653889039254,0.0,0.17365269461077845,0.23095092821448854
20260907T124300Z_6ac966eb,WD,BTC,bitget_trade_flow,2000,0.9,1.0,4022,0.08739481791656117,0.0,0.23296867230233714,0.3822969965222169
20260907T124300Z_6ac966eb,WD,BTC,bitget_trade_flow,5000,0.9,1.0,1886,0.047300092728886176,0.0,0.3340402969247084,0.7485581204478007
20260907T124300Z_6ac966eb,WD,BTC,bitget_trade_flow,10000,0.9,1.0,999,0.11375721439753197,0.0,0.42042042042042044,1.1781845095842223
20260907T124300Z_6ac966eb,WD,BTC,bitget_trade_flow,30000,0.9,1.0,350,0.0741386102242171,0.0,0.45714285714285713,2.1354032037200197
20260907T124300Z_6ac966eb,WD,BTC,bitget_trade_flow,100,0.95,1.0,6513,0.03428569918094542,0.0,0.06049439582373714,0.048045197678262465
20260907T124300Z_6ac966eb,WD,BTC,bitget_trade_flow,200,0.95,1.0,6513,0.0435869436728662,0.0,0.08122217104253032,0.07010832094292985
20260907T124300Z_6ac966eb,WD,BTC,bitget_trade_flow,500,0.95,1.0,6513,0.05787800029015092,0.0,0.12421311223706433,0.1337575508478782
20260907T124300Z_6ac966eb,WD,BTC,bitget_trade_flow,1000,0.95,1.0,6513,0.07573653889039254,0.0,0.17365269461077845,0.23095092821448854
20260907T124300Z_6ac966eb,WD,BTC,bitget_trade_flow,2000,0.95,1.0,4022,0.08739481791656117,0.0,0.23296867230233714,0.3822969965222169
20260907T124300Z_6ac966eb,WD,BTC,bitget_trade_flow,5000,0.95,1.0,1886,0.047300092728886176,0.0,0.3340402969247084,0.7485581204478007
20260907T124300Z_6ac966eb,WD,BTC,bitget_trade_flow,10000,0.95,1.0,999,0.11375721439753197,0.0,0.42042042042042044,1.1781845095842223
20260907T124300Z_6ac966eb,WD,BTC,bitget_trade_flow,30000,0.95,1.0,350,0.0741386102242171,0.0,0.45714285714285713,2.1354032037200197
20260907T124300Z_6ac966eb,WD,BTC,depth_imbalance_l1,100,0.8,0.887149935143641,3421,0.07868058017288022,0.0,0.12832505115463314,0.08307019042672642
20260907T124300Z_6ac966eb,WD,BTC,depth_imbalance_l1,200,0.8,0.887149935143641,3421,0.1186144435336761,0.0,0.18211049400760013,0.12494644966572788
20260907T124300Z_6ac966eb,WD,BTC,depth_imbalance_l1,500,0.8,0.887149935143641,3421,0.20492803364188278,0.0,0.28529669687225956,0.23027433569772823
20260907T124300Z_6ac966eb,WD,BTC,depth_imbalance_l1,1000,0.8,0.887149935143641,3421,0.29242234143819795,0.0,0.3858520900321543,0.35191677276069344
20260907T124300Z_6ac966eb,WD,BTC,depth_imbalance_l1,2000,0.8,0.887149935143641,2198,0.3849747499543859,0.03770274666799481,0.5086442220200182,0.5501561727017087
20260907T124300Z_6ac966eb,WD,BTC,depth_imbalance_l1,5000,0.8,0.887149935143641,1213,0.5329292087068158,0.3395184371415776,0.6092333058532564,0.9314530927221274
20260907T124300Z_6ac966eb,WD,BTC,depth_imbalance_l1,10000,0.8,0.887149935143641,743,0.6759287609727748,0.54022950972824,0.6527590847913862,1.3570333198556261
20260907T124300Z_6ac966eb,WD,BTC,depth_imbalance_l1,30000,0.8,0.887149935143641,307,0.7310402963843355,0.657646372399693,0.6188925081433225,2.392043204968738
20260907T124300Z_6ac966eb,WD,BTC,depth_imbalance_l1,100,0.9,0.962527069014217,2037,0.11554876382900892,0.0,0.18458517427589594,0.12329446085799518
20260907T124300Z_6ac966eb,WD,BTC,depth_imbalance_l1,200,0.9,0.962527069014217,2037,0.1672207551997816,0.0,0.2508591065292096,0.1770777417130615
20260907T124300Z_6ac966eb,WD,BTC,depth_imbalance_l1,500,0.9,0.962527069014217,2037,0.27376065322712706,0.0,0.3711340206185567,0.309388205537084
20260907T124300Z_6ac966eb,WD,BTC,depth_imbalance_l1,1000,0.9,0.962527069014217,2037,0.3687865129938882,0.0,0.4683357879234168,0.4379867250926535
20260907T124300Z_6ac966eb,WD,BTC,depth_imbalance_l1,2000,0.9,0.962527069014217,1428,0.5012696500981341,0.3153024266776122,0.5910364145658263,0.6538223720071316
20260907T124300Z_6ac966eb,WD,BTC,depth_imbalance_l1,5000,0.9,0.962527069014217,897,0.6561100851826517,0.5190583017585411,0.6644370122630993,1.0431669818554692
20260907T124300Z_6ac966eb,WD,BTC,depth_imbalance_l1,10000,0.9,0.962527069014217,612,0.6556193819969673,0.569376321587025,0.6683006535947712,1.4677548384089874
20260907T124300Z_6ac966eb,WD,BTC,depth_imbalance_l1,30000,0.9,0.962527069014217,277,0.8314922324126284,0.8221271089034121,0.631768953068592,2.4264934761659758
20260907T124300Z_6ac966eb,WD,BTC,depth_imbalance_l1,100,0.95,0.9868272361878829,1167,0.17579678062788076,0.0,0.2527849185946872,0.1779879453939171
20260907T124300Z_6ac966eb,WD,BTC,depth_imbalance_l1,200,0.95,0.9868272361878829,1167,0.24656320182659613,0.0,0.33590402742073694,0.25243962510120665
20260907T124300Z_6ac966eb,WD,BTC,depth_imbalance_l1,500,0.95,0.9868272361878829,1167,0.35122979339044963,0.0,0.42930591259640105,0.3713830157458791
20260907T124300Z_6ac966eb,WD,BTC,depth_imbalance_l1,1000,0.95,0.9868272361878829,1167,0.45872558526808416,0.18963529341029292,0.5449871465295629,0.5188863837803821
20260907T124300Z_6ac966eb,WD,BTC,depth_imbalance_l1,2000,0.95,0.9868272361878829,893,0.6025850723777513,0.46824537078364237,0.6696528555431132,0.7472922688423136
20260907T124300Z_6ac966eb,WD,BTC,depth_imbalance_l1,5000,0.95,0.9868272361878829,619,0.6944621181802669,0.6185728390431726,0.7140549273021002,1.1652639346216402
20260907T124300Z_6ac966eb,WD,BTC,depth_imbalance_l1,10000,0.95,0.9868272361878829,457,0.6836069717409511,0.630496749682872,0.6761487964989059,1.596513452162702
20260907T124300Z_6ac966eb,WD,BTC,depth_imbalance_l1,30000,0.95,0.9868272361878829,236,0.6969857233398399,0.7803607123910445,0.6313559322033898,2.553697779531488
20260907T124300Z_6ac966eb,WD,BTC,depth_imbalance_l5,100,0.8,0.8896299108822012,3386,0.08110886398031998,0.0,0.1275841701122268,0.08420397683306526
20260907T124300Z_6ac966eb,WD,BTC,depth_imbalance_l5,200,0.8,0.8896299108822012,3385,0.12222678070372776,0.0,0.18050221565731167,0.12742581174009016
20260907T124300Z_6ac966eb,WD,BTC,depth_imbalance_l5,500,0.8,0.8896299108822012,3385,0.2076015498249642,0.0,0.27710487444608567,0.22728766450775562
20260907T124300Z_6ac966eb,WD,BTC,depth_imbalance_l5,1000,0.8,0.8896299108822012,3385,0.2952237263262935,0.0,0.37695716395864104,0.3501716435423455
20260907T124300Z_6ac966eb,WD,BTC,depth_imbalance_l5,2000,0.8,0.8896299108822012,2181,0.3953441486271497,0.012662892279776851,0.5020632737276479,0.5490352680730021
20260907T124300Z_6ac966eb,WD,BTC,depth_imbalance_l5,5000,0.8,0.8896299108822012,1206,0.5480581849329503,0.3408667573971585,0.6011608623548922,0.9100007110341608
20260907T124300Z_6ac966eb,WD,BTC,depth_imbalance_l5,10000,0.8,0.8896299108822012,734,0.6830572664223841,0.5310896221437298,0.6457765667574932,1.399270151669958
20260907T124300Z_6ac966eb,WD,BTC,depth_imbalance_l5,30000,0.8,0.8896299108822012,305,0.9070068328340709,0.8054544371987535,0.6557377049180327,2.347766619707542
20260907T124300Z_6ac966eb,WD,BTC,depth_imbalance_l5,100,0.9,0.9568803002638707,2065,0.12378053397241835,0.0,0.18450363196125907,0.12638171486291247
20260907T124300Z_6ac966eb,WD,BTC,depth_imbalance_l5,200,0.9,0.9568803002638707,2065,0.16770871894945238,0.0,0.24164648910411624,0.17522828290300968
20260907T124300Z_6ac966eb,WD,BTC,depth_imbalance_l5,500,0.9,0.9568803002638707,2065,0.2858351059522368,0.0,0.3588377723970944,0.30749993291520106
20260907T124300Z_6ac966eb,WD,BTC,depth_imbalance_l5,1000,0.9,0.9568803002638707,2065,0.38590608441984237,0.0,0.4576271186440678,0.44961941819912393
20260907T124300Z_6ac966eb,WD,BTC,depth_imbalance_l5,2000,0.9,0.9568803002638707,1436,0.5115115670375818,0.3278144949574383,0.5772980501392758,0.6719490989636513
20260907T124300Z_6ac966eb,WD,BTC,depth_imbalance_l5,5000,0.9,0.9568803002638707,898,0.6611467610971441,0.5411560704513019,0.6570155902004454,1.0621009947455458
20260907T124300Z_6ac966eb,WD,BTC,depth_imbalance_l5,10000,0.9,0.9568803002638707,609,0.657838841922818,0.5934523270112072,0.6568144499178982,1.4857090347267319
20260907T124300Z_6ac966eb,WD,BTC,depth_imbalance_l5,30000,0.9,0.9568803002638707,275,0.9093076004306433,0.983555085867332,0.6472727272727272,2.434081406833382
20260907T124300Z_6ac966eb,WD,BTC,depth_imbalance_l5,100,0.95,0.9829118898555439,1203,0.16844419467853886,0.0,0.23607647547797173,0.1705697884291327
20260907T124300Z_6ac966eb,WD,BTC,depth_imbalance_l5,200,0.95,0.9829118898555439,1203,0.22594063950682627,0.0,0.3025768911055694,0.23164120971586238
20260907T124300Z_6ac966eb,WD,BTC,depth_imbalance_l5,500,0.95,0.9829118898555439,1203,0.34772378565437667,0.0,0.42061512884455526,0.3678118616123927
20260907T124300Z_6ac966eb,WD,BTC,depth_imbalance_l5,1000,0.95,0.9829118898555439,1203,0.45602184304656473,0.1898609205529551,0.5328345802161264,0.5175253082983181
20260907T124300Z_6ac966eb,WD,BTC,depth_imbalance_l5,2000,0.95,0.9829118898555439,927,0.5970905333863756,0.47952340430435364,0.651564185544768,0.7438645841970523
20260907T124300Z_6ac966eb,WD,BTC,depth_imbalance_l5,5000,0.95,0.9829118898555439,642,0.7398177948202213,0.631891231406991,0.7102803738317757,1.172127737367411
20260907T124300Z_6ac966eb,WD,BTC,depth_imbalance_l5,10000,0.95,0.9829118898555439,468,0.7706327819370097,0.6807299519164391,0.688034188034188,1.5744221357920212
20260907T124300Z_6ac966eb,WD,BTC,depth_imbalance_l5,30000,0.95,0.9829118898555439,239,0.7768045006550364,0.9307865845171457,0.6610878661087866,2.497736753333537
20260907T124300Z_6ac966eb,WD,BTC,external_ofi,100,0.8,0.07349378330955181,5943,0.05005652725386702,0.0,0.07891637220259129,0.058241782802834874
20260907T124300Z_6ac966eb,WD,BTC,external_ofi,200,0.8,0.07349378330955181,5943,0.0751146117812366,0.0,0.11374726569072859,0.08931933694916717
20260907T124300Z_6ac966eb,WD,BTC,external_ofi,500,0.8,0.07349378330955181,5942,0.11733754081661896,0.0,0.17351060249074385,0.1626376129557162
20260907T124300Z_6ac966eb,WD,BTC,external_ofi,1000,0.8,0.07349378330955181,5942,0.14776135922884137,0.0,0.23039380679905755,0.2668728130273921
20260907T124300Z_6ac966eb,WD,BTC,external_ofi,2000,0.8,0.07349378330955181,3730,0.1980884382758838,0.0,0.3061662198391421,0.4154445918548885
20260907T124300Z_6ac966eb,WD,BTC,external_ofi,5000,0.8,0.07349378330955181,1790,0.26931520671946185,0.0,0.4223463687150838,0.7617288494466753
20260907T124300Z_6ac966eb,WD,BTC,external_ofi,10000,0.8,0.07349378330955181,977,0.353763489827097,0.0,0.4790174002047083,1.1993395419910513
20260907T124300Z_6ac966eb,WD,BTC,external_ofi,30000,0.8,0.07349378330955181,347,0.1462296991469834,0.07562594650479534,0.515850144092219,2.2314752314143145
20260907T124300Z_6ac966eb,WD,BTC,external_ofi,100,0.9,0.22777515060826523,3823,0.10133930234259025,0.0,0.14308134972534658,0.11138951076151199
20260907T124300Z_6ac966eb,WD,BTC,external_ofi,200,0.9,0.22777515060826523,3822,0.13576106948499647,0.0,0.18524332810047095,0.15238119545032122
20260907T124300Z_6ac966eb,WD,BTC,external_ofi,500,0.9,0.22777515060826523,3822,0.20967478607489942,0.0,0.260596546310832,0.2495913529595609
20260907T124300Z_6ac966eb,WD,BTC,external_ofi,1000,0.9,0.22777515060826523,3822,0.25574527100569167,0.0,0.32653061224489793,0.3588761266527933
20260907T124300Z_6ac966eb,WD,BTC,external_ofi,2000,0.9,0.22777515060826523,2657,0.33533336257025875,0.0,0.4030861874294317,0.5195492661021603
20260907T124300Z_6ac966eb,WD,BTC,external_ofi,5000,0.9,0.22777515060826523,1457,0.40554847057577836,0.012564629312726122,0.5010295126973233,0.8605615954952517
20260907T124300Z_6ac966eb,WD,BTC,external_ofi,10000,0.9,0.22777515060826523,848,0.47719167217707187,0.26529825562926257,0.5589622641509434,1.2764377932305426
20260907T124300Z_6ac966eb,WD,BTC,external_ofi,30000,0.9,0.22777515060826523,326,0.6562902345408655,0.20865270580671968,0.5398773006134969,2.344067483451763
20260907T124300Z_6ac966eb,WD,BTC,external_ofi,100,0.95,0.5089215319478712,2243,0.17875984111594936,0.0,0.2309407044137316,0.18866424990119426
20260907T124300Z_6ac966eb,WD,BTC,external_ofi,200,0.95,0.5089215319478712,2242,0.22875701899749776,0.0,0.2903657448706512,0.24717086808241262
20260907T124300Z_6ac966eb,WD,BTC,external_ofi,500,0.95,0.5089215319478712,2242,0.3234509807321322,0.0,0.37332738626226586,0.37358375853501924
20260907T124300Z_6ac966eb,WD,BTC,external_ofi,1000,0.95,0.5089215319478712,2242,0.38429230086442634,0.0,0.43933987511150757,0.48316179729826875
20260907T124300Z_6ac966eb,WD,BTC,external_ofi,2000,0.95,0.5089215319478712,1717,0.45616372149197243,0.038113096803651415,0.5113570180547466,0.6524668466268615
20260907T124300Z_6ac966eb,WD,BTC,external_ofi,5000,0.95,0.5089215319478712,1100,0.5744546008821906,0.3163854288054095,0.5818181818181818,0.9678625312613729
20260907T124300Z_6ac966eb,WD,BTC,external_ofi,10000,0.95,0.5089215319478712,708,0.5145056812747462,0.3162929460939061,0.5790960451977402,1.3475438199403784
20260907T124300Z_6ac966eb,WD,BTC,external_ofi,30000,0.95,0.5089215319478712,300,0.7409978782573736,0.529253452183446,0.6133333333333333,2.3461218289123362
20260907T124300Z_6ac966eb,WD,BTC,external_trade_flow,100,0.8,1.0,9364,0.008699840209560085,0.0,0.0191157624946604,0.01662730279259339
20260907T124300Z_6ac966eb,WD,BTC,external_trade_flow,200,0.8,1.0,9364,0.013231208611171705,0.0,0.03470739000427168,0.03464373198532918
20260907T124300Z_6ac966eb,WD,BTC,external_trade_flow,500,0.8,1.0,9363,0.024039571226424618,0.0,0.0745487557406814,0.08664078673194935
20260907T124300Z_6ac966eb,WD,BTC,external_trade_flow,1000,0.8,1.0,9363,0.03798017299784856,0.0,0.12784363985901956,0.1722118530807146
20260907T124300Z_6ac966eb,WD,BTC,external_trade_flow,2000,0.8,1.0,5012,0.030887405286414413,0.0,0.19672785315243416,0.32087341916376305
20260907T124300Z_6ac966eb,WD,BTC,external_trade_flow,5000,0.8,1.0,2095,0.015975074074589667,0.0,0.30835322195704057,0.6615683047038787
20260907T124300Z_6ac966eb,WD,BTC,external_trade_flow,10000,0.8,1.0,1063,0.0832070943809645,0.0,0.41486359360301034,1.120080630476799
20260907T124300Z_6ac966eb,WD,BTC,external_trade_flow,30000,0.8,1.0,358,0.13282916183402504,0.0,0.48324022346368717,2.1663618792322707
20260907T124300Z_6ac966eb,WD,BTC,external_trade_flow,100,0.9,1.0,9364,0.008699840209560085,0.0,0.0191157624946604,0.01662730279259339
20260907T124300Z_6ac966eb,WD,BTC,external_trade_flow,200,0.9,1.0,9364,0.013231208611171705,0.0,0.03470739000427168,0.03464373198532918
20260907T124300Z_6ac966eb,WD,BTC,external_trade_flow,500,0.9,1.0,9363,0.024039571226424618,0.0,0.0745487557406814,0.08664078673194935
20260907T124300Z_6ac966eb,WD,BTC,external_trade_flow,1000,0.9,1.0,9363,0.03798017299784856,0.0,0.12784363985901956,0.1722118530807146
20260907T124300Z_6ac966eb,WD,BTC,external_trade_flow,2000,0.9,1.0,5012,0.030887405286414413,0.0,0.19672785315243416,0.32087341916376305
20260907T124300Z_6ac966eb,WD,BTC,external_trade_flow,5000,0.9,1.0,2095,0.015975074074589667,0.0,0.30835322195704057,0.6615683047038787
20260907T124300Z_6ac966eb,WD,BTC,external_trade_flow,10000,0.9,1.0,1063,0.0832070943809645,0.0,0.41486359360301034,1.120080630476799
20260907T124300Z_6ac966eb,WD,BTC,external_trade_flow,30000,0.9,1.0,358,0.13282916183402504,0.0,0.48324022346368717,2.1663618792322707
20260907T124300Z_6ac966eb,WD,BTC,external_trade_flow,100,0.95,1.0,9364,0.008699840209560085,0.0,0.0191157624946604,0.01662730279259339
20260907T124300Z_6ac966eb,WD,BTC,external_trade_flow,200,0.95,1.0,9364,0.013231208611171705,0.0,0.03470739000427168,0.03464373198532918
20260907T124300Z_6ac966eb,WD,BTC,external_trade_flow,500,0.95,1.0,9363,0.024039571226424618,0.0,0.0745487557406814,0.08664078673194935
20260907T124300Z_6ac966eb,WD,BTC,external_trade_flow,1000,0.95,1.0,9363,0.03798017299784856,0.0,0.12784363985901956,0.1722118530807146
20260907T124300Z_6ac966eb,WD,BTC,external_trade_flow,2000,0.95,1.0,5012,0.030887405286414413,0.0,0.19672785315243416,0.32087341916376305
20260907T124300Z_6ac966eb,WD,BTC,external_trade_flow,5000,0.95,1.0,2095,0.015975074074589667,0.0,0.30835322195704057,0.6615683047038787
20260907T124300Z_6ac966eb,WD,BTC,external_trade_flow,10000,0.95,1.0,1063,0.0832070943809645,0.0,0.41486359360301034,1.120080630476799
20260907T124300Z_6ac966eb,WD,BTC,external_trade_flow,30000,0.95,1.0,358,0.13282916183402504,0.0,0.48324022346368717,2.1663618792322707
20260907T124300Z_6ac966eb,WD,BTC,fair_accel_100ms,100,0.8,7.991118324940068e-07,4027,0.08200635848269085,0.0,0.11273901167121927,0.09541221350928067
20260907T124300Z_6ac966eb,WD,BTC,fair_accel_100ms,200,0.8,7.991118324940068e-07,4027,0.10777906786074418,0.0,0.14874596473801838,0.13409924419676097
20260907T124300Z_6ac966eb,WD,BTC,fair_accel_100ms,500,0.8,7.991118324940068e-07,4026,0.15690633520018687,0.0,0.2163437655240934,0.22585225508041396
20260907T124300Z_6ac966eb,WD,BTC,fair_accel_100ms,1000,0.8,7.991118324940068e-07,4026,0.19797147765166787,0.0,0.28912071535022354,0.33154894510043376
20260907T124300Z_6ac966eb,WD,BTC,fair_accel_100ms,2000,0.8,7.991118324940068e-07,2651,0.2872133924867641,0.0,0.3874009807619766,0.511145965888601
20260907T124300Z_6ac966eb,WD,BTC,fair_accel_100ms,5000,0.8,7.991118324940068e-07,1449,0.3316841302024892,0.0,0.48171152518978605,0.849544663579155
20260907T124300Z_6ac966eb,WD,BTC,fair_accel_100ms,10000,0.8,7.991118324940068e-07,840,0.4698507448604894,0.25883366304308825,0.5476190476190477,1.259571281431394
20260907T124300Z_6ac966eb,WD,BTC,fair_accel_100ms,30000,0.8,7.991118324940068e-07,326,0.6114367194098892,0.4284441767139012,0.5828220858895705,2.256934405001193
20260907T124300Z_6ac966eb,WD,BTC,fair_accel_100ms,100,0.9,0.029507667972503697,2810,0.12569417850251224,0.0,0.16512455516014235,0.14480245223703206
20260907T124300Z_6ac966eb,WD,BTC,fair_accel_100ms,200,0.9,0.029507667972503697,2810,0.1610649852827292,0.0,0.2110320284697509,0.19191829337957833
20260907T124300Z_6ac966eb,WD,BTC,fair_accel_100ms,500,0.9,0.029507667972503697,2809,0.229958035430329,0.0,0.2876468494126023,0.30159896850512563
20260907T124300Z_6ac966eb,WD,BTC,fair_accel_100ms,1000,0.9,0.029507667972503697,2809,0.2763567400226398,0.0,0.3545745817016732,0.41656542814754705
20260907T124300Z_6ac966eb,WD,BTC,fair_accel_100ms,2000,0.9,0.029507667972503697,2063,0.34479002390742103,0.0,0.4323800290838585,0.5856680349141413
20260907T124300Z_6ac966eb,WD,BTC,fair_accel_100ms,5000,0.9,0.029507667972503697,1253,0.40071029464373187,0.037952968681165704,0.5107741420590582,0.9035546789979071
20260907T124300Z_6ac966eb,WD,BTC,fair_accel_100ms,10000,0.9,0.029507667972503697,767,0.4863644070967381,0.2657760217027848,0.5619295958279009,1.300515982051709
20260907T124300Z_6ac966eb,WD,BTC,fair_accel_100ms,30000,0.9,0.029507667972503697,311,0.5375968010699521,0.5041793316524037,0.6109324758842444,2.4321568100855533
20260907T124300Z_6ac966eb,WD,BTC,fair_accel_100ms,100,0.95,0.1682627787656471,1864,0.16831703809995197,0.0,0.22049356223175964,0.19184908369962483
20260907T124300Z_6ac966eb,WD,BTC,fair_accel_100ms,200,0.95,0.1682627787656471,1864,0.20832340973260896,0.0,0.27467811158798283,0.2483576123848438
20260907T124300Z_6ac966eb,WD,BTC,fair_accel_100ms,500,0.95,0.1682627787656471,1863,0.2837835650875061,0.0,0.3515834675254965,0.37023839770583966
20260907T124300Z_6ac966eb,WD,BTC,fair_accel_100ms,1000,0.95,0.1682627787656471,1863,0.32434241819848497,0.0,0.4176060118089104,0.49465004632941334
20260907T124300Z_6ac966eb,WD,BTC,fair_accel_100ms,2000,0.95,0.1682627787656471,1467,0.4009116010059753,0.0,0.49011588275391954,0.6619662930355966
20260907T124300Z_6ac966eb,WD,BTC,fair_accel_100ms,5000,0.95,0.1682627787656471,969,0.4573398659639032,0.26534248134789634,0.5655314757481941,1.0057555816211428
20260907T124300Z_6ac966eb,WD,BTC,fair_accel_100ms,10000,0.95,0.1682627787656471,634,0.5918816894890638,0.3406759470722527,0.5993690851735016,1.3932929694062237
20260907T124300Z_6ac966eb,WD,BTC,fair_accel_100ms,30000,0.95,0.1682627787656471,285,0.7482992712360415,0.5402641264682317,0.5929824561403508,2.3846047605344163
20260907T124300Z_6ac966eb,WD,BTC,fair_gap_reversion,100,0.8,0.43237015539876467,2734,0.04878753236970938,0.0,0.06693489392831017,0.0850961421509804
20260907T124300Z_6ac966eb,WD,BTC,fair_gap_reversion,200,0.8,0.43237015539876467,2734,0.061077815811852725,0.0,0.09326993416239941,0.1194861035764945
20260907T124300Z_6ac966eb,WD,BTC,fair_gap_reversion,500,0.8,0.43237015539876467,2733,0.09846686609155193,0.0,0.15587266739846323,0.20543291433381325
20260907T124300Z_6ac966eb,WD,BTC,fair_gap_reversion,1000,0.8,0.43237015539876467,2733,0.1475506882354724,0.0,0.2323454079765825,0.3189757352626535
20260907T124300Z_6ac966eb,WD,BTC,fair_gap_reversion,2000,0.8,0.43237015539876467,1683,0.21527285907819568,0.0,0.34105763517528226,0.527366383479161
20260907T124300Z_6ac966eb,WD,BTC,fair_gap_reversion,5000,0.8,0.43237015539876467,925,0.22773234712037413,0.0,0.4410810810810811,0.9106074221884147
20260907T124300Z_6ac966eb,WD,BTC,fair_gap_reversion,10000,0.8,0.43237015539876467,593,0.24715939592228658,0.0,0.49072512647554806,1.3535005619484846
20260907T124300Z_6ac966eb,WD,BTC,fair_gap_reversion,30000,0.8,0.43237015539876467,266,0.3784836777768993,0.6307418589487879,0.5827067669172933,2.5539699339101407
20260907T124300Z_6ac966eb,WD,BTC,fair_gap_reversion,100,0.9,0.5688809801323025,1531,0.06529193751345695,0.0,0.0868713259307642,0.1155151511734799
20260907T124300Z_6ac966eb,WD,BTC,fair_gap_reversion,200,0.9,0.5688809801323025,1531,0.09604606081202222,0.0,0.12671456564337036,0.16785385144265508
20260907T124300Z_6ac966eb,WD,BTC,fair_gap_reversion,500,0.9,0.5688809801323025,1531,0.15305548148430645,0.0,0.19856303069888961,0.2827489064114387
20260907T124300Z_6ac966eb,WD,BTC,fair_gap_reversion,1000,0.9,0.5688809801323025,1531,0.2172485414820641,0.0,0.2756368386675376,0.3990058764948053
20260907T124300Z_6ac966eb,WD,BTC,fair_gap_reversion,2000,0.9,0.5688809801323025,1005,0.3171898387636762,0.0,0.3850746268656716,0.6282624848740604
20260907T124300Z_6ac966eb,WD,BTC,fair_gap_reversion,5000,0.9,0.5688809801323025,619,0.3355222543034302,0.0,0.4927302100161551,1.0449503067074295
20260907T124300Z_6ac966eb,WD,BTC,fair_gap_reversion,10000,0.9,0.5688809801323025,433,0.3165517396090856,0.12653318680990044,0.5334872979214781,1.5290419733980452
20260907T124300Z_6ac966eb,WD,BTC,fair_gap_reversion,30000,0.9,0.5688809801323025,224,0.4290735135283101,0.5818055524806458,0.5758928571428571,2.5691873211143323
20260907T124300Z_6ac966eb,WD,BTC,fair_gap_reversion,100,0.95,0.689051062233492,866,0.10197312565938578,0.0,0.11662817551963048,0.15955161329817208
20260907T124300Z_6ac966eb,WD,BTC,fair_gap_reversion,200,0.95,0.689051062233492,866,0.14476113749350644,0.0,0.16397228637413394,0.22342262574506036
20260907T124300Z_6ac966eb,WD,BTC,fair_gap_reversion,500,0.95,0.689051062233492,866,0.21488031697796992,0.0,0.24480369515011546,0.36673749290932706
20260907T124300Z_6ac966eb,WD,BTC,fair_gap_reversion,1000,0.95,0.689051062233492,866,0.2911034014247881,0.0,0.32217090069284066,0.4995027736153384
20260907T124300Z_6ac966eb,WD,BTC,fair_gap_reversion,2000,0.95,0.689051062233492,598,0.42995010107380094,0.0,0.43478260869565216,0.7543526024071873
20260907T124300Z_6ac966eb,WD,BTC,fair_gap_reversion,5000,0.95,0.689051062233492,419,0.5359842906301957,0.17719107843312834,0.5369928400954654,1.183567148320631
20260907T124300Z_6ac966eb,WD,BTC,fair_gap_reversion,10000,0.95,0.689051062233492,316,0.4936875862974301,0.3090237366795102,0.5569620253164557,1.5976927741553884
20260907T124300Z_6ac966eb,WD,BTC,fair_gap_reversion,30000,0.95,0.689051062233492,182,0.8574333488123442,0.7267313075617235,0.6153846153846154,2.6333322311104013
20260907T124300Z_6ac966eb,WD,BTC,leader_gap_1000ms,100,0.8,0.20950462106512538,2986,0.04411992212083735,0.0,0.09042196918955124,0.10176748863567109
20260907T124300Z_6ac966eb,WD,BTC,leader_gap_1000ms,200,0.8,0.20950462106512538,2986,0.051734150786013115,0.0,0.11754855994641661,0.14611448337672622
20260907T124300Z_6ac966eb,WD,BTC,leader_gap_1000ms,500,0.8,0.20950462106512538,2985,0.06994809545069547,0.0,0.17922948073701842,0.24630089458528948
20260907T124300Z_6ac966eb,WD,BTC,leader_gap_1000ms,1000,0.8,0.20950462106512538,2985,0.0954600949469876,0.0,0.24455611390284757,0.37249540634273687
20260907T124300Z_6ac966eb,WD,BTC,leader_gap_1000ms,2000,0.8,0.20950462106512538,1999,0.12370964393682847,0.0,0.3291645822911456,0.5681361430613144
20260907T124300Z_6ac966eb,WD,BTC,leader_gap_1000ms,5000,0.8,0.20950462106512538,1167,0.17485188127833456,0.0,0.4361610968294773,0.9217411682226204
20260907T124300Z_6ac966eb,WD,BTC,leader_gap_1000ms,10000,0.8,0.20950462106512538,731,0.05246430191065933,0.0,0.47058823529411764,1.3023759146419331
20260907T124300Z_6ac966eb,WD,BTC,leader_gap_1000ms,30000,0.8,0.20950462106512538,301,0.3696206391738633,0.22785055283233102,0.5382059800664452,2.443768681483934
20260907T124300Z_6ac966eb,WD,BTC,leader_gap_1000ms,100,0.9,0.4266098798837102,1866,0.051230606370562176,0.0,0.09646302250803858,0.12030645493430414
20260907T124300Z_6ac966eb,WD,BTC,leader_gap_1000ms,200,0.9,0.4266098798837102,1866,0.06346691127877035,0.0,0.12808145766345122,0.1709957895477777
20260907T124300Z_6ac966eb,WD,BTC,leader_gap_1000ms,500,0.9,0.4266098798837102,1866,0.07555852230665976,0.0,0.19185423365487675,0.2855611773884332
20260907T124300Z_6ac966eb,WD,BTC,leader_gap_1000ms,1000,0.9,0.4266098798837102,1866,0.1145887531113011,0.0,0.25991425509110394,0.42280502103742773
20260907T124300Z_6ac966eb,WD,BTC,leader_gap_1000ms,2000,0.9,0.4266098798837102,1345,0.1560322050647005,0.0,0.3442379182156134,0.6234438188914205
20260907T124300Z_6ac966eb,WD,BTC,leader_gap_1000ms,5000,0.9,0.4266098798837102,873,0.22043401378910615,0.0,0.4329896907216495,0.9861592092384744
20260907T124300Z_6ac966eb,WD,BTC,leader_gap_1000ms,10000,0.9,0.4266098798837102,590,0.10407950557427327,0.0,0.4711864406779661,1.400238866034866
20260907T124300Z_6ac966eb,WD,BTC,leader_gap_1000ms,30000,0.9,0.4266098798837102,272,0.4013837182277482,0.3596579712982019,0.5404411764705882,2.362519988585898
20260907T124300Z_6ac966eb,WD,BTC,leader_gap_1000ms,100,0.95,0.6182341775391392,1147,0.0724837110087372,0.0,0.10897994768962511,0.1423496573849069
20260907T124300Z_6ac966eb,WD,BTC,leader_gap_1000ms,200,0.95,0.6182341775391392,1147,0.08261497597088183,0.0,0.14821272885789014,0.20644501102579907
20260907T124300Z_6ac966eb,WD,BTC,leader_gap_1000ms,500,0.95,0.6182341775391392,1147,0.11548319369180177,0.0,0.22406277244986922,0.3659429029833785
20260907T124300Z_6ac966eb,WD,BTC,leader_gap_1000ms,1000,0.95,0.6182341775391392,1147,0.13711512942447462,0.0,0.2842197035745423,0.4874837741238753
20260907T124300Z_6ac966eb,WD,BTC,leader_gap_1000ms,2000,0.95,0.6182341775391392,872,0.18773332151615163,0.0,0.3623853211009174,0.7121610017204841
20260907T124300Z_6ac966eb,WD,BTC,leader_gap_1000ms,5000,0.95,0.6182341775391392,614,0.24797957260907447,0.0,0.46579804560260585,1.1169689062222614
20260907T124300Z_6ac966eb,WD,BTC,leader_gap_1000ms,10000,0.95,0.6182341775391392,442,0.25958602330759156,0.0,0.49095022624434387,1.550845026271212
20260907T124300Z_6ac966eb,WD,BTC,leader_gap_1000ms,30000,0.95,0.6182341775391392,229,0.1648299220263733,0.0,0.4847161572052402,2.5276413673032763
20260907T124300Z_6ac966eb,WD,BTC,leader_gap_100ms,100,0.8,0.0006070107859062903,4172,0.041449096278839574,0.0,0.08125599232981784,0.09340897328507794
20260907T124300Z_6ac966eb,WD,BTC,leader_gap_100ms,200,0.8,0.0006070107859062903,4172,0.05230015193136423,0.0,0.10882070949185044,0.13083473999920842
20260907T124300Z_6ac966eb,WD,BTC,leader_gap_100ms,500,0.8,0.0006070107859062903,4171,0.062003259682392314,0.0,0.1555981778949892,0.2188759023966406
20260907T124300Z_6ac966eb,WD,BTC,leader_gap_100ms,1000,0.8,0.0006070107859062903,4171,0.06785330455230792,0.0,0.21002157755933828,0.32329234203628754
20260907T124300Z_6ac966eb,WD,BTC,leader_gap_100ms,2000,0.8,0.0006070107859062903,2698,0.10412165071136677,0.0,0.29243884358784283,0.5047226434404463
20260907T124300Z_6ac966eb,WD,BTC,leader_gap_100ms,5000,0.8,0.0006070107859062903,1447,0.13293144781790067,0.0,0.40566689702833447,0.8591135059984969
20260907T124300Z_6ac966eb,WD,BTC,leader_gap_100ms,10000,0.8,0.0006070107859062903,841,0.16720036134892588,0.0,0.4625445897740785,1.278829928495757
20260907T124300Z_6ac966eb,WD,BTC,leader_gap_100ms,30000,0.8,0.0006070107859062903,326,0.15322717907001052,0.012579902144284002,0.5030674846625767,2.270359170154624
20260907T124300Z_6ac966eb,WD,BTC,leader_gap_100ms,100,0.9,0.0009886907293071834,3498,0.05653317241682982,0.0,0.10606060606060606,0.11385993318015133
20260907T124300Z_6ac966eb,WD,BTC,leader_gap_100ms,200,0.9,0.0009886907293071834,3498,0.07612796423328702,0.0,0.13979416809605488,0.15688003368064204
20260907T124300Z_6ac966eb,WD,BTC,leader_gap_100ms,500,0.9,0.0009886907293071834,3497,0.10202762298077976,0.0,0.1953102659422362,0.24945354857799767
20260907T124300Z_6ac966eb,WD,BTC,leader_gap_100ms,1000,0.9,0.0009886907293071834,3497,0.12195636509913951,0.0,0.2553617386331141,0.35788930046947237
20260907T124300Z_6ac966eb,WD,BTC,leader_gap_100ms,2000,0.9,0.0009886907293071834,2452,0.1502332257956294,0.0,0.32585644371941275,0.5312736523347007
20260907T124300Z_6ac966eb,WD,BTC,leader_gap_100ms,5000,0.9,0.0009886907293071834,1389,0.18544300384465992,0.0,0.42836573074154066,0.8743628401356851
20260907T124300Z_6ac966eb,WD,BTC,leader_gap_100ms,10000,0.9,0.0009886907293071834,827,0.2344193693653522,0.0,0.48851269649334944,1.2865049025733808
20260907T124300Z_6ac966eb,WD,BTC,leader_gap_100ms,30000,0.9,0.0009886907293071834,323,0.2203746609109066,0.16348396914223115,0.5294117647058824,2.2777409266640665
20260907T124300Z_6ac966eb,WD,BTC,leader_gap_100ms,100,0.95,0.14269469380473968,2452,0.06340703911529566,0.0,0.12357259380097879,0.14340944820289417
20260907T124300Z_6ac966eb,WD,BTC,leader_gap_100ms,200,0.95,0.14269469380473968,2452,0.07800743883880512,0.0,0.15783034257748776,0.1935661190319247
20260907T124300Z_6ac966eb,WD,BTC,leader_gap_100ms,500,0.95,0.14269469380473968,2451,0.09538117576573624,0.0,0.20848633210934311,0.29442495293713955
20260907T124300Z_6ac966eb,WD,BTC,leader_gap_100ms,1000,0.95,0.14269469380473968,2451,0.1141923789131567,0.0,0.2688698490412077,0.41349007343869776
20260907T124300Z_6ac966eb,WD,BTC,leader_gap_100ms,2000,0.95,0.14269469380473968,1835,0.10519003676644798,0.0,0.32643051771117165,0.571540167963279
20260907T124300Z_6ac966eb,WD,BTC,leader_gap_100ms,5000,0.95,0.14269469380473968,1134,0.13417033600176392,0.0,0.4347442680776014,0.9390883931558531
20260907T124300Z_6ac966eb,WD,BTC,leader_gap_100ms,10000,0.95,0.14269469380473968,716,0.15244244929304035,0.0,0.4972067039106145,1.3320504144854712
20260907T124300Z_6ac966eb,WD,BTC,leader_gap_100ms,30000,0.95,0.14269469380473968,301,0.2910671465399375,0.10051002556121356,0.5149501661129569,2.3385469977365636
20260907T124300Z_6ac966eb,WD,BTC,leader_gap_200ms,100,0.8,0.0014292710943661338,3993,0.042846412803139174,0.0,0.08514901076884548,0.09666550037171832
20260907T124300Z_6ac966eb,WD,BTC,leader_gap_200ms,200,0.8,0.0014292710943661338,3993,0.05591213282793391,0.0,0.11419984973703982,0.13549607741801442
20260907T124300Z_6ac966eb,WD,BTC,leader_gap_200ms,500,0.8,0.0014292710943661338,3992,0.07741936931861547,0.0,0.16858717434869738,0.22888263617876298
20260907T124300Z_6ac966eb,WD,BTC,leader_gap_200ms,1000,0.8,0.0014292710943661338,3992,0.0949816649304894,0.0,0.22745490981963928,0.33316099855128756
20260907T124300Z_6ac966eb,WD,BTC,leader_gap_200ms,2000,0.8,0.0014292710943661338,2640,0.11831833857329155,0.0,0.30568181818181817,0.5115495422004537
20260907T124300Z_6ac966eb,WD,BTC,leader_gap_200ms,5000,0.8,0.0014292710943661338,1445,0.10301476088707819,0.0,0.39930795847750866,0.8453434575043803
20260907T124300Z_6ac966eb,WD,BTC,leader_gap_200ms,10000,0.8,0.0014292710943661338,837,0.2242355961581792,0.0,0.48028673835125446,1.2629130251917358
20260907T124300Z_6ac966eb,WD,BTC,leader_gap_200ms,30000,0.8,0.0014292710943661338,326,0.24612645655553578,0.10721135944669871,0.5276073619631901,2.269497844250443
20260907T124300Z_6ac966eb,WD,BTC,leader_gap_200ms,100,0.9,0.08534412343482138,2916,0.059408301982580534,0.0,0.11282578875171467,0.12954517975400687
20260907T124300Z_6ac966eb,WD,BTC,leader_gap_200ms,200,0.9,0.08534412343482138,2916,0.07848962583083509,0.0,0.1498628257887517,0.17840409657154055
20260907T124300Z_6ac966eb,WD,BTC,leader_gap_200ms,500,0.9,0.08534412343482138,2915,0.10023816925521672,0.0,0.2065180102915952,0.2787477083017698
20260907T124300Z_6ac966eb,WD,BTC,leader_gap_200ms,1000,0.9,0.08534412343482138,2915,0.12493583276356225,0.0,0.27101200686106347,0.3937185069214256
20260907T124300Z_6ac966eb,WD,BTC,leader_gap_200ms,2000,0.9,0.08534412343482138,2107,0.14774608606694367,0.0,0.3388704318936877,0.5632887430881363
20260907T124300Z_6ac966eb,WD,BTC,leader_gap_200ms,5000,0.9,0.08534412343482138,1246,0.15226826645919375,0.0,0.420545746388443,0.9053796833967539
20260907T124300Z_6ac966eb,WD,BTC,leader_gap_200ms,10000,0.9,0.08534412343482138,773,0.27494442604611363,0.0,0.49676584734799484,1.2789931067110996
20260907T124300Z_6ac966eb,WD,BTC,leader_gap_200ms,30000,0.9,0.08534412343482138,307,0.006768084944017458,0.01265707429216774,0.504885993485342,2.3715452817106084
20260907T124300Z_6ac966eb,WD,BTC,leader_gap_200ms,100,0.95,0.2821725495027503,1935,0.07277366807251703,0.0,0.12661498708010335,0.15575626022474606
20260907T124300Z_6ac966eb,WD,BTC,leader_gap_200ms,200,0.95,0.2821725495027503,1935,0.08464641740767286,0.0,0.15607235142118864,0.2080319046588052
20260907T124300Z_6ac966eb,WD,BTC,leader_gap_200ms,500,0.95,0.2821725495027503,1934,0.09671010867152349,0.0,0.2063081695966908,0.3182342357743747
20260907T124300Z_6ac966eb,WD,BTC,leader_gap_200ms,1000,0.95,0.2821725495027503,1934,0.11112323478745845,0.0,0.26163391933815927,0.43378979401494044
20260907T124300Z_6ac966eb,WD,BTC,leader_gap_200ms,2000,0.95,0.2821725495027503,1501,0.12946229398723005,0.0,0.3277814790139907,0.596903587306604
20260907T124300Z_6ac966eb,WD,BTC,leader_gap_200ms,5000,0.95,0.2821725495027503,970,0.13399022744419534,0.0,0.41030927835051545,0.9732819629627597
20260907T124300Z_6ac966eb,WD,BTC,leader_gap_200ms,10000,0.95,0.2821725495027503,642,0.1407176105655204,0.0,0.4766355140186916,1.3665643880271505
20260907T124300Z_6ac966eb,WD,BTC,leader_gap_200ms,30000,0.95,0.2821725495027503,288,-0.17499379528122297,-0.018851183991450752,0.4479166666666667,2.3088618862090735
20260907T124300Z_6ac966eb,WD,BTC,leader_gap_500ms,100,0.8,0.0654053658851155,3332,0.05010335974075574,0.0,0.09483793517406963,0.11003407504989829
20260907T124300Z_6ac966eb,WD,BTC,leader_gap_500ms,200,0.8,0.0654053658851155,3332,0.06593482239648624,0.0,0.1290516206482593,0.15270138475843495
20260907T124300Z_6ac966eb,WD,BTC,leader_gap_500ms,500,0.8,0.0654053658851155,3331,0.09012063352623655,0.0,0.19153407385169618,0.256545446907793
20260907T124300Z_6ac966eb,WD,BTC,leader_gap_500ms,1000,0.8,0.0654053658851155,3331,0.11904969026270257,0.0,0.25998198739117384,0.3745062872381046
20260907T124300Z_6ac966eb,WD,BTC,leader_gap_500ms,2000,0.8,0.0654053658851155,2319,0.16845652464681246,0.0,0.33635187580853815,0.5446694939733926
20260907T124300Z_6ac966eb,WD,BTC,leader_gap_500ms,5000,0.8,0.0654053658851155,1316,0.23648762879566435,0.0,0.4369300911854103,0.8772464683927426
20260907T124300Z_6ac966eb,WD,BTC,leader_gap_500ms,10000,0.8,0.0654053658851155,793,0.21892851623594703,0.0,0.49936948297604034,1.245404492708229
20260907T124300Z_6ac966eb,WD,BTC,leader_gap_500ms,30000,0.8,0.0654053658851155,316,0.09831731374160896,0.13885292058883386,0.5189873417721519,2.4425401295221563
20260907T124300Z_6ac966eb,WD,BTC,leader_gap_500ms,100,0.9,0.2779921861763843,2145,0.06456415757925509,0.0,0.11794871794871795,0.14091864353299366
20260907T124300Z_6ac966eb,WD,BTC,leader_gap_500ms,200,0.9,0.2779921861763843,2145,0.07684169700277399,0.0,0.14825174825174825,0.19141624250495926
20260907T124300Z_6ac966eb,WD,BTC,leader_gap_500ms,500,0.9,0.2779921861763843,2144,0.09404761012343514,0.0,0.20475746268656717,0.3039998532946182
20260907T124300Z_6ac966eb,WD,BTC,leader_gap_500ms,1000,0.9,0.2779921861763843,2144,0.11614067248437106,0.0,0.26399253731343286,0.42459777437759355
20260907T124300Z_6ac966eb,WD,BTC,leader_gap_500ms,2000,0.9,0.2779921861763843,1629,0.11122394545837767,0.0,0.33210558624923264,0.592058676162518
20260907T124300Z_6ac966eb,WD,BTC,leader_gap_500ms,5000,0.9,0.2779921861763843,1021,0.17757457030622384,0.0,0.42703232125367285,0.9658430448609008
20260907T124300Z_6ac966eb,WD,BTC,leader_gap_500ms,10000,0.9,0.2779921861763843,670,0.13482331234760225,0.0,0.47761194029850745,1.3321520719408368
20260907T124300Z_6ac966eb,WD,BTC,leader_gap_500ms,30000,0.9,0.2779921861763843,296,0.0600617193670946,0.11988194244005304,0.5168918918918919,2.3589044209864
20260907T124300Z_6ac966eb,WD,BTC,leader_gap_500ms,100,0.95,0.4882929968014583,1318,0.07403910299373975,0.0,0.11987860394537178,0.15466567434485595
20260907T124300Z_6ac966eb,WD,BTC,leader_gap_500ms,200,0.95,0.4882929968014583,1318,0.09135662663621921,0.0,0.15553869499241274,0.21483809309164162
20260907T124300Z_6ac966eb,WD,BTC,leader_gap_500ms,500,0.95,0.4882929968014583,1318,0.11880990882412802,0.0,0.22306525037936267,0.35527846628882787
20260907T124300Z_6ac966eb,WD,BTC,leader_gap_500ms,1000,0.95,0.4882929968014583,1318,0.1704765581661543,0.0,0.2905918057663126,0.48870758984456203
20260907T124300Z_6ac966eb,WD,BTC,leader_gap_500ms,2000,0.95,0.4882929968014583,1062,0.20786020632646518,0.0,0.3672316384180791,0.6689464459601615
20260907T124300Z_6ac966eb,WD,BTC,leader_gap_500ms,5000,0.95,0.4882929968014583,739,0.14099319515129807,0.0,0.4316644113667118,1.0465317161432637
20260907T124300Z_6ac966eb,WD,BTC,leader_gap_500ms,10000,0.95,0.4882929968014583,519,0.044841458241450145,0.0,0.4527938342967245,1.4680175611831843
20260907T124300Z_6ac966eb,WD,BTC,leader_gap_500ms,30000,0.95,0.4882929968014583,249,-0.15778369203685141,-0.025255793838959407,0.4578313253012048,2.451428743352682
20260907T124300Z_6ac966eb,WD,ETH,bitget_ofi,100,0.8,0.5550543172183948,4818,0.09318843140622905,0.0,0.15940224159402241,0.13564069414394397
20260907T124300Z_6ac966eb,WD,ETH,bitget_ofi,200,0.8,0.5550543172183948,4818,0.1251114564027726,0.0,0.22498962224989622,0.20365719785377406
20260907T124300Z_6ac966eb,WD,ETH,bitget_ofi,500,0.8,0.5550543172183948,4818,0.18017004951053472,0.0,0.3285595682855957,0.36969861953017746
20260907T124300Z_6ac966eb,WD,ETH,bitget_ofi,1000,0.8,0.5550543172183948,4817,0.2232350608770269,0.0,0.4087606394021175,0.5690291178902326
20260907T124300Z_6ac966eb,WD,ETH,bitget_ofi,2000,0.8,0.5550543172183948,3226,0.25301008097110866,0.0,0.4603223806571606,0.823718125807375
20260907T124300Z_6ac966eb,WD,ETH,bitget_ofi,5000,0.8,0.5550543172183948,1647,0.2642037436981283,0.08039118350031471,0.5166970248937462,1.3607434655572268
20260907T124300Z_6ac966eb,WD,ETH,bitget_ofi,10000,0.8,0.5550543172183948,934,0.3510435099738022,0.20149470576055994,0.5374732334047109,1.9279975866194041
20260907T124300Z_6ac966eb,WD,ETH,bitget_ofi,30000,0.8,0.5550543172183948,341,0.2663308649263177,0.20117567062647043,0.533724340175953,3.2521534784301904
20260907T124300Z_6ac966eb,WD,ETH,bitget_ofi,100,0.9,1.021646911344102,3341,0.12553780173637566,0.0,0.1990422029332535,0.17840274552141153
20260907T124300Z_6ac966eb,WD,ETH,bitget_ofi,200,0.9,1.021646911344102,3341,0.1582475942621061,0.0,0.26578868602214906,0.2520864553782985
20260907T124300Z_6ac966eb,WD,ETH,bitget_ofi,500,0.9,1.021646911344102,3341,0.20293267533802228,0.0,0.3699491170308291,0.41583500996024403
20260907T124300Z_6ac966eb,WD,ETH,bitget_ofi,1000,0.9,1.021646911344102,3340,0.239371841280488,0.0,0.4479041916167665,0.6188436013372169
20260907T124300Z_6ac966eb,WD,ETH,bitget_ofi,2000,0.9,1.021646911344102,2412,0.28268744284993064,0.03989189314216256,0.5012437810945274,0.9010264027131415
20260907T124300Z_6ac966eb,WD,ETH,bitget_ofi,5000,0.9,1.021646911344102,1401,0.2563456337514241,0.0802180326138407,0.5203426124197003,1.4204773932949561
20260907T124300Z_6ac966eb,WD,ETH,bitget_ofi,10000,0.9,1.021646911344102,837,0.23430348161320796,0.16011880815923055,0.5232974910394266,1.9276085017460554
20260907T124300Z_6ac966eb,WD,ETH,bitget_ofi,30000,0.9,1.021646911344102,327,-0.0490299763608708,0.0,0.4984709480122324,3.3454078006888133
20260907T124300Z_6ac966eb,WD,ETH,bitget_ofi,100,0.95,1.4930350989625283,1999,0.13236346039786973,0.0,0.22011005502751377,0.20155574213944816
20260907T124300Z_6ac966eb,WD,ETH,bitget_ofi,200,0.95,1.4930350989625283,1999,0.16381023239964512,0.0,0.295647823911956,0.28292868648707536
20260907T124300Z_6ac966eb,WD,ETH,bitget_ofi,500,0.95,1.4930350989625283,1999,0.20005066012169553,0.0,0.4032016008004002,0.46164814304941526
20260907T124300Z_6ac966eb,WD,ETH,bitget_ofi,1000,0.95,1.4930350989625283,1998,0.22088324943142942,0.0,0.46846846846846846,0.6986889954533297
20260907T124300Z_6ac966eb,WD,ETH,bitget_ofi,2000,0.95,1.4930350989625283,1569,0.2658495791644817,0.040241286756665204,0.5073295092415552,0.9680544145628331
20260907T124300Z_6ac966eb,WD,ETH,bitget_ofi,5000,0.95,1.4930350989625283,1030,0.19048036235681035,0.11983846830375014,0.5233009708737864,1.487637357907173
20260907T124300Z_6ac966eb,WD,ETH,bitget_ofi,10000,0.95,1.4930350989625283,665,0.25453672332105237,0.23921012816879578,0.5323308270676692,1.98544214895711
20260907T124300Z_6ac966eb,WD,ETH,bitget_ofi,30000,0.95,1.4930350989625283,296,0.1545890056620484,0.18058456212490448,0.5236486486486487,3.439856518630035
20260907T124300Z_6ac966eb,WD,ETH,bitget_trade_flow,100,0.8,1.0,6113,0.0812830771125627,0.0,0.12416162277114347,0.12287884554904718
20260907T124300Z_6ac966eb,WD,ETH,bitget_trade_flow,200,0.8,1.0,6112,0.09881104045230445,0.0,0.17293848167539266,0.18596616403862806
20260907T124300Z_6ac966eb,WD,ETH,bitget_trade_flow,500,0.8,1.0,6112,0.11677235210948445,0.0,0.2547447643979058,0.327964549688896
20260907T124300Z_6ac966eb,WD,ETH,bitget_trade_flow,1000,0.8,1.0,6112,0.13203120951913372,0.0,0.3275523560209424,0.5172214639966045
20260907T124300Z_6ac966eb,WD,ETH,bitget_trade_flow,2000,0.8,1.0,3864,0.15737505534303717,0.0,0.4109730848861284,0.7640530877813868
20260907T124300Z_6ac966eb,WD,ETH,bitget_trade_flow,5000,0.8,1.0,1841,0.17697790452871306,0.0,0.4780010863661054,1.29995347196957
20260907T124300Z_6ac966eb,WD,ETH,bitget_trade_flow,10000,0.8,1.0,993,0.057028288398265625,0.0,0.4904330312185297,1.8386827671105188
20260907T124300Z_6ac966eb,WD,ETH,bitget_trade_flow,30000,0.8,1.0,349,0.12723564461845535,0.3596705418231478,0.5501432664756447,3.1930115898346263
20260907T124300Z_6ac966eb,WD,ETH,bitget_trade_flow,100,0.9,1.0,6113,0.0812830771125627,0.0,0.12416162277114347,0.12287884554904718
20260907T124300Z_6ac966eb,WD,ETH,bitget_trade_flow,200,0.9,1.0,6112,0.09881104045230445,0.0,0.17293848167539266,0.18596616403862806
20260907T124300Z_6ac966eb,WD,ETH,bitget_trade_flow,500,0.9,1.0,6112,0.11677235210948445,0.0,0.2547447643979058,0.327964549688896
20260907T124300Z_6ac966eb,WD,ETH,bitget_trade_flow,1000,0.9,1.0,6112,0.13203120951913372,0.0,0.3275523560209424,0.5172214639966045
20260907T124300Z_6ac966eb,WD,ETH,bitget_trade_flow,2000,0.9,1.0,3864,0.15737505534303717,0.0,0.4109730848861284,0.7640530877813868
20260907T124300Z_6ac966eb,WD,ETH,bitget_trade_flow,5000,0.9,1.0,1841,0.17697790452871306,0.0,0.4780010863661054,1.29995347196957
20260907T124300Z_6ac966eb,WD,ETH,bitget_trade_flow,10000,0.9,1.0,993,0.057028288398265625,0.0,0.4904330312185297,1.8386827671105188
20260907T124300Z_6ac966eb,WD,ETH,bitget_trade_flow,30000,0.9,1.0,349,0.12723564461845535,0.3596705418231478,0.5501432664756447,3.1930115898346263
20260907T124300Z_6ac966eb,WD,ETH,bitget_trade_flow,100,0.95,1.0,6113,0.0812830771125627,0.0,0.12416162277114347,0.12287884554904718
20260907T124300Z_6ac966eb,WD,ETH,bitget_trade_flow,200,0.95,1.0,6112,0.09881104045230445,0.0,0.17293848167539266,0.18596616403862806
20260907T124300Z_6ac966eb,WD,ETH,bitget_trade_flow,500,0.95,1.0,6112,0.11677235210948445,0.0,0.2547447643979058,0.327964549688896
20260907T124300Z_6ac966eb,WD,ETH,bitget_trade_flow,1000,0.95,1.0,6112,0.13203120951913372,0.0,0.3275523560209424,0.5172214639966045
20260907T124300Z_6ac966eb,WD,ETH,bitget_trade_flow,2000,0.95,1.0,3864,0.15737505534303717,0.0,0.4109730848861284,0.7640530877813868
20260907T124300Z_6ac966eb,WD,ETH,bitget_trade_flow,5000,0.95,1.0,1841,0.17697790452871306,0.0,0.4780010863661054,1.29995347196957
20260907T124300Z_6ac966eb,WD,ETH,bitget_trade_flow,10000,0.95,1.0,993,0.057028288398265625,0.0,0.4904330312185297,1.8386827671105188
20260907T124300Z_6ac966eb,WD,ETH,bitget_trade_flow,30000,0.95,1.0,349,0.12723564461845535,0.3596705418231478,0.5501432664756447,3.1930115898346263
20260907T124300Z_6ac966eb,WD,ETH,depth_imbalance_l1,100,0.8,0.8309119070100124,4116,0.15292279951478033,0.0,0.21428571428571427,0.16202014182718658
20260907T124300Z_6ac966eb,WD,ETH,depth_imbalance_l1,200,0.8,0.8309119070100124,4116,0.21519580726560725,0.0,0.29931972789115646,0.24284336168953144
20260907T124300Z_6ac966eb,WD,ETH,depth_imbalance_l1,500,0.8,0.8309119070100124,4116,0.3111359288810799,0.0,0.4161807580174927,0.39731806146410303
20260907T124300Z_6ac966eb,WD,ETH,depth_imbalance_l1,1000,0.8,0.8309119070100124,4116,0.3938490058734651,0.0,0.49927113702623904,0.5983739457674332
20260907T124300Z_6ac966eb,WD,ETH,depth_imbalance_l1,2000,0.8,0.8309119070100124,2734,0.4361066424027177,0.20221762506553864,0.570592538405267,0.8603333900012513
20260907T124300Z_6ac966eb,WD,ETH,depth_imbalance_l1,5000,0.8,0.8309119070100124,1504,0.5336720665636037,0.4024987123355593,0.6030585106382979,1.399995648044546
20260907T124300Z_6ac966eb,WD,ETH,depth_imbalance_l1,10000,0.8,0.8309119070100124,871,0.5716829039098145,0.36236698116092336,0.5752009184845006,1.889681963855545
20260907T124300Z_6ac966eb,WD,ETH,depth_imbalance_l1,30000,0.8,0.8309119070100124,333,0.6746751068581712,0.4425063560720614,0.5615615615615616,3.3709804111268737
20260907T124300Z_6ac966eb,WD,ETH,depth_imbalance_l1,100,0.9,0.9291609353507565,2556,0.20097956509860418,0.0,0.2820813771517997,0.21507665157565867
20260907T124300Z_6ac966eb,WD,ETH,depth_imbalance_l1,200,0.9,0.9291609353507565,2556,0.28007131958628156,0.0,0.3751956181533646,0.3112934390435372
20260907T124300Z_6ac966eb,WD,ETH,depth_imbalance_l1,500,0.9,0.9291609353507565,2556,0.3817492237828192,0.0,0.4769170579029734,0.4733609911480751
20260907T124300Z_6ac966eb,WD,ETH,depth_imbalance_l1,1000,0.9,0.9291609353507565,2556,0.4525680173740591,0.2392459058926069,0.559076682316119,0.674485874752458
20260907T124300Z_6ac966eb,WD,ETH,depth_imbalance_l1,2000,0.9,0.9291609353507565,1852,0.5748428478840718,0.3989356399580801,0.6252699784017278,0.9690014624116182
20260907T124300Z_6ac966eb,WD,ETH,depth_imbalance_l1,5000,0.9,0.9291609353507565,1155,0.7466778116181909,0.5589034316125168,0.6484848484848484,1.461093915029102
20260907T124300Z_6ac966eb,WD,ETH,depth_imbalance_l1,10000,0.9,0.9291609353507565,742,0.6805808634358798,0.5236750285956184,0.6185983827493261,1.9786010706032662
20260907T124300Z_6ac966eb,WD,ETH,depth_imbalance_l1,30000,0.9,0.9291609353507565,309,0.8762482785621178,0.8786346023928288,0.627831715210356,3.289327565121166
20260907T124300Z_6ac966eb,WD,ETH,depth_imbalance_l1,100,0.95,0.9719376391982182,1537,0.2577210292593544,0.0,0.35328562134027325,0.26817646291355174
20260907T124300Z_6ac966eb,WD,ETH,depth_imbalance_l1,200,0.95,0.9719376391982182,1537,0.3375710964071913,0.0,0.44307091737150295,0.37473932477879257
20260907T124300Z_6ac966eb,WD,ETH,depth_imbalance_l1,500,0.95,0.9719376391982182,1537,0.4732156650554855,0.16199086776864016,0.5458685751463891,0.5564925860526094
20260907T124300Z_6ac966eb,WD,ETH,depth_imbalance_l1,1000,0.95,0.9719376391982182,1536,0.54760763635355,0.36030626303032565,0.6171875,0.7402616170051922
20260907T124300Z_6ac966eb,WD,ETH,depth_imbalance_l1,2000,0.95,0.9719376391982182,1217,0.6582005775745345,0.4782677144295816,0.6803615447822514,1.0098859781523197
20260907T124300Z_6ac966eb,WD,ETH,depth_imbalance_l1,5000,0.95,0.9719376391982182,866,0.7566091086538582,0.5628197619455555,0.6651270207852193,1.4696481782020951
20260907T124300Z_6ac966eb,WD,ETH,depth_imbalance_l1,10000,0.95,0.9719376391982182,603,0.8347218970331528,0.7182431774966778,0.6318407960199005,2.085885906745717
20260907T124300Z_6ac966eb,WD,ETH,depth_imbalance_l1,30000,0.95,0.9719376391982182,281,0.6250145249587891,0.6392520752898048,0.5658362989323843,3.5868431139316
20260907T124300Z_6ac966eb,WD,ETH,depth_imbalance_l5,100,0.8,0.7039203271456672,4145,0.13102517000944452,0.0,0.18287092882991557,0.1456265404881019
20260907T124300Z_6ac966eb,WD,ETH,depth_imbalance_l5,200,0.8,0.7039203271456672,4145,0.18149003138836325,0.0,0.25307599517490953,0.22094737526264563
20260907T124300Z_6ac966eb,WD,ETH,depth_imbalance_l5,500,0.8,0.7039203271456672,4145,0.2649143365631007,0.0,0.36622436670687575,0.3841062218373107
20260907T124300Z_6ac966eb,WD,ETH,depth_imbalance_l5,1000,0.8,0.7039203271456672,4145,0.33854670536369186,0.0,0.4569360675512666,0.5835382127930473
20260907T124300Z_6ac966eb,WD,ETH,depth_imbalance_l5,2000,0.8,0.7039203271456672,2742,0.3968640412060611,0.12079993925422844,0.5364697301239971,0.8513314787492053
20260907T124300Z_6ac966eb,WD,ETH,depth_imbalance_l5,5000,0.8,0.7039203271456672,1500,0.49511595242237005,0.2818234169986245,0.582,1.3386641462931228
20260907T124300Z_6ac966eb,WD,ETH,depth_imbalance_l5,10000,0.8,0.7039203271456672,866,0.6144338991883632,0.40220592727999,0.5946882217090069,1.8998622809228773
20260907T124300Z_6ac966eb,WD,ETH,depth_imbalance_l5,30000,0.8,0.7039203271456672,330,0.21586137932070468,0.239544022024682,0.5393939393939394,3.308993455724611
20260907T124300Z_6ac966eb,WD,ETH,depth_imbalance_l5,100,0.9,0.8300978744560001,2542,0.17036849163994053,0.0,0.22462627852084974,0.18246305480712488
20260907T124300Z_6ac966eb,WD,ETH,depth_imbalance_l5,200,0.9,0.8300978744560001,2542,0.2422525764722177,0.0,0.3080251770259638,0.27226333537828873
20260907T124300Z_6ac966eb,WD,ETH,depth_imbalance_l5,500,0.9,0.8300978744560001,2542,0.3456818436076828,0.0,0.42722265932336745,0.4429964464815748
20260907T124300Z_6ac966eb,WD,ETH,depth_imbalance_l5,1000,0.9,0.8300978744560001,2542,0.4253286348884132,0.0,0.4988198269079465,0.6651554864604265
20260907T124300Z_6ac966eb,WD,ETH,depth_imbalance_l5,2000,0.9,0.8300978744560001,1855,0.531868255812535,0.28230018189844264,0.5805929919137466,0.9355752885333346
20260907T124300Z_6ac966eb,WD,ETH,depth_imbalance_l5,5000,0.9,0.8300978744560001,1151,0.5738038107019,0.32257089002015804,0.5916594265855778,1.416414591786858
20260907T124300Z_6ac966eb,WD,ETH,depth_imbalance_l5,10000,0.9,0.8300978744560001,740,0.5715624961931159,0.3602190177232446,0.5702702702702702,1.926779442960371
20260907T124300Z_6ac966eb,WD,ETH,depth_imbalance_l5,30000,0.9,0.8300978744560001,310,0.5430339932078795,0.44370508288877736,0.5580645161290323,3.15419505302117
20260907T124300Z_6ac966eb,WD,ETH,depth_imbalance_l5,100,0.95,0.9073330923124324,1531,0.238053853734603,0.0,0.2802090137165251,0.24670077852420308
20260907T124300Z_6ac966eb,WD,ETH,depth_imbalance_l5,200,0.95,0.9073330923124324,1531,0.3310225738178053,0.0,0.37165251469627697,0.3490726375609888
20260907T124300Z_6ac966eb,WD,ETH,depth_imbalance_l5,500,0.95,0.9073330923124324,1531,0.42749782115627827,0.0,0.46570868713259306,0.5150666814670015
20260907T124300Z_6ac966eb,WD,ETH,depth_imbalance_l5,1000,0.95,0.9073330923124324,1531,0.4981924533948045,0.16172888174872288,0.5414761593729589,0.7111447924234489
20260907T124300Z_6ac966eb,WD,ETH,depth_imbalance_l5,2000,0.95,0.9073330923124324,1209,0.6019387661847735,0.3990494642303519,0.6129032258064516,0.9983405844412027
20260907T124300Z_6ac966eb,WD,ETH,depth_imbalance_l5,5000,0.95,0.9073330923124324,845,0.7074155128733923,0.44389204552888406,0.6189349112426036,1.501920201391297
20260907T124300Z_6ac966eb,WD,ETH,depth_imbalance_l5,10000,0.95,0.9073330923124324,593,0.7109578679467846,0.4831725107987079,0.596964586846543,2.049878389349913
20260907T124300Z_6ac966eb,WD,ETH,depth_imbalance_l5,30000,0.95,0.9073330923124324,276,0.7220835549036547,0.6652351511850443,0.5905797101449275,3.311518912688576
20260907T124300Z_6ac966eb,WD,ETH,external_ofi,100,0.8,0.20278053863456155,5916,0.11174204087055356,0.0,0.16683569979716023,0.1399781469687293
20260907T124300Z_6ac966eb,WD,ETH,external_ofi,200,0.8,0.20278053863456155,5916,0.15587505048497927,0.0,0.22853279242731575,0.2131668409773967
20260907T124300Z_6ac966eb,WD,ETH,external_ofi,500,0.8,0.20278053863456155,5916,0.2002291108278062,0.0,0.3265720081135903,0.3707572996305961
20260907T124300Z_6ac966eb,WD,ETH,external_ofi,1000,0.8,0.20278053863456155,5915,0.24001176531792257,0.0,0.4069315300084531,0.5611882531208864
20260907T124300Z_6ac966eb,WD,ETH,external_ofi,2000,0.8,0.20278053863456155,3717,0.27315933306761914,0.0,0.45789615281140705,0.8107412294620319
20260907T124300Z_6ac966eb,WD,ETH,external_ofi,5000,0.8,0.20278053863456155,1796,0.33539442780562756,0.12074232409124468,0.5350779510022272,1.3549987833722856
20260907T124300Z_6ac966eb,WD,ETH,external_ofi,10000,0.8,0.20278053863456155,975,0.49014124570158624,0.3589418394959137,0.5692307692307692,1.8741575997189577
20260907T124300Z_6ac966eb,WD,ETH,external_ofi,30000,0.8,0.20278053863456155,347,0.27011985481197337,0.2818931947136977,0.553314121037464,3.391924897248517
20260907T124300Z_6ac966eb,WD,ETH,external_ofi,100,0.9,0.48865188622880285,3952,0.18245835334313126,0.0,0.24215587044534412,0.22168810735451655
20260907T124300Z_6ac966eb,WD,ETH,external_ofi,200,0.9,0.48865188622880285,3952,0.23062862130442047,0.0,0.3132591093117409,0.3076636226834584
20260907T124300Z_6ac966eb,WD,ETH,external_ofi,500,0.9,0.48865188622880285,3952,0.28719194744634086,0.0,0.4063765182186235,0.48082418281313666
20260907T124300Z_6ac966eb,WD,ETH,external_ofi,1000,0.9,0.48865188622880285,3951,0.3252067611884798,0.0,0.47228549734244496,0.6690450036217149
20260907T124300Z_6ac966eb,WD,ETH,external_ofi,2000,0.9,0.48865188622880285,2758,0.3763643496659197,0.07979715630451575,0.5195794053662074,0.8999647278823882
20260907T124300Z_6ac966eb,WD,ETH,external_ofi,5000,0.9,0.48865188622880285,1504,0.355959065524383,0.1605578672190689,0.543218085106383,1.4032573133709443
20260907T124300Z_6ac966eb,WD,ETH,external_ofi,10000,0.9,0.48865188622880285,877,0.4411334371037102,0.3600259219041562,0.5575826681870011,1.9452124846473209
20260907T124300Z_6ac966eb,WD,ETH,external_ofi,30000,0.9,0.48865188622880285,333,0.23325803808408427,0.28043523550185734,0.5375375375375375,3.389067757546569
20260907T124300Z_6ac966eb,WD,ETH,external_ofi,100,0.95,0.9920594949744268,2513,0.2516525051390271,0.0,0.30003979307600476,0.31370586709085985
20260907T124300Z_6ac966eb,WD,ETH,external_ofi,200,0.95,0.9920594949744268,2513,0.3126822711839291,0.0,0.3804218066056506,0.4206231378587098
20260907T124300Z_6ac966eb,WD,ETH,external_ofi,500,0.95,0.9920594949744268,2513,0.3766231079996402,0.0,0.46836450457620377,0.5975202167439644
20260907T124300Z_6ac966eb,WD,ETH,external_ofi,1000,0.95,0.9920594949744268,2512,0.3835036531257083,0.08051383933514587,0.5195063694267515,0.7938961150261373
20260907T124300Z_6ac966eb,WD,ETH,external_ofi,2000,0.95,0.9920594949744268,1916,0.4302349835546943,0.19971488282914568,0.5490605427974948,1.029478810369662
20260907T124300Z_6ac966eb,WD,ETH,external_ofi,5000,0.95,0.9920594949744268,1182,0.41089899598857177,0.3201338160440499,0.5642978003384095,1.5233235455766834
20260907T124300Z_6ac966eb,WD,ETH,external_ofi,10000,0.95,0.9920594949744268,751,0.5849280681694525,0.36373335923898736,0.5752330226364847,2.051461859425991
20260907T124300Z_6ac966eb,WD,ETH,external_ofi,30000,0.95,0.9920594949744268,312,0.3813826157504962,0.40100185817487555,0.5576923076923077,3.4425045097406635
20260907T124300Z_6ac966eb,WD,ETH,external_trade_flow,100,0.8,1.0,9401,0.014047228382170275,0.0,0.05042016806722689,0.05336765376729239
20260907T124300Z_6ac966eb,WD,ETH,external_trade_flow,200,0.8,1.0,9401,0.018692232118927198,0.0,0.08307626848207637,0.09880754114958482
20260907T124300Z_6ac966eb,WD,ETH,external_trade_flow,500,0.8,1.0,9401,0.026095852649527757,0.0,0.16072758217210936,0.23004042122749302
20260907T124300Z_6ac966eb,WD,ETH,external_trade_flow,1000,0.8,1.0,9400,0.028309113905747346,0.0,0.2470212765957447,0.3997437452018396
20260907T124300Z_6ac966eb,WD,ETH,external_trade_flow,2000,0.8,1.0,5013,0.03496527862684198,0.0,0.34250947536405346,0.6716631755289869
20260907T124300Z_6ac966eb,WD,ETH,external_trade_flow,5000,0.8,1.0,2092,0.10763158544755017,0.0,0.44407265774378585,1.2476439303326876
20260907T124300Z_6ac966eb,WD,ETH,external_trade_flow,10000,0.8,1.0,1063,0.030917002621428703,0.0,0.46942615239887114,1.8294730515771584
20260907T124300Z_6ac966eb,WD,ETH,external_trade_flow,30000,0.8,1.0,357,0.2751416481677323,0.040250357222191634,0.5014005602240896,3.2550764545704274
20260907T124300Z_6ac966eb,WD,ETH,external_trade_flow,100,0.9,1.0,9401,0.014047228382170275,0.0,0.05042016806722689,0.05336765376729239
20260907T124300Z_6ac966eb,WD,ETH,external_trade_flow,200,0.9,1.0,9401,0.018692232118927198,0.0,0.08307626848207637,0.09880754114958482
20260907T124300Z_6ac966eb,WD,ETH,external_trade_flow,500,0.9,1.0,9401,0.026095852649527757,0.0,0.16072758217210936,0.23004042122749302
20260907T124300Z_6ac966eb,WD,ETH,external_trade_flow,1000,0.9,1.0,9400,0.028309113905747346,0.0,0.2470212765957447,0.3997437452018396
20260907T124300Z_6ac966eb,WD,ETH,external_trade_flow,2000,0.9,1.0,5013,0.03496527862684198,0.0,0.34250947536405346,0.6716631755289869
20260907T124300Z_6ac966eb,WD,ETH,external_trade_flow,5000,0.9,1.0,2092,0.10763158544755017,0.0,0.44407265774378585,1.2476439303326876
20260907T124300Z_6ac966eb,WD,ETH,external_trade_flow,10000,0.9,1.0,1063,0.030917002621428703,0.0,0.46942615239887114,1.8294730515771584
20260907T124300Z_6ac966eb,WD,ETH,external_trade_flow,30000,0.9,1.0,357,0.2751416481677323,0.040250357222191634,0.5014005602240896,3.2550764545704274
20260907T124300Z_6ac966eb,WD,ETH,external_trade_flow,100,0.95,1.0,9401,0.014047228382170275,0.0,0.05042016806722689,0.05336765376729239
20260907T124300Z_6ac966eb,WD,ETH,external_trade_flow,200,0.95,1.0,9401,0.018692232118927198,0.0,0.08307626848207637,0.09880754114958482
20260907T124300Z_6ac966eb,WD,ETH,external_trade_flow,500,0.95,1.0,9401,0.026095852649527757,0.0,0.16072758217210936,0.23004042122749302
20260907T124300Z_6ac966eb,WD,ETH,external_trade_flow,1000,0.95,1.0,9400,0.028309113905747346,0.0,0.2470212765957447,0.3997437452018396
20260907T124300Z_6ac966eb,WD,ETH,external_trade_flow,2000,0.95,1.0,5013,0.03496527862684198,0.0,0.34250947536405346,0.6716631755289869
20260907T124300Z_6ac966eb,WD,ETH,external_trade_flow,5000,0.95,1.0,2092,0.10763158544755017,0.0,0.44407265774378585,1.2476439303326876
20260907T124300Z_6ac966eb,WD,ETH,external_trade_flow,10000,0.95,1.0,1063,0.030917002621428703,0.0,0.46942615239887114,1.8294730515771584
20260907T124300Z_6ac966eb,WD,ETH,external_trade_flow,30000,0.95,1.0,357,0.2751416481677323,0.040250357222191634,0.5014005602240896,3.2550764545704274
20260907T124300Z_6ac966eb,WD,ETH,fair_accel_100ms,100,0.8,0.04003695777996636,4823,0.10634436364455205,0.0,0.1598590089156127,0.15276019186502315
20260907T124300Z_6ac966eb,WD,ETH,fair_accel_100ms,200,0.8,0.04003695777996636,4823,0.13416361574911176,0.0,0.21957287995023844,0.23015673494492542
20260907T124300Z_6ac966eb,WD,ETH,fair_accel_100ms,500,0.8,0.04003695777996636,4823,0.1677159999518085,0.0,0.31598590089156126,0.40018418618352075
20260907T124300Z_6ac966eb,WD,ETH,fair_accel_100ms,1000,0.8,0.04003695777996636,4822,0.18562257682755434,0.0,0.39485690584819577,0.5984202659437576
20260907T124300Z_6ac966eb,WD,ETH,fair_accel_100ms,2000,0.8,0.04003695777996636,3205,0.23673055888639785,0.0,0.459594383775351,0.8389944113072122
20260907T124300Z_6ac966eb,WD,ETH,fair_accel_100ms,5000,0.8,0.04003695777996636,1645,0.30077517492678063,0.07990363621496661,0.5161094224924012,1.3733631678632328
20260907T124300Z_6ac966eb,WD,ETH,fair_accel_100ms,10000,0.8,0.04003695777996636,923,0.31525685418718247,0.20105190356412728,0.5330444203683641,1.907395173451974
20260907T124300Z_6ac966eb,WD,ETH,fair_accel_100ms,30000,0.8,0.04003695777996636,339,0.16756204199746227,0.16135375803243868,0.5309734513274337,3.519153349989072
20260907T124300Z_6ac966eb,WD,ETH,fair_accel_100ms,100,0.9,0.20092636826743926,3243,0.1635731843983407,0.0,0.22263336416897933,0.2287195983183874
20260907T124300Z_6ac966eb,WD,ETH,fair_accel_100ms,200,0.9,0.20092636826743926,3243,0.20409982264953783,0.0,0.2858464384828862,0.31827275504919306
20260907T124300Z_6ac966eb,WD,ETH,fair_accel_100ms,500,0.9,0.20092636826743926,3243,0.24325680355418705,0.0,0.37187789084181316,0.5100485818366827
20260907T124300Z_6ac966eb,WD,ETH,fair_accel_100ms,1000,0.9,0.20092636826743926,3242,0.27085546222959,0.0,0.44231955582973476,0.7139666647539596
20260907T124300Z_6ac966eb,WD,ETH,fair_accel_100ms,2000,0.9,0.20092636826743926,2330,0.30354113736916033,0.0,0.4995708154506438,0.955525983640761
20260907T124300Z_6ac966eb,WD,ETH,fair_accel_100ms,5000,0.9,0.20092636826743926,1342,0.31204984998903285,0.16157636243938783,0.5312965722801788,1.4711529027577857
20260907T124300Z_6ac966eb,WD,ETH,fair_accel_100ms,10000,0.9,0.20092636826743926,805,0.4577454983019148,0.28168674022039053,0.5490683229813664,2.0216226070455257
20260907T124300Z_6ac966eb,WD,ETH,fair_accel_100ms,30000,0.9,0.20092636826743926,320,0.7325912972917215,0.5185284518641944,0.571875,3.5199746479343084
20260907T124300Z_6ac966eb,WD,ETH,fair_accel_100ms,100,0.95,0.3607647940570792,2106,0.21436210399669686,0.0,0.26638176638176636,0.3019442348176174
20260907T124300Z_6ac966eb,WD,ETH,fair_accel_100ms,200,0.95,0.3607647940570792,2106,0.25522669666387143,0.0,0.3309591642924976,0.40807123701767883
20260907T124300Z_6ac966eb,WD,ETH,fair_accel_100ms,500,0.95,0.3607647940570792,2106,0.2904121633388989,0.0,0.4107312440645774,0.5938500897045746
20260907T124300Z_6ac966eb,WD,ETH,fair_accel_100ms,1000,0.95,0.3607647940570792,2105,0.30434412532578975,0.0,0.47078384798099765,0.8072945875423727
20260907T124300Z_6ac966eb,WD,ETH,fair_accel_100ms,2000,0.95,0.3607647940570792,1642,0.31371249955778996,0.08041820203575212,0.5213154689403167,1.061811309059515
20260907T124300Z_6ac966eb,WD,ETH,fair_accel_100ms,5000,0.95,0.3607647940570792,1061,0.2739578244316084,0.1200927115736278,0.5193213949104618,1.5500107075108975
20260907T124300Z_6ac966eb,WD,ETH,fair_accel_100ms,10000,0.95,0.3607647940570792,689,0.3460654395560984,0.24202477931387523,0.5587808417997098,2.029916074474213
20260907T124300Z_6ac966eb,WD,ETH,fair_accel_100ms,30000,0.95,0.3607647940570792,296,0.28071449042945523,0.44116716036734155,0.5506756756756757,3.6447986965237162
20260907T124300Z_6ac966eb,WD,ETH,fair_gap_reversion,100,0.8,0.49988051357363616,3433,0.08765837692657076,0.0,0.11797261870084474,0.16602098728244843
20260907T124300Z_6ac966eb,WD,ETH,fair_gap_reversion,200,0.8,0.49988051357363616,3433,0.11871676523057831,0.0,0.17652199242644917,0.2470785406957543
20260907T124300Z_6ac966eb,WD,ETH,fair_gap_reversion,500,0.8,0.49988051357363616,3432,0.14789624892675482,0.0,0.2706876456876457,0.41076812685103636
20260907T124300Z_6ac966eb,WD,ETH,fair_gap_reversion,1000,0.8,0.49988051357363616,3432,0.1802346039461046,0.0,0.3560606060606061,0.6096335252274635
20260907T124300Z_6ac966eb,WD,ETH,fair_gap_reversion,2000,0.8,0.49988051357363616,2252,0.21455409089985744,0.0,0.4533747779751332,0.912964413538431
20260907T124300Z_6ac966eb,WD,ETH,fair_gap_reversion,5000,0.8,0.49988051357363616,1272,0.26424505746372323,0.11970910955314626,0.5251572327044025,1.4369145111219996
20260907T124300Z_6ac966eb,WD,ETH,fair_gap_reversion,10000,0.8,0.49988051357363616,782,0.15427464977683922,0.12043336954383572,0.5191815856777494,1.9587886148265294
20260907T124300Z_6ac966eb,WD,ETH,fair_gap_reversion,30000,0.8,0.49988051357363616,312,0.05381797057401295,0.3008449213017289,0.5224358974358975,3.3069437122177874
20260907T124300Z_6ac966eb,WD,ETH,fair_gap_reversion,100,0.9,0.6598752779884975,2135,0.13071042299843122,0.0,0.15456674473067916,0.21999206381498135
20260907T124300Z_6ac966eb,WD,ETH,fair_gap_reversion,200,0.9,0.6598752779884975,2135,0.16631615414136203,0.0,0.21405152224824356,0.30721184991345757
20260907T124300Z_6ac966eb,WD,ETH,fair_gap_reversion,500,0.9,0.6598752779884975,2135,0.23096847923321573,0.0,0.32084309133489464,0.5066447001701789
20260907T124300Z_6ac966eb,WD,ETH,fair_gap_reversion,1000,0.9,0.6598752779884975,2135,0.2800344457416414,0.0,0.4107728337236534,0.7136926320666159
20260907T124300Z_6ac966eb,WD,ETH,fair_gap_reversion,2000,0.9,0.6598752779884975,1530,0.29445239004545315,0.0,0.49411764705882355,1.009256761482227
20260907T124300Z_6ac966eb,WD,ETH,fair_gap_reversion,5000,0.9,0.6598752779884975,974,0.3337788036516137,0.17127545669737465,0.5328542094455853,1.6163304223928703
20260907T124300Z_6ac966eb,WD,ETH,fair_gap_reversion,10000,0.9,0.6598752779884975,643,0.21610357168294064,0.19935011862010824,0.5318818040435459,2.064168708743325
20260907T124300Z_6ac966eb,WD,ETH,fair_gap_reversion,30000,0.9,0.6598752779884975,281,0.2979754991935929,0.0,0.49466192170818507,3.626446450769929
20260907T124300Z_6ac966eb,WD,ETH,fair_gap_reversion,100,0.95,0.8154200971421943,1274,0.1754247598534525,0.0,0.20172684458398743,0.29182021169207195
20260907T124300Z_6ac966eb,WD,ETH,fair_gap_reversion,200,0.95,0.8154200971421943,1274,0.24848634731067426,0.0,0.26609105180533754,0.3976784482552913
20260907T124300Z_6ac966eb,WD,ETH,fair_gap_reversion,500,0.95,0.8154200971421943,1274,0.2977811978717444,0.0,0.37990580847723704,0.6112822998746941
20260907T124300Z_6ac966eb,WD,ETH,fair_gap_reversion,1000,0.95,0.8154200971421943,1274,0.3428286004730228,0.0,0.45290423861852436,0.8262000752490559
20260907T124300Z_6ac966eb,WD,ETH,fair_gap_reversion,2000,0.95,0.8154200971421943,975,0.37328639383623247,0.12084689504063943,0.5292307692307693,1.1333861704033898
20260907T124300Z_6ac966eb,WD,ETH,fair_gap_reversion,5000,0.95,0.8154200971421943,687,0.5575106762690407,0.3626619386681152,0.5691411935953421,1.7146229793422987
20260907T124300Z_6ac966eb,WD,ETH,fair_gap_reversion,10000,0.95,0.8154200971421943,486,0.35424868462159026,0.3600792382161968,0.5617283950617284,2.1498900285158133
20260907T124300Z_6ac966eb,WD,ETH,fair_gap_reversion,30000,0.95,0.8154200971421943,246,0.4147701650493208,0.5217380246602228,0.5447154471544715,3.662368231518208
20260907T124300Z_6ac966eb,WD,ETH,leader_gap_1000ms,100,0.8,0.443637119450393,3949,0.058770099580666334,0.0,0.10559635350721702,0.14340863199117593
20260907T124300Z_6ac966eb,WD,ETH,leader_gap_1000ms,200,0.8,0.443637119450393,3949,0.07651555101602325,0.0,0.16130665991390225,0.21952110556412374
20260907T124300Z_6ac966eb,WD,ETH,leader_gap_1000ms,500,0.8,0.443637119450393,3949,0.09288831983855175,0.0,0.2631045834388453,0.4043724185085124
20260907T124300Z_6ac966eb,WD,ETH,leader_gap_1000ms,1000,0.8,0.443637119450393,3948,0.13630234277876638,0.0,0.3601823708206687,0.6276550216948183
20260907T124300Z_6ac966eb,WD,ETH,leader_gap_1000ms,2000,0.8,0.443637119450393,2564,0.13353616029250642,0.0,0.43369734789391573,0.8927459472149832
20260907T124300Z_6ac966eb,WD,ETH,leader_gap_1000ms,5000,0.8,0.443637119450393,1411,0.2344001192514412,0.08045618657874488,0.5138199858256556,1.4092938955262366
20260907T124300Z_6ac966eb,WD,ETH,leader_gap_1000ms,10000,0.8,0.443637119450393,830,0.24911843080915888,0.16092252264856863,0.5313253012048192,1.9516738851493836
20260907T124300Z_6ac966eb,WD,ETH,leader_gap_1000ms,30000,0.8,0.443637119450393,320,0.707610570742277,0.68206865125507,0.56875,3.406722577869355
20260907T124300Z_6ac966eb,WD,ETH,leader_gap_1000ms,100,0.9,0.6530761605108307,2618,0.08753945924161256,0.0,0.1294881588999236,0.18627986548983982
20260907T124300Z_6ac966eb,WD,ETH,leader_gap_1000ms,200,0.9,0.6530761605108307,2618,0.12283443253696441,0.0,0.19671504965622613,0.28106683181539693
20260907T124300Z_6ac966eb,WD,ETH,leader_gap_1000ms,500,0.9,0.6530761605108307,2618,0.14539864095955055,0.0,0.3025210084033613,0.48434030939654793
20260907T124300Z_6ac966eb,WD,ETH,leader_gap_1000ms,1000,0.9,0.6530761605108307,2617,0.20305700741780655,0.0,0.40198700802445547,0.7184583333819461
20260907T124300Z_6ac966eb,WD,ETH,leader_gap_1000ms,2000,0.9,0.6530761605108307,1811,0.16851892481546848,0.0,0.46824958586416343,0.9988109600012076
20260907T124300Z_6ac966eb,WD,ETH,leader_gap_1000ms,5000,0.9,0.6530761605108307,1117,0.27552222161078516,0.04022121669246804,0.5049239033124441,1.5174756662024873
20260907T124300Z_6ac966eb,WD,ETH,leader_gap_1000ms,10000,0.9,0.6530761605108307,709,0.11883263731187578,0.16020345839511507,0.5416078984485191,1.972951472805932
20260907T124300Z_6ac966eb,WD,ETH,leader_gap_1000ms,30000,0.9,0.6530761605108307,299,0.45423594367818565,0.4827099336626256,0.5719063545150501,3.2639950965834243
20260907T124300Z_6ac966eb,WD,ETH,leader_gap_1000ms,100,0.95,0.84126846028351,1684,0.12023367749377503,0.0,0.15736342042755344,0.23633575310762914
20260907T124300Z_6ac966eb,WD,ETH,leader_gap_1000ms,200,0.95,0.84126846028351,1684,0.15417847692582584,0.0,0.2173396674584323,0.3296211443434192
20260907T124300Z_6ac966eb,WD,ETH,leader_gap_1000ms,500,0.95,0.84126846028351,1684,0.22275645626432303,0.0,0.33788598574821854,0.5750819872213232
20260907T124300Z_6ac966eb,WD,ETH,leader_gap_1000ms,1000,0.95,0.84126846028351,1684,0.28556059644324183,0.0,0.4340855106888361,0.7886326209023216
20260907T124300Z_6ac966eb,WD,ETH,leader_gap_1000ms,2000,0.95,0.84126846028351,1213,0.2905574759745123,0.08042577404793556,0.5144270403957131,1.087958299525667
20260907T124300Z_6ac966eb,WD,ETH,leader_gap_1000ms,5000,0.95,0.84126846028351,843,0.5126656828674483,0.36031852161248107,0.5575326215895611,1.6639300620533166
20260907T124300Z_6ac966eb,WD,ETH,leader_gap_1000ms,10000,0.95,0.84126846028351,586,0.54520443241535,0.520400708680798,0.5989761092150171,2.1774184378153136
20260907T124300Z_6ac966eb,WD,ETH,leader_gap_1000ms,30000,0.95,0.84126846028351,269,0.17431499610236073,0.24211169824325957,0.5241635687732342,3.4882322490661433
20260907T124300Z_6ac966eb,WD,ETH,leader_gap_100ms,100,0.8,0.0010474108747078542,5668,0.05036121708648042,0.0,0.11291460832745237,0.14224911906097598
20260907T124300Z_6ac966eb,WD,ETH,leader_gap_100ms,200,0.8,0.0010474108747078542,5668,0.06273858445239515,0.0,0.1587861679604799,0.20801073107646859
20260907T124300Z_6ac966eb,WD,ETH,leader_gap_100ms,500,0.8,0.0010474108747078542,5668,0.07572748969606062,0.0,0.24188426252646436,0.36766488746637704
20260907T124300Z_6ac966eb,WD,ETH,leader_gap_100ms,1000,0.8,0.0010474108747078542,5667,0.09634051165697625,0.0,0.32539262396329627,0.561151232791005
20260907T124300Z_6ac966eb,WD,ETH,leader_gap_100ms,2000,0.8,0.0010474108747078542,3589,0.08798465717432653,0.0,0.4020618556701031,0.7966707905048391
20260907T124300Z_6ac966eb,WD,ETH,leader_gap_100ms,5000,0.8,0.0010474108747078542,1761,0.05007061563381398,0.0,0.4684838160136286,1.3306186504057198
20260907T124300Z_6ac966eb,WD,ETH,leader_gap_100ms,10000,0.8,0.0010474108747078542,963,0.06916259916260482,0.0,0.4766355140186916,1.8857242054745424
20260907T124300Z_6ac966eb,WD,ETH,leader_gap_100ms,30000,0.8,0.0010474108747078542,347,0.14314573331248395,0.0,0.4899135446685879,3.431392790295283
20260907T124300Z_6ac966eb,WD,ETH,leader_gap_100ms,100,0.9,0.198252500017438,4173,0.06287051856466853,0.0,0.12892403546609155,0.177569369256706
20260907T124300Z_6ac966eb,WD,ETH,leader_gap_100ms,200,0.9,0.198252500017438,4173,0.07517245609802396,0.0,0.17972681524083392,0.25346619114111496
20260907T124300Z_6ac966eb,WD,ETH,leader_gap_100ms,500,0.9,0.198252500017438,4173,0.08997522836964547,0.0,0.26407860052719867,0.42210818865617494
20260907T124300Z_6ac966eb,WD,ETH,leader_gap_100ms,1000,0.9,0.198252500017438,4172,0.08944555449239112,0.0,0.3382070949185043,0.6306984017135804
20260907T124300Z_6ac966eb,WD,ETH,leader_gap_100ms,2000,0.9,0.198252500017438,2875,0.07071507777109726,0.0,0.4121739130434783,0.860168105312904
20260907T124300Z_6ac966eb,WD,ETH,leader_gap_100ms,5000,0.9,0.198252500017438,1542,0.1439764457040934,0.0,0.4889753566796368,1.3785490646428564
20260907T124300Z_6ac966eb,WD,ETH,leader_gap_100ms,10000,0.9,0.198252500017438,884,0.0929057654949769,0.0,0.47398190045248867,1.9449637234531991
20260907T124300Z_6ac966eb,WD,ETH,leader_gap_100ms,30000,0.9,0.198252500017438,333,0.1475609963162761,0.478754281452843,0.5225225225225225,3.32310205207487
20260907T124300Z_6ac966eb,WD,ETH,leader_gap_100ms,100,0.95,0.43297232957464854,2777,0.09067476553761325,0.0,0.14296002880806627,0.20422162968782367
20260907T124300Z_6ac966eb,WD,ETH,leader_gap_100ms,200,0.95,0.43297232957464854,2777,0.11939107538106579,0.0,0.20345696795102627,0.2963131336120723
20260907T124300Z_6ac966eb,WD,ETH,leader_gap_100ms,500,0.95,0.43297232957464854,2777,0.13866410557284153,0.0,0.3053655023406554,0.48307853441947984
20260907T124300Z_6ac966eb,WD,ETH,leader_gap_100ms,1000,0.95,0.43297232957464854,2776,0.17585893394442026,0.0,0.38868876080691644,0.6936142445389444
20260907T124300Z_6ac966eb,WD,ETH,leader_gap_100ms,2000,0.95,0.43297232957464854,2091,0.13962952023674824,0.0,0.45432807269249165,0.9526899486942704
20260907T124300Z_6ac966eb,WD,ETH,leader_gap_100ms,5000,0.95,0.43297232957464854,1253,0.2143177367628111,0.04027710649371966,0.5067837190742218,1.4491954282759791
20260907T124300Z_6ac966eb,WD,ETH,leader_gap_100ms,10000,0.95,0.43297232957464854,771,0.21025262430520486,0.07988608244506064,0.5136186770428015,1.9089637557916617
20260907T124300Z_6ac966eb,WD,ETH,leader_gap_100ms,30000,0.95,0.43297232957464854,314,0.3754080535639676,0.43923866419300217,0.5445859872611465,3.489621631843468
20260907T124300Z_6ac966eb,WD,ETH,leader_gap_200ms,100,0.8,0.11994085254540689,4955,0.047478545127051956,0.0,0.11745711402623613,0.1482467353480436
20260907T124300Z_6ac966eb,WD,ETH,leader_gap_200ms,200,0.8,0.11994085254540689,4955,0.0602000737045049,0.0,0.16892028254288596,0.2226661257259309
20260907T124300Z_6ac966eb,WD,ETH,leader_gap_200ms,500,0.8,0.11994085254540689,4955,0.07233626516614688,0.0,0.24944500504540867,0.396739614681706
20260907T124300Z_6ac966eb,WD,ETH,leader_gap_200ms,1000,0.8,0.11994085254540689,4954,0.10019346794113605,0.0,0.338514331853048,0.5984106811104996
20260907T124300Z_6ac966eb,WD,ETH,leader_gap_200ms,2000,0.8,0.11994085254540689,3255,0.07197858528978993,0.0,0.40522273425499233,0.8313036644155647
20260907T124300Z_6ac966eb,WD,ETH,leader_gap_200ms,5000,0.8,0.11994085254540689,1658,0.10988509757900845,0.0,0.48492159227985526,1.3532317424689446
20260907T124300Z_6ac966eb,WD,ETH,leader_gap_200ms,10000,0.8,0.11994085254540689,927,0.10241483778518333,0.0,0.48327939590075514,1.9440341101658114
20260907T124300Z_6ac966eb,WD,ETH,leader_gap_200ms,30000,0.8,0.11994085254540689,340,0.00044325765928832084,-0.22064503952573666,0.4676470588235294,3.5020669347975093
20260907T124300Z_6ac966eb,WD,ETH,leader_gap_200ms,100,0.9,0.36022136144668493,3456,0.08039717381390295,0.0,0.12991898148148148,0.18040629377408635
20260907T124300Z_6ac966eb,WD,ETH,leader_gap_200ms,200,0.9,0.36022136144668493,3456,0.09767252767403346,0.0,0.18836805555555555,0.2644850367254218
20260907T124300Z_6ac966eb,WD,ETH,leader_gap_200ms,500,0.9,0.36022136144668493,3456,0.11120185924159083,0.0,0.2803819444444444,0.4429956320411005
20260907T124300Z_6ac966eb,WD,ETH,leader_gap_200ms,1000,0.9,0.36022136144668493,3455,0.1481877280656929,0.0,0.36903039073806077,0.6602970018026234
20260907T124300Z_6ac966eb,WD,ETH,leader_gap_200ms,2000,0.9,0.36022136144668493,2472,0.11974552506056652,0.0,0.4308252427184466,0.9013386752363323
20260907T124300Z_6ac966eb,WD,ETH,leader_gap_200ms,5000,0.9,0.36022136144668493,1398,0.19986596503412354,0.0,0.49213161659513593,1.4179017634601616
20260907T124300Z_6ac966eb,WD,ETH,leader_gap_200ms,10000,0.9,0.36022136144668493,834,0.19766080648007175,0.0,0.49280575539568344,1.952479999586462
20260907T124300Z_6ac966eb,WD,ETH,leader_gap_200ms,30000,0.9,0.36022136144668493,322,0.22740144621424008,0.3204862014643476,0.5496894409937888,3.369933708708905
20260907T124300Z_6ac966eb,WD,ETH,leader_gap_200ms,100,0.95,0.5996522924003336,2222,0.10323178876556381,0.0,0.1548154815481548,0.21004025419495767
20260907T124300Z_6ac966eb,WD,ETH,leader_gap_200ms,200,0.95,0.5996522924003336,2222,0.13931718002577298,0.0,0.22457245724572458,0.31846317340346303
20260907T124300Z_6ac966eb,WD,ETH,leader_gap_200ms,500,0.95,0.5996522924003336,2222,0.16934089339033195,0.0,0.33483348334833485,0.5212313260946521
20260907T124300Z_6ac966eb,WD,ETH,leader_gap_200ms,1000,0.95,0.5996522924003336,2221,0.19829985125191998,0.0,0.41828005402971635,0.7258021687370715
20260907T124300Z_6ac966eb,WD,ETH,leader_gap_200ms,2000,0.95,0.5996522924003336,1725,0.14165346050243763,0.0,0.45971014492753626,0.989244545706854
20260907T124300Z_6ac966eb,WD,ETH,leader_gap_200ms,5000,0.95,0.5996522924003336,1105,0.2742938932182994,0.12077586415178224,0.5194570135746607,1.4709440488114711
20260907T124300Z_6ac966eb,WD,ETH,leader_gap_200ms,10000,0.95,0.5996522924003336,700,0.2977516059923474,0.20056637301044034,0.5471428571428572,1.9853170036302241
20260907T124300Z_6ac966eb,WD,ETH,leader_gap_200ms,30000,0.95,0.5996522924003336,298,0.4364053780067162,0.6403846979391112,0.5671140939597316,3.3736666867496976
20260907T124300Z_6ac966eb,WD,ETH,leader_gap_500ms,100,0.8,0.31546182438315595,4152,0.06042872154699364,0.0,0.11608863198458574,0.15656273872099108
20260907T124300Z_6ac966eb,WD,ETH,leader_gap_500ms,200,0.8,0.31546182438315595,4152,0.07706820450309002,0.0,0.1678709055876686,0.23883012705286755
20260907T124300Z_6ac966eb,WD,ETH,leader_gap_500ms,500,0.8,0.31546182438315595,4152,0.09283937338578424,0.0,0.2598747591522158,0.40887762477542644
20260907T124300Z_6ac966eb,WD,ETH,leader_gap_500ms,1000,0.8,0.31546182438315595,4151,0.11098736882100599,0.0,0.34304986750180677,0.6160641954602863
20260907T124300Z_6ac966eb,WD,ETH,leader_gap_500ms,2000,0.8,0.31546182438315595,2819,0.08461808073426749,0.0,0.4161050017736786,0.8731820683846994
20260907T124300Z_6ac966eb,WD,ETH,leader_gap_500ms,5000,0.8,0.31546182438315595,1499,0.13995531700397607,0.0,0.48632421614409604,1.402788209202282
20260907T124300Z_6ac966eb,WD,ETH,leader_gap_500ms,10000,0.8,0.31546182438315595,876,0.312692108365464,0.1208123422083269,0.5136986301369864,1.935116279412552
20260907T124300Z_6ac966eb,WD,ETH,leader_gap_500ms,30000,0.8,0.31546182438315595,327,0.3146053451905743,0.3224434766927939,0.5443425076452599,3.40586037755457
20260907T124300Z_6ac966eb,WD,ETH,leader_gap_500ms,100,0.9,0.549051536505217,2722,0.09228188289245237,0.0,0.14217487141807494,0.1916382493399515
20260907T124300Z_6ac966eb,WD,ETH,leader_gap_500ms,200,0.9,0.549051536505217,2722,0.12838921209984075,0.0,0.21013960323291697,0.290184307809583
20260907T124300Z_6ac966eb,WD,ETH,leader_gap_500ms,500,0.9,0.549051536505217,2722,0.15720317955401555,0.0,0.31227038941954444,0.4819921526374299
20260907T124300Z_6ac966eb,WD,ETH,leader_gap_500ms,1000,0.9,0.549051536505217,2721,0.19457266464703504,0.0,0.39948548327820654,0.6899742739958452
20260907T124300Z_6ac966eb,WD,ETH,leader_gap_500ms,2000,0.9,0.549051536505217,1991,0.21842536807611096,0.0,0.47463586137619285,0.9921899324648095
20260907T124300Z_6ac966eb,WD,ETH,leader_gap_500ms,5000,0.9,0.549051536505217,1204,0.27463546624754276,0.1207326209386127,0.5224252491694352,1.48586840357223
20260907T124300Z_6ac966eb,WD,ETH,leader_gap_500ms,10000,0.9,0.549051536505217,753,0.3296011510343271,0.2412297894779684,0.5537848605577689,2.018758133890718
20260907T124300Z_6ac966eb,WD,ETH,leader_gap_500ms,30000,0.9,0.549051536505217,307,0.33100879808413103,0.240189749916369,0.5244299674267101,3.257899373942373
20260907T124300Z_6ac966eb,WD,ETH,leader_gap_500ms,100,0.95,0.7535914766750115,1718,0.10216590999567272,0.0,0.15657741559953434,0.2084884833665003
20260907T124300Z_6ac966eb,WD,ETH,leader_gap_500ms,200,0.95,0.7535914766750115,1718,0.15331396404515515,0.0,0.23050058207217694,0.32747980757483935
20260907T124300Z_6ac966eb,WD,ETH,leader_gap_500ms,500,0.95,0.7535914766750115,1718,0.18196298236053324,0.0,0.3358556461001164,0.5331450287427941
20260907T124300Z_6ac966eb,WD,ETH,leader_gap_500ms,1000,0.95,0.7535914766750115,1718,0.21438972980467125,0.0,0.43131548311990686,0.7621067688013323
20260907T124300Z_6ac966eb,WD,ETH,leader_gap_500ms,2000,0.95,0.7535914766750115,1349,0.193080755920326,0.0,0.48480355819125276,1.067096287079455
20260907T124300Z_6ac966eb,WD,ETH,leader_gap_500ms,5000,0.95,0.7535914766750115,912,0.3758280667878601,0.2819846395924088,0.555921052631579,1.5688279953591207
20260907T124300Z_6ac966eb,WD,ETH,leader_gap_500ms,10000,0.95,0.7535914766750115,616,0.4664435951676533,0.4034607855381605,0.5762987012987013,2.087796387332786
20260907T124300Z_6ac966eb,WD,ETH,leader_gap_500ms,30000,0.95,0.7535914766750115,280,0.7290609938210328,0.6014762442254937,0.5857142857142857,3.386295539986944
20260907T160215Z_ee5b0782,WD,BTC,bitget_ofi,100,0.8,0.08417818765645424,3981,0.04244784885835713,0.0,0.06154232604873147,0.044214999971209645
20260907T160215Z_ee5b0782,WD,BTC,bitget_ofi,200,0.8,0.08417818765645424,3981,0.05678850662263727,0.0,0.08163777945239889,0.06415922814797903
20260907T160215Z_ee5b0782,WD,BTC,bitget_ofi,500,0.8,0.08417818765645424,3980,0.08013252802427726,0.0,0.11457286432160804,0.09704032526139827
20260907T160215Z_ee5b0782,WD,BTC,bitget_ofi,1000,0.8,0.08417818765645424,3980,0.1054071111344348,0.0,0.15577889447236182,0.14941247058539034
20260907T160215Z_ee5b0782,WD,BTC,bitget_ofi,2000,0.8,0.08417818765645424,2750,0.1240467589037997,0.0,0.20727272727272728,0.23496412478010284
20260907T160215Z_ee5b0782,WD,BTC,bitget_ofi,5000,0.8,0.08417818765645424,1521,0.1667775223280106,0.0,0.29914529914529914,0.44106800696986265
20260907T160215Z_ee5b0782,WD,BTC,bitget_ofi,10000,0.8,0.08417818765645424,879,0.190276294287811,0.0,0.3856655290102389,0.7123666026101272
20260907T160215Z_ee5b0782,WD,BTC,bitget_ofi,30000,0.8,0.08417818765645424,332,0.22923674672762492,0.0,0.4879518072289157,1.291341154356707
20260907T160215Z_ee5b0782,WD,BTC,bitget_ofi,100,0.9,0.26253300133731833,2500,0.0692493333785706,0.0,0.098,0.0716595293128577
20260907T160215Z_ee5b0782,WD,BTC,bitget_ofi,200,0.9,0.26253300133731833,2500,0.09123089131247723,0.0,0.1304,0.09936507728076646
20260907T160215Z_ee5b0782,WD,BTC,bitget_ofi,500,0.9,0.26253300133731833,2499,0.12325664976879443,0.0,0.17126850740296118,0.13880903940286124
20260907T160215Z_ee5b0782,WD,BTC,bitget_ofi,1000,0.9,0.26253300133731833,2499,0.15636190259580268,0.0,0.2152861144457783,0.1999766187587792
20260907T160215Z_ee5b0782,WD,BTC,bitget_ofi,2000,0.9,0.26253300133731833,1921,0.1850818088345348,0.0,0.27277459656428943,0.2811701802645464
20260907T160215Z_ee5b0782,WD,BTC,bitget_ofi,5000,0.9,0.26253300133731833,1214,0.24946638569972823,0.0,0.3797364085667216,0.47776169863773627
20260907T160215Z_ee5b0782,WD,BTC,bitget_ofi,10000,0.9,0.26253300133731833,755,0.2931212054596356,0.0,0.4357615894039735,0.7373094469339087
20260907T160215Z_ee5b0782,WD,BTC,bitget_ofi,30000,0.9,0.26253300133731833,310,0.20047659161106635,0.15171850861688108,0.532258064516129,1.327290438116207
20260907T160215Z_ee5b0782,WD,BTC,bitget_ofi,100,0.95,0.7112047287275132,1660,0.09026783000320107,0.0,0.13433734939759037,0.09885328473600571
20260907T160215Z_ee5b0782,WD,BTC,bitget_ofi,200,0.95,0.7112047287275132,1660,0.11714400714100616,0.0,0.172289156626506,0.13227806327613595
20260907T160215Z_ee5b0782,WD,BTC,bitget_ofi,500,0.95,0.7112047287275132,1660,0.15496332487540998,0.0,0.21987951807228914,0.17802911671617389
20260907T160215Z_ee5b0782,WD,BTC,bitget_ofi,1000,0.95,0.7112047287275132,1660,0.19252795999924754,0.0,0.2656626506024096,0.24333912865921895
20260907T160215Z_ee5b0782,WD,BTC,bitget_ofi,2000,0.95,0.7112047287275132,1401,0.22930198406978092,0.0,0.32119914346895073,0.32119285581213214
20260907T160215Z_ee5b0782,WD,BTC,bitget_ofi,5000,0.95,0.7112047287275132,976,0.28744771399450963,0.0,0.4098360655737705,0.5169140541072718
20260907T160215Z_ee5b0782,WD,BTC,bitget_ofi,10000,0.95,0.7112047287275132,650,0.3254074712758856,0.0,0.4676923076923077,0.7827689016222651
20260907T160215Z_ee5b0782,WD,BTC,bitget_ofi,30000,0.95,0.7112047287275132,286,0.262983950231087,0.10754747364303194,0.5384615384615384,1.390304614847725
20260907T160215Z_ee5b0782,WD,BTC,bitget_trade_flow,100,0.8,1.0,4502,0.029726952582304133,0.0,0.04531319413593958,0.035194817983028946
20260907T160215Z_ee5b0782,WD,BTC,bitget_trade_flow,200,0.8,1.0,4502,0.03385045636353418,0.0,0.055752998667258996,0.04881695857922591
20260907T160215Z_ee5b0782,WD,BTC,bitget_trade_flow,500,0.8,1.0,4502,0.04159177541381329,0.0,0.07796534873389604,0.07947650551148522
20260907T160215Z_ee5b0782,WD,BTC,bitget_trade_flow,1000,0.8,1.0,4502,0.054029406373367915,0.0,0.11572634384717903,0.13260406160075536
20260907T160215Z_ee5b0782,WD,BTC,bitget_trade_flow,2000,0.8,1.0,3132,0.07705973420104693,0.0,0.1685823754789272,0.21186413808185892
20260907T160215Z_ee5b0782,WD,BTC,bitget_trade_flow,5000,0.8,1.0,1648,0.06630876529549577,0.0,0.24393203883495146,0.40700297975455163
20260907T160215Z_ee5b0782,WD,BTC,bitget_trade_flow,10000,0.8,1.0,938,0.06500998070045402,0.0,0.3304904051172708,0.6715233385004434
20260907T160215Z_ee5b0782,WD,BTC,bitget_trade_flow,30000,0.8,1.0,339,0.04223060493766124,0.0,0.4218289085545723,1.291180364828628
20260907T160215Z_ee5b0782,WD,BTC,bitget_trade_flow,100,0.9,1.0,4502,0.029726952582304133,0.0,0.04531319413593958,0.035194817983028946
20260907T160215Z_ee5b0782,WD,BTC,bitget_trade_flow,200,0.9,1.0,4502,0.03385045636353418,0.0,0.055752998667258996,0.04881695857922591
20260907T160215Z_ee5b0782,WD,BTC,bitget_trade_flow,500,0.9,1.0,4502,0.04159177541381329,0.0,0.07796534873389604,0.07947650551148522
20260907T160215Z_ee5b0782,WD,BTC,bitget_trade_flow,1000,0.9,1.0,4502,0.054029406373367915,0.0,0.11572634384717903,0.13260406160075536
20260907T160215Z_ee5b0782,WD,BTC,bitget_trade_flow,2000,0.9,1.0,3132,0.07705973420104693,0.0,0.1685823754789272,0.21186413808185892
20260907T160215Z_ee5b0782,WD,BTC,bitget_trade_flow,5000,0.9,1.0,1648,0.06630876529549577,0.0,0.24393203883495146,0.40700297975455163
20260907T160215Z_ee5b0782,WD,BTC,bitget_trade_flow,10000,0.9,1.0,938,0.06500998070045402,0.0,0.3304904051172708,0.6715233385004434
20260907T160215Z_ee5b0782,WD,BTC,bitget_trade_flow,30000,0.9,1.0,339,0.04223060493766124,0.0,0.4218289085545723,1.291180364828628
20260907T160215Z_ee5b0782,WD,BTC,bitget_trade_flow,100,0.95,1.0,4502,0.029726952582304133,0.0,0.04531319413593958,0.035194817983028946
20260907T160215Z_ee5b0782,WD,BTC,bitget_trade_flow,200,0.95,1.0,4502,0.03385045636353418,0.0,0.055752998667258996,0.04881695857922591
20260907T160215Z_ee5b0782,WD,BTC,bitget_trade_flow,500,0.95,1.0,4502,0.04159177541381329,0.0,0.07796534873389604,0.07947650551148522
20260907T160215Z_ee5b0782,WD,BTC,bitget_trade_flow,1000,0.95,1.0,4502,0.054029406373367915,0.0,0.11572634384717903,0.13260406160075536
20260907T160215Z_ee5b0782,WD,BTC,bitget_trade_flow,2000,0.95,1.0,3132,0.07705973420104693,0.0,0.1685823754789272,0.21186413808185892
20260907T160215Z_ee5b0782,WD,BTC,bitget_trade_flow,5000,0.95,1.0,1648,0.06630876529549577,0.0,0.24393203883495146,0.40700297975455163
20260907T160215Z_ee5b0782,WD,BTC,bitget_trade_flow,10000,0.95,1.0,938,0.06500998070045402,0.0,0.3304904051172708,0.6715233385004434
20260907T160215Z_ee5b0782,WD,BTC,bitget_trade_flow,30000,0.95,1.0,339,0.04223060493766124,0.0,0.4218289085545723,1.291180364828628
20260907T160215Z_ee5b0782,WD,BTC,depth_imbalance_l1,100,0.8,0.8692066227611253,2896,0.05245058229148599,0.0,0.08011049723756906,0.052834896933868496
20260907T160215Z_ee5b0782,WD,BTC,depth_imbalance_l1,200,0.8,0.8692066227611253,2896,0.07348938579415572,0.0,0.106353591160221,0.07500944871819448
20260907T160215Z_ee5b0782,WD,BTC,depth_imbalance_l1,500,0.8,0.8692066227611253,2895,0.11686639304016293,0.0,0.1609671848013817,0.12366498306543464
20260907T160215Z_ee5b0782,WD,BTC,depth_imbalance_l1,1000,0.8,0.8692066227611253,2895,0.18075868584737279,0.0,0.229706390328152,0.19684400243146913
20260907T160215Z_ee5b0782,WD,BTC,depth_imbalance_l1,2000,0.8,0.8692066227611253,1816,0.28274560460197623,0.0,0.33865638766519823,0.32489599226749954
20260907T160215Z_ee5b0782,WD,BTC,depth_imbalance_l1,5000,0.8,0.8692066227611253,1042,0.41129701534685253,0.0,0.4740882917466411,0.5720764493958047
20260907T160215Z_ee5b0782,WD,BTC,depth_imbalance_l1,10000,0.8,0.8692066227611253,653,0.48174765399679614,0.2400174833904204,0.5635528330781011,0.814416456952212
20260907T160215Z_ee5b0782,WD,BTC,depth_imbalance_l1,30000,0.8,0.8692066227611253,281,0.5301345327436506,0.5563152209931271,0.5871886120996441,1.4281433682340972
20260907T160215Z_ee5b0782,WD,BTC,depth_imbalance_l1,100,0.9,0.9491810026592096,1725,0.08317420326996382,0.0,0.12057971014492753,0.08317420326996382
20260907T160215Z_ee5b0782,WD,BTC,depth_imbalance_l1,200,0.9,0.9491810026592096,1725,0.11385872319704497,0.0,0.15478260869565216,0.11621960652530985
20260907T160215Z_ee5b0782,WD,BTC,depth_imbalance_l1,500,0.9,0.9491810026592096,1725,0.1811712257658805,0.0,0.23072463768115942,0.18634860185148253
20260907T160215Z_ee5b0782,WD,BTC,depth_imbalance_l1,1000,0.9,0.9491810026592096,1725,0.2523371852101609,0.0,0.3060869565217391,0.2663714205452178
20260907T160215Z_ee5b0782,WD,BTC,depth_imbalance_l1,2000,0.9,0.9491810026592096,1168,0.377022594437602,0.0,0.4280821917808219,0.4104655535977448
20260907T160215Z_ee5b0782,WD,BTC,depth_imbalance_l1,5000,0.9,0.9491810026592096,745,0.5237936013028471,0.27862438079121066,0.5624161073825503,0.6602593136985456
20260907T160215Z_ee5b0782,WD,BTC,depth_imbalance_l1,10000,0.9,0.9491810026592096,520,0.6026452826221849,0.44228534910371897,0.6230769230769231,0.9080244056209846
20260907T160215Z_ee5b0782,WD,BTC,depth_imbalance_l1,30000,0.9,0.9491810026592096,250,0.6321696547793636,0.6025933624864329,0.624,1.4949791037150855
20260907T160215Z_ee5b0782,WD,BTC,depth_imbalance_l1,100,0.95,0.9873345269221434,946,0.11586512738057186,0.0,0.17230443974630022,0.11789969131178778
20260907T160215Z_ee5b0782,WD,BTC,depth_imbalance_l1,200,0.95,0.9873345269221434,946,0.15664764687719798,0.0,0.2124735729386892,0.16173156656222648
20260907T160215Z_ee5b0782,WD,BTC,depth_imbalance_l1,500,0.95,0.9873345269221434,946,0.22747119340248273,0.0,0.29915433403805497,0.23549839335575723
20260907T160215Z_ee5b0782,WD,BTC,depth_imbalance_l1,1000,0.95,0.9873345269221434,946,0.30775469619782575,0.0,0.3699788583509514,0.32247717488942723
20260907T160215Z_ee5b0782,WD,BTC,depth_imbalance_l1,2000,0.95,0.9873345269221434,688,0.4547217532743424,0.03794722069014965,0.5101744186046512,0.4849298869297569
20260907T160215Z_ee5b0782,WD,BTC,depth_imbalance_l1,5000,0.95,0.9873345269221434,487,0.5934830409857925,0.44252431046154084,0.6098562628336756,0.7249153227465976
20260907T160215Z_ee5b0782,WD,BTC,depth_imbalance_l1,10000,0.95,0.9873345269221434,370,0.6566664247327542,0.5582049920218296,0.654054054054054,0.9543897847579177
20260907T160215Z_ee5b0782,WD,BTC,depth_imbalance_l1,30000,0.95,0.9873345269221434,207,0.7113940119148411,0.6087226148038832,0.6859903381642513,1.520660784701115
20260907T160215Z_ee5b0782,WD,BTC,depth_imbalance_l5,100,0.8,0.870567603459535,2877,0.055392948748398674,0.0,0.08133472367049009,0.055392948748398674
20260907T160215Z_ee5b0782,WD,BTC,depth_imbalance_l5,200,0.8,0.870567603459535,2877,0.07766815884555657,0.0,0.10740354535974973,0.07846816588420583
20260907T160215Z_ee5b0782,WD,BTC,depth_imbalance_l5,500,0.8,0.870567603459535,2876,0.11835304497302898,0.0,0.1599443671766342,0.12410628173381624
20260907T160215Z_ee5b0782,WD,BTC,depth_imbalance_l5,1000,0.8,0.870567603459535,2876,0.17988776144295293,0.0,0.2256606397774687,0.1970394955618497
20260907T160215Z_ee5b0782,WD,BTC,depth_imbalance_l5,2000,0.8,0.870567603459535,1809,0.27154271345386677,0.0,0.3255942509673853,0.31994936340183966
20260907T160215Z_ee5b0782,WD,BTC,depth_imbalance_l5,5000,0.8,0.870567603459535,1015,0.4258278848467485,0.0,0.4729064039408867,0.5692641661800135
20260907T160215Z_ee5b0782,WD,BTC,depth_imbalance_l5,10000,0.8,0.870567603459535,649,0.5059219382230885,0.25277435655988895,0.5562403697996918,0.8257937454684245
20260907T160215Z_ee5b0782,WD,BTC,depth_imbalance_l5,30000,0.8,0.870567603459535,284,0.4653834393157521,0.3545462928743651,0.5774647887323944,1.3424365475906017
20260907T160215Z_ee5b0782,WD,BTC,depth_imbalance_l5,100,0.9,0.947069396844059,1715,0.0881465886951741,0.0,0.12653061224489795,0.08926886127764072
20260907T160215Z_ee5b0782,WD,BTC,depth_imbalance_l5,200,0.9,0.947069396844059,1715,0.11820681110810621,0.0,0.15568513119533528,0.12121746957900137
20260907T160215Z_ee5b0782,WD,BTC,depth_imbalance_l5,500,0.9,0.947069396844059,1715,0.1798870379753978,0.0,0.2250728862973761,0.18642507060544508
20260907T160215Z_ee5b0782,WD,BTC,depth_imbalance_l5,1000,0.9,0.947069396844059,1715,0.2512860161524753,0.0,0.30379008746355685,0.26944594745955786
20260907T160215Z_ee5b0782,WD,BTC,depth_imbalance_l5,2000,0.9,0.947069396844059,1167,0.3786686793208058,0.0,0.42759211653813195,0.41604518733190854
20260907T160215Z_ee5b0782,WD,BTC,depth_imbalance_l5,5000,0.9,0.947069396844059,732,0.5589243216744485,0.3349360123991416,0.5778688524590164,0.6795235877924397
20260907T160215Z_ee5b0782,WD,BTC,depth_imbalance_l5,10000,0.9,0.947069396844059,505,0.6521473689505309,0.5057602937517247,0.6297029702970297,0.9585068299076513
20260907T160215Z_ee5b0782,WD,BTC,depth_imbalance_l5,30000,0.9,0.947069396844059,247,0.6378857572088202,0.6594829529211363,0.6477732793522267,1.5880084567628792
20260907T160215Z_ee5b0782,WD,BTC,depth_imbalance_l5,100,0.95,0.9838935839617993,974,0.12004354766957628,0.0,0.16427104722792607,0.12201962310995643
20260907T160215Z_ee5b0782,WD,BTC,depth_imbalance_l5,200,0.95,0.9838935839617993,974,0.15831115656977085,0.0,0.2032854209445585,0.16324892661292995
20260907T160215Z_ee5b0782,WD,BTC,depth_imbalance_l5,500,0.95,0.9838935839617993,974,0.22977948245711174,0.0,0.28542094455852157,0.23757592101542555
20260907T160215Z_ee5b0782,WD,BTC,depth_imbalance_l5,1000,0.95,0.9838935839617993,974,0.30483460002903295,0.0,0.3613963039014374,0.3226632825361515
20260907T160215Z_ee5b0782,WD,BTC,depth_imbalance_l5,2000,0.95,0.9838935839617993,705,0.4513310586013627,0.0,0.4978723404255319,0.4847948452518255
20260907T160215Z_ee5b0782,WD,BTC,depth_imbalance_l5,5000,0.95,0.9838935839617993,501,0.6048836959137189,0.4548518478822916,0.6107784431137725,0.7360442849814176
20260907T160215Z_ee5b0782,WD,BTC,depth_imbalance_l5,10000,0.95,0.9838935839617993,380,0.6801443892401485,0.5310967705141019,0.6526315789473685,0.9704414191992361
20260907T160215Z_ee5b0782,WD,BTC,depth_imbalance_l5,30000,0.95,0.9838935839617993,209,0.8274724403252137,0.7580749196428257,0.7177033492822966,1.4645189598666235
20260907T160215Z_ee5b0782,WD,BTC,external_ofi,100,0.8,0.030628276645917343,6150,0.02989221690060684,0.0,0.041951219512195125,0.032866862953934387
20260907T160215Z_ee5b0782,WD,BTC,external_ofi,200,0.8,0.030628276645917343,6150,0.040250487651081635,0.0,0.05821138211382114,0.047501451610185624
20260907T160215Z_ee5b0782,WD,BTC,external_ofi,500,0.8,0.030628276645917343,6150,0.057051387538977774,0.0,0.08617886178861789,0.07817734577805677
20260907T160215Z_ee5b0782,WD,BTC,external_ofi,1000,0.8,0.030628276645917343,6150,0.07798107291477507,0.0,0.12390243902439024,0.12444044280205953
20260907T160215Z_ee5b0782,WD,BTC,external_ofi,2000,0.8,0.030628276645917343,3796,0.094208239397322,0.0,0.17175974710221287,0.20698385225908228
20260907T160215Z_ee5b0782,WD,BTC,external_ofi,5000,0.8,0.030628276645917343,1828,0.125862336213865,0.0,0.26805251641137856,0.4122250175472626
20260907T160215Z_ee5b0782,WD,BTC,external_ofi,10000,0.8,0.030628276645917343,990,0.14051504008283738,0.0,0.3565656565656566,0.6827308304111426
20260907T160215Z_ee5b0782,WD,BTC,external_ofi,30000,0.8,0.030628276645917343,347,0.02317580504595117,0.0,0.45821325648414984,1.3075425712495763
20260907T160215Z_ee5b0782,WD,BTC,external_ofi,100,0.9,0.07602646050927026,4144,0.05265218726868316,0.0,0.07432432432432433,0.05499712897046764
20260907T160215Z_ee5b0782,WD,BTC,external_ofi,200,0.9,0.07602646050927026,4144,0.06813398187770772,0.0,0.0958011583011583,0.07515613060152301
20260907T160215Z_ee5b0782,WD,BTC,external_ofi,500,0.9,0.07602646050927026,4144,0.0974968181004431,0.0,0.13296332046332046,0.11145039525524265
20260907T160215Z_ee5b0782,WD,BTC,external_ofi,1000,0.9,0.07602646050927026,4143,0.12174918171795324,0.0,0.17113202993000243,0.16445327938803142
20260907T160215Z_ee5b0782,WD,BTC,external_ofi,2000,0.9,0.07602646050927026,2868,0.14644644481194885,0.0,0.22350069735006972,0.25158161874220014
20260907T160215Z_ee5b0782,WD,BTC,external_ofi,5000,0.9,0.07602646050927026,1549,0.1876208853738763,0.0,0.3118140735958683,0.4651335206957233
20260907T160215Z_ee5b0782,WD,BTC,external_ofi,10000,0.9,0.07602646050927026,899,0.24444648913401687,0.0,0.39043381535038935,0.715452536424726
20260907T160215Z_ee5b0782,WD,BTC,external_ofi,30000,0.9,0.07602646050927026,335,0.24894335201324616,0.0,0.4626865671641791,1.3236161539618836
20260907T160215Z_ee5b0782,WD,BTC,external_ofi,100,0.95,0.19773031124748439,2474,0.09405079474685231,0.0,0.12974939369442198,0.09761294493930672
20260907T160215Z_ee5b0782,WD,BTC,external_ofi,200,0.95,0.19773031124748439,2474,0.11908023375407722,0.0,0.16289409862570736,0.12756154356232097
20260907T160215Z_ee5b0782,WD,BTC,external_ofi,500,0.95,0.19773031124748439,2474,0.16085371233383242,0.0,0.2122069523039612,0.1767964159991881
20260907T160215Z_ee5b0782,WD,BTC,external_ofi,1000,0.95,0.19773031124748439,2474,0.1979581067992091,0.0,0.2510105092966855,0.23339109132518623
20260907T160215Z_ee5b0782,WD,BTC,external_ofi,2000,0.95,0.19773031124748439,1921,0.2471525743091037,0.0,0.31233732431025507,0.325288010472398
20260907T160215Z_ee5b0782,WD,BTC,external_ofi,5000,0.95,0.19773031124748439,1185,0.3264938723887075,0.0,0.40253164556962023,0.5274488152543038
20260907T160215Z_ee5b0782,WD,BTC,external_ofi,10000,0.95,0.19773031124748439,752,0.3943917276931885,0.0,0.4787234042553192,0.7771210548889573
20260907T160215Z_ee5b0782,WD,BTC,external_ofi,30000,0.95,0.19773031124748439,308,0.5671807632480855,0.3610678877174669,0.6006493506493507,1.3573214347688265
20260907T160215Z_ee5b0782,WD,BTC,external_trade_flow,100,0.8,1.0,9006,0.004041995013377962,0.0,0.010548523206751054,0.009613452494094812
20260907T160215Z_ee5b0782,WD,BTC,external_trade_flow,200,0.8,1.0,9006,0.005885630473251707,0.0,0.018876304685765045,0.019482371457135914
20260907T160215Z_ee5b0782,WD,BTC,external_trade_flow,500,0.8,1.0,9006,0.010141135578004267,0.0,0.03664223850766156,0.04624260895283728
20260907T160215Z_ee5b0782,WD,BTC,external_trade_flow,1000,0.8,1.0,9005,0.012731926425644722,0.0,0.0662965019433648,0.09171229279811793
20260907T160215Z_ee5b0782,WD,BTC,external_trade_flow,2000,0.8,1.0,4912,0.017186296045876952,0.0,0.11278501628664495,0.16793866106110145
20260907T160215Z_ee5b0782,WD,BTC,external_trade_flow,5000,0.8,1.0,2072,0.030408637275788214,0.0,0.2109073359073359,0.3677258698683729
20260907T160215Z_ee5b0782,WD,BTC,external_trade_flow,10000,0.8,1.0,1058,0.07022133830629496,0.0,0.31474480151228734,0.6360670947497552
20260907T160215Z_ee5b0782,WD,BTC,external_trade_flow,30000,0.8,1.0,357,0.10378388243675535,0.0,0.46218487394957986,1.24438468942108
20260907T160215Z_ee5b0782,WD,BTC,external_trade_flow,100,0.9,1.0,9006,0.004041995013377962,0.0,0.010548523206751054,0.009613452494094812
20260907T160215Z_ee5b0782,WD,BTC,external_trade_flow,200,0.9,1.0,9006,0.005885630473251707,0.0,0.018876304685765045,0.019482371457135914
20260907T160215Z_ee5b0782,WD,BTC,external_trade_flow,500,0.9,1.0,9006,0.010141135578004267,0.0,0.03664223850766156,0.04624260895283728
20260907T160215Z_ee5b0782,WD,BTC,external_trade_flow,1000,0.9,1.0,9005,0.012731926425644722,0.0,0.0662965019433648,0.09171229279811793
20260907T160215Z_ee5b0782,WD,BTC,external_trade_flow,2000,0.9,1.0,4912,0.017186296045876952,0.0,0.11278501628664495,0.16793866106110145
20260907T160215Z_ee5b0782,WD,BTC,external_trade_flow,5000,0.9,1.0,2072,0.030408637275788214,0.0,0.2109073359073359,0.3677258698683729
20260907T160215Z_ee5b0782,WD,BTC,external_trade_flow,10000,0.9,1.0,1058,0.07022133830629496,0.0,0.31474480151228734,0.6360670947497552
20260907T160215Z_ee5b0782,WD,BTC,external_trade_flow,30000,0.9,1.0,357,0.10378388243675535,0.0,0.46218487394957986,1.24438468942108
20260907T160215Z_ee5b0782,WD,BTC,external_trade_flow,100,0.95,1.0,9006,0.004041995013377962,0.0,0.010548523206751054,0.009613452494094812
20260907T160215Z_ee5b0782,WD,BTC,external_trade_flow,200,0.95,1.0,9006,0.005885630473251707,0.0,0.018876304685765045,0.019482371457135914
20260907T160215Z_ee5b0782,WD,BTC,external_trade_flow,500,0.95,1.0,9006,0.010141135578004267,0.0,0.03664223850766156,0.04624260895283728
20260907T160215Z_ee5b0782,WD,BTC,external_trade_flow,1000,0.95,1.0,9005,0.012731926425644722,0.0,0.0662965019433648,0.09171229279811793
20260907T160215Z_ee5b0782,WD,BTC,external_trade_flow,2000,0.95,1.0,4912,0.017186296045876952,0.0,0.11278501628664495,0.16793866106110145
20260907T160215Z_ee5b0782,WD,BTC,external_trade_flow,5000,0.95,1.0,2072,0.030408637275788214,0.0,0.2109073359073359,0.3677258698683729
20260907T160215Z_ee5b0782,WD,BTC,external_trade_flow,10000,0.95,1.0,1058,0.07022133830629496,0.0,0.31474480151228734,0.6360670947497552
20260907T160215Z_ee5b0782,WD,BTC,external_trade_flow,30000,0.95,1.0,357,0.10378388243675535,0.0,0.46218487394957986,1.24438468942108
20260907T160215Z_ee5b0782,WD,BTC,fair_accel_100ms,100,0.8,5.748907730200986e-07,3423,0.04908606184351897,0.0,0.06690037978381537,0.05585022096312518
20260907T160215Z_ee5b0782,WD,BTC,fair_accel_100ms,200,0.8,5.748907730200986e-07,3423,0.06304146848157227,0.0,0.08793456032719836,0.07456773718188293
20260907T160215Z_ee5b0782,WD,BTC,fair_accel_100ms,500,0.8,5.748907730200986e-07,3423,0.08484863226673117,0.0,0.12123867952088811,0.11224918988410094
20260907T160215Z_ee5b0782,WD,BTC,fair_accel_100ms,1000,0.8,5.748907730200986e-07,3423,0.10982694062975433,0.0,0.16301489921121823,0.17229963679813304
20260907T160215Z_ee5b0782,WD,BTC,fair_accel_100ms,2000,0.8,5.748907730200986e-07,2288,0.14771365510444176,0.0,0.229020979020979,0.2747420840207535
20260907T160215Z_ee5b0782,WD,BTC,fair_accel_100ms,5000,0.8,5.748907730200986e-07,1291,0.22476691925165831,0.0,0.3493415956622773,0.5033320892306162
20260907T160215Z_ee5b0782,WD,BTC,fair_accel_100ms,10000,0.8,5.748907730200986e-07,782,0.22493912058225368,0.0,0.41048593350383633,0.7641980380041772
20260907T160215Z_ee5b0782,WD,BTC,fair_accel_100ms,30000,0.8,5.748907730200986e-07,311,0.22926515357700347,0.0,0.49517684887459806,1.3581454613386155
20260907T160215Z_ee5b0782,WD,BTC,fair_accel_100ms,100,0.9,9.399607413379684e-07,2634,0.07264653914750353,0.0,0.09605163249810175,0.08000191711099133
20260907T160215Z_ee5b0782,WD,BTC,fair_accel_100ms,200,0.9,9.399607413379684e-07,2634,0.08955353328382913,0.0,0.11921032649962035,0.10127275057799268
20260907T160215Z_ee5b0782,WD,BTC,fair_accel_100ms,500,0.9,9.399607413379684e-07,2634,0.11771890039810612,0.0,0.15869400151860288,0.14370519238516877
20260907T160215Z_ee5b0782,WD,BTC,fair_accel_100ms,1000,0.9,9.399607413379684e-07,2634,0.14604156763256854,0.0,0.19741837509491267,0.20014320612644926
20260907T160215Z_ee5b0782,WD,BTC,fair_accel_100ms,2000,0.9,9.399607413379684e-07,1987,0.16892765545235147,0.0,0.24911927528938096,0.28865741372534887
20260907T160215Z_ee5b0782,WD,BTC,fair_accel_100ms,5000,0.9,9.399607413379684e-07,1208,0.2537675364062885,0.0,0.36009933774834435,0.5068585534668734
20260907T160215Z_ee5b0782,WD,BTC,fair_accel_100ms,10000,0.9,9.399607413379684e-07,761,0.25711311006109255,0.0,0.40473061760841,0.7671173924385671
20260907T160215Z_ee5b0782,WD,BTC,fair_accel_100ms,30000,0.9,9.399607413379684e-07,309,0.3015948045394882,0.1268141557583235,0.517799352750809,1.3912011215964317
20260907T160215Z_ee5b0782,WD,BTC,fair_accel_100ms,100,0.95,0.054752226300698405,1744,0.10652837379792372,0.0,0.1404816513761468,0.11457232681392511
20260907T160215Z_ee5b0782,WD,BTC,fair_accel_100ms,200,0.95,0.054752226300698405,1744,0.12505797172766023,0.0,0.16685779816513763,0.14041527237483248
20260907T160215Z_ee5b0782,WD,BTC,fair_accel_100ms,500,0.95,0.054752226300698405,1744,0.16210721975851977,0.0,0.20871559633027523,0.18673498100390445
20260907T160215Z_ee5b0782,WD,BTC,fair_accel_100ms,1000,0.95,0.054752226300698405,1744,0.1968318204962943,0.0,0.2551605504587156,0.25073645578793724
20260907T160215Z_ee5b0782,WD,BTC,fair_accel_100ms,2000,0.95,0.054752226300698405,1426,0.22548157355507545,0.0,0.30575035063113604,0.34668959414332945
20260907T160215Z_ee5b0782,WD,BTC,fair_accel_100ms,5000,0.95,0.054752226300698405,948,0.3157959576723409,0.0,0.4092827004219409,0.5675753205007248
20260907T160215Z_ee5b0782,WD,BTC,fair_accel_100ms,10000,0.95,0.054752226300698405,633,0.35263349970548696,0.0,0.45813586097946285,0.8427995278897934
20260907T160215Z_ee5b0782,WD,BTC,fair_accel_100ms,30000,0.95,0.054752226300698405,283,0.40027762289337787,0.24025208767639455,0.5300353356890459,1.3612891115854937
20260907T160215Z_ee5b0782,WD,BTC,fair_gap_reversion,100,0.8,0.37300527840633535,2425,0.03637311299056343,0.0,0.04329896907216495,0.04322634334102492
20260907T160215Z_ee5b0782,WD,BTC,fair_gap_reversion,200,0.8,0.37300527840633535,2425,0.0481574125856426,0.0,0.05979381443298969,0.06273094318576958
20260907T160215Z_ee5b0782,WD,BTC,fair_gap_reversion,500,0.8,0.37300527840633535,2425,0.06582374374933944,0.0,0.08824742268041237,0.10058297281841294
20260907T160215Z_ee5b0782,WD,BTC,fair_gap_reversion,1000,0.8,0.37300527840633535,2425,0.09291279700083384,0.0,0.1336082474226804,0.16314414228213386
20260907T160215Z_ee5b0782,WD,BTC,fair_gap_reversion,2000,0.8,0.37300527840633535,1404,0.1609943723656999,0.0,0.22792022792022792,0.2919655085720785
20260907T160215Z_ee5b0782,WD,BTC,fair_gap_reversion,5000,0.8,0.37300527840633535,747,0.28497903754996934,0.0,0.3908969210174029,0.5621800314889333
20260907T160215Z_ee5b0782,WD,BTC,fair_gap_reversion,10000,0.8,0.37300527840633535,485,0.3975934681799567,0.0,0.4927835051546392,0.8492777653745953
20260907T160215Z_ee5b0782,WD,BTC,fair_gap_reversion,30000,0.8,0.37300527840633535,226,0.43639341810110754,0.2722130968266485,0.5442477876106194,1.4718830706769899
20260907T160215Z_ee5b0782,WD,BTC,fair_gap_reversion,100,0.9,0.49219904310793283,1296,0.06684061573405685,0.0,0.06867283950617284,0.07279551721283253
20260907T160215Z_ee5b0782,WD,BTC,fair_gap_reversion,200,0.9,0.49219904310793283,1296,0.07889874658355434,0.0,0.08487654320987655,0.09642871651950674
20260907T160215Z_ee5b0782,WD,BTC,fair_gap_reversion,500,0.9,0.49219904310793283,1296,0.10561938592362759,0.0,0.11574074074074074,0.1378572478022404
20260907T160215Z_ee5b0782,WD,BTC,fair_gap_reversion,1000,0.9,0.49219904310793283,1296,0.12168981312233573,0.0,0.16049382716049382,0.19619612962730867
20260907T160215Z_ee5b0782,WD,BTC,fair_gap_reversion,2000,0.9,0.49219904310793283,795,0.21017276295348147,0.0,0.26037735849056604,0.3421454048417072
20260907T160215Z_ee5b0782,WD,BTC,fair_gap_reversion,5000,0.9,0.49219904310793283,476,0.3527419063432193,0.0,0.4264705882352941,0.6116086441480101
20260907T160215Z_ee5b0782,WD,BTC,fair_gap_reversion,10000,0.9,0.49219904310793283,339,0.4964132882738489,0.18971084273851477,0.5398230088495575,0.9095895753198356
20260907T160215Z_ee5b0782,WD,BTC,fair_gap_reversion,30000,0.9,0.49219904310793283,178,0.4873958863865485,0.28485696404417915,0.5561797752808989,1.6069832357108336
20260907T160215Z_ee5b0782,WD,BTC,fair_gap_reversion,100,0.95,0.6242595396345196,686,0.10190162093359913,0.0,0.09475218658892129,0.10466736387426206
20260907T160215Z_ee5b0782,WD,BTC,fair_gap_reversion,200,0.95,0.6242595396345196,686,0.11411931033948523,0.0,0.11224489795918367,0.12980096654905418
20260907T160215Z_ee5b0782,WD,BTC,fair_gap_reversion,500,0.95,0.6242595396345196,686,0.16185147877566605,0.0,0.15743440233236153,0.18693102622050195
20260907T160215Z_ee5b0782,WD,BTC,fair_gap_reversion,1000,0.95,0.6242595396345196,686,0.17344229298591476,0.0,0.20408163265306123,0.23207602759401777
20260907T160215Z_ee5b0782,WD,BTC,fair_gap_reversion,2000,0.95,0.6242595396345196,433,0.2724011313230917,0.0,0.3233256351039261,0.3907328860468036
20260907T160215Z_ee5b0782,WD,BTC,fair_gap_reversion,5000,0.95,0.6242595396345196,282,0.46727065701412646,0.11396875596380122,0.5106382978723404,0.68754664939676
20260907T160215Z_ee5b0782,WD,BTC,fair_gap_reversion,10000,0.95,0.6242595396345196,214,0.587313524184564,0.37959958723271325,0.5981308411214953,1.0153409742401907
20260907T160215Z_ee5b0782,WD,BTC,fair_gap_reversion,30000,0.95,0.6242595396345196,136,0.6497287217795292,0.4807585685788828,0.5882352941176471,1.7188935384187969
20260907T160215Z_ee5b0782,WD,BTC,leader_gap_1000ms,100,0.8,0.048101264696478754,2797,0.035304143348629705,0.0,0.0650697175545227,0.06820836515548037
20260907T160215Z_ee5b0782,WD,BTC,leader_gap_1000ms,200,0.8,0.048101264696478754,2797,0.04222375417860366,0.0,0.0808008580622095,0.09212891937733265
20260907T160215Z_ee5b0782,WD,BTC,leader_gap_1000ms,500,0.8,0.048101264696478754,2797,0.059774453222761675,0.0,0.1097604576331784,0.13513178732704073
20260907T160215Z_ee5b0782,WD,BTC,leader_gap_1000ms,1000,0.8,0.048101264696478754,2797,0.070106669017305,0.0,0.14444047193421522,0.1913476223811827
20260907T160215Z_ee5b0782,WD,BTC,leader_gap_1000ms,2000,0.8,0.048101264696478754,1884,0.09244813506368613,0.0,0.21178343949044587,0.29562389251197124
20260907T160215Z_ee5b0782,WD,BTC,leader_gap_1000ms,5000,0.8,0.048101264696478754,1143,0.1408112318530238,0.0,0.31408573928258965,0.5176936219206714
20260907T160215Z_ee5b0782,WD,BTC,leader_gap_1000ms,10000,0.8,0.048101264696478754,711,0.19656734879154633,0.0,0.3980309423347398,0.7761258871959026
20260907T160215Z_ee5b0782,WD,BTC,leader_gap_1000ms,30000,0.8,0.048101264696478754,300,0.0411429565299477,0.0,0.4633333333333333,1.4133186112803318
20260907T160215Z_ee5b0782,WD,BTC,leader_gap_1000ms,100,0.9,0.23560997307360299,1441,0.05750221434042559,0.0,0.08605135322692574,0.09799963601370335
20260907T160215Z_ee5b0782,WD,BTC,leader_gap_1000ms,200,0.9,0.23560997307360299,1441,0.05849933337104946,0.0,0.1040943789035392,0.1237110321946029
20260907T160215Z_ee5b0782,WD,BTC,leader_gap_1000ms,500,0.9,0.23560997307360299,1441,0.07980103520644136,0.0,0.1450381679389313,0.17703400962865942
20260907T160215Z_ee5b0782,WD,BTC,leader_gap_1000ms,1000,0.9,0.23560997307360299,1441,0.08376645610376932,0.0,0.17904233171408743,0.23843813255410767
20260907T160215Z_ee5b0782,WD,BTC,leader_gap_1000ms,2000,0.9,0.23560997307360299,1110,0.10915057992733865,0.0,0.24684684684684685,0.3469930294039157
20260907T160215Z_ee5b0782,WD,BTC,leader_gap_1000ms,5000,0.9,0.23560997307360299,778,0.23053119561693872,0.0,0.38046272493573263,0.5952031964295756
20260907T160215Z_ee5b0782,WD,BTC,leader_gap_1000ms,10000,0.9,0.23560997307360299,531,0.2705277482171077,0.0,0.4519774011299435,0.8647643097504096
20260907T160215Z_ee5b0782,WD,BTC,leader_gap_1000ms,30000,0.9,0.23560997307360299,258,0.38087432776839836,0.06328472913642759,0.5193798449612403,1.4780698526085192
20260907T160215Z_ee5b0782,WD,BTC,leader_gap_1000ms,100,0.95,0.43010324018849166,802,0.06792035530669195,0.0,0.09226932668329177,0.10822388981703375
20260907T160215Z_ee5b0782,WD,BTC,leader_gap_1000ms,200,0.95,0.43010324018849166,802,0.07441920200117136,0.0,0.11596009975062344,0.14896687073535647
20260907T160215Z_ee5b0782,WD,BTC,leader_gap_1000ms,500,0.95,0.43010324018849166,802,0.09566999539832517,0.0,0.15336658354114713,0.20952455961642175
20260907T160215Z_ee5b0782,WD,BTC,leader_gap_1000ms,1000,0.95,0.43010324018849166,802,0.10322783779197607,0.0,0.1882793017456359,0.2637560078174133
20260907T160215Z_ee5b0782,WD,BTC,leader_gap_1000ms,2000,0.95,0.43010324018849166,670,0.11876859134130978,0.0,0.2582089552238806,0.35797763185746756
20260907T160215Z_ee5b0782,WD,BTC,leader_gap_1000ms,5000,0.95,0.43010324018849166,523,0.19692935905535275,0.0,0.384321223709369,0.6192643595150313
20260907T160215Z_ee5b0782,WD,BTC,leader_gap_1000ms,10000,0.95,0.43010324018849166,386,0.276253788410926,0.0,0.48704663212435234,0.9032816607809522
20260907T160215Z_ee5b0782,WD,BTC,leader_gap_1000ms,30000,0.95,0.43010324018849166,213,0.21026549405225645,0.025260897710297915,0.5023474178403756,1.4590637608988146
20260907T160215Z_ee5b0782,WD,BTC,leader_gap_100ms,100,0.8,0.0004677577260483966,3544,0.024944854327538256,0.0,0.04796839729119639,0.05481688124251574
20260907T160215Z_ee5b0782,WD,BTC,leader_gap_100ms,200,0.8,0.0004677577260483966,3544,0.02726551900567445,0.0,0.060948081264108354,0.07385440678913002
20260907T160215Z_ee5b0782,WD,BTC,leader_gap_100ms,500,0.8,0.0004677577260483966,3544,0.032558865528110076,0.0,0.08549661399548533,0.11060934653959796
20260907T160215Z_ee5b0782,WD,BTC,leader_gap_100ms,1000,0.8,0.0004677577260483966,3544,0.03151488526023221,0.0,0.11568848758465011,0.17084289467473296
20260907T160215Z_ee5b0782,WD,BTC,leader_gap_100ms,2000,0.8,0.0004677577260483966,2328,0.04383611140943331,0.0,0.17525773195876287,0.27265632101897014
20260907T160215Z_ee5b0782,WD,BTC,leader_gap_100ms,5000,0.8,0.0004677577260483966,1297,0.10250495018795508,0.0,0.28835774865073244,0.4919388424090308
20260907T160215Z_ee5b0782,WD,BTC,leader_gap_100ms,10000,0.8,0.0004677577260483966,788,0.1180126764841072,0.0,0.3730964467005076,0.7667142775347574
20260907T160215Z_ee5b0782,WD,BTC,leader_gap_100ms,30000,0.8,0.0004677577260483966,312,0.07201836601285948,0.0,0.44871794871794873,1.3653029884430017
20260907T160215Z_ee5b0782,WD,BTC,leader_gap_100ms,100,0.9,0.0006795129528005265,2768,0.03508443292871284,0.0,0.06683526011560693,0.07687212768254188
20260907T160215Z_ee5b0782,WD,BTC,leader_gap_100ms,200,0.9,0.0006795129528005265,2768,0.04115481053212264,0.0,0.08309248554913294,0.10007707825645439
20260907T160215Z_ee5b0782,WD,BTC,leader_gap_100ms,500,0.9,0.0006795129528005265,2768,0.05423998372556336,0.0,0.11452312138728324,0.1444191458894492
20260907T160215Z_ee5b0782,WD,BTC,leader_gap_100ms,1000,0.9,0.0006795129528005265,2768,0.058426268163473204,0.0,0.1448699421965318,0.2015095481689159
20260907T160215Z_ee5b0782,WD,BTC,leader_gap_100ms,2000,0.9,0.0006795129528005265,2020,0.0758803332891674,0.0,0.19752475247524753,0.29124593062796494
20260907T160215Z_ee5b0782,WD,BTC,leader_gap_100ms,5000,0.9,0.0006795129528005265,1223,0.1491704291488517,0.0,0.3041700735895339,0.50165722150898
20260907T160215Z_ee5b0782,WD,BTC,leader_gap_100ms,10000,0.9,0.0006795129528005265,768,0.17651410144004423,0.0,0.3893229166666667,0.7730960982713446
20260907T160215Z_ee5b0782,WD,BTC,leader_gap_100ms,30000,0.9,0.0006795129528005265,310,0.16642323271360282,0.0,0.4838709677419355,1.3806833743912341
20260907T160215Z_ee5b0782,WD,BTC,leader_gap_100ms,100,0.95,0.0011718817251613139,2404,0.042935436394078694,0.0,0.0802828618968386,0.08998237908538868
20260907T160215Z_ee5b0782,WD,BTC,leader_gap_100ms,200,0.95,0.0011718817251613139,2404,0.05140979021970835,0.0,0.09983361064891846,0.11658902394866315
20260907T160215Z_ee5b0782,WD,BTC,leader_gap_100ms,500,0.95,0.0011718817251613139,2404,0.07331275221400363,0.0,0.13477537437603992,0.1592582137190656
20260907T160215Z_ee5b0782,WD,BTC,leader_gap_100ms,1000,0.95,0.0011718817251613139,2404,0.0827064742627527,0.0,0.16763727121464225,0.21547083171781037
20260907T160215Z_ee5b0782,WD,BTC,leader_gap_100ms,2000,0.95,0.0011718817251613139,1888,0.09851578929453352,0.0,0.21345338983050846,0.2959547310599653
20260907T160215Z_ee5b0782,WD,BTC,leader_gap_100ms,5000,0.95,0.0011718817251613139,1181,0.17648088731808032,0.0,0.32006773920406434,0.5050588148393821
20260907T160215Z_ee5b0782,WD,BTC,leader_gap_100ms,10000,0.95,0.0011718817251613139,754,0.2453116368179913,0.0,0.4151193633952255,0.7799705017776237
20260907T160215Z_ee5b0782,WD,BTC,leader_gap_100ms,30000,0.95,0.0011718817251613139,308,0.18783816957895152,0.0,0.487012987012987,1.4075632017400808
20260907T160215Z_ee5b0782,WD,BTC,leader_gap_200ms,100,0.8,0.001002346192766145,3415,0.02688518215929733,0.0,0.04948755490483162,0.05839523262105969
20260907T160215Z_ee5b0782,WD,BTC,leader_gap_200ms,200,0.8,0.001002346192766145,3415,0.030541367185530813,0.0,0.06383601756954611,0.07854739444753309
20260907T160215Z_ee5b0782,WD,BTC,leader_gap_200ms,500,0.8,0.001002346192766145,3415,0.038629941755685675,0.0,0.09019033674963396,0.11572701164836481
20260907T160215Z_ee5b0782,WD,BTC,leader_gap_200ms,1000,0.8,0.001002346192766145,3415,0.040354752090377866,0.0,0.1212298682284041,0.17661871882618235
20260907T160215Z_ee5b0782,WD,BTC,leader_gap_200ms,2000,0.8,0.001002346192766145,2282,0.046101156208357245,0.0,0.1796669588080631,0.2782701119746841
20260907T160215Z_ee5b0782,WD,BTC,leader_gap_200ms,5000,0.8,0.001002346192766145,1288,0.11857245608082019,0.0,0.2919254658385093,0.5086052172461686
20260907T160215Z_ee5b0782,WD,BTC,leader_gap_200ms,10000,0.8,0.001002346192766145,782,0.1499835553555161,0.0,0.38491048593350385,0.7683546977058348
20260907T160215Z_ee5b0782,WD,BTC,leader_gap_200ms,30000,0.8,0.001002346192766145,312,0.0575569233813151,0.0,0.4423076923076923,1.355681293613659
20260907T160215Z_ee5b0782,WD,BTC,leader_gap_200ms,100,0.9,0.0016590933460784206,2620,0.03757523479585274,0.0,0.0717557251908397,0.08355473794576367
20260907T160215Z_ee5b0782,WD,BTC,leader_gap_200ms,200,0.9,0.0016590933460784206,2620,0.04473016090712622,0.0,0.0900763358778626,0.10806317333508864
20260907T160215Z_ee5b0782,WD,BTC,leader_gap_200ms,500,0.9,0.0016590933460784206,2620,0.06096942267921269,0.0,0.12137404580152672,0.15090027400431064
20260907T160215Z_ee5b0782,WD,BTC,leader_gap_200ms,1000,0.9,0.0016590933460784206,2620,0.07046573517955185,0.0,0.15419847328244274,0.20818585432822825
20260907T160215Z_ee5b0782,WD,BTC,leader_gap_200ms,2000,0.9,0.0016590933460784206,1983,0.08870521795551818,0.0,0.20625315179021683,0.2944905490031068
20260907T160215Z_ee5b0782,WD,BTC,leader_gap_200ms,5000,0.9,0.0016590933460784206,1206,0.1563730239342187,0.0,0.31260364842454397,0.5148963493813389
20260907T160215Z_ee5b0782,WD,BTC,leader_gap_200ms,10000,0.9,0.0016590933460784206,759,0.21844386243799394,0.0,0.4005270092226614,0.7731625612299492
20260907T160215Z_ee5b0782,WD,BTC,leader_gap_200ms,30000,0.9,0.0016590933460784206,309,0.15235547882804432,0.0,0.47572815533980584,1.392907313809866
20260907T160215Z_ee5b0782,WD,BTC,leader_gap_200ms,100,0.95,0.08698358426659825,1782,0.05626093264240566,0.0,0.09483726150392817,0.10626688092865101
20260907T160215Z_ee5b0782,WD,BTC,leader_gap_200ms,200,0.95,0.08698358426659825,1782,0.06239190642063019,0.0,0.11616161616161616,0.13699722779807244
20260907T160215Z_ee5b0782,WD,BTC,leader_gap_200ms,500,0.95,0.08698358426659825,1782,0.086705474065322,0.0,0.1520763187429854,0.1872347118756259
20260907T160215Z_ee5b0782,WD,BTC,leader_gap_200ms,1000,0.95,0.08698358426659825,1782,0.09788713215799295,0.0,0.18686868686868688,0.24554937020762085
20260907T160215Z_ee5b0782,WD,BTC,leader_gap_200ms,2000,0.95,0.08698358426659825,1448,0.10888382310896914,0.0,0.231353591160221,0.3358444171553062
20260907T160215Z_ee5b0782,WD,BTC,leader_gap_200ms,5000,0.95,0.08698358426659825,954,0.19891279703428774,0.0,0.35115303983228513,0.5588099680316128
20260907T160215Z_ee5b0782,WD,BTC,leader_gap_200ms,10000,0.95,0.08698358426659825,635,0.24859126657810773,0.0,0.4346456692913386,0.8316754872636878
20260907T160215Z_ee5b0782,WD,BTC,leader_gap_200ms,30000,0.95,0.08698358426659825,284,0.1792044635876277,0.0,0.47183098591549294,1.3760311864815542
20260907T160215Z_ee5b0782,WD,BTC,leader_gap_500ms,100,0.8,0.003259236585951136,3132,0.029868911938971284,0.0,0.05683269476372925,0.06413900866743319
20260907T160215Z_ee5b0782,WD,BTC,leader_gap_500ms,200,0.8,0.003259236585951136,3132,0.033775467448457726,0.0,0.07151979565772669,0.0850287648794687
20260907T160215Z_ee5b0782,WD,BTC,leader_gap_500ms,500,0.8,0.003259236585951136,3132,0.03985469584254009,0.0,0.09770114942528736,0.1261882850592569
20260907T160215Z_ee5b0782,WD,BTC,leader_gap_500ms,1000,0.8,0.003259236585951136,3132,0.04938663982296668,0.0,0.13154533844189017,0.18502275483017852
20260907T160215Z_ee5b0782,WD,BTC,leader_gap_500ms,2000,0.8,0.003259236585951136,2184,0.07732120688368556,0.0,0.19505494505494506,0.28062046308475413
20260907T160215Z_ee5b0782,WD,BTC,leader_gap_500ms,5000,0.8,0.003259236585951136,1262,0.14653440269795667,0.0,0.3050713153724247,0.5113446241064576
20260907T160215Z_ee5b0782,WD,BTC,leader_gap_500ms,10000,0.8,0.003259236585951136,772,0.2166273379383138,0.0,0.4028497409326425,0.7632553639501722
20260907T160215Z_ee5b0782,WD,BTC,leader_gap_500ms,30000,0.8,0.003259236585951136,313,0.09746730421434588,0.0,0.4504792332268371,1.350745401397463
20260907T160215Z_ee5b0782,WD,BTC,leader_gap_500ms,100,0.9,0.09233591593738141,1907,0.051680604451806514,0.0,0.08704771893025695,0.09721513337304818
20260907T160215Z_ee5b0782,WD,BTC,leader_gap_500ms,200,0.9,0.09233591593738141,1907,0.05696543227924318,0.0,0.10697430519140011,0.12597830033559998
20260907T160215Z_ee5b0782,WD,BTC,leader_gap_500ms,500,0.9,0.09233591593738141,1907,0.07447594011143523,0.0,0.13948610382800208,0.17651303401001395
20260907T160215Z_ee5b0782,WD,BTC,leader_gap_500ms,1000,0.9,0.09233591593738141,1907,0.08181221536398785,0.0,0.1751442055584688,0.23519698737699585
20260907T160215Z_ee5b0782,WD,BTC,leader_gap_500ms,2000,0.9,0.09233591593738141,1498,0.1059903083046071,0.0,0.23030707610146864,0.3261886485771521
20260907T160215Z_ee5b0782,WD,BTC,leader_gap_500ms,5000,0.9,0.09233591593738141,977,0.1871750283144139,0.0,0.3510747185261003,0.5634019844577168
20260907T160215Z_ee5b0782,WD,BTC,leader_gap_500ms,10000,0.9,0.09233591593738141,635,0.25598266987818824,0.0,0.42992125984251967,0.8359105538852
20260907T160215Z_ee5b0782,WD,BTC,leader_gap_500ms,30000,0.9,0.09233591593738141,289,0.27564269806533087,0.0,0.47750865051903113,1.3938273856665766
20260907T160215Z_ee5b0782,WD,BTC,leader_gap_500ms,100,0.95,0.26423855326027346,1120,0.06981515214870562,0.0,0.10267857142857142,0.12088428431607419
20260907T160215Z_ee5b0782,WD,BTC,leader_gap_500ms,200,0.95,0.26423855326027346,1120,0.07256539153399146,0.0,0.12142857142857143,0.14872312578069438
20260907T160215Z_ee5b0782,WD,BTC,leader_gap_500ms,500,0.95,0.26423855326027346,1120,0.09357963596704369,0.0,0.16607142857142856,0.21755972597396364
20260907T160215Z_ee5b0782,WD,BTC,leader_gap_500ms,1000,0.95,0.26423855326027346,1120,0.09455504549371366,0.0,0.19642857142857142,0.2770448411050017
20260907T160215Z_ee5b0782,WD,BTC,leader_gap_500ms,2000,0.95,0.26423855326027346,950,0.11505125447920049,0.0,0.2578947368421053,0.3688287803132616
20260907T160215Z_ee5b0782,WD,BTC,leader_gap_500ms,5000,0.95,0.26423855326027346,694,0.24948274530934955,0.0,0.3861671469740634,0.6174941415397814
20260907T160215Z_ee5b0782,WD,BTC,leader_gap_500ms,10000,0.95,0.26423855326027346,498,0.3334262071386897,0.0,0.4678714859437751,0.878283675909936
20260907T160215Z_ee5b0782,WD,BTC,leader_gap_500ms,30000,0.95,0.26423855326027346,248,0.46140026692497066,0.45547754682765884,0.5685483870967742,1.5093197134523317
20260907T160215Z_ee5b0782,WD,ETH,bitget_ofi,100,0.8,0.48957871396895797,3890,0.07501862839279606,0.0,0.12776349614395888,0.09299152553476937
20260907T160215Z_ee5b0782,WD,ETH,bitget_ofi,200,0.8,0.48957871396895797,3890,0.10142743453702661,0.0,0.16683804627249357,0.1308179751846267
20260907T160215Z_ee5b0782,WD,ETH,bitget_ofi,500,0.8,0.48957871396895797,3889,0.13478077324101348,0.0,0.239136024685009,0.21374281916064639
20260907T160215Z_ee5b0782,WD,ETH,bitget_ofi,1000,0.8,0.48957871396895797,3889,0.17264168823380563,0.0,0.31241964515299564,0.3220363918754368
20260907T160215Z_ee5b0782,WD,ETH,bitget_ofi,2000,0.8,0.48957871396895797,2736,0.20386413873216133,0.0,0.38048245614035087,0.48671665908443995
20260907T160215Z_ee5b0782,WD,ETH,bitget_ofi,5000,0.8,0.48957871396895797,1525,0.19903353545907485,0.0,0.45114754098360654,0.836910929716394
20260907T160215Z_ee5b0782,WD,ETH,bitget_ofi,10000,0.8,0.48957871396895797,877,0.1987279318046239,0.0,0.49714937286202965,1.2364133709946326
20260907T160215Z_ee5b0782,WD,ETH,bitget_ofi,30000,0.8,0.48957871396895797,337,0.2936496650677982,0.04021684925070258,0.5133531157270029,2.1682311427066305
20260907T160215Z_ee5b0782,WD,ETH,bitget_ofi,100,0.9,1.0049912086053863,2798,0.08626779221491546,0.0,0.1501072194424589,0.1051145267984977
20260907T160215Z_ee5b0782,WD,ETH,bitget_ofi,200,0.9,1.0049912086053863,2798,0.1145835478178436,0.0,0.19299499642601858,0.14947012738248097
20260907T160215Z_ee5b0782,WD,ETH,bitget_ofi,500,0.9,1.0049912086053863,2798,0.1541421797477615,0.0,0.268048606147248,0.2339486755736373
20260907T160215Z_ee5b0782,WD,ETH,bitget_ofi,1000,0.9,1.0049912086053863,2798,0.19180431390962052,0.0,0.34238741958541813,0.33978459630726443
20260907T160215Z_ee5b0782,WD,ETH,bitget_ofi,2000,0.9,1.0049912086053863,2147,0.22832928138445516,0.0,0.4154634373544481,0.4972350779503083
20260907T160215Z_ee5b0782,WD,ETH,bitget_ofi,5000,0.9,1.0049912086053863,1304,0.2571231318193388,0.0,0.4915644171779141,0.8614267550252265
20260907T160215Z_ee5b0782,WD,ETH,bitget_ofi,10000,0.9,1.0049912086053863,809,0.30955676680955013,0.12056424064846533,0.5203955500618047,1.2499565753178217
20260907T160215Z_ee5b0782,WD,ETH,bitget_ofi,30000,0.9,1.0049912086053863,321,0.009876781441031074,0.08035500842836074,0.5202492211838006,2.151425342643718
20260907T160215Z_ee5b0782,WD,ETH,bitget_ofi,100,0.95,1.7190219281003707,1656,0.085114868991756,0.0,0.16606280193236714,0.11772441395333422
20260907T160215Z_ee5b0782,WD,ETH,bitget_ofi,200,0.95,1.7190219281003707,1656,0.11081089913345336,0.0,0.21316425120772947,0.16039521443434976
20260907T160215Z_ee5b0782,WD,ETH,bitget_ofi,500,0.95,1.7190219281003707,1656,0.15359158481919236,0.0,0.2832125603864734,0.2477177838511605
20260907T160215Z_ee5b0782,WD,ETH,bitget_ofi,1000,0.95,1.7190219281003707,1656,0.1801563843104786,0.0,0.34842995169082125,0.3485534347550569
20260907T160215Z_ee5b0782,WD,ETH,bitget_ofi,2000,0.95,1.7190219281003707,1404,0.20737482925484835,0.0,0.40883190883190884,0.5087868298989277
20260907T160215Z_ee5b0782,WD,ETH,bitget_ofi,5000,0.95,1.7190219281003707,995,0.24586632624506796,0.0,0.49748743718592964,0.8940093307028113
20260907T160215Z_ee5b0782,WD,ETH,bitget_ofi,10000,0.95,1.7190219281003707,660,0.19200640838291652,0.0,0.4818181818181818,1.3131045374230308
20260907T160215Z_ee5b0782,WD,ETH,bitget_ofi,30000,0.95,1.7190219281003707,291,0.29431332726865994,0.08043677167053115,0.5189003436426117,2.2033053001175915
20260907T160215Z_ee5b0782,WD,ETH,bitget_trade_flow,100,0.8,1.0,4315,0.05766216857776715,0.0,0.09269988412514485,0.07829943677163473
20260907T160215Z_ee5b0782,WD,ETH,bitget_trade_flow,200,0.8,1.0,4315,0.069496451041488,0.0,0.12143684820393974,0.10920303683895871
20260907T160215Z_ee5b0782,WD,ETH,bitget_trade_flow,500,0.8,1.0,4315,0.0968344238482832,0.0,0.18563151796060254,0.19232257920744483
20260907T160215Z_ee5b0782,WD,ETH,bitget_trade_flow,1000,0.8,1.0,4315,0.11249274001521173,0.0,0.2530706836616454,0.30300350080911526
20260907T160215Z_ee5b0782,WD,ETH,bitget_trade_flow,2000,0.8,1.0,3024,0.1020949947982424,0.0,0.31382275132275134,0.4757505647409269
20260907T160215Z_ee5b0782,WD,ETH,bitget_trade_flow,5000,0.8,1.0,1626,0.08539969986186002,0.0,0.42066420664206644,0.8321671393918233
20260907T160215Z_ee5b0782,WD,ETH,bitget_trade_flow,10000,0.8,1.0,921,0.17814771253183612,0.0,0.4777415852334419,1.2073163220115866
20260907T160215Z_ee5b0782,WD,ETH,bitget_trade_flow,30000,0.8,1.0,339,0.3123650255250823,0.1608030504368445,0.5250737463126843,2.262497028336941
20260907T160215Z_ee5b0782,WD,ETH,bitget_trade_flow,100,0.9,1.0,4315,0.05766216857776715,0.0,0.09269988412514485,0.07829943677163473
20260907T160215Z_ee5b0782,WD,ETH,bitget_trade_flow,200,0.9,1.0,4315,0.069496451041488,0.0,0.12143684820393974,0.10920303683895871
20260907T160215Z_ee5b0782,WD,ETH,bitget_trade_flow,500,0.9,1.0,4315,0.0968344238482832,0.0,0.18563151796060254,0.19232257920744483
20260907T160215Z_ee5b0782,WD,ETH,bitget_trade_flow,1000,0.9,1.0,4315,0.11249274001521173,0.0,0.2530706836616454,0.30300350080911526
20260907T160215Z_ee5b0782,WD,ETH,bitget_trade_flow,2000,0.9,1.0,3024,0.1020949947982424,0.0,0.31382275132275134,0.4757505647409269
20260907T160215Z_ee5b0782,WD,ETH,bitget_trade_flow,5000,0.9,1.0,1626,0.08539969986186002,0.0,0.42066420664206644,0.8321671393918233
20260907T160215Z_ee5b0782,WD,ETH,bitget_trade_flow,10000,0.9,1.0,921,0.17814771253183612,0.0,0.4777415852334419,1.2073163220115866
20260907T160215Z_ee5b0782,WD,ETH,bitget_trade_flow,30000,0.9,1.0,339,0.3123650255250823,0.1608030504368445,0.5250737463126843,2.262497028336941
20260907T160215Z_ee5b0782,WD,ETH,bitget_trade_flow,100,0.95,1.0,4315,0.05766216857776715,0.0,0.09269988412514485,0.07829943677163473
20260907T160215Z_ee5b0782,WD,ETH,bitget_trade_flow,200,0.95,1.0,4315,0.069496451041488,0.0,0.12143684820393974,0.10920303683895871
20260907T160215Z_ee5b0782,WD,ETH,bitget_trade_flow,500,0.95,1.0,4315,0.0968344238482832,0.0,0.18563151796060254,0.19232257920744483
20260907T160215Z_ee5b0782,WD,ETH,bitget_trade_flow,1000,0.95,1.0,4315,0.11249274001521173,0.0,0.2530706836616454,0.30300350080911526
20260907T160215Z_ee5b0782,WD,ETH,bitget_trade_flow,2000,0.95,1.0,3024,0.1020949947982424,0.0,0.31382275132275134,0.4757505647409269
20260907T160215Z_ee5b0782,WD,ETH,bitget_trade_flow,5000,0.95,1.0,1626,0.08539969986186002,0.0,0.42066420664206644,0.8321671393918233
20260907T160215Z_ee5b0782,WD,ETH,bitget_trade_flow,10000,0.95,1.0,921,0.17814771253183612,0.0,0.4777415852334419,1.2073163220115866
20260907T160215Z_ee5b0782,WD,ETH,bitget_trade_flow,30000,0.95,1.0,339,0.3123650255250823,0.1608030504368445,0.5250737463126843,2.262497028336941
20260907T160215Z_ee5b0782,WD,ETH,depth_imbalance_l1,100,0.8,0.8704975473020322,3364,0.0941225830341437,0.0,0.15487514863258026,0.10089429336579898
20260907T160215Z_ee5b0782,WD,ETH,depth_imbalance_l1,200,0.8,0.8704975473020322,3364,0.13007272720107893,0.0,0.20362663495838287,0.14548532697330507
20260907T160215Z_ee5b0782,WD,ETH,depth_imbalance_l1,500,0.8,0.8704975473020322,3364,0.1945799096481315,0.0,0.29310344827586204,0.2305956201452583
20260907T160215Z_ee5b0782,WD,ETH,depth_imbalance_l1,1000,0.8,0.8704975473020322,3364,0.26124668929086703,0.0,0.3769322235434007,0.3449314771840529
20260907T160215Z_ee5b0782,WD,ETH,depth_imbalance_l1,2000,0.8,0.8704975473020322,2222,0.33646607967779735,0.0,0.49324932493249324,0.5281965867507983
20260907T160215Z_ee5b0782,WD,ETH,depth_imbalance_l1,5000,0.8,0.8704975473020322,1274,0.42421380188968,0.2812696513155965,0.5879120879120879,0.8824798136104394
20260907T160215Z_ee5b0782,WD,ETH,depth_imbalance_l1,10000,0.8,0.8704975473020322,789,0.3990905755876616,0.3218920816835602,0.5931558935361216,1.2361041384113212
20260907T160215Z_ee5b0782,WD,ETH,depth_imbalance_l1,30000,0.8,0.8704975473020322,318,0.6670458504547845,0.4225718149682676,0.5786163522012578,2.268104714572362
20260907T160215Z_ee5b0782,WD,ETH,depth_imbalance_l1,100,0.9,0.9408953961194506,1986,0.1331901240521814,0.0,0.2094662638469285,0.1380245401975911
20260907T160215Z_ee5b0782,WD,ETH,depth_imbalance_l1,200,0.9,0.9408953961194506,1986,0.1811042065901506,0.0,0.26686807653575023,0.18889997167920416
20260907T160215Z_ee5b0782,WD,ETH,depth_imbalance_l1,500,0.9,0.9408953961194506,1986,0.25964381169807893,0.0,0.35599194360523667,0.2831327051590166
20260907T160215Z_ee5b0782,WD,ETH,depth_imbalance_l1,1000,0.9,0.9408953961194506,1986,0.33251860782589704,0.0,0.4390735146022155,0.3926685589798184
20260907T160215Z_ee5b0782,WD,ETH,depth_imbalance_l1,2000,0.9,0.9408953961194506,1432,0.4093877960156034,0.12062798942373806,0.5425977653631285,0.5721180650707784
20260907T160215Z_ee5b0782,WD,ETH,depth_imbalance_l1,5000,0.9,0.9408953961194506,926,0.5032937232809161,0.36330124820719145,0.6306695464362851,0.8985833050779748
20260907T160215Z_ee5b0782,WD,ETH,depth_imbalance_l1,10000,0.9,0.9408953961194506,622,0.5038585257537831,0.44181236387774375,0.6205787781350482,1.289018586765901
20260907T160215Z_ee5b0782,WD,ETH,depth_imbalance_l1,30000,0.9,0.9408953961194506,282,0.4692450523767793,0.42374385636224876,0.5673758865248227,2.271404179591642
20260907T160215Z_ee5b0782,WD,ETH,depth_imbalance_l1,100,0.95,0.9777758927814063,1166,0.17135265846055747,0.0,0.25300171526586623,0.17958692129484882
20260907T160215Z_ee5b0782,WD,ETH,depth_imbalance_l1,200,0.95,0.9777758927814063,1166,0.2281455883413035,0.0,0.31646655231560894,0.23783014335759567
20260907T160215Z_ee5b0782,WD,ETH,depth_imbalance_l1,500,0.95,0.9777758927814063,1166,0.2987817596860589,0.0,0.3936535162950257,0.31773685590239253
20260907T160215Z_ee5b0782,WD,ETH,depth_imbalance_l1,1000,0.95,0.9777758927814063,1166,0.3810007264552454,0.0,0.47598627787307035,0.430488433537047
20260907T160215Z_ee5b0782,WD,ETH,depth_imbalance_l1,2000,0.95,0.9777758927814063,894,0.46840617284027414,0.24099098127924462,0.587248322147651,0.6084348899118356
20260907T160215Z_ee5b0782,WD,ETH,depth_imbalance_l1,5000,0.95,0.9777758927814063,627,0.582157162542463,0.40229549816695864,0.6666666666666666,0.940238172153796
20260907T160215Z_ee5b0782,WD,ETH,depth_imbalance_l1,10000,0.95,0.9777758927814063,475,0.5715860041621666,0.4833126248239598,0.6231578947368421,1.2631553273941059
20260907T160215Z_ee5b0782,WD,ETH,depth_imbalance_l1,30000,0.95,0.9777758927814063,243,0.7643887618044062,0.6045145145761457,0.6008230452674898,2.17759680304738
20260907T160215Z_ee5b0782,WD,ETH,depth_imbalance_l5,100,0.8,0.7685666289018244,3462,0.07176567320792616,0.0,0.11322934719815136,0.08007794242624945
20260907T160215Z_ee5b0782,WD,ETH,depth_imbalance_l5,200,0.8,0.7685666289018244,3462,0.1064488549502429,0.0,0.1588677065280185,0.1221072528020407
20260907T160215Z_ee5b0782,WD,ETH,depth_imbalance_l5,500,0.8,0.7685666289018244,3462,0.16492843817880898,0.0,0.24090121317157712,0.20955249807155757
20260907T160215Z_ee5b0782,WD,ETH,depth_imbalance_l5,1000,0.8,0.7685666289018244,3462,0.2195598995039282,0.0,0.32495667244367415,0.32357987386698395
20260907T160215Z_ee5b0782,WD,ETH,depth_imbalance_l5,2000,0.8,0.7685666289018244,2271,0.2646627621661668,0.0,0.42668428005284015,0.5141268185087996
20260907T160215Z_ee5b0782,WD,ETH,depth_imbalance_l5,5000,0.8,0.7685666289018244,1277,0.36304771593126905,0.1607771969736691,0.5387627251370399,0.8715993459316388
20260907T160215Z_ee5b0782,WD,ETH,depth_imbalance_l5,10000,0.8,0.7685666289018244,783,0.34604645439612,0.24134525848393987,0.5478927203065134,1.2835212320654223
20260907T160215Z_ee5b0782,WD,ETH,depth_imbalance_l5,30000,0.8,0.7685666289018244,316,0.40219874664812594,0.1606667805245306,0.5221518987341772,2.4061336484032028
20260907T160215Z_ee5b0782,WD,ETH,depth_imbalance_l5,100,0.9,0.8670810423141285,2054,0.09729114411381941,0.0,0.1528724440116845,0.10671605553107003
20260907T160215Z_ee5b0782,WD,ETH,depth_imbalance_l5,200,0.9,0.8670810423141285,2054,0.1380714878378952,0.0,0.20837390457643623,0.1585483097274266
20260907T160215Z_ee5b0782,WD,ETH,depth_imbalance_l5,500,0.9,0.8670810423141285,2054,0.21183853925411267,0.0,0.29357351509250246,0.2523865075975309
20260907T160215Z_ee5b0782,WD,ETH,depth_imbalance_l5,1000,0.9,0.8670810423141285,2054,0.26738204411015937,0.0,0.37000973709834467,0.3569137699677665
20260907T160215Z_ee5b0782,WD,ETH,depth_imbalance_l5,2000,0.9,0.8670810423141285,1475,0.33225446690752397,0.0,0.4752542372881356,0.53210646455525
20260907T160215Z_ee5b0782,WD,ETH,depth_imbalance_l5,5000,0.9,0.8670810423141285,948,0.35731887467283924,0.2006871590773914,0.5516877637130801,0.8689350656549588
20260907T160215Z_ee5b0782,WD,ETH,depth_imbalance_l5,10000,0.9,0.8670810423141285,640,0.2908983620820249,0.2005858035768833,0.55,1.225864396148934
20260907T160215Z_ee5b0782,WD,ETH,depth_imbalance_l5,30000,0.9,0.8670810423141285,288,0.3523599644689199,0.1613863138954546,0.5381944444444444,2.2412115280166316
20260907T160215Z_ee5b0782,WD,ETH,depth_imbalance_l5,100,0.95,0.92667068838394,1168,0.13351892413008304,0.0,0.1875,0.14410525930123017
20260907T160215Z_ee5b0782,WD,ETH,depth_imbalance_l5,200,0.95,0.92667068838394,1168,0.1792355427328685,0.0,0.25,0.1982615044206134
20260907T160215Z_ee5b0782,WD,ETH,depth_imbalance_l5,500,0.95,0.92667068838394,1168,0.26076984939400755,0.0,0.3381849315068493,0.29222247485437747
20260907T160215Z_ee5b0782,WD,ETH,depth_imbalance_l5,1000,0.95,0.92667068838394,1168,0.33679986523213246,0.0,0.4195205479452055,0.4029515244608193
20260907T160215Z_ee5b0782,WD,ETH,depth_imbalance_l5,2000,0.95,0.92667068838394,900,0.41609135001463604,0.04046068786893825,0.5144444444444445,0.5750576871957237
20260907T160215Z_ee5b0782,WD,ETH,depth_imbalance_l5,5000,0.95,0.92667068838394,654,0.4888526606444317,0.31119302528857795,0.5886850152905199,0.9219295646785077
20260907T160215Z_ee5b0782,WD,ETH,depth_imbalance_l5,10000,0.95,0.92667068838394,490,0.5379391335094065,0.361811272839789,0.5938775510204082,1.21931578991803
20260907T160215Z_ee5b0782,WD,ETH,depth_imbalance_l5,30000,0.95,0.92667068838394,251,0.19256394214524722,0.20115624610785746,0.5298804780876494,2.2151200638464688
20260907T160215Z_ee5b0782,WD,ETH,external_ofi,100,0.8,0.06700965782394203,6221,0.05947585348987925,0.0,0.09692975405883299,0.07163199671773016
20260907T160215Z_ee5b0782,WD,ETH,external_ofi,200,0.8,0.06700965782394203,6221,0.08058277219416869,0.0,0.13181160585114934,0.10648148337717696
20260907T160215Z_ee5b0782,WD,ETH,external_ofi,500,0.8,0.06700965782394203,6221,0.12010124528685581,0.0,0.20221829287895837,0.18950135969734366
20260907T160215Z_ee5b0782,WD,ETH,external_ofi,1000,0.8,0.06700965782394203,6221,0.1480138598958459,0.0,0.2674811123613567,0.2906125467196799
20260907T160215Z_ee5b0782,WD,ETH,external_ofi,2000,0.8,0.06700965782394203,3890,0.17065870010208864,0.0,0.35038560411311054,0.45526334889403
20260907T160215Z_ee5b0782,WD,ETH,external_ofi,5000,0.8,0.06700965782394203,1846,0.19465000029976096,0.0,0.43391115926327195,0.8214593107147979
20260907T160215Z_ee5b0782,WD,ETH,external_ofi,10000,0.8,0.06700965782394203,997,0.19430719403247634,0.0,0.4834503510531595,1.2364748893857163
20260907T160215Z_ee5b0782,WD,ETH,external_ofi,30000,0.8,0.06700965782394203,349,0.02961511091889774,0.0,0.4785100286532951,2.1481930894017034
20260907T160215Z_ee5b0782,WD,ETH,external_ofi,100,0.9,0.20184294743200554,4161,0.1011192805888231,0.0,0.15717375630857966,0.11511222137044234
20260907T160215Z_ee5b0782,WD,ETH,external_ofi,200,0.9,0.20184294743200554,4161,0.13063748085836435,0.0,0.19899062725306416,0.1577887668284797
20260907T160215Z_ee5b0782,WD,ETH,external_ofi,500,0.9,0.20184294743200554,4161,0.18391122102449,0.0,0.27974044700793077,0.25412476874482604
20260907T160215Z_ee5b0782,WD,ETH,external_ofi,1000,0.9,0.20184294743200554,4161,0.2249076427825885,0.0,0.3455900024032684,0.35501128715753144
20260907T160215Z_ee5b0782,WD,ETH,external_ofi,2000,0.9,0.20184294743200554,2935,0.2281017850152094,0.0,0.4010221465076661,0.5114700894958075
20260907T160215Z_ee5b0782,WD,ETH,external_ofi,5000,0.9,0.20184294743200554,1573,0.2791974425585566,0.0,0.4971392244119517,0.8622918421781206
20260907T160215Z_ee5b0782,WD,ETH,external_ofi,10000,0.9,0.20184294743200554,905,0.31899029836757986,0.040230278111348064,0.5116022099447514,1.2385915988922036
20260907T160215Z_ee5b0782,WD,ETH,external_ofi,30000,0.9,0.20184294743200554,338,0.3173839034586274,0.14069386089996005,0.5295857988165681,2.2309588856647964
20260907T160215Z_ee5b0782,WD,ETH,external_ofi,100,0.95,0.4568350592518064,2670,0.1498004779486654,0.0,0.21310861423220973,0.17000839665107073
20260907T160215Z_ee5b0782,WD,ETH,external_ofi,200,0.95,0.4568350592518064,2670,0.185410006184244,0.0,0.2655430711610487,0.22631539307199514
20260907T160215Z_ee5b0782,WD,ETH,external_ofi,500,0.95,0.4568350592518064,2670,0.236390194147646,0.0,0.3438202247191011,0.32360877721012377
20260907T160215Z_ee5b0782,WD,ETH,external_ofi,1000,0.95,0.4568350592518064,2670,0.2813602928577237,0.0,0.4059925093632959,0.4316083589159574
20260907T160215Z_ee5b0782,WD,ETH,external_ofi,2000,0.95,0.4568350592518064,2046,0.3155657613034761,0.0,0.4687194525904203,0.5936891209232763
20260907T160215Z_ee5b0782,WD,ETH,external_ofi,5000,0.95,0.4568350592518064,1267,0.33327400822476927,0.06060575451768283,0.5130228887134964,0.9161943293182482
20260907T160215Z_ee5b0782,WD,ETH,external_ofi,10000,0.95,0.4568350592518064,785,0.41818306076771355,0.28140024765191457,0.5617834394904458,1.2965781537571954
20260907T160215Z_ee5b0782,WD,ETH,external_ofi,30000,0.95,0.4568350592518064,319,0.36792669634839875,0.16049206868587773,0.5360501567398119,2.3068887804730327
20260907T160215Z_ee5b0782,WD,ETH,external_trade_flow,100,0.8,1.0,9198,0.011723135600402529,0.0,0.030767558164818437,0.028303371407683384
20260907T160215Z_ee5b0782,WD,ETH,external_trade_flow,200,0.8,1.0,9198,0.014754733374478643,0.0,0.04751032833224614,0.05138475107358352
20260907T160215Z_ee5b0782,WD,ETH,external_trade_flow,500,0.8,1.0,9197,0.018573455708904573,0.0,0.09361748396216157,0.11873834251807831
20260907T160215Z_ee5b0782,WD,ETH,external_trade_flow,1000,0.8,1.0,9197,0.021722939180605694,0.0,0.15450690442535608,0.2225870329481766
20260907T160215Z_ee5b0782,WD,ETH,external_trade_flow,2000,0.8,1.0,4967,0.012354812520443499,0.0,0.23776927722971614,0.39373243058114965
20260907T160215Z_ee5b0782,WD,ETH,external_trade_flow,5000,0.8,1.0,2087,0.08733972503713308,0.0,0.3804504072831816,0.7523124915552885
20260907T160215Z_ee5b0782,WD,ETH,external_trade_flow,10000,0.8,1.0,1062,-0.0025861836025707252,0.0,0.4510357815442561,1.1671539880645547
20260907T160215Z_ee5b0782,WD,ETH,external_trade_flow,30000,0.8,1.0,357,-0.002984797456207931,-0.040098160296836986,0.484593837535014,2.1684091536124077
20260907T160215Z_ee5b0782,WD,ETH,external_trade_flow,100,0.9,1.0,9198,0.011723135600402529,0.0,0.030767558164818437,0.028303371407683384
20260907T160215Z_ee5b0782,WD,ETH,external_trade_flow,200,0.9,1.0,9198,0.014754733374478643,0.0,0.04751032833224614,0.05138475107358352
20260907T160215Z_ee5b0782,WD,ETH,external_trade_flow,500,0.9,1.0,9197,0.018573455708904573,0.0,0.09361748396216157,0.11873834251807831
20260907T160215Z_ee5b0782,WD,ETH,external_trade_flow,1000,0.9,1.0,9197,0.021722939180605694,0.0,0.15450690442535608,0.2225870329481766
20260907T160215Z_ee5b0782,WD,ETH,external_trade_flow,2000,0.9,1.0,4967,0.012354812520443499,0.0,0.23776927722971614,0.39373243058114965
20260907T160215Z_ee5b0782,WD,ETH,external_trade_flow,5000,0.9,1.0,2087,0.08733972503713308,0.0,0.3804504072831816,0.7523124915552885
20260907T160215Z_ee5b0782,WD,ETH,external_trade_flow,10000,0.9,1.0,1062,-0.0025861836025707252,0.0,0.4510357815442561,1.1671539880645547
20260907T160215Z_ee5b0782,WD,ETH,external_trade_flow,30000,0.9,1.0,357,-0.002984797456207931,-0.040098160296836986,0.484593837535014,2.1684091536124077
20260907T160215Z_ee5b0782,WD,ETH,external_trade_flow,100,0.95,1.0,9198,0.011723135600402529,0.0,0.030767558164818437,0.028303371407683384
20260907T160215Z_ee5b0782,WD,ETH,external_trade_flow,200,0.95,1.0,9198,0.014754733374478643,0.0,0.04751032833224614,0.05138475107358352
20260907T160215Z_ee5b0782,WD,ETH,external_trade_flow,500,0.95,1.0,9197,0.018573455708904573,0.0,0.09361748396216157,0.11873834251807831
20260907T160215Z_ee5b0782,WD,ETH,external_trade_flow,1000,0.95,1.0,9197,0.021722939180605694,0.0,0.15450690442535608,0.2225870329481766
20260907T160215Z_ee5b0782,WD,ETH,external_trade_flow,2000,0.95,1.0,4967,0.012354812520443499,0.0,0.23776927722971614,0.39373243058114965
20260907T160215Z_ee5b0782,WD,ETH,external_trade_flow,5000,0.95,1.0,2087,0.08733972503713308,0.0,0.3804504072831816,0.7523124915552885
20260907T160215Z_ee5b0782,WD,ETH,external_trade_flow,10000,0.95,1.0,1062,-0.0025861836025707252,0.0,0.4510357815442561,1.1671539880645547
20260907T160215Z_ee5b0782,WD,ETH,external_trade_flow,30000,0.95,1.0,357,-0.002984797456207931,-0.040098160296836986,0.484593837535014,2.1684091536124077
20260907T160215Z_ee5b0782,WD,ETH,fair_accel_100ms,100,0.8,8.808587327362003e-07,4590,0.06566164159001386,0.0,0.09891067538126362,0.08190700261582597
20260907T160215Z_ee5b0782,WD,ETH,fair_accel_100ms,200,0.8,8.808587327362003e-07,4590,0.08307094475365129,0.0,0.13071895424836602,0.11792033111144
20260907T160215Z_ee5b0782,WD,ETH,fair_accel_100ms,500,0.8,8.808587327362003e-07,4590,0.1178953369831803,0.0,0.20130718954248367,0.20698656833669618
20260907T160215Z_ee5b0782,WD,ETH,fair_accel_100ms,1000,0.8,8.808587327362003e-07,4590,0.14822363186877674,0.0,0.27145969498910677,0.3136874515998356
20260907T160215Z_ee5b0782,WD,ETH,fair_accel_100ms,2000,0.8,8.808587327362003e-07,3110,0.16838622769769535,0.0,0.3463022508038585,0.48217815226343513
20260907T160215Z_ee5b0782,WD,ETH,fair_accel_100ms,5000,0.8,8.808587327362003e-07,1639,0.19872640340180228,0.0,0.44600366076876147,0.8397083292307556
20260907T160215Z_ee5b0782,WD,ETH,fair_accel_100ms,10000,0.8,8.808587327362003e-07,927,0.1785529581953667,0.0,0.4854368932038835,1.220333554996571
20260907T160215Z_ee5b0782,WD,ETH,fair_accel_100ms,30000,0.8,8.808587327362003e-07,340,0.30761712150329934,0.12113516725703014,0.5235294117647059,2.074266390146147
20260907T160215Z_ee5b0782,WD,ETH,fair_accel_100ms,100,0.9,0.05394950745284207,3126,0.10682509447769895,0.0,0.14619321817018555,0.12536795005561185
20260907T160215Z_ee5b0782,WD,ETH,fair_accel_100ms,200,0.9,0.05394950745284207,3126,0.1311178914144299,0.0,0.18266154830454254,0.1721210599105038
20260907T160215Z_ee5b0782,WD,ETH,fair_accel_100ms,500,0.9,0.05394950745284207,3126,0.17212525086465333,0.0,0.2562380038387716,0.26484912033852026
20260907T160215Z_ee5b0782,WD,ETH,fair_accel_100ms,1000,0.9,0.05394950745284207,3126,0.19945864822642345,0.0,0.31893793985924507,0.3719478004264109
20260907T160215Z_ee5b0782,WD,ETH,fair_accel_100ms,2000,0.9,0.05394950745284207,2344,0.20818169095516537,0.0,0.3877986348122867,0.5433982924216433
20260907T160215Z_ee5b0782,WD,ETH,fair_accel_100ms,5000,0.9,0.05394950745284207,1355,0.21543601298126192,0.0,0.45535055350553505,0.9085536701686023
20260907T160215Z_ee5b0782,WD,ETH,fair_accel_100ms,10000,0.9,0.05394950745284207,821,0.2903128266291342,0.12065103297606965,0.5286236297198539,1.2635509891279246
20260907T160215Z_ee5b0782,WD,ETH,fair_accel_100ms,30000,0.9,0.05394950745284207,322,0.26143018485851177,0.16150923035927164,0.546583850931677,2.202717920503492
20260907T160215Z_ee5b0782,WD,ETH,fair_accel_100ms,100,0.95,0.20130048381764162,1987,0.1474078505695993,0.0,0.19828887770508305,0.17763592682997406
20260907T160215Z_ee5b0782,WD,ETH,fair_accel_100ms,200,0.95,0.20130048381764162,1987,0.172103774952862,0.0,0.23200805234021138,0.2301710206326682
20260907T160215Z_ee5b0782,WD,ETH,fair_accel_100ms,500,0.95,0.20130048381764162,1987,0.21678177069719673,0.0,0.3064921992954202,0.3192871345857462
20260907T160215Z_ee5b0782,WD,ETH,fair_accel_100ms,1000,0.95,0.20130048381764162,1987,0.23708633436749638,0.0,0.36134876698540513,0.4397937534513429
20260907T160215Z_ee5b0782,WD,ETH,fair_accel_100ms,2000,0.95,0.20130048381764162,1612,0.23984651822511116,0.0,0.41873449131513646,0.6144922021420235
20260907T160215Z_ee5b0782,WD,ETH,fair_accel_100ms,5000,0.95,0.20130048381764162,1064,0.2988729520310216,0.04011127011633421,0.5018796992481203,0.9380309948164863
20260907T160215Z_ee5b0782,WD,ETH,fair_accel_100ms,10000,0.95,0.20130048381764162,701,0.33005120264072385,0.12068889219746766,0.5235378031383737,1.3207555261903563
20260907T160215Z_ee5b0782,WD,ETH,fair_accel_100ms,30000,0.95,0.20130048381764162,302,0.2202539994554963,0.1205551428946433,0.5198675496688742,2.216919769850957
20260907T160215Z_ee5b0782,WD,ETH,fair_gap_reversion,100,0.8,0.45215698130407506,2805,0.0431499051421659,0.0,0.057754010695187166,0.0691841464391028
20260907T160215Z_ee5b0782,WD,ETH,fair_gap_reversion,200,0.8,0.45215698130407506,2805,0.05109879938396057,0.0,0.08591800356506239,0.1069350274599799
20260907T160215Z_ee5b0782,WD,ETH,fair_gap_reversion,500,0.8,0.45215698130407506,2805,0.08718130090703219,0.0,0.15401069518716579,0.1992445665136628
20260907T160215Z_ee5b0782,WD,ETH,fair_gap_reversion,1000,0.8,0.45215698130407506,2805,0.12709797523773428,0.0,0.23814616755793228,0.32333564093011574
20260907T160215Z_ee5b0782,WD,ETH,fair_gap_reversion,2000,0.8,0.45215698130407506,1762,0.196632044750705,0.0,0.3598183881952327,0.5365500409409004
20260907T160215Z_ee5b0782,WD,ETH,fair_gap_reversion,5000,0.8,0.45215698130407506,1014,0.29571175925853266,0.080611687230499,0.5128205128205128,0.9370604245215527
20260907T160215Z_ee5b0782,WD,ETH,fair_gap_reversion,10000,0.8,0.45215698130407506,661,0.36848921989316424,0.3233727781028983,0.5748865355521936,1.301506927979287
20260907T160215Z_ee5b0782,WD,ETH,fair_gap_reversion,30000,0.8,0.45215698130407506,287,0.4201344349064918,0.36252462150422166,0.5644599303135889,2.2833483287839416
20260907T160215Z_ee5b0782,WD,ETH,fair_gap_reversion,100,0.9,0.5976897201005471,1533,0.06655947754050427,0.0,0.07501630789302022,0.09131815569430733
20260907T160215Z_ee5b0782,WD,ETH,fair_gap_reversion,200,0.9,0.5976897201005471,1533,0.08161997381913415,0.0,0.10697977821265492,0.13190835114774158
20260907T160215Z_ee5b0782,WD,ETH,fair_gap_reversion,500,0.9,0.5976897201005471,1533,0.13162602795608355,0.0,0.18330071754729288,0.22898166069408918
20260907T160215Z_ee5b0782,WD,ETH,fair_gap_reversion,1000,0.9,0.5976897201005471,1533,0.18823132657863156,0.0,0.2700587084148728,0.3665005047284921
20260907T160215Z_ee5b0782,WD,ETH,fair_gap_reversion,2000,0.9,0.5976897201005471,1028,0.26020911971015687,0.0,0.3861867704280156,0.5850078283556599
20260907T160215Z_ee5b0782,WD,ETH,fair_gap_reversion,5000,0.9,0.5976897201005471,673,0.37208704203265924,0.16066547640725024,0.5408618127786032,1.0257122950311561
20260907T160215Z_ee5b0782,WD,ETH,fair_gap_reversion,10000,0.9,0.5976897201005471,486,0.42268049286697,0.4013420940107599,0.5946502057613169,1.3977885602646425
20260907T160215Z_ee5b0782,WD,ETH,fair_gap_reversion,30000,0.9,0.5976897201005471,250,0.6966357973244799,0.6038380157542041,0.584,2.1816990923096493
20260907T160215Z_ee5b0782,WD,ETH,fair_gap_reversion,100,0.95,0.7183128268929414,850,0.09702192159777195,0.0,0.0988235294117647,0.1183766927758227
20260907T160215Z_ee5b0782,WD,ETH,fair_gap_reversion,200,0.95,0.7183128268929414,850,0.11114920300986354,0.0,0.13058823529411764,0.1578167131641197
20260907T160215Z_ee5b0782,WD,ETH,fair_gap_reversion,500,0.95,0.7183128268929414,850,0.17235182041991098,0.0,0.21411764705882352,0.2672937237058816
20260907T160215Z_ee5b0782,WD,ETH,fair_gap_reversion,1000,0.95,0.7183128268929414,850,0.2541892155813328,0.0,0.30470588235294116,0.4268952301986378
20260907T160215Z_ee5b0782,WD,ETH,fair_gap_reversion,2000,0.95,0.7183128268929414,610,0.3508161966595026,0.0,0.43934426229508194,0.6602650287159666
20260907T160215Z_ee5b0782,WD,ETH,fair_gap_reversion,5000,0.95,0.7183128268929414,446,0.4546864314900713,0.2825502453991836,0.57847533632287,1.0664316216138323
20260907T160215Z_ee5b0782,WD,ETH,fair_gap_reversion,10000,0.95,0.7183128268929414,341,0.5555324520101059,0.5848867287846781,0.6304985337243402,1.4936271935707968
20260907T160215Z_ee5b0782,WD,ETH,fair_gap_reversion,30000,0.95,0.7183128268929414,206,0.6613121578515919,0.6240682292857549,0.6116504854368932,2.4178232161715774
20260907T160215Z_ee5b0782,WD,ETH,leader_gap_1000ms,100,0.8,0.27985707648498787,3141,0.03630111751932646,0.0,0.07545367717287488,0.09986742422057653
20260907T160215Z_ee5b0782,WD,ETH,leader_gap_1000ms,200,0.8,0.27985707648498787,3141,0.03656170039625412,0.0,0.10124164278892073,0.14129302767660928
20260907T160215Z_ee5b0782,WD,ETH,leader_gap_1000ms,500,0.8,0.27985707648498787,3141,0.051950973065728503,0.0,0.16014008277618594,0.23688025226465456
20260907T160215Z_ee5b0782,WD,ETH,leader_gap_1000ms,1000,0.8,0.27985707648498787,3141,0.07839012170562606,0.0,0.23559375994906082,0.3486548099930589
20260907T160215Z_ee5b0782,WD,ETH,leader_gap_1000ms,2000,0.8,0.27985707648498787,2197,0.12054490790175637,0.0,0.34410559854346834,0.5424133948657215
20260907T160215Z_ee5b0782,WD,ETH,leader_gap_1000ms,5000,0.8,0.27985707648498787,1297,0.17844661362786435,0.0,0.4672320740169622,0.8902469174587697
20260907T160215Z_ee5b0782,WD,ETH,leader_gap_1000ms,10000,0.8,0.27985707648498787,796,0.2024729332180191,0.16107597597883413,0.5389447236180904,1.2929249855853486
20260907T160215Z_ee5b0782,WD,ETH,leader_gap_1000ms,30000,0.8,0.27985707648498787,320,-0.17661252574855513,0.040300570779752104,0.509375,2.284648916107135
20260907T160215Z_ee5b0782,WD,ETH,leader_gap_1000ms,100,0.9,0.4891805316894954,1879,0.05597595351156599,0.0,0.09047365620010644,0.12145782356075885
20260907T160215Z_ee5b0782,WD,ETH,leader_gap_1000ms,200,0.9,0.4891805316894954,1879,0.06286668687207837,0.0,0.12825971261309208,0.16850907944573296
20260907T160215Z_ee5b0782,WD,ETH,leader_gap_1000ms,500,0.9,0.4891805316894954,1879,0.09127671636061897,0.0,0.194252261841405,0.2619747474751856
20260907T160215Z_ee5b0782,WD,ETH,leader_gap_1000ms,1000,0.9,0.4891805316894954,1879,0.1164143036055984,0.0,0.2687599787120809,0.3814860453903886
20260907T160215Z_ee5b0782,WD,ETH,leader_gap_1000ms,2000,0.9,0.4891805316894954,1429,0.157597234905281,0.0,0.38488453463960814,0.5744106096437894
20260907T160215Z_ee5b0782,WD,ETH,leader_gap_1000ms,5000,0.9,0.4891805316894954,971,0.249880307715269,0.08046007068623981,0.518022657054583,0.9321175921720142
20260907T160215Z_ee5b0782,WD,ETH,leader_gap_1000ms,10000,0.9,0.4891805316894954,645,0.32206027353943134,0.20049240936473953,0.5488372093023256,1.3071916142163964
20260907T160215Z_ee5b0782,WD,ETH,leader_gap_1000ms,30000,0.9,0.4891805316894954,293,0.1229100109206361,0.20061870810065668,0.5392491467576792,2.320111529719388
20260907T160215Z_ee5b0782,WD,ETH,leader_gap_1000ms,100,0.95,0.6780450587004193,1065,0.08581194616300393,0.0,0.11455399061032864,0.14485663221421247
20260907T160215Z_ee5b0782,WD,ETH,leader_gap_1000ms,200,0.95,0.6780450587004193,1065,0.09552380716550854,0.0,0.15586854460093896,0.19398713341063467
20260907T160215Z_ee5b0782,WD,ETH,leader_gap_1000ms,500,0.95,0.6780450587004193,1065,0.1370985166987233,0.0,0.2272300469483568,0.29634157805866124
20260907T160215Z_ee5b0782,WD,ETH,leader_gap_1000ms,1000,0.95,0.6780450587004193,1065,0.17549606754025393,0.0,0.3051643192488263,0.42930756711510887
20260907T160215Z_ee5b0782,WD,ETH,leader_gap_1000ms,2000,0.95,0.6780450587004193,863,0.2330589618087477,0.0,0.4322132097334878,0.6450203385960064
20260907T160215Z_ee5b0782,WD,ETH,leader_gap_1000ms,5000,0.95,0.6780450587004193,662,0.2363558279829047,0.12092229375320526,0.527190332326284,1.0058936977968853
20260907T160215Z_ee5b0782,WD,ETH,leader_gap_1000ms,10000,0.95,0.6780450587004193,481,0.29783561783411666,0.20101148982222913,0.5634095634095634,1.324826048096722
20260907T160215Z_ee5b0782,WD,ETH,leader_gap_1000ms,30000,0.95,0.6780450587004193,247,0.485880179726854,0.5212572726602488,0.562753036437247,2.351524411737243
20260907T160215Z_ee5b0782,WD,ETH,leader_gap_100ms,100,0.8,0.0006520482054627187,4762,0.029768663854339156,0.0,0.06740865182696346,0.0802970791786366
20260907T160215Z_ee5b0782,WD,ETH,leader_gap_100ms,200,0.8,0.0006520482054627187,4762,0.027683374962266156,0.0,0.0869382612347753,0.11784786751614011
20260907T160215Z_ee5b0782,WD,ETH,leader_gap_100ms,500,0.8,0.0006520482054627187,4762,0.0231357214545501,0.0,0.1371272574548509,0.20464979921436668
20260907T160215Z_ee5b0782,WD,ETH,leader_gap_100ms,1000,0.8,0.0006520482054627187,4762,0.027441285626424453,0.0,0.2009659806803864,0.3116333845558953
20260907T160215Z_ee5b0782,WD,ETH,leader_gap_100ms,2000,0.8,0.0006520482054627187,3155,0.06355835050949438,0.0,0.2988906497622821,0.4864450336958387
20260907T160215Z_ee5b0782,WD,ETH,leader_gap_100ms,5000,0.8,0.0006520482054627187,1648,0.0993803357624065,0.0,0.4211165048543689,0.8473767582676265
20260907T160215Z_ee5b0782,WD,ETH,leader_gap_100ms,10000,0.8,0.0006520482054627187,926,0.016863106797229334,0.0,0.4611231101511879,1.2084642132552048
20260907T160215Z_ee5b0782,WD,ETH,leader_gap_100ms,30000,0.8,0.0006520482054627187,340,0.05575967482933952,0.08054551782215019,0.5088235294117647,2.144703908812197
20260907T160215Z_ee5b0782,WD,ETH,leader_gap_100ms,100,0.9,0.0011179631279746732,4153,0.03884001508741584,0.0,0.08307247772694437,0.09774324326883556
20260907T160215Z_ee5b0782,WD,ETH,leader_gap_100ms,200,0.9,0.0011179631279746732,4153,0.038746180338884204,0.0,0.1059475078256682,0.13642885503589386
20260907T160215Z_ee5b0782,WD,ETH,leader_gap_100ms,500,0.9,0.0011179631279746732,4153,0.04713522481028019,0.0,0.1642186371297857,0.22773264303548227
20260907T160215Z_ee5b0782,WD,ETH,leader_gap_100ms,1000,0.9,0.0011179631279746732,4153,0.06682520404172218,0.0,0.2335660967974958,0.33086061982179527
20260907T160215Z_ee5b0782,WD,ETH,leader_gap_100ms,2000,0.9,0.0011179631279746732,2946,0.09507036809054073,0.0,0.32077393075356414,0.4972168449131665
20260907T160215Z_ee5b0782,WD,ETH,leader_gap_100ms,5000,0.9,0.0011179631279746732,1595,0.11644598337622371,0.0,0.43322884012539187,0.8439359022556112
20260907T160215Z_ee5b0782,WD,ETH,leader_gap_100ms,10000,0.9,0.0011179631279746732,913,0.07019068889683643,0.0,0.4819277108433735,1.2115497429704465
20260907T160215Z_ee5b0782,WD,ETH,leader_gap_100ms,30000,0.9,0.0011179631279746732,340,0.3275803523571349,0.26148662911116566,0.5441176470588235,2.1419963449872577
20260907T160215Z_ee5b0782,WD,ETH,leader_gap_100ms,100,0.95,0.17446075813646728,2849,0.05026055669277015,0.0,0.09617409617409617,0.1252055446006469
20260907T160215Z_ee5b0782,WD,ETH,leader_gap_100ms,200,0.95,0.17446075813646728,2849,0.049252742682702064,0.0,0.12074412074412075,0.1698253219958872
20260907T160215Z_ee5b0782,WD,ETH,leader_gap_100ms,500,0.95,0.17446075813646728,2849,0.05868197772586375,0.0,0.18041418041418042,0.2616423362115942
20260907T160215Z_ee5b0782,WD,ETH,leader_gap_100ms,1000,0.95,0.17446075813646728,2849,0.07558625866162397,0.0,0.25096525096525096,0.37188370771152757
20260907T160215Z_ee5b0782,WD,ETH,leader_gap_100ms,2000,0.95,0.17446075813646728,2171,0.09183375443836335,0.0,0.3371718102257024,0.5486306986979205
20260907T160215Z_ee5b0782,WD,ETH,leader_gap_100ms,5000,0.95,0.17446075813646728,1311,0.1782086055654836,0.0,0.45308924485125857,0.883170619978765
20260907T160215Z_ee5b0782,WD,ETH,leader_gap_100ms,10000,0.95,0.17446075813646728,809,0.13462943970369193,0.08036146587544961,0.5166872682323856,1.30915082481825
20260907T160215Z_ee5b0782,WD,ETH,leader_gap_100ms,30000,0.95,0.17446075813646728,322,0.2946536608282534,0.1612870791989346,0.5341614906832298,2.212528063635738
20260907T160215Z_ee5b0782,WD,ETH,leader_gap_200ms,100,0.8,0.0015978139995794383,4555,0.03155958609016614,0.0,0.07310647639956092,0.08662362760406603
20260907T160215Z_ee5b0782,WD,ETH,leader_gap_200ms,200,0.8,0.0015978139995794383,4555,0.03154300733104169,0.0,0.09440175631174534,0.12330127963352608
20260907T160215Z_ee5b0782,WD,ETH,leader_gap_200ms,500,0.8,0.0015978139995794383,4555,0.03337319455426252,0.0,0.14796926454445664,0.21300954494491667
20260907T160215Z_ee5b0782,WD,ETH,leader_gap_200ms,1000,0.8,0.0015978139995794383,4555,0.045485736847013306,0.0,0.21668496158068057,0.3194610955102165
20260907T160215Z_ee5b0782,WD,ETH,leader_gap_200ms,2000,0.8,0.0015978139995794383,3103,0.06299951223374058,0.0,0.3058330647760232,0.4855322218919597
20260907T160215Z_ee5b0782,WD,ETH,leader_gap_200ms,5000,0.8,0.0015978139995794383,1635,0.11165872399049105,0.0,0.42691131498470947,0.8407073384132617
20260907T160215Z_ee5b0782,WD,ETH,leader_gap_200ms,10000,0.8,0.0015978139995794383,925,0.07741825698810989,0.0,0.4756756756756757,1.2243231482538126
20260907T160215Z_ee5b0782,WD,ETH,leader_gap_200ms,30000,0.8,0.0015978139995794383,340,0.07375309184426634,0.1203637591820988,0.5176470588235295,2.074880628714684
20260907T160215Z_ee5b0782,WD,ETH,leader_gap_200ms,100,0.9,0.13309997076585922,3269,0.044825029141257175,0.0,0.0890180483328235,0.11514711243520907
20260907T160215Z_ee5b0782,WD,ETH,leader_gap_200ms,200,0.9,0.13309997076585922,3269,0.04502879039778621,0.0,0.11410217191801775,0.15878342875492582
20260907T160215Z_ee5b0782,WD,ETH,leader_gap_200ms,500,0.9,0.13309997076585922,3269,0.05966421506770605,0.0,0.1734475374732334,0.24966343312355746
20260907T160215Z_ee5b0782,WD,ETH,leader_gap_200ms,1000,0.9,0.13309997076585922,3269,0.0789254653047469,0.0,0.24380544509024166,0.3600163888144057
20260907T160215Z_ee5b0782,WD,ETH,leader_gap_200ms,2000,0.9,0.13309997076585922,2412,0.10689238193754726,0.0,0.33996683250414594,0.5424417393989285
20260907T160215Z_ee5b0782,WD,ETH,leader_gap_200ms,5000,0.9,0.13309997076585922,1397,0.1702009325179033,0.0,0.443092340730136,0.8828381877860312
20260907T160215Z_ee5b0782,WD,ETH,leader_gap_200ms,10000,0.9,0.13309997076585922,848,0.18837407370379286,0.040314940319591014,0.5117924528301887,1.2916617672619977
20260907T160215Z_ee5b0782,WD,ETH,leader_gap_200ms,30000,0.9,0.13309997076585922,328,0.19563373044088958,0.14153914125870715,0.5213414634146342,2.1607174257691466
20260907T160215Z_ee5b0782,WD,ETH,leader_gap_200ms,100,0.95,0.324728670940685,2117,0.06016896181435864,0.0,0.10014170996693435,0.1353549986503072
20260907T160215Z_ee5b0782,WD,ETH,leader_gap_200ms,200,0.95,0.324728670940685,2117,0.05508166009509979,0.0,0.12753897024090693,0.18171038546303056
20260907T160215Z_ee5b0782,WD,ETH,leader_gap_200ms,500,0.95,0.324728670940685,2117,0.07300925729882694,0.0,0.19367028814359943,0.2773126498601527
20260907T160215Z_ee5b0782,WD,ETH,leader_gap_200ms,1000,0.95,0.324728670940685,2117,0.08502434079553735,0.0,0.2649976381672178,0.39124603985899997
20260907T160215Z_ee5b0782,WD,ETH,leader_gap_200ms,2000,0.95,0.324728670940685,1704,0.12587833777574461,0.0,0.3591549295774648,0.5693945401054371
20260907T160215Z_ee5b0782,WD,ETH,leader_gap_200ms,5000,0.95,0.324728670940685,1125,0.2172911993669316,0.0,0.48088888888888887,0.9013981253422076
20260907T160215Z_ee5b0782,WD,ETH,leader_gap_200ms,10000,0.95,0.324728670940685,727,0.12748512035137707,0.04041922823545847,0.5116918844566712,1.2895515700883344
20260907T160215Z_ee5b0782,WD,ETH,leader_gap_200ms,30000,0.95,0.324728670940685,309,0.35859844079643743,0.24089855160783327,0.5339805825242718,2.2071571326685593
20260907T160215Z_ee5b0782,WD,ETH,leader_gap_500ms,100,0.8,0.1226924437542391,3663,0.04055095238049902,0.0,0.082992082992083,0.1033675096697145
20260907T160215Z_ee5b0782,WD,ETH,leader_gap_500ms,200,0.8,0.1226924437542391,3663,0.03923329831586083,0.0,0.10428610428610428,0.1435438825043175
20260907T160215Z_ee5b0782,WD,ETH,leader_gap_500ms,500,0.8,0.1226924437542391,3663,0.05178019444750286,0.0,0.1668031668031668,0.23673465866091475
20260907T160215Z_ee5b0782,WD,ETH,leader_gap_500ms,1000,0.8,0.1226924437542391,3663,0.0778686975039088,0.0,0.23805623805623805,0.3453167506071273
20260907T160215Z_ee5b0782,WD,ETH,leader_gap_500ms,2000,0.8,0.1226924437542391,2603,0.09621579409754522,0.0,0.32654629273914715,0.5242369600306471
20260907T160215Z_ee5b0782,WD,ETH,leader_gap_500ms,5000,0.8,0.1226924437542391,1458,0.17776720793201656,0.0,0.45198902606310015,0.8720069639913229
20260907T160215Z_ee5b0782,WD,ETH,leader_gap_500ms,10000,0.8,0.1226924437542391,868,0.14822314818049614,0.0,0.4976958525345622,1.256766849428525
20260907T160215Z_ee5b0782,WD,ETH,leader_gap_500ms,30000,0.8,0.1226924437542391,330,0.14653662167128892,0.1614925511085104,0.5242424242424243,2.194633953297671
20260907T160215Z_ee5b0782,WD,ETH,leader_gap_500ms,100,0.9,0.3378843808269492,2303,0.05214137238970296,0.0,0.09465914025184542,0.12194148467526024
20260907T160215Z_ee5b0782,WD,ETH,leader_gap_500ms,200,0.9,0.3378843808269492,2303,0.045210448388460486,0.0,0.11984368215371255,0.16731827092210183
20260907T160215Z_ee5b0782,WD,ETH,leader_gap_500ms,500,0.9,0.3378843808269492,2303,0.06756889089051411,0.0,0.18541033434650456,0.2690009840939139
20260907T160215Z_ee5b0782,WD,ETH,leader_gap_500ms,1000,0.9,0.3378843808269492,2303,0.08526478316322007,0.0,0.2566217976552323,0.3824543723690996
20260907T160215Z_ee5b0782,WD,ETH,leader_gap_500ms,2000,0.9,0.3378843808269492,1806,0.11255278409159172,0.0,0.3488372093023256,0.5539424857243547
20260907T160215Z_ee5b0782,WD,ETH,leader_gap_500ms,5000,0.9,0.3378843808269492,1165,0.18538310712485767,0.0,0.4738197424892704,0.8852806090633953
20260907T160215Z_ee5b0782,WD,ETH,leader_gap_500ms,10000,0.9,0.3378843808269492,736,0.1427176002470483,0.08030471604448719,0.5176630434782609,1.2637748040783712
20260907T160215Z_ee5b0782,WD,ETH,leader_gap_500ms,30000,0.9,0.3378843808269492,310,0.09810786153372125,0.040212402436468224,0.5032258064516129,2.2210434015933074
20260907T160215Z_ee5b0782,WD,ETH,leader_gap_500ms,100,0.95,0.5382058384808966,1374,0.07613930461591029,0.0,0.11208151382823872,0.14972015648277537
20260907T160215Z_ee5b0782,WD,ETH,leader_gap_500ms,200,0.95,0.5382058384808966,1374,0.07845354360424132,0.0,0.1462882096069869,0.2000346681131356
20260907T160215Z_ee5b0782,WD,ETH,leader_gap_500ms,500,0.95,0.5382058384808966,1374,0.10697215418852894,0.0,0.21251819505094613,0.29304077784793414
20260907T160215Z_ee5b0782,WD,ETH,leader_gap_500ms,1000,0.95,0.5382058384808966,1374,0.13329330933543376,0.0,0.2925764192139738,0.4255746491083893
20260907T160215Z_ee5b0782,WD,ETH,leader_gap_500ms,2000,0.95,0.5382058384808966,1148,0.17980222222224357,0.0,0.40156794425087106,0.6034203906927351
20260907T160215Z_ee5b0782,WD,ETH,leader_gap_500ms,5000,0.95,0.5382058384808966,847,0.27016218986026597,0.12095896265627724,0.525383707201889,0.9651084512155922
20260907T160215Z_ee5b0782,WD,ETH,leader_gap_500ms,10000,0.95,0.5382058384808966,580,0.3439755841041525,0.20087993267463344,0.5568965517241379,1.3224423313377593
20260907T160215Z_ee5b0782,WD,ETH,leader_gap_500ms,30000,0.95,0.5382058384808966,274,0.20571465188078364,0.16086749912525022,0.5328467153284672,2.332546859509996
