diagnostic_version,session_id,asset,axis,feature_family,variant_id,quantile,horizon_ms,threshold_domain_finite_n,threshold_domain_nonzero_n,zero_n,zero_fraction,nonzero_unique_value_n,hz_discrimination_class,gate_zero_n,calculated_threshold,spacing_steps,pre_overlap_n,exact_spacing_pair_n,accepted_n,overlap_dropped_n,accepted_positions_sha256,mean_signed_bps,hit_rate,mean_abs_move
V1.2_STAGE3_FINAL,20260905T073818Z_e44d99bd,BTC,HZ,bitget_ofi,T0,0.8,,212899,82962,129937,0.6103222654873908,75748,HZ_DISCRIMINATING,,0.002312562618458697,,,,,,,,,
V1.2_STAGE3_FINAL,20260905T073818Z_e44d99bd,BTC,HZ,bitget_ofi,TZ,0.8,,212899,82962,129937,0.6103222654873908,75748,HZ_DISCRIMINATING,,0.030699319773946784,,,,,,,,,
V1.2_STAGE3_FINAL,20260905T073818Z_e44d99bd,BTC,HZ,bitget_ofi,T0,0.9,,212899,82962,129937,0.6103222654873908,75748,HZ_DISCRIMINATING,,0.017833921605052882,,,,,,,,,
V1.2_STAGE3_FINAL,20260905T073818Z_e44d99bd,BTC,HZ,bitget_ofi,TZ,0.9,,212899,82962,129937,0.6103222654873908,75748,HZ_DISCRIMINATING,,0.09758401073335057,,,,,,,,,
V1.2_STAGE3_FINAL,20260905T073818Z_e44d99bd,BTC,HZ,bitget_ofi,T0,0.95,,212899,82962,129937,0.6103222654873908,75748,HZ_DISCRIMINATING,,0.0658163744857172,,,,,,,,,
V1.2_STAGE3_FINAL,20260905T073818Z_e44d99bd,BTC,HZ,bitget_ofi,TZ,0.95,,212899,82962,129937,0.6103222654873908,75748,HZ_DISCRIMINATING,,0.20920357274721257,,,,,,,,,
V1.2_STAGE3_FINAL,20260905T073818Z_e44d99bd,BTC,HZ,bitget_trade_flow,T0,0.8,,10836,10099,737,0.06801402731635289,269,HZ_NONDISCRIMINATING_EQUAL_THRESHOLD,,1.0,,,,,,,,,
V1.2_STAGE3_FINAL,20260905T073818Z_e44d99bd,BTC,HZ,bitget_trade_flow,TZ,0.8,,10836,10099,737,0.06801402731635289,269,HZ_NONDISCRIMINATING_EQUAL_THRESHOLD,,1.0,,,,,,,,,
V1.2_STAGE3_FINAL,20260905T073818Z_e44d99bd,BTC,HZ,bitget_trade_flow,T0,0.9,,10836,10099,737,0.06801402731635289,269,HZ_NONDISCRIMINATING_EQUAL_THRESHOLD,,1.0,,,,,,,,,
V1.2_STAGE3_FINAL,20260905T073818Z_e44d99bd,BTC,HZ,bitget_trade_flow,TZ,0.9,,10836,10099,737,0.06801402731635289,269,HZ_NONDISCRIMINATING_EQUAL_THRESHOLD,,1.0,,,,,,,,,
V1.2_STAGE3_FINAL,20260905T073818Z_e44d99bd,BTC,HZ,bitget_trade_flow,T0,0.95,,10836,10099,737,0.06801402731635289,269,HZ_NONDISCRIMINATING_EQUAL_THRESHOLD,,1.0,,,,,,,,,
V1.2_STAGE3_FINAL,20260905T073818Z_e44d99bd,BTC,HZ,bitget_trade_flow,TZ,0.95,,10836,10099,737,0.06801402731635289,269,HZ_NONDISCRIMINATING_EQUAL_THRESHOLD,,1.0,,,,,,,,,
V1.2_STAGE3_FINAL,20260905T073818Z_e44d99bd,BTC,HZ,depth_imbalance_l1,T0,0.8,,212899,212899,0,0.0,64388,ZERO_FREE_CONTROL,,0.7720943112588021,,,,,,,,,
V1.2_STAGE3_FINAL,20260905T073818Z_e44d99bd,BTC,HZ,depth_imbalance_l1,TZ,0.8,,212899,212899,0,0.0,64388,ZERO_FREE_CONTROL,,0.7720943112588021,,,,,,,,,
V1.2_STAGE3_FINAL,20260905T073818Z_e44d99bd,BTC,HZ,depth_imbalance_l1,T0,0.9,,212899,212899,0,0.0,64388,ZERO_FREE_CONTROL,,0.8775856745909232,,,,,,,,,
V1.2_STAGE3_FINAL,20260905T073818Z_e44d99bd,BTC,HZ,depth_imbalance_l1,TZ,0.9,,212899,212899,0,0.0,64388,ZERO_FREE_CONTROL,,0.8775856745909232,,,,,,,,,
V1.2_STAGE3_FINAL,20260905T073818Z_e44d99bd,BTC,HZ,depth_imbalance_l1,T0,0.95,,212899,212899,0,0.0,64388,ZERO_FREE_CONTROL,,0.938089448259998,,,,,,,,,
V1.2_STAGE3_FINAL,20260905T073818Z_e44d99bd,BTC,HZ,depth_imbalance_l1,TZ,0.95,,212899,212899,0,0.0,64388,ZERO_FREE_CONTROL,,0.938089448259998,,,,,,,,,
V1.2_STAGE3_FINAL,20260905T073818Z_e44d99bd,BTC,HZ,depth_imbalance_l5,T0,0.8,,212899,212898,1,4.697062926552027e-06,88827,HZ_DISCRIMINATING,,0.7796513539459544,,,,,,,,,
V1.2_STAGE3_FINAL,20260905T073818Z_e44d99bd,BTC,HZ,depth_imbalance_l5,TZ,0.8,,212899,212898,1,4.697062926552027e-06,88827,HZ_DISCRIMINATING,,0.7796522366813495,,,,,,,,,
V1.2_STAGE3_FINAL,20260905T073818Z_e44d99bd,BTC,HZ,depth_imbalance_l5,T0,0.9,,212899,212898,1,4.697062926552027e-06,88827,HZ_NONDISCRIMINATING_EQUAL_THRESHOLD,,0.874325050746556,,,,,,,,,
V1.2_STAGE3_FINAL,20260905T073818Z_e44d99bd,BTC,HZ,depth_imbalance_l5,TZ,0.9,,212899,212898,1,4.697062926552027e-06,88827,HZ_NONDISCRIMINATING_EQUAL_THRESHOLD,,0.874325050746556,,,,,,,,,
V1.2_STAGE3_FINAL,20260905T073818Z_e44d99bd,BTC,HZ,depth_imbalance_l5,T0,0.95,,212899,212898,1,4.697062926552027e-06,88827,HZ_DISCRIMINATING,,0.9365436879951609,,,,,,,,,
V1.2_STAGE3_FINAL,20260905T073818Z_e44d99bd,BTC,HZ,depth_imbalance_l5,TZ,0.95,,212899,212898,1,4.697062926552027e-06,88827,HZ_DISCRIMINATING,,0.9365437985205914,,,,,,,,,
V1.2_STAGE3_FINAL,20260905T073818Z_e44d99bd,BTC,HZ,external_ofi,T0,0.8,,212899,194335,18564,0.08719627616851183,192916,HZ_DISCRIMINATING,,0.012182643719934771,,,,,,,,,
V1.2_STAGE3_FINAL,20260905T073818Z_e44d99bd,BTC,HZ,external_ofi,TZ,0.8,,212899,194335,18564,0.08719627616851183,192916,HZ_DISCRIMINATING,,0.014173882185171108,,,,,,,,,
V1.2_STAGE3_FINAL,20260905T073818Z_e44d99bd,BTC,HZ,external_ofi,T0,0.9,,212899,194335,18564,0.08719627616851183,192916,HZ_DISCRIMINATING,,0.03072178020327522,,,,,,,,,
V1.2_STAGE3_FINAL,20260905T073818Z_e44d99bd,BTC,HZ,external_ofi,TZ,0.9,,212899,194335,18564,0.08719627616851183,192916,HZ_DISCRIMINATING,,0.033959699526107306,,,,,,,,,
V1.2_STAGE3_FINAL,20260905T073818Z_e44d99bd,BTC,HZ,external_ofi,T0,0.95,,212899,194335,18564,0.08719627616851183,192916,HZ_DISCRIMINATING,,0.06115574846624429,,,,,,,,,
V1.2_STAGE3_FINAL,20260905T073818Z_e44d99bd,BTC,HZ,external_ofi,TZ,0.95,,212899,194335,18564,0.08719627616851183,192916,HZ_DISCRIMINATING,,0.06683840675863312,,,,,,,,,
V1.2_STAGE3_FINAL,20260905T073818Z_e44d99bd,BTC,HZ,external_trade_flow,T0,0.8,,76646,72241,4405,0.057472014195130865,2197,HZ_NONDISCRIMINATING_EQUAL_THRESHOLD,,1.0,,,,,,,,,
V1.2_STAGE3_FINAL,20260905T073818Z_e44d99bd,BTC,HZ,external_trade_flow,TZ,0.8,,76646,72241,4405,0.057472014195130865,2197,HZ_NONDISCRIMINATING_EQUAL_THRESHOLD,,1.0,,,,,,,,,
V1.2_STAGE3_FINAL,20260905T073818Z_e44d99bd,BTC,HZ,external_trade_flow,T0,0.9,,76646,72241,4405,0.057472014195130865,2197,HZ_NONDISCRIMINATING_EQUAL_THRESHOLD,,1.0,,,,,,,,,
V1.2_STAGE3_FINAL,20260905T073818Z_e44d99bd,BTC,HZ,external_trade_flow,TZ,0.9,,76646,72241,4405,0.057472014195130865,2197,HZ_NONDISCRIMINATING_EQUAL_THRESHOLD,,1.0,,,,,,,,,
V1.2_STAGE3_FINAL,20260905T073818Z_e44d99bd,BTC,HZ,external_trade_flow,T0,0.95,,76646,72241,4405,0.057472014195130865,2197,HZ_NONDISCRIMINATING_EQUAL_THRESHOLD,,1.0,,,,,,,,,
V1.2_STAGE3_FINAL,20260905T073818Z_e44d99bd,BTC,HZ,external_trade_flow,TZ,0.95,,76646,72241,4405,0.057472014195130865,2197,HZ_NONDISCRIMINATING_EQUAL_THRESHOLD,,1.0,,,,,,,,,
V1.2_STAGE3_FINAL,20260905T073818Z_e44d99bd,BTC,HZ,fair_accel_100ms,T0,0.8,,212893,212307,586,0.002752556448544574,210058,HZ_DISCRIMINATING,,5.024947343634052e-07,,,,,,,,,
V1.2_STAGE3_FINAL,20260905T073818Z_e44d99bd,BTC,HZ,fair_accel_100ms,TZ,0.8,,212893,212307,586,0.002752556448544574,210058,HZ_DISCRIMINATING,,5.033966445286534e-07,,,,,,,,,
V1.2_STAGE3_FINAL,20260905T073818Z_e44d99bd,BTC,HZ,fair_accel_100ms,T0,0.9,,212893,212307,586,0.002752556448544574,210058,HZ_DISCRIMINATING,,7.371347506132317e-07,,,,,,,,,
V1.2_STAGE3_FINAL,20260905T073818Z_e44d99bd,BTC,HZ,fair_accel_100ms,TZ,0.9,,212893,212307,586,0.002752556448544574,210058,HZ_DISCRIMINATING,,7.383333472334293e-07,,,,,,,,,
V1.2_STAGE3_FINAL,20260905T073818Z_e44d99bd,BTC,HZ,fair_accel_100ms,T0,0.95,,212893,212307,586,0.002752556448544574,210058,HZ_DISCRIMINATING,,0.006993116965864037,,,,,,,,,
V1.2_STAGE3_FINAL,20260905T073818Z_e44d99bd,BTC,HZ,fair_accel_100ms,TZ,0.95,,212893,212307,586,0.002752556448544574,210058,HZ_DISCRIMINATING,,0.007388124584146517,,,,,,,,,
V1.2_STAGE3_FINAL,20260905T073818Z_e44d99bd,BTC,HZ,fair_gap_reversion,T0,0.8,,212899,212899,0,0.0,212312,ZERO_FREE_CONTROL,,0.33075622686684625,,,,,,,,,
V1.2_STAGE3_FINAL,20260905T073818Z_e44d99bd,BTC,HZ,fair_gap_reversion,TZ,0.8,,212899,212899,0,0.0,212312,ZERO_FREE_CONTROL,,0.33075622686684625,,,,,,,,,
V1.2_STAGE3_FINAL,20260905T073818Z_e44d99bd,BTC,HZ,fair_gap_reversion,T0,0.9,,212899,212899,0,0.0,212312,ZERO_FREE_CONTROL,,0.44852834352759896,,,,,,,,,
V1.2_STAGE3_FINAL,20260905T073818Z_e44d99bd,BTC,HZ,fair_gap_reversion,TZ,0.9,,212899,212899,0,0.0,212312,ZERO_FREE_CONTROL,,0.44852834352759896,,,,,,,,,
V1.2_STAGE3_FINAL,20260905T073818Z_e44d99bd,BTC,HZ,fair_gap_reversion,T0,0.95,,212899,212899,0,0.0,212312,ZERO_FREE_CONTROL,,0.5454764002248423,,,,,,,,,
V1.2_STAGE3_FINAL,20260905T073818Z_e44d99bd,BTC,HZ,fair_gap_reversion,TZ,0.95,,212899,212899,0,0.0,212312,ZERO_FREE_CONTROL,,0.5454764002248423,,,,,,,,,
V1.2_STAGE3_FINAL,20260905T073818Z_e44d99bd,BTC,HZ,leader_gap_100ms,T0,0.8,,212896,212309,587,0.002757214790320156,212157,HZ_DISCRIMINATING,,0.00041128370085404627,,,,,,,,,
V1.2_STAGE3_FINAL,20260905T073818Z_e44d99bd,BTC,HZ,leader_gap_100ms,TZ,0.8,,212896,212309,587,0.002757214790320156,212157,HZ_DISCRIMINATING,,0.0004119660336828426,,,,,,,,,
V1.2_STAGE3_FINAL,20260905T073818Z_e44d99bd,BTC,HZ,leader_gap_100ms,T0,0.9,,212896,212309,587,0.002757214790320156,212157,HZ_DISCRIMINATING,,0.0005781119582474899,,,,,,,,,
V1.2_STAGE3_FINAL,20260905T073818Z_e44d99bd,BTC,HZ,leader_gap_100ms,TZ,0.9,,212896,212309,587,0.002757214790320156,212157,HZ_DISCRIMINATING,,0.0005786671700126274,,,,,,,,,
V1.2_STAGE3_FINAL,20260905T073818Z_e44d99bd,BTC,HZ,leader_gap_100ms,T0,0.95,,212896,212309,587,0.002757214790320156,212157,HZ_DISCRIMINATING,,0.000803760679019371,,,,,,,,,
V1.2_STAGE3_FINAL,20260905T073818Z_e44d99bd,BTC,HZ,leader_gap_100ms,TZ,0.95,,212896,212309,587,0.002757214790320156,212157,HZ_DISCRIMINATING,,0.0008055266982080419,,,,,,,,,
V1.2_STAGE3_FINAL,20260905T073818Z_e44d99bd,BTC,HZ,leader_gap_200ms,T0,0.8,,212895,212309,586,0.0027525305901970453,212243,HZ_DISCRIMINATING,,0.0008694900763510843,,,,,,,,,
V1.2_STAGE3_FINAL,20260905T073818Z_e44d99bd,BTC,HZ,leader_gap_200ms,TZ,0.8,,212895,212309,586,0.0027525305901970453,212243,HZ_DISCRIMINATING,,0.0008709963168122643,,,,,,,,,
V1.2_STAGE3_FINAL,20260905T073818Z_e44d99bd,BTC,HZ,leader_gap_200ms,T0,0.9,,212895,212309,586,0.0027525305901970453,212243,HZ_DISCRIMINATING,,0.0012759714002404383,,,,,,,,,
V1.2_STAGE3_FINAL,20260905T073818Z_e44d99bd,BTC,HZ,leader_gap_200ms,TZ,0.9,,212895,212309,586,0.0027525305901970453,212243,HZ_DISCRIMINATING,,0.0012779287555628267,,,,,,,,,
V1.2_STAGE3_FINAL,20260905T073818Z_e44d99bd,BTC,HZ,leader_gap_200ms,T0,0.95,,212895,212309,586,0.0027525305901970453,212243,HZ_DISCRIMINATING,,0.01181025764915416,,,,,,,,,
V1.2_STAGE3_FINAL,20260905T073818Z_e44d99bd,BTC,HZ,leader_gap_200ms,TZ,0.95,,212895,212309,586,0.0027525305901970453,212243,HZ_DISCRIMINATING,,0.011959929203822082,,,,,,,,,
V1.2_STAGE3_FINAL,20260905T073818Z_e44d99bd,BTC,HZ,leader_gap_500ms,T0,0.8,,212892,212309,583,0.002738477725795239,212293,HZ_DISCRIMINATING,,0.0025386338863933066,,,,,,,,,
V1.2_STAGE3_FINAL,20260905T073818Z_e44d99bd,BTC,HZ,leader_gap_500ms,TZ,0.8,,212892,212309,583,0.002738477725795239,212293,HZ_DISCRIMINATING,,0.0025440470238164464,,,,,,,,,
V1.2_STAGE3_FINAL,20260905T073818Z_e44d99bd,BTC,HZ,leader_gap_500ms,T0,0.9,,212892,212309,583,0.002738477725795239,212293,HZ_DISCRIMINATING,,0.011915106403801263,,,,,,,,,
V1.2_STAGE3_FINAL,20260905T073818Z_e44d99bd,BTC,HZ,leader_gap_500ms,TZ,0.9,,212892,212309,583,0.002738477725795239,212293,HZ_DISCRIMINATING,,0.012234780431624959,,,,,,,,,
V1.2_STAGE3_FINAL,20260905T073818Z_e44d99bd,BTC,HZ,leader_gap_500ms,T0,0.95,,212892,212309,583,0.002738477725795239,212293,HZ_DISCRIMINATING,,0.11151401341359266,,,,,,,,,
V1.2_STAGE3_FINAL,20260905T073818Z_e44d99bd,BTC,HZ,leader_gap_500ms,TZ,0.95,,212892,212309,583,0.002738477725795239,212293,HZ_DISCRIMINATING,,0.11184379115540509,,,,,,,,,
V1.2_STAGE3_FINAL,20260905T073818Z_e44d99bd,BTC,HZ,leader_gap_1000ms,T0,0.8,,212887,212309,578,0.002715055404980107,212304,HZ_DISCRIMINATING,,0.006371675624652639,,,,,,,,,
V1.2_STAGE3_FINAL,20260905T073818Z_e44d99bd,BTC,HZ,leader_gap_1000ms,TZ,0.8,,212887,212309,578,0.002715055404980107,212304,HZ_DISCRIMINATING,,0.0063944198618978015,,,,,,,,,
V1.2_STAGE3_FINAL,20260905T073818Z_e44d99bd,BTC,HZ,leader_gap_1000ms,T0,0.9,,212887,212309,578,0.002715055404980107,212304,HZ_DISCRIMINATING,,0.08364376477432947,,,,,,,,,
V1.2_STAGE3_FINAL,20260905T073818Z_e44d99bd,BTC,HZ,leader_gap_1000ms,TZ,0.9,,212887,212309,578,0.002715055404980107,212304,HZ_DISCRIMINATING,,0.08411564308479352,,,,,,,,,
V1.2_STAGE3_FINAL,20260905T073818Z_e44d99bd,BTC,HZ,leader_gap_1000ms,T0,0.95,,212887,212309,578,0.002715055404980107,212304,HZ_DISCRIMINATING,,0.19536052604978668,,,,,,,,,
V1.2_STAGE3_FINAL,20260905T073818Z_e44d99bd,BTC,HZ,leader_gap_1000ms,TZ,0.95,,212887,212309,578,0.002715055404980107,212304,HZ_DISCRIMINATING,,0.19592514614549106,,,,,,,,,
V1.2_STAGE3_FINAL,20260905T073818Z_e44d99bd,BTC,HG,depthL1_extOFI,G0,0.8,1000,,,,,,,,0.5629262564584312,10,42578,,12083,30495,42e584a4822cd8de25aabe03352b89317a46dbab54b88791098280b238529b9c,0.031820586413794816,0.060415459736820325,0.04788855744380263
V1.2_STAGE3_FINAL,20260905T073818Z_e44d99bd,BTC,HG,depthL1_extOFI,G1,0.8,1000,,,,,,,0,0.7720943112588021,10,21245,,4512,16733,5dea89d9494af830d7e502bfac4a38ccfd55b6b904deb550030ecc140972d7e1,0.07118683416514378,0.1201241134751773,0.08724478608547878
V1.2_STAGE3_FINAL,20260905T073818Z_e44d99bd,BTC,HG,depthL1_extOFI,G0,0.8,5000,,,,,,,,0.5629262564584312,50,42565,,3359,39206,6112c06d1b7ae56aff602dfabc4cd2b26b6bffb0e9eb63d1ff5741b8efd7f5e1,0.09443701197487865,0.17147960702590057,0.1756869011358863
V1.2_STAGE3_FINAL,20260905T073818Z_e44d99bd,BTC,HG,depthL1_extOFI,G1,0.8,5000,,,,,,,0,0.7720943112588021,50,21231,,1398,19833,f617a19b792862f7829a41c52b6148ab6a81a9d88da6c446caada2e6646ceaf3,0.22824004658738387,0.34120171673819744,0.31249524010384566
V1.2_STAGE3_FINAL,20260905T073818Z_e44d99bd,BTC,HG,depthL1_extOFI,G0,0.8,30000,,,,,,,,0.5629262564584312,300,42471,,669,41802,5577917b70a110bce4dd2ea9c310adce46c33aec2f7777c382076ddbfeed5353,0.23230010739286633,0.42301943198804187,0.7390416172746664
V1.2_STAGE3_FINAL,20260905T073818Z_e44d99bd,BTC,HG,depthL1_extOFI,G1,0.8,30000,,,,,,,0,0.7720943112588021,300,21159,,432,20727,7c905eace3d3128aab6815001911bb10c669b97173be5deeefd7d923257264e6,0.5028772592291068,0.5949074074074074,0.9365723018556681
V1.2_STAGE3_FINAL,20260905T073818Z_e44d99bd,BTC,HG,depthL1_extOFI,G0,0.9,1000,,,,,,,,0.7038224518553312,10,21287,,7218,14069,278506e1aedbff60deb06ccf82d6f421528317c19c7a618d32c1c768d32408bd,0.05045597788413706,0.08742033804377944,0.06511242510606413
V1.2_STAGE3_FINAL,20260905T073818Z_e44d99bd,BTC,HG,depthL1_extOFI,G1,0.9,1000,,,,,,,0,0.8775856745909232,10,11085,,2481,8604,705bd22daf2c2b31025abc34c650815e34a1a9100658b7ec6a496634c08b7a0a,0.11188785279967502,0.17533252720677148,0.12772877098470753
V1.2_STAGE3_FINAL,20260905T073818Z_e44d99bd,BTC,HG,depthL1_extOFI,G0,0.9,5000,,,,,,,,0.7038224518553312,50,21280,,2395,18885,5a78db13c788ac2c9071e1d721a5f604a6ae6a601b3c85b6af804cce5b5d7b59,0.1454270065179181,0.230062630480167,0.2238648974594719
V1.2_STAGE3_FINAL,20260905T073818Z_e44d99bd,BTC,HG,depthL1_extOFI,G1,0.9,5000,,,,,,,0,0.8775856745909232,50,11085,,888,10197,b1303fa774bc078b5596cd52e2295c6d641a1a9f293b617149d618e83a9ca33e,0.32173264963518483,0.42905405405405406,0.40318512245193133
V1.2_STAGE3_FINAL,20260905T073818Z_e44d99bd,BTC,HG,depthL1_extOFI,G0,0.9,30000,,,,,,,,0.7038224518553312,300,21225,,588,20637,432e0df44e402e710d7c6f333d5e97cc332b6bc8c3419cff979c0dac9e5a69d6,0.33826009408064817,0.45918367346938777,0.7991270392071526
V1.2_STAGE3_FINAL,20260905T073818Z_e44d99bd,BTC,HG,depthL1_extOFI,G1,0.9,30000,,,,,,,0,0.8775856745909232,300,11036,,336,10700,435f46c6d0d7c133614bbf3fb5e7d0d42b01cf273058317c50b22c22ac654905,0.6338622944342159,0.6607142857142857,1.0324900677210382
V1.2_STAGE3_FINAL,20260905T073818Z_e44d99bd,BTC,HG,depthL1_extOFI,G0,0.95,1000,,,,,,,,0.8034699389384685,10,10645,,4201,6444,7f791fab316c4562b13ecd9bf3e7ec5abc6d362516659fa753994b169607b5fc,0.07955684408486326,0.12973101642466078,0.09210729834063319
V1.2_STAGE3_FINAL,20260905T073818Z_e44d99bd,BTC,HG,depthL1_extOFI,G1,0.95,1000,,,,,,,0,0.938089448259998,10,5716,,1415,4301,f1fe82f6352fd06478d922110647f7b886292ac4a31b4202063ae88e75497211,0.15736121420776605,0.23604240282685512,0.1674752437220684
V1.2_STAGE3_FINAL,20260905T073818Z_e44d99bd,BTC,HG,depthL1_extOFI,G0,0.95,5000,,,,,,,,0.8034699389384685,50,10642,,1650,8992,4d42439e7c23b8a9daed1b312bb8a17174ce9b706e645da966b5a2c7aeaebe90,0.20218138360846571,0.2963636363636364,0.28199865114530676
V1.2_STAGE3_FINAL,20260905T073818Z_e44d99bd,BTC,HG,depthL1_extOFI,G1,0.95,5000,,,,,,,0,0.938089448259998,50,5716,,597,5119,452b2b7f53e935282007ca221b5a3f27fd5ba4823e21988d195a5b446fe8d34c,0.40869894141863766,0.525963149078727,0.4755540896152952
V1.2_STAGE3_FINAL,20260905T073818Z_e44d99bd,BTC,HG,depthL1_extOFI,G0,0.95,30000,,,,,,,,0.8034699389384685,300,10614,,497,10117,3e335b90e5921dce745d102fc2dcda785da936b5549f1c0f122acb2e085544ac,0.3937402697100041,0.5150905432595574,0.8480198988376597
V1.2_STAGE3_FINAL,20260905T073818Z_e44d99bd,BTC,HG,depthL1_extOFI,G1,0.95,30000,,,,,,,0,0.938089448259998,300,5695,,276,5419,e427f6745b6202d7090832371d869408cdf50d45ead26a6c74d1240b63898528,0.7785804536368837,0.717391304347826,1.119511983448985
V1.2_STAGE3_FINAL,20260905T073818Z_e44d99bd,BTC,HC,gap_depth_extOFI,C0,0.8,1000,,,,,,,,0.33075622686684625,10,29734,,4185,25549,32c5abc8334a2c3d40939631e17ce0fef8424d09dcdd9ec227c2aa74ab401f3a,0.053317597302040796,0.07550776583034648,0.07702033794191956
V1.2_STAGE3_FINAL,20260905T073818Z_e44d99bd,BTC,HC,gap_depth_extOFI,C1,0.8,1000,,,,,,,,0.33075622686684625,10,16211,,3319,12892,f9e3bd44e7ee20c9f3c9601999fc6e6896a2cbbfa74f986bfa203f9cd0995322,0.06186601623683271,0.08617053329316059,0.08077964727022843
V1.2_STAGE3_FINAL,20260905T073818Z_e44d99bd,BTC,HC,gap_depth_extOFI,C0,0.8,5000,,,,,,,,0.33075622686684625,50,29734,,1085,28649,0e81bc70798a0cdcf889ab1f493dd0d6b12e596dd52ab5f1ee8f302db499f28e,0.17009195686303177,0.24331797235023042,0.308153320172338
V1.2_STAGE3_FINAL,20260905T073818Z_e44d99bd,BTC,HC,gap_depth_extOFI,C1,0.8,5000,,,,,,,,0.33075622686684625,50,16211,,918,15293,fd4ec06251751078865852694911784641e20d8e8cef50bfde3d560f30dd9d14,0.22358456284419545,0.2788671023965142,0.32640995656920163
V1.2_STAGE3_FINAL,20260905T073818Z_e44d99bd,BTC,HC,gap_depth_extOFI,C0,0.8,30000,,,,,,,,0.33075622686684625,300,29616,,315,29301,51db6057abf9f4bf4340e80dbe189634fb2cab0c0bea6f068df4ae7b9b317618,0.5032649591249119,0.5142857142857142,1.0895573398241003
V1.2_STAGE3_FINAL,20260905T073818Z_e44d99bd,BTC,HC,gap_depth_extOFI,C1,0.8,30000,,,,,,,,0.33075622686684625,300,16143,,281,15862,f0203214a6b5b5a9909fa55ca59b82bb552d2e70f9d6bd705515ac081ba5052d,0.6225367965531607,0.5765124555160143,1.0916077502162145
V1.2_STAGE3_FINAL,20260905T073818Z_e44d99bd,BTC,HC,gap_depth_extOFI,C0,0.9,1000,,,,,,,,0.44852834352759896,10,15601,,2204,13397,2e9a0c75be11418b3ddab6a424ffb36d84fb6a6dad8e8aeb51100a9733fd5c3f,0.0849335604597771,0.09891107078039928,0.10399553078615635
V1.2_STAGE3_FINAL,20260905T073818Z_e44d99bd,BTC,HC,gap_depth_extOFI,C1,0.9,1000,,,,,,,,0.44852834352759896,10,8709,,1824,6885,65cf02c602690abf5065793be7e2707c59246e218191fc4875229f6cf7d5ad58,0.08857606915770871,0.1069078947368421,0.10342883840075433
V1.2_STAGE3_FINAL,20260905T073818Z_e44d99bd,BTC,HC,gap_depth_extOFI,C0,0.9,5000,,,,,,,,0.44852834352759896,50,15601,,631,14970,6fd6f470457405400c425b0db7b440fd11ef0f2de539e6c93fc4bc8f409488e5,0.28659861192977387,0.3090332805071315,0.38414300882125246
V1.2_STAGE3_FINAL,20260905T073818Z_e44d99bd,BTC,HC,gap_depth_extOFI,C1,0.9,5000,,,,,,,,0.44852834352759896,50,8709,,557,8152,3aba4f267775970dec12cf470096179666c0c72570081b918ebba16d7d055a55,0.299285039130405,0.3267504488330341,0.38255143202165
V1.2_STAGE3_FINAL,20260905T073818Z_e44d99bd,BTC,HC,gap_depth_extOFI,C0,0.9,30000,,,,,,,,0.44852834352759896,300,15508,,232,15276,9222ab2eccbc52377325dcc63cf26b9cc2f1671b87abda0de56a1e30cbe23a10,0.6086836534419937,0.5818965517241379,1.2102193025187333
V1.2_STAGE3_FINAL,20260905T073818Z_e44d99bd,BTC,HC,gap_depth_extOFI,C1,0.9,30000,,,,,,,,0.44852834352759896,300,8653,,213,8440,01a66b32384ba05938e3c2a4d279959f5d0f56d6688478ee8a548e8fb8f9f37a,0.7215592052948634,0.6338028169014085,1.1750030671241458
V1.2_STAGE3_FINAL,20260905T073818Z_e44d99bd,BTC,HC,gap_depth_extOFI,C0,0.95,1000,,,,,,,,0.5454764002248423,10,7900,,1155,6745,90e7cf68ea3eddea5a38c136c62171914ac69b2895b69a9c0d177582615a06f5,0.1329708301541178,0.13333333333333333,0.1486020244279582
V1.2_STAGE3_FINAL,20260905T073818Z_e44d99bd,BTC,HC,gap_depth_extOFI,C1,0.95,1000,,,,,,,,0.5454764002248423,10,4474,,970,3504,e53df77ef7b00808b783100816a3356e55e1c3d8e0f59e5247545a3ad68118bb,0.13076802424348746,0.13814432989690723,0.14365811909715848
V1.2_STAGE3_FINAL,20260905T073818Z_e44d99bd,BTC,HC,gap_depth_extOFI,C0,0.95,5000,,,,,,,,0.5454764002248423,50,7900,,369,7531,6026daaf2dcccaa8b7c91eef27c4a5f0e083ae84510d7c2f8c530f8e00751164,0.3852775320980641,0.3821138211382114,0.5081821571847049
V1.2_STAGE3_FINAL,20260905T073818Z_e44d99bd,BTC,HC,gap_depth_extOFI,C1,0.95,5000,,,,,,,,0.5454764002248423,50,4474,,326,4148,26bfeaaa18b144c6330ae62d7df05867e86d7a94c01f047309a007d2355575c5,0.38347281959051155,0.4049079754601227,0.4950873584996703
V1.2_STAGE3_FINAL,20260905T073818Z_e44d99bd,BTC,HC,gap_depth_extOFI,C0,0.95,30000,,,,,,,,0.5454764002248423,300,7820,,173,7647,1b661a8630710affe3449631890b080641582e5775fcd45a1ab72d88d10b6ba4,0.672395962119525,0.6127167630057804,1.3226882938692055
V1.2_STAGE3_FINAL,20260905T073818Z_e44d99bd,BTC,HC,gap_depth_extOFI,C1,0.95,30000,,,,,,,,0.5454764002248423,300,4425,,161,4264,cc0fea513b39f1aa57c3a383ea4216e7a52f8358b4d6b87a5c4727e6dadb5003,0.7336408910465169,0.6459627329192547,1.2826514082197449
V1.2_STAGE3_FINAL,20260905T073818Z_e44d99bd,BTC,HB,depth_imbalance_l1,B0,0.9,1000,,,,,,,,0.8775856745909232,10,21291,15475,2725,18566,0441ee2ffff8e723eedd65a9c30eb1ee661be1529bb7ed5fd6c5db35e7890286,0.10277442078753823,0.1655045871559633,0.11956598945452605
V1.2_STAGE3_FINAL,20260905T073818Z_e44d99bd,BTC,HB,depth_imbalance_l1,B1,0.9,1000,,,,,,,,0.8775856745909232,10,21291,15475,2530,18761,b8ce0c621bfe824b5b5d2a2f66984e67fe410c5782ae3e9c8a908cb0d4ea40e8,0.10782592458522926,0.16877470355731225,0.12392659292555396
V1.2_STAGE3_FINAL,20260905T073818Z_e44d99bd,BTC,HB,depth_imbalance_l1,B0,0.9,5000,,,,,,,,0.8775856745909232,50,21291,9013,905,20386,1f56b149ebc734981fa4e0991d676b6aeb028249658cfbc52ad0c0a8ea2eef6b,0.3105248152033329,0.4220994475138122,0.4002208117985473
V1.2_STAGE3_FINAL,20260905T073818Z_e44d99bd,BTC,HB,depth_imbalance_l1,B1,0.9,5000,,,,,,,,0.8775856745909232,50,21291,9013,892,20399,2b3f30b8ed174caf11123ebf7b07c3cbb50d4c66226044716b2cd6d51c385c12,0.3149228211821335,0.4282511210762332,0.40221085424233993
V1.2_STAGE3_FINAL,20260905T073818Z_e44d99bd,BTC,HB,depth_imbalance_l1,B0,0.9,30000,,,,,,,,0.8775856745909232,300,21188,3458,340,20848,01b7910c7db05e69a477746159135b4b542439a4ae61698e8d19267d87695501,0.5971039880853956,0.65,1.0302113734717149
V1.2_STAGE3_FINAL,20260905T073818Z_e44d99bd,BTC,HB,depth_imbalance_l1,B1,0.9,30000,,,,,,,,0.8775856745909232,300,21188,3458,339,20849,a2aeb64394f71ee8ebae0c9f8cd49c0106c4035e492b5235b28ea34a7f355d22,0.5955677030726015,0.6519174041297935,1.0337327243544228
V1.2_STAGE3_FINAL,20260905T073818Z_e44d99bd,BTC,HB,gap_depthL1,B0,0.9,1000,,,,,,,,0.44852834352759896,10,18186,15509,2036,16150,190062a2800024900257b66baaeb958760ab1e0235f9eec4b5357b28581f8d6d,0.08373810779667337,0.10265225933202357,0.09973293933712095
V1.2_STAGE3_FINAL,20260905T073818Z_e44d99bd,BTC,HB,gap_depthL1,B1,0.9,1000,,,,,,,,0.44852834352759896,10,18186,15509,1880,16306,4df19ab18dbf6c929e664d5b4b46283c87e36266a890b78656bc38d3197ec55f,0.08987823891157362,0.1074468085106383,0.1068534509727638
V1.2_STAGE3_FINAL,20260905T073818Z_e44d99bd,BTC,HB,gap_depthL1,B0,0.9,5000,,,,,,,,0.44852834352759896,50,18186,10314,575,17611,4dde276ab0601c8f0ab7e585381aedfff416735a0b538bf9099e3010f72dca3c,0.28587999667572406,0.3234782608695652,0.38430571406186315
V1.2_STAGE3_FINAL,20260905T073818Z_e44d99bd,BTC,HB,gap_depthL1,B1,0.9,5000,,,,,,,,0.44852834352759896,50,18186,10314,571,17615,ca7f88139f7cfb342c39a6f4859a097ed6b13bd8c3af874789f8ea4bd18d242b,0.2864714814093946,0.3222416812609457,0.38229581327471396
V1.2_STAGE3_FINAL,20260905T073818Z_e44d99bd,BTC,HB,gap_depthL1,B0,0.9,30000,,,,,,,,0.44852834352759896,300,18078,2642,217,17861,57cc6c37155b40b1cf0f769415ed2263bca9faf9e7874aa8988759eb4a8d6985,0.6369216144122974,0.6036866359447005,1.161499805105075
V1.2_STAGE3_FINAL,20260905T073818Z_e44d99bd,BTC,HB,gap_depthL1,B1,0.9,30000,,,,,,,,0.44852834352759896,300,18078,2642,217,17861,42a2125d734c1175a6f93e4ea0a48865bd118d10a25f8cae4e2ecd6251f9f145,0.6329322192166834,0.6036866359447005,1.1575104099094609
V1.2_STAGE3_FINAL,20260905T073818Z_e44d99bd,BTC,HB,gap_localOFI,B0,0.9,1000,,,,,,,,0.44852834352759896,10,4288,788,1623,2665,11fdcbcb145e16582d6b0c1150b19cf3d0b52062c27ec6fa682b19cbf0da5e5f,0.09005032606326595,0.1059765865680838,0.10323168380764956
V1.2_STAGE3_FINAL,20260905T073818Z_e44d99bd,BTC,HB,gap_localOFI,B1,0.9,1000,,,,,,,,0.44852834352759896,10,4288,788,1523,2765,bd6838b63d858df8a535e03f81ad96b9a658f74143a84b5f4cf3d5e4801cbff5,0.09204786022290183,0.1057124097176625,0.1050866886232617
V1.2_STAGE3_FINAL,20260905T073818Z_e44d99bd,BTC,HB,gap_localOFI,B0,0.9,5000,,,,,,,,0.44852834352759896,50,4288,508,570,3718,7538ce3b750a6001617a8d87918f8f86c334dd04ab32088d93c44616864542ec,0.2538267455640398,0.2912280701754386,0.3616785029410528
V1.2_STAGE3_FINAL,20260905T073818Z_e44d99bd,BTC,HB,gap_localOFI,B1,0.9,5000,,,,,,,,0.44852834352759896,50,4288,508,561,3727,4d3f6f200a46cb1d0150ae1ceb4d6d54470a367b5753dd3cc60f03a8f23fdc0d,0.25141208111326724,0.29411764705882354,0.3609940805872377
V1.2_STAGE3_FINAL,20260905T073818Z_e44d99bd,BTC,HB,gap_localOFI,B0,0.9,30000,,,,,,,,0.44852834352759896,300,4261,136,224,4037,2e19730f77c4f7c37e1aed9ce10d0fecf2be7797b8d18af36ac3eb54d2c94eb0,0.5115455693897379,0.5803571428571429,1.1714693538116092
V1.2_STAGE3_FINAL,20260905T073818Z_e44d99bd,BTC,HB,gap_localOFI,B1,0.9,30000,,,,,,,,0.44852834352759896,300,4261,136,224,4037,af1ed5b249caacc54f152a5ab26719957ef51b82f5ac03672f216299008673e0,0.5115455693897379,0.5803571428571429,1.1714693538116092
V1.2_STAGE3_FINAL,20260905T073818Z_e44d99bd,BTC,HB,bitget_ofi,B0,0.9,1000,,,,,,,,0.017833921605052882,10,21291,3214,8894,12397,de83e096d71b3b41830987b57e6d6620fdb501e7ceba784d557b7d776e94fd44,0.02301285877872437,0.05048347200359793,0.05054820485185154
V1.2_STAGE3_FINAL,20260905T073818Z_e44d99bd,BTC,HB,bitget_ofi,B1,0.9,1000,,,,,,,,0.017833921605052882,10,21291,3214,8413,12878,3b07535196785aeb1b3600aa739b4500e22e0e3e218b1ab8e26f040175fa0bfa,0.022898699254906597,0.05063592059907286,0.04976174222947073
V1.2_STAGE3_FINAL,20260905T073818Z_e44d99bd,BTC,HB,bitget_ofi,B0,0.9,5000,,,,,,,,0.017833921605052882,50,21288,2639,3170,18118,16acd8e906688017c14432a01d2cb87cb3f1dc4e118e70f4259beb21e727314b,0.05513346165431393,0.13753943217665615,0.17562047891987964
V1.2_STAGE3_FINAL,20260905T073818Z_e44d99bd,BTC,HB,bitget_ofi,B1,0.9,5000,,,,,,,,0.017833921605052882,50,21288,2639,3118,18170,b2ef4cf2ad5807b62ee828de274b64cff3f4239ebad1e32569cb5daff8b9fda8,0.049085659366839875,0.1337395766516998,0.17454398261979487
V1.2_STAGE3_FINAL,20260905T073818Z_e44d99bd,BTC,HB,bitget_ofi,B0,0.9,30000,,,,,,,,0.017833921605052882,300,21249,2440,674,20575,98dda33ca53c11fe64a2f6c6a45bbcb752da89c0d63ff26a6cdf94e21f75fa34,0.08882948227950277,0.3323442136498516,0.7324695861358449
V1.2_STAGE3_FINAL,20260905T073818Z_e44d99bd,BTC,HB,bitget_ofi,B1,0.9,30000,,,,,,,,0.017833921605052882,300,21249,2440,673,20576,cffb17f346f78f465432991a65dcb26f85152a515d5f3c65d857381ab2a7f8df,0.0978693041894485,0.3313521545319465,0.7208678878094998
V1.2_STAGE3_FINAL,20260905T073818Z_e44d99bd,BTC,HB,depthL1_extOFI,B0,0.9,1000,,,,,,,,0.7038224518553312,10,21287,5038,7218,14069,278506e1aedbff60deb06ccf82d6f421528317c19c7a618d32c1c768d32408bd,0.05045597788413706,0.08742033804377944,0.06511242510606413
V1.2_STAGE3_FINAL,20260905T073818Z_e44d99bd,BTC,HB,depthL1_extOFI,B1,0.9,1000,,,,,,,,0.7038224518553312,10,21287,5038,6755,14532,5ad84afee28dc409470c67cd31a82d16f06f53d6ac35fc254ad80c60d5be1bbc,0.051714335340509815,0.08615840118430793,0.06380072020325661
V1.2_STAGE3_FINAL,20260905T073818Z_e44d99bd,BTC,HB,depthL1_extOFI,B0,0.9,5000,,,,,,,,0.7038224518553312,50,21280,3939,2395,18885,5a78db13c788ac2c9071e1d721a5f604a6ae6a601b3c85b6af804cce5b5d7b59,0.1454270065179181,0.230062630480167,0.2238648974594719
V1.2_STAGE3_FINAL,20260905T073818Z_e44d99bd,BTC,HB,depthL1_extOFI,B1,0.9,5000,,,,,,,,0.7038224518553312,50,21280,3939,2358,18922,7ab12d7c005bbd6b96bd5e00d405eb69f8cafb1326863ca4e3a9f7b037dd5981,0.14377777974335215,0.22815945716709077,0.22663074469836061
V1.2_STAGE3_FINAL,20260905T073818Z_e44d99bd,BTC,HB,depthL1_extOFI,B0,0.9,30000,,,,,,,,0.7038224518553312,300,21225,2660,588,20637,432e0df44e402e710d7c6f333d5e97cc332b6bc8c3419cff979c0dac9e5a69d6,0.33826009408064817,0.45918367346938777,0.7991270392071526
V1.2_STAGE3_FINAL,20260905T073818Z_e44d99bd,BTC,HB,depthL1_extOFI,B1,0.9,30000,,,,,,,,0.7038224518553312,300,21225,2660,587,20638,ea0ce98817d22ede027d193195892b5c622cb4e29621fd0c573c6a855011263f,0.33785393664600816,0.46337308347529815,0.7961259751124216
V1.2_STAGE3_FINAL,20260905T073818Z_e44d99bd,BTC,HB,gap_depth_extOFI,B0,0.9,1000,,,,,,,,0.44852834352759896,10,15601,10954,2204,13397,2e9a0c75be11418b3ddab6a424ffb36d84fb6a6dad8e8aeb51100a9733fd5c3f,0.0849335604597771,0.09891107078039928,0.10399553078615635
V1.2_STAGE3_FINAL,20260905T073818Z_e44d99bd,BTC,HB,gap_depth_extOFI,B1,0.9,1000,,,,,,,,0.44852834352759896,10,15601,10954,2034,13567,23d1d8092a5df49d976d5262a4b37743d8860994b227ce5e6b9e9c7b6ff72602,0.09279133017465237,0.10226155358898721,0.10712551560861237
V1.2_STAGE3_FINAL,20260905T073818Z_e44d99bd,BTC,HB,gap_depth_extOFI,B0,0.9,5000,,,,,,,,0.44852834352759896,50,15601,7428,631,14970,6fd6f470457405400c425b0db7b440fd11ef0f2de539e6c93fc4bc8f409488e5,0.28659861192977387,0.3090332805071315,0.38414300882125246
V1.2_STAGE3_FINAL,20260905T073818Z_e44d99bd,BTC,HB,gap_depth_extOFI,B1,0.9,5000,,,,,,,,0.44852834352759896,50,15601,7428,623,14978,f1610afafa9f020f7f4a018ae81de30eb4e8136000105acac297d934231518ca,0.28491485862637067,0.30818619582664525,0.38355118298691215
V1.2_STAGE3_FINAL,20260905T073818Z_e44d99bd,BTC,HB,gap_depth_extOFI,B0,0.9,30000,,,,,,,,0.44852834352759896,300,15508,1732,232,15276,9222ab2eccbc52377325dcc63cf26b9cc2f1671b87abda0de56a1e30cbe23a10,0.6086836534419937,0.5818965517241379,1.2102193025187333
V1.2_STAGE3_FINAL,20260905T073818Z_e44d99bd,BTC,HB,gap_depth_extOFI,B1,0.9,30000,,,,,,,,0.44852834352759896,300,15508,1732,230,15278,8530361c2738c12bae153093ff581a51db1b9eda6f3907f48c88603ab51463ff,0.6102126471351925,0.5869565217391305,1.2169790409865127
V1.2_STAGE3_FINAL,20260905T073818Z_e44d99bd,ETH,HZ,bitget_ofi,T0,0.8,,212624,56827,155797,0.7327347806456468,48578,HZ_DISCRIMINATING,,0.0008919015340706132,,,,,,,,,
V1.2_STAGE3_FINAL,20260905T073818Z_e44d99bd,ETH,HZ,bitget_ofi,TZ,0.8,,212624,56827,155797,0.7327347806456468,48578,HZ_DISCRIMINATING,,0.16077169581120582,,,,,,,,,
V1.2_STAGE3_FINAL,20260905T073818Z_e44d99bd,ETH,HZ,bitget_ofi,T0,0.9,,212624,56827,155797,0.7327347806456468,48578,HZ_DISCRIMINATING,,0.049350480223739605,,,,,,,,,
V1.2_STAGE3_FINAL,20260905T073818Z_e44d99bd,ETH,HZ,bitget_ofi,TZ,0.9,,212624,56827,155797,0.7327347806456468,48578,HZ_DISCRIMINATING,,0.3312248480040294,,,,,,,,,
V1.2_STAGE3_FINAL,20260905T073818Z_e44d99bd,ETH,HZ,bitget_ofi,T0,0.95,,212624,56827,155797,0.7327347806456468,48578,HZ_DISCRIMINATING,,0.17338824197671118,,,,,,,,,
V1.2_STAGE3_FINAL,20260905T073818Z_e44d99bd,ETH,HZ,bitget_ofi,TZ,0.95,,212624,56827,155797,0.7327347806456468,48578,HZ_DISCRIMINATING,,0.6913224083896452,,,,,,,,,
V1.2_STAGE3_FINAL,20260905T073818Z_e44d99bd,ETH,HZ,bitget_trade_flow,T0,0.8,,7444,7435,9,0.0012090274046211713,163,HZ_NONDISCRIMINATING_EQUAL_THRESHOLD,,1.0,,,,,,,,,
V1.2_STAGE3_FINAL,20260905T073818Z_e44d99bd,ETH,HZ,bitget_trade_flow,TZ,0.8,,7444,7435,9,0.0012090274046211713,163,HZ_NONDISCRIMINATING_EQUAL_THRESHOLD,,1.0,,,,,,,,,
V1.2_STAGE3_FINAL,20260905T073818Z_e44d99bd,ETH,HZ,bitget_trade_flow,T0,0.9,,7444,7435,9,0.0012090274046211713,163,HZ_NONDISCRIMINATING_EQUAL_THRESHOLD,,1.0,,,,,,,,,
V1.2_STAGE3_FINAL,20260905T073818Z_e44d99bd,ETH,HZ,bitget_trade_flow,TZ,0.9,,7444,7435,9,0.0012090274046211713,163,HZ_NONDISCRIMINATING_EQUAL_THRESHOLD,,1.0,,,,,,,,,
V1.2_STAGE3_FINAL,20260905T073818Z_e44d99bd,ETH,HZ,bitget_trade_flow,T0,0.95,,7444,7435,9,0.0012090274046211713,163,HZ_NONDISCRIMINATING_EQUAL_THRESHOLD,,1.0,,,,,,,,,
V1.2_STAGE3_FINAL,20260905T073818Z_e44d99bd,ETH,HZ,bitget_trade_flow,TZ,0.95,,7444,7435,9,0.0012090274046211713,163,HZ_NONDISCRIMINATING_EQUAL_THRESHOLD,,1.0,,,,,,,,,
V1.2_STAGE3_FINAL,20260905T073818Z_e44d99bd,ETH,HZ,depth_imbalance_l1,T0,0.8,,212624,212592,32,0.00015050041387613817,43878,HZ_NONDISCRIMINATING_EQUAL_THRESHOLD,,0.7570159027128157,,,,,,,,,
V1.2_STAGE3_FINAL,20260905T073818Z_e44d99bd,ETH,HZ,depth_imbalance_l1,TZ,0.8,,212624,212592,32,0.00015050041387613817,43878,HZ_NONDISCRIMINATING_EQUAL_THRESHOLD,,0.7570159027128157,,,,,,,,,
V1.2_STAGE3_FINAL,20260905T073818Z_e44d99bd,ETH,HZ,depth_imbalance_l1,T0,0.9,,212624,212592,32,0.00015050041387613817,43878,HZ_DISCRIMINATING,,0.8711608351742323,,,,,,,,,
V1.2_STAGE3_FINAL,20260905T073818Z_e44d99bd,ETH,HZ,depth_imbalance_l1,TZ,0.9,,212624,212592,32,0.00015050041387613817,43878,HZ_DISCRIMINATING,,0.871161027337648,,,,,,,,,
V1.2_STAGE3_FINAL,20260905T073818Z_e44d99bd,ETH,HZ,depth_imbalance_l1,T0,0.95,,212624,212592,32,0.00015050041387613817,43878,HZ_DISCRIMINATING,,0.9432530912131891,,,,,,,,,
V1.2_STAGE3_FINAL,20260905T073818Z_e44d99bd,ETH,HZ,depth_imbalance_l1,TZ,0.95,,212624,212592,32,0.00015050041387613817,43878,HZ_DISCRIMINATING,,0.943344790802418,,,,,,,,,
V1.2_STAGE3_FINAL,20260905T073818Z_e44d99bd,ETH,HZ,depth_imbalance_l5,T0,0.8,,212624,212622,2,9.406275867258635e-06,84584,HZ_DISCRIMINATING,,0.6106019895197662,,,,,,,,,
V1.2_STAGE3_FINAL,20260905T073818Z_e44d99bd,ETH,HZ,depth_imbalance_l5,TZ,0.8,,212624,212622,2,9.406275867258635e-06,84584,HZ_DISCRIMINATING,,0.6106045741932803,,,,,,,,,
V1.2_STAGE3_FINAL,20260905T073818Z_e44d99bd,ETH,HZ,depth_imbalance_l5,T0,0.9,,212624,212622,2,9.406275867258635e-06,84584,HZ_DISCRIMINATING,,0.7449066841720403,,,,,,,,,
V1.2_STAGE3_FINAL,20260905T073818Z_e44d99bd,ETH,HZ,depth_imbalance_l5,TZ,0.9,,212624,212622,2,9.406275867258635e-06,84584,HZ_DISCRIMINATING,,0.7449091770258591,,,,,,,,,
V1.2_STAGE3_FINAL,20260905T073818Z_e44d99bd,ETH,HZ,depth_imbalance_l5,T0,0.95,,212624,212622,2,9.406275867258635e-06,84584,HZ_DISCRIMINATING,,0.8388024476147995,,,,,,,,,
V1.2_STAGE3_FINAL,20260905T073818Z_e44d99bd,ETH,HZ,depth_imbalance_l5,TZ,0.95,,212624,212622,2,9.406275867258635e-06,84584,HZ_DISCRIMINATING,,0.8388040385061669,,,,,,,,,
V1.2_STAGE3_FINAL,20260905T073818Z_e44d99bd,ETH,HZ,external_ofi,T0,0.8,,212624,201226,11398,0.05360636616750696,201104,HZ_DISCRIMINATING,,0.02623515179971527,,,,,,,,,
V1.2_STAGE3_FINAL,20260905T073818Z_e44d99bd,ETH,HZ,external_ofi,TZ,0.8,,212624,201226,11398,0.05360636616750696,201104,HZ_DISCRIMINATING,,0.02831715887380532,,,,,,,,,
V1.2_STAGE3_FINAL,20260905T073818Z_e44d99bd,ETH,HZ,external_ofi,T0,0.9,,212624,201226,11398,0.05360636616750696,201104,HZ_DISCRIMINATING,,0.058518520199015,,,,,,,,,
V1.2_STAGE3_FINAL,20260905T073818Z_e44d99bd,ETH,HZ,external_ofi,TZ,0.9,,212624,201226,11398,0.05360636616750696,201104,HZ_DISCRIMINATING,,0.06175305877296938,,,,,,,,,
V1.2_STAGE3_FINAL,20260905T073818Z_e44d99bd,ETH,HZ,external_ofi,T0,0.95,,212624,201226,11398,0.05360636616750696,201104,HZ_DISCRIMINATING,,0.12715937654256484,,,,,,,,,
V1.2_STAGE3_FINAL,20260905T073818Z_e44d99bd,ETH,HZ,external_ofi,TZ,0.95,,212624,201226,11398,0.05360636616750696,201104,HZ_DISCRIMINATING,,0.13760046443362647,,,,,,,,,
V1.2_STAGE3_FINAL,20260905T073818Z_e44d99bd,ETH,HZ,external_trade_flow,T0,0.8,,75747,71207,4540,0.059936367116849514,2956,HZ_NONDISCRIMINATING_EQUAL_THRESHOLD,,1.0,,,,,,,,,
V1.2_STAGE3_FINAL,20260905T073818Z_e44d99bd,ETH,HZ,external_trade_flow,TZ,0.8,,75747,71207,4540,0.059936367116849514,2956,HZ_NONDISCRIMINATING_EQUAL_THRESHOLD,,1.0,,,,,,,,,
V1.2_STAGE3_FINAL,20260905T073818Z_e44d99bd,ETH,HZ,external_trade_flow,T0,0.9,,75747,71207,4540,0.059936367116849514,2956,HZ_NONDISCRIMINATING_EQUAL_THRESHOLD,,1.0,,,,,,,,,
V1.2_STAGE3_FINAL,20260905T073818Z_e44d99bd,ETH,HZ,external_trade_flow,TZ,0.9,,75747,71207,4540,0.059936367116849514,2956,HZ_NONDISCRIMINATING_EQUAL_THRESHOLD,,1.0,,,,,,,,,
V1.2_STAGE3_FINAL,20260905T073818Z_e44d99bd,ETH,HZ,external_trade_flow,T0,0.95,,75747,71207,4540,0.059936367116849514,2956,HZ_NONDISCRIMINATING_EQUAL_THRESHOLD,,1.0,,,,,,,,,
V1.2_STAGE3_FINAL,20260905T073818Z_e44d99bd,ETH,HZ,external_trade_flow,TZ,0.95,,75747,71207,4540,0.059936367116849514,2956,HZ_NONDISCRIMINATING_EQUAL_THRESHOLD,,1.0,,,,,,,,,
V1.2_STAGE3_FINAL,20260905T073818Z_e44d99bd,ETH,HZ,fair_accel_100ms,T0,0.8,,212620,212547,73,0.0003433355281723262,211275,HZ_DISCRIMINATING,,7.323399200232385e-07,,,,,,,,,
V1.2_STAGE3_FINAL,20260905T073818Z_e44d99bd,ETH,HZ,fair_accel_100ms,TZ,0.8,,212620,212547,73,0.0003433355281723262,211275,HZ_DISCRIMINATING,,7.324954441158228e-07,,,,,,,,,
V1.2_STAGE3_FINAL,20260905T073818Z_e44d99bd,ETH,HZ,fair_accel_100ms,T0,0.9,,212620,212547,73,0.0003433355281723262,211275,HZ_DISCRIMINATING,,1.1962598570177926e-06,,,,,,,,,
V1.2_STAGE3_FINAL,20260905T073818Z_e44d99bd,ETH,HZ,fair_accel_100ms,TZ,0.9,,212620,212547,73,0.0003433355281723262,211275,HZ_DISCRIMINATING,,1.1967159356135803e-06,,,,,,,,,
V1.2_STAGE3_FINAL,20260905T073818Z_e44d99bd,ETH,HZ,fair_accel_100ms,T0,0.95,,212620,212547,73,0.0003433355281723262,211275,HZ_DISCRIMINATING,,0.05282684665323303,,,,,,,,,
V1.2_STAGE3_FINAL,20260905T073818Z_e44d99bd,ETH,HZ,fair_accel_100ms,TZ,0.95,,212620,212547,73,0.0003433355281723262,211275,HZ_DISCRIMINATING,,0.052872282042129536,,,,,,,,,
V1.2_STAGE3_FINAL,20260905T073818Z_e44d99bd,ETH,HZ,fair_gap_reversion,T0,0.8,,212624,212624,0,0.0,212550,ZERO_FREE_CONTROL,,0.46097091006913626,,,,,,,,,
V1.2_STAGE3_FINAL,20260905T073818Z_e44d99bd,ETH,HZ,fair_gap_reversion,TZ,0.8,,212624,212624,0,0.0,212550,ZERO_FREE_CONTROL,,0.46097091006913626,,,,,,,,,
V1.2_STAGE3_FINAL,20260905T073818Z_e44d99bd,ETH,HZ,fair_gap_reversion,T0,0.9,,212624,212624,0,0.0,212550,ZERO_FREE_CONTROL,,0.6001090906160302,,,,,,,,,
V1.2_STAGE3_FINAL,20260905T073818Z_e44d99bd,ETH,HZ,fair_gap_reversion,TZ,0.9,,212624,212624,0,0.0,212550,ZERO_FREE_CONTROL,,0.6001090906160302,,,,,,,,,
V1.2_STAGE3_FINAL,20260905T073818Z_e44d99bd,ETH,HZ,fair_gap_reversion,T0,0.95,,212624,212624,0,0.0,212550,ZERO_FREE_CONTROL,,0.7334299514548669,,,,,,,,,
V1.2_STAGE3_FINAL,20260905T073818Z_e44d99bd,ETH,HZ,fair_gap_reversion,TZ,0.95,,212624,212624,0,0.0,212550,ZERO_FREE_CONTROL,,0.7334299514548669,,,,,,,,,
V1.2_STAGE3_FINAL,20260905T073818Z_e44d99bd,ETH,HZ,leader_gap_100ms,T0,0.8,,212622,212548,74,0.00034803548080631356,212495,HZ_DISCRIMINATING,,0.0005830545776298664,,,,,,,,,
V1.2_STAGE3_FINAL,20260905T073818Z_e44d99bd,ETH,HZ,leader_gap_100ms,TZ,0.8,,212622,212548,74,0.00034803548080631356,212495,HZ_DISCRIMINATING,,0.0005831276553692264,,,,,,,,,
V1.2_STAGE3_FINAL,20260905T073818Z_e44d99bd,ETH,HZ,leader_gap_100ms,T0,0.9,,212622,212548,74,0.00034803548080631356,212495,HZ_DISCRIMINATING,,0.0008262320984003375,,,,,,,,,
V1.2_STAGE3_FINAL,20260905T073818Z_e44d99bd,ETH,HZ,leader_gap_100ms,TZ,0.9,,212622,212548,74,0.00034803548080631356,212495,HZ_DISCRIMINATING,,0.0008263431384706243,,,,,,,,,
V1.2_STAGE3_FINAL,20260905T073818Z_e44d99bd,ETH,HZ,leader_gap_100ms,T0,0.95,,212622,212548,74,0.00034803548080631356,212495,HZ_DISCRIMINATING,,0.0018465889089293583,,,,,,,,,
V1.2_STAGE3_FINAL,20260905T073818Z_e44d99bd,ETH,HZ,leader_gap_100ms,TZ,0.95,,212622,212548,74,0.00034803548080631356,212495,HZ_DISCRIMINATING,,0.0018483862144570069,,,,,,,,,
V1.2_STAGE3_FINAL,20260905T073818Z_e44d99bd,ETH,HZ,leader_gap_200ms,T0,0.8,,212620,212547,73,0.0003433355281723262,212529,HZ_DISCRIMINATING,,0.0012758213088400958,,,,,,,,,
V1.2_STAGE3_FINAL,20260905T073818Z_e44d99bd,ETH,HZ,leader_gap_200ms,TZ,0.8,,212620,212547,73,0.0003433355281723262,212529,HZ_DISCRIMINATING,,0.0012760993851191292,,,,,,,,,
V1.2_STAGE3_FINAL,20260905T073818Z_e44d99bd,ETH,HZ,leader_gap_200ms,T0,0.9,,212620,212547,73,0.0003433355281723262,212529,HZ_DISCRIMINATING,,0.002134942104577892,,,,,,,,,
V1.2_STAGE3_FINAL,20260905T073818Z_e44d99bd,ETH,HZ,leader_gap_200ms,TZ,0.9,,212620,212547,73,0.0003433355281723262,212529,HZ_DISCRIMINATING,,0.002135768197595333,,,,,,,,,
V1.2_STAGE3_FINAL,20260905T073818Z_e44d99bd,ETH,HZ,leader_gap_200ms,T0,0.95,,212620,212547,73,0.0003433355281723262,212529,HZ_DISCRIMINATING,,0.08127012101306758,,,,,,,,,
V1.2_STAGE3_FINAL,20260905T073818Z_e44d99bd,ETH,HZ,leader_gap_200ms,TZ,0.95,,212620,212547,73,0.0003433355281723262,212529,HZ_DISCRIMINATING,,0.08127835735637325,,,,,,,,,
V1.2_STAGE3_FINAL,20260905T073818Z_e44d99bd,ETH,HZ,leader_gap_500ms,T0,0.8,,212617,212547,70,0.00032923049426903777,212539,HZ_DISCRIMINATING,,0.0044357234322724565,,,,,,,,,
V1.2_STAGE3_FINAL,20260905T073818Z_e44d99bd,ETH,HZ,leader_gap_500ms,TZ,0.8,,212617,212547,70,0.00032923049426903777,212539,HZ_DISCRIMINATING,,0.00443783883712616,,,,,,,,,
V1.2_STAGE3_FINAL,20260905T073818Z_e44d99bd,ETH,HZ,leader_gap_500ms,T0,0.9,,212617,212547,70,0.00032923049426903777,212539,HZ_DISCRIMINATING,,0.08384281951058174,,,,,,,,,
V1.2_STAGE3_FINAL,20260905T073818Z_e44d99bd,ETH,HZ,leader_gap_500ms,TZ,0.9,,212617,212547,70,0.00032923049426903777,212539,HZ_DISCRIMINATING,,0.08388956980772139,,,,,,,,,
V1.2_STAGE3_FINAL,20260905T073818Z_e44d99bd,ETH,HZ,leader_gap_500ms,T0,0.95,,212617,212547,70,0.00032923049426903777,212539,HZ_DISCRIMINATING,,0.21912367580657996,,,,,,,,,
V1.2_STAGE3_FINAL,20260905T073818Z_e44d99bd,ETH,HZ,leader_gap_500ms,TZ,0.95,,212617,212547,70,0.00032923049426903777,212539,HZ_DISCRIMINATING,,0.21915034333360356,,,,,,,,,
V1.2_STAGE3_FINAL,20260905T073818Z_e44d99bd,ETH,HZ,leader_gap_1000ms,T0,0.8,,212611,212546,65,0.00030572265781168427,212545,HZ_DISCRIMINATING,,0.05192045242500092,,,,,,,,,
V1.2_STAGE3_FINAL,20260905T073818Z_e44d99bd,ETH,HZ,leader_gap_1000ms,TZ,0.8,,212611,212546,65,0.00030572265781168427,212545,HZ_DISCRIMINATING,,0.051981188963249256,,,,,,,,,
V1.2_STAGE3_FINAL,20260905T073818Z_e44d99bd,ETH,HZ,leader_gap_1000ms,T0,0.9,,212611,212546,65,0.00030572265781168427,212545,HZ_DISCRIMINATING,,0.19298870017593742,,,,,,,,,
V1.2_STAGE3_FINAL,20260905T073818Z_e44d99bd,ETH,HZ,leader_gap_1000ms,TZ,0.9,,212611,212546,65,0.00030572265781168427,212545,HZ_DISCRIMINATING,,0.19306297935555222,,,,,,,,,
V1.2_STAGE3_FINAL,20260905T073818Z_e44d99bd,ETH,HZ,leader_gap_1000ms,T0,0.95,,212611,212546,65,0.00030572265781168427,212545,HZ_DISCRIMINATING,,0.40571939381943134,,,,,,,,,
V1.2_STAGE3_FINAL,20260905T073818Z_e44d99bd,ETH,HZ,leader_gap_1000ms,TZ,0.95,,212611,212546,65,0.00030572265781168427,212545,HZ_DISCRIMINATING,,0.4057818296032197,,,,,,,,,
V1.2_STAGE3_FINAL,20260905T073818Z_e44d99bd,ETH,HG,depthL1_extOFI,G0,0.8,1000,,,,,,,,0.5678443268665492,10,42525,,12032,30493,96fcfddaba536c3a4c636731e3de92a72a3043d0987acd8024c60f3758298793,0.0692947105694874,0.1233377659574468,0.0934974272482446
V1.2_STAGE3_FINAL,20260905T073818Z_e44d99bd,ETH,HG,depthL1_extOFI,G1,0.8,1000,,,,,,,32,0.7570159027128157,10,21897,,4876,17021,37b34f7e656fb9ef28603e415f1f17e9235c0e88ace130c8599ff9ee1b2c0402,0.11691221830244192,0.1874487284659557,0.1340643072817143
V1.2_STAGE3_FINAL,20260905T073818Z_e44d99bd,ETH,HG,depthL1_extOFI,G0,0.8,5000,,,,,,,,0.5678443268665492,50,42518,,3421,39097,dfc2f6539263da35b290e2a5557f3da2841bf411355b170c68807e9b83b7f051,0.17258050205172984,0.31189710610932475,0.3262793805345025
V1.2_STAGE3_FINAL,20260905T073818Z_e44d99bd,ETH,HG,depthL1_extOFI,G1,0.8,5000,,,,,,,32,0.7570159027128157,50,21890,,1707,20183,2c819985b910d1a1955324c24f758060ddc88098ac036987d1aa3f0f91ac94e4,0.3170540372298443,0.45518453427065025,0.42503508997645945
V1.2_STAGE3_FINAL,20260905T073818Z_e44d99bd,ETH,HG,depthL1_extOFI,G0,0.8,30000,,,,,,,,0.5678443268665492,300,42412,,678,41734,684f207a43b766dd0a8d2d6841de0ce8e164fbcb69a82375099757681648390f,0.2629729116582418,0.48672566371681414,1.08413056923846
V1.2_STAGE3_FINAL,20260905T073818Z_e44d99bd,ETH,HG,depthL1_extOFI,G1,0.8,30000,,,,,,,32,0.7570159027128157,300,21808,,520,21288,0f78dd845d46676a403ec33aeb2490219380427e0e006aa7cfa00d956d3f84c1,0.34461535263683857,0.551923076923077,1.2138804549825166
V1.2_STAGE3_FINAL,20260905T073818Z_e44d99bd,ETH,HG,depthL1_extOFI,G0,0.9,1000,,,,,,,,0.7071369782480894,10,21263,,7479,13784,70fda6c5e889b3c4b73678ff14792d17dd60cf6b3c4af73153993e7a297de483,0.09573547618579144,0.16579756651958819,0.1210317672628728
V1.2_STAGE3_FINAL,20260905T073818Z_e44d99bd,ETH,HG,depthL1_extOFI,G1,0.9,1000,,,,,,,32,0.8711608351742323,10,11331,,2721,8610,565d5e594cbd134fc185547d7903c99fe547b4e8bdc7a5ab892ddf1b6fd4c715,0.1550763672456254,0.237045203969129,0.17641324668279476
V1.2_STAGE3_FINAL,20260905T073818Z_e44d99bd,ETH,HG,depthL1_extOFI,G0,0.9,5000,,,,,,,,0.7071369782480894,50,21259,,2641,18618,8cb15e358388541fde0223ab458dc74c8c89baccdbc20faa4a4850dc495af792,0.2301439731024084,0.3767512305944718,0.3732626677298704
V1.2_STAGE3_FINAL,20260905T073818Z_e44d99bd,ETH,HG,depthL1_extOFI,G1,0.9,5000,,,,,,,32,0.8711608351742323,50,11331,,1134,10197,df910ae32c0aec8578e59ce907d7d6809e90d20269fbb17d46126a10ae739a09,0.3752220818060749,0.5246913580246914,0.4890665491672522
V1.2_STAGE3_FINAL,20260905T073818Z_e44d99bd,ETH,HG,depthL1_extOFI,G0,0.9,30000,,,,,,,,0.7071369782480894,300,21193,,623,20570,071f903b8a8c96897fc372683179207d8b7fbd4d7cf76a9331423a6cdfbb9185,0.3204663260656776,0.5152487961476726,1.1623955120441012
V1.2_STAGE3_FINAL,20260905T073818Z_e44d99bd,ETH,HG,depthL1_extOFI,G1,0.9,30000,,,,,,,32,0.8711608351742323,300,11273,,442,10831,26034beb1fb95e4400edb5058f70f2c1118499ad262a7174bb3684a6cc845385,0.4046549096368509,0.5633484162895928,1.2726733855691545
V1.2_STAGE3_FINAL,20260905T073818Z_e44d99bd,ETH,HG,depthL1_extOFI,G0,0.95,1000,,,,,,,,0.8069390946502056,10,10632,,4444,6188,926bc884f778e6e89ef08b16ff162aaf7279b890c3c5b4bcae5600044d3907e0,0.13027932469417547,0.2076957695769577,0.15424839353407677
V1.2_STAGE3_FINAL,20260905T073818Z_e44d99bd,ETH,HG,depthL1_extOFI,G1,0.95,1000,,,,,,,32,0.9432530912131891,10,5920,,1565,4355,5b74d2200bd7d0194fff44a2ff9fbda80e8b9ddcdf673757fbce075891e0d381,0.2078334442824145,0.28434504792332266,0.22073815352692752
V1.2_STAGE3_FINAL,20260905T073818Z_e44d99bd,ETH,HG,depthL1_extOFI,G0,0.95,5000,,,,,,,,0.8069390946502056,50,10631,,1942,8689,7d4a61e5ac9ef4c59ca83a1bae84227e6d0ae892151fd8ed716fbfd1bc097460,0.29995465765426677,0.4392378990731205,0.42781594987071025
V1.2_STAGE3_FINAL,20260905T073818Z_e44d99bd,ETH,HG,depthL1_extOFI,G1,0.95,5000,,,,,,,32,0.9432530912131891,50,5920,,739,5181,3b083251beea6685888b84048fd40ab250df4ba15ca5ec5a11f157bdec0870b6,0.4576493691454487,0.5872801082543978,0.5422381466400319
V1.2_STAGE3_FINAL,20260905T073818Z_e44d99bd,ETH,HG,depthL1_extOFI,G0,0.95,30000,,,,,,,,0.8069390946502056,300,10581,,563,10018,f8bb3e1ed34c0cb90108a8843d1acb2d7d3232b937f0163b88e6cb14da3e89b7,0.28322594711892085,0.5435168738898757,1.219277376674636
V1.2_STAGE3_FINAL,20260905T073818Z_e44d99bd,ETH,HG,depthL1_extOFI,G1,0.95,30000,,,,,,,32,0.9432530912131891,300,5869,,350,5519,bacfec7262f4e5aaa24e4aab7633fc5100c4f551eba3e405e64406a62f30b34c,0.5830481548584426,0.6314285714285715,1.2749547023682621
V1.2_STAGE3_FINAL,20260905T073818Z_e44d99bd,ETH,HC,gap_depth_extOFI,C0,0.8,1000,,,,,,,,0.46097091006913626,10,26984,,4187,22797,ef37c191583339a5ea477a0883722fe7e2fdcc814308c2fd9ddcf9d6a1572396,0.08899713176226333,0.10962502985431097,0.11745347002055219
V1.2_STAGE3_FINAL,20260905T073818Z_e44d99bd,ETH,HC,gap_depth_extOFI,C1,0.8,1000,,,,,,,,0.46097091006913626,10,13967,,2972,10995,d4069f9cfb2a4cc55fac2848775e8884f4843bd0226877b46d96b17b3cee3137,0.1087891954237009,0.1389636608344549,0.12824331327872995
V1.2_STAGE3_FINAL,20260905T073818Z_e44d99bd,ETH,HC,gap_depth_extOFI,C0,0.8,5000,,,,,,,,0.46097091006913626,50,26975,,1207,25768,62c01134735f7271c3adce40432f3069c34410969d4e3cc5c9e2cec11f4fb712,0.28885637915566403,0.3363711681855841,0.44752497876589725
V1.2_STAGE3_FINAL,20260905T073818Z_e44d99bd,ETH,HC,gap_depth_extOFI,C1,0.8,5000,,,,,,,,0.46097091006913626,50,13964,,932,13032,09b27c7b210fd692ecfe1d7a37449728a8a34af8d8a218c56fa535d485aba129,0.33990664813846816,0.398068669527897,0.4669511172491552
V1.2_STAGE3_FINAL,20260905T073818Z_e44d99bd,ETH,HC,gap_depth_extOFI,C0,0.8,30000,,,,,,,,0.46097091006913626,300,26851,,385,26466,0f2916f2dfd9a329088cb12f1a1d9d08b2be7d435c4bd0822fa1fae9154e7f81,0.5298700372480124,0.574025974025974,1.3852874025266215
V1.2_STAGE3_FINAL,20260905T073818Z_e44d99bd,ETH,HC,gap_depth_extOFI,C1,0.8,30000,,,,,,,,0.46097091006913626,300,13896,,344,13552,09e0ba4d73c2fb78c6df9862a10935c35c58ae1e94bcdaa57869d90b5a069d4f,0.49234363950635934,0.5901162790697675,1.378663622913662
V1.2_STAGE3_FINAL,20260905T073818Z_e44d99bd,ETH,HC,gap_depth_extOFI,C0,0.9,1000,,,,,,,,0.6001090906160302,10,13642,,2171,11471,733b3868e53ca0bc77f65620b3fd4a46ff376a06fa76a7e1e8fca9a6d72ae885,0.13028612571828382,0.12713035467526485,0.14907812560281453
V1.2_STAGE3_FINAL,20260905T073818Z_e44d99bd,ETH,HC,gap_depth_extOFI,C1,0.9,1000,,,,,,,,0.6001090906160302,10,7182,,1563,5619,a56cafb9f71d5b1c000231c5a7dfa668024414c8ea78c0b2023f859ebe9d67d0,0.14492624212031158,0.15866922584772872,0.16107213630980957
V1.2_STAGE3_FINAL,20260905T073818Z_e44d99bd,ETH,HC,gap_depth_extOFI,C0,0.9,5000,,,,,,,,0.6001090906160302,50,13633,,695,12938,380a8b190f7bd86a3bbbb4be3b6f196c0dc29629465e98adf7d6c112b2f9614c,0.38153747248311404,0.3683453237410072,0.5261261040034466
V1.2_STAGE3_FINAL,20260905T073818Z_e44d99bd,ETH,HC,gap_depth_extOFI,C1,0.9,5000,,,,,,,,0.6001090906160302,50,7179,,539,6640,2f847678b881e04221d42926d663212f1359407f66389463748526ee26e15f90,0.40790764973915217,0.424860853432282,0.5346699682806669
V1.2_STAGE3_FINAL,20260905T073818Z_e44d99bd,ETH,HC,gap_depth_extOFI,C0,0.9,30000,,,,,,,,0.6001090906160302,300,13522,,280,13242,9df07492f53403e11092000353a4bb93fbacac6dfd7ea870a1ce152350146027,0.7781915674530235,0.6107142857142858,1.5073277573665786
V1.2_STAGE3_FINAL,20260905T073818Z_e44d99bd,ETH,HC,gap_depth_extOFI,C1,0.9,30000,,,,,,,,0.6001090906160302,300,7119,,249,6870,90c9ea37308a4800dbeb313528f16fe602a20d523868ae569fee1c01a2b3850a,0.7520563868055951,0.6385542168674698,1.521566784523207
V1.2_STAGE3_FINAL,20260905T073818Z_e44d99bd,ETH,HC,gap_depth_extOFI,C0,0.95,1000,,,,,,,,0.7334299514548669,10,7056,,1124,5932,3884e10d7f09016554e8b0a23b2f16a7fb5e6cbde1a3707e3a22dec8211deeed,0.18750672023920775,0.15480427046263345,0.20800609069516063
V1.2_STAGE3_FINAL,20260905T073818Z_e44d99bd,ETH,HC,gap_depth_extOFI,C1,0.95,1000,,,,,,,,0.7334299514548669,10,3655,,817,2838,3f6262611dc98e9b6b407dabbb96a3ab9415114b2440f712f9bf488b82596e10,0.20165725363570136,0.18482252141982863,0.22008384020539334
V1.2_STAGE3_FINAL,20260905T073818Z_e44d99bd,ETH,HC,gap_depth_extOFI,C0,0.95,5000,,,,,,,,0.7334299514548669,50,7047,,403,6644,150f9cc16883da54cc322fae6aa2719d3c40a2d3843cfff20d2b2d1467aec457,0.5259475830062372,0.4218362282878412,0.6469939615782012
V1.2_STAGE3_FINAL,20260905T073818Z_e44d99bd,ETH,HC,gap_depth_extOFI,C1,0.95,5000,,,,,,,,0.7334299514548669,50,3652,,315,3337,31da4d687e6daaca4f623349701d1721aa62dde2b72cf2f250099ec032c0bb11,0.5339666116101183,0.47619047619047616,0.6577945233111262
V1.2_STAGE3_FINAL,20260905T073818Z_e44d99bd,ETH,HC,gap_depth_extOFI,C0,0.95,30000,,,,,,,,0.7334299514548669,300,7001,,197,6804,5adab82c885649f22b1873589ffd614ad8a6acbfb8d71364c799bf06093afb30,0.8618663902835759,0.6395939086294417,1.6245204767366146
V1.2_STAGE3_FINAL,20260905T073818Z_e44d99bd,ETH,HC,gap_depth_extOFI,C1,0.95,30000,,,,,,,,0.7334299514548669,300,3629,,173,3456,756b74e6fa13e9aa80a64b497f7cc6c94ef1239158b0d28e6bebcc7f768da927,0.7481403713633582,0.653179190751445,1.6194346184702482
V1.2_STAGE3_FINAL,20260905T073818Z_e44d99bd,ETH,HB,depth_imbalance_l1,B0,0.9,1000,,,,,,,,0.8711608351742323,10,21267,13665,2962,18305,faed8c33d875702171205d000776252de575f6d582ca6348bd4f9d232427571a,0.14817182861400727,0.23160027008777853,0.1720220570297316
V1.2_STAGE3_FINAL,20260905T073818Z_e44d99bd,ETH,HB,depth_imbalance_l1,B1,0.9,1000,,,,,,,,0.8711608351742323,10,21267,13665,2776,18491,982b7cae909341811b44d4d5f2db43e5a0f5f02eec524fd79087779b0c8b9be2,0.15207089539351443,0.23451008645533142,0.17769590545418198
V1.2_STAGE3_FINAL,20260905T073818Z_e44d99bd,ETH,HB,depth_imbalance_l1,B0,0.9,5000,,,,,,,,0.8711608351742323,50,21267,6784,1163,20104,86c06ab2c0953afe83505e22db4bdb91e047fbaea408bf832db3c779ad41b980,0.3733381375270623,0.524505588993981,0.4891467088923464
V1.2_STAGE3_FINAL,20260905T073818Z_e44d99bd,ETH,HB,depth_imbalance_l1,B1,0.9,5000,,,,,,,,0.8711608351742323,50,21267,6784,1150,20117,0e1ceb0eb5f188e6ad803b7b2d793cbb37e3b5103faf417d545c2e93b6a0276f,0.37554433883944355,0.5243478260869565,0.4863526709127964
V1.2_STAGE3_FINAL,20260905T073818Z_e44d99bd,ETH,HB,depth_imbalance_l1,B0,0.9,30000,,,,,,,,0.8711608351742323,300,21151,3088,444,20707,6ed292e515e387bce892c5a0c40ed11b0441fa9d07913c28164ae6c4cb92a303,0.40698066705500713,0.5630630630630631,1.2860594999087676
V1.2_STAGE3_FINAL,20260905T073818Z_e44d99bd,ETH,HB,depth_imbalance_l1,B1,0.9,30000,,,,,,,,0.8711608351742323,300,21151,3088,443,20708,8614687feb27961ccfe386387f9b08e237b11eb413e69698bb4f7a775b4ae475,0.411955587506395,0.5643340857787811,1.2830818750530422
V1.2_STAGE3_FINAL,20260905T073818Z_e44d99bd,ETH,HB,gap_depthL1,B0,0.9,1000,,,,,,,,0.6001090906160302,10,14821,11205,1793,13028,0df8be047c88d13c57d6652ab1ca9826fb7ea59a87055832409d8e195b49e39a,0.13657377629465187,0.1550474065811489,0.16000431588023742
V1.2_STAGE3_FINAL,20260905T073818Z_e44d99bd,ETH,HB,gap_depthL1,B1,0.9,1000,,,,,,,,0.6001090906160302,10,14821,11205,1654,13167,935cc869f90f39f587558fd1432d657e4337e8da6971bfdbfa6ab62347def810,0.13817186367032708,0.1596130592503023,0.16214905881904923
V1.2_STAGE3_FINAL,20260905T073818Z_e44d99bd,ETH,HB,gap_depthL1,B0,0.9,5000,,,,,,,,0.6001090906160302,50,14811,6016,584,14227,7ba8d05bdbc8044f3b92ddd113e9719ba1fe190fcf7db2570a6257d7106d54fc,0.37979777953173016,0.4315068493150685,0.5294160981052052
V1.2_STAGE3_FINAL,20260905T073818Z_e44d99bd,ETH,HB,gap_depthL1,B1,0.9,5000,,,,,,,,0.6001090906160302,50,14811,6016,580,14231,34ec2da2fa7c657c7df68c7bca317c2409f65973cb118e09fe4bdfe8c07a3098,0.39106405819135875,0.43448275862068964,0.5394669553092215
V1.2_STAGE3_FINAL,20260905T073818Z_e44d99bd,ETH,HB,gap_depthL1,B0,0.9,30000,,,,,,,,0.6001090906160302,300,14693,1577,263,14430,f2f90d40ccf850529648772891325170c2deb13a449868ec0890ed415f25693b,0.7503019015851339,0.6311787072243346,1.4745127777826768
V1.2_STAGE3_FINAL,20260905T073818Z_e44d99bd,ETH,HB,gap_depthL1,B1,0.9,30000,,,,,,,,0.6001090906160302,300,14693,1577,262,14431,98f3e6d0caca84ed015a09187a5063df94fdd0cb581f741d2252032c2f568406,0.7516166131672696,0.6374045801526718,1.4761033946776179
V1.2_STAGE3_FINAL,20260905T073818Z_e44d99bd,ETH,HB,gap_localOFI,B0,0.9,1000,,,,,,,,0.6001090906160302,10,3068,327,1435,1633,b3f9a3b396e7e1198d2253a1ccf5ac7212d61380c18fdde7e3e6bddccd9430dc,0.1495863468822963,0.14634146341463414,0.16326296170203541
V1.2_STAGE3_FINAL,20260905T073818Z_e44d99bd,ETH,HB,gap_localOFI,B1,0.9,1000,,,,,,,,0.6001090906160302,10,3068,327,1368,1700,dc8c5bcf5c52067553dc627c4d008909ecf9a9dd3b98d85eae56bb879cef9a24,0.1557493123949654,0.14985380116959066,0.16938187999030505
V1.2_STAGE3_FINAL,20260905T073818Z_e44d99bd,ETH,HB,gap_localOFI,B0,0.9,5000,,,,,,,,0.6001090906160302,50,3067,179,629,2438,7d278bd15207bb450a7e80ae761e8e52b0e05953b32f578bf7184f5e7354d37a,0.3399360289582615,0.35453100158982515,0.4963236809257859
V1.2_STAGE3_FINAL,20260905T073818Z_e44d99bd,ETH,HB,gap_localOFI,B1,0.9,5000,,,,,,,,0.6001090906160302,50,3067,179,622,2445,1b067346028e1601d448b11cac8de20e9bf3880739b2446a0e77936f3274edec,0.33924520805907826,0.35691318327974275,0.49713100597947574
V1.2_STAGE3_FINAL,20260905T073818Z_e44d99bd,ETH,HB,gap_localOFI,B0,0.9,30000,,,,,,,,0.6001090906160302,300,3049,78,272,2777,ca3dca623e08dbc1f94c0d7fc1a924a3591882b0386926a45adcf105bb718dfa,0.7324805524314949,0.6139705882352942,1.4803613062050873
V1.2_STAGE3_FINAL,20260905T073818Z_e44d99bd,ETH,HB,gap_localOFI,B1,0.9,30000,,,,,,,,0.6001090906160302,300,3049,78,272,2777,905e109516749fc43b414ffddfea30f0b08690bc2c9ef2653e0ecc03d458e325,0.7324805524314949,0.6139705882352942,1.4803613062050873
V1.2_STAGE3_FINAL,20260905T073818Z_e44d99bd,ETH,HB,bitget_ofi,B0,0.9,1000,,,,,,,,0.049350480223739605,10,21263,3204,8590,12673,38dd0aba78722787ee7f6f3fe9526a1e0da22f237c29d952efa4b2416335d413,0.0409999516497632,0.10710128055878929,0.10625711457755603
V1.2_STAGE3_FINAL,20260905T073818Z_e44d99bd,ETH,HB,bitget_ofi,B1,0.9,1000,,,,,,,,0.049350480223739605,10,21263,3204,8174,13089,ac59c6543c1aa2b7554053bd82578ad311c1a04bf8823feba277d39976971e58,0.042880662573618125,0.10814778566185466,0.10736322536482257
V1.2_STAGE3_FINAL,20260905T073818Z_e44d99bd,ETH,HB,bitget_ofi,B0,0.9,5000,,,,,,,,0.049350480223739605,50,21256,2814,3121,18135,4286242dd10b5e43be5ce1e3990e50def2b5192b48b07b09bc0613ecc0a95c6c,0.10675975897041103,0.26722204421659723,0.33218795037859633
V1.2_STAGE3_FINAL,20260905T073818Z_e44d99bd,ETH,HB,bitget_ofi,B1,0.9,5000,,,,,,,,0.049350480223739605,50,21256,2814,3072,18184,3c23b052b4994ffed9862edae6874d217f063c423d31e52b8eb43122eeea4982,0.09652941273461785,0.2584635416666667,0.3322806501213435
V1.2_STAGE3_FINAL,20260905T073818Z_e44d99bd,ETH,HB,bitget_ofi,B0,0.9,30000,,,,,,,,0.049350480223739605,300,21228,2415,670,20558,3185d7923d76da24f5a464aac6396d324caef8565194401de5ee1c0d30767e7d,0.13442035981532263,0.4298507462686567,1.1313763912363073
V1.2_STAGE3_FINAL,20260905T073818Z_e44d99bd,ETH,HB,bitget_ofi,B1,0.9,30000,,,,,,,,0.049350480223739605,300,21228,2415,668,20560,03ae94ffa5f55e58dc877daa75d48df32b0fc2af62aff4e75f0a60f84f7beb07,0.09039927988752681,0.41317365269461076,1.1088648292347263
V1.2_STAGE3_FINAL,20260905T073818Z_e44d99bd,ETH,HB,depthL1_extOFI,B0,0.9,1000,,,,,,,,0.7071369782480894,10,21263,4315,7479,13784,70fda6c5e889b3c4b73678ff14792d17dd60cf6b3c4af73153993e7a297de483,0.09573547618579144,0.16579756651958819,0.1210317672628728
V1.2_STAGE3_FINAL,20260905T073818Z_e44d99bd,ETH,HB,depthL1_extOFI,B1,0.9,1000,,,,,,,,0.7071369782480894,10,21263,4315,7065,14198,c9452ecc0012cec3d766f8c9145726bff95d7f75a955821dcf1addcbe13ae747,0.0952142615372704,0.16574663835810333,0.12220295099026188
V1.2_STAGE3_FINAL,20260905T073818Z_e44d99bd,ETH,HB,depthL1_extOFI,B0,0.9,5000,,,,,,,,0.7071369782480894,50,21259,3083,2641,18618,8cb15e358388541fde0223ab458dc74c8c89baccdbc20faa4a4850dc495af792,0.2301439731024084,0.3767512305944718,0.3732626677298704
V1.2_STAGE3_FINAL,20260905T073818Z_e44d99bd,ETH,HB,depthL1_extOFI,B1,0.9,5000,,,,,,,,0.7071369782480894,50,21259,3083,2598,18661,2b85bd2a64f3e846bc6f87eca84ec1a77f20a0d0b044d1ffacb8f37e771515a1,0.23277033666365882,0.37644341801385683,0.37296759907028904
V1.2_STAGE3_FINAL,20260905T073818Z_e44d99bd,ETH,HB,depthL1_extOFI,B0,0.9,30000,,,,,,,,0.7071369782480894,300,21193,2456,623,20570,071f903b8a8c96897fc372683179207d8b7fbd4d7cf76a9331423a6cdfbb9185,0.3204663260656776,0.5152487961476726,1.1623955120441012
V1.2_STAGE3_FINAL,20260905T073818Z_e44d99bd,ETH,HB,depthL1_extOFI,B1,0.9,30000,,,,,,,,0.7071369782480894,300,21193,2456,621,20572,0c5863dda6829fdb027f40b2944b1b3196026dff0a10867fae7c75cd54ab1a06,0.29801833960806035,0.5152979066022544,1.1686284164884093
V1.2_STAGE3_FINAL,20260905T073818Z_e44d99bd,ETH,HB,gap_depth_extOFI,B0,0.9,1000,,,,,,,,0.6001090906160302,10,13642,8215,2171,11471,733b3868e53ca0bc77f65620b3fd4a46ff376a06fa76a7e1e8fca9a6d72ae885,0.13028612571828382,0.12713035467526485,0.14907812560281453
V1.2_STAGE3_FINAL,20260905T073818Z_e44d99bd,ETH,HB,gap_depth_extOFI,B1,0.9,1000,,,,,,,,0.6001090906160302,10,13642,8215,2017,11625,7c51ff344cf5412a018f3574d1c33b547ba7414ba14475773fb1c88eda255fa8,0.13548681291937723,0.1294000991571641,0.15515111677108331
V1.2_STAGE3_FINAL,20260905T073818Z_e44d99bd,ETH,HB,gap_depth_extOFI,B0,0.9,5000,,,,,,,,0.6001090906160302,50,13633,4748,695,12938,380a8b190f7bd86a3bbbb4be3b6f196c0dc29629465e98adf7d6c112b2f9614c,0.38153747248311404,0.3683453237410072,0.5261261040034466
V1.2_STAGE3_FINAL,20260905T073818Z_e44d99bd,ETH,HB,gap_depth_extOFI,B1,0.9,5000,,,,,,,,0.6001090906160302,50,13633,4748,684,12949,a1f83129b1fcde6b6da501b1def8b2ad29491484f607591764f819ee0c2f121a,0.3807248721445907,0.3713450292397661,0.5264575014091144
V1.2_STAGE3_FINAL,20260905T073818Z_e44d99bd,ETH,HB,gap_depth_extOFI,B0,0.9,30000,,,,,,,,0.6001090906160302,300,13522,1370,280,13242,9df07492f53403e11092000353a4bb93fbacac6dfd7ea870a1ce152350146027,0.7781915674530235,0.6107142857142858,1.5073277573665786
V1.2_STAGE3_FINAL,20260905T073818Z_e44d99bd,ETH,HB,gap_depth_extOFI,B1,0.9,30000,,,,,,,,0.6001090906160302,300,13522,1370,279,13243,af68241742b36c5958a7b50d3affbe7edb246dd0da278543e8234dfd25a760a8,0.7827332699420998,0.6164874551971327,1.5121462071878093
V1.2_STAGE3_FINAL,20260906T221530Z_db18dc51,BTC,HZ,bitget_ofi,T0,0.8,,107911,61116,46795,0.4336443921379656,60203,HZ_DISCRIMINATING,,0.04726078334159648,,,,,,,,,
V1.2_STAGE3_FINAL,20260906T221530Z_db18dc51,BTC,HZ,bitget_ofi,TZ,0.8,,107911,61116,46795,0.4336443921379656,60203,HZ_DISCRIMINATING,,0.16457402163158075,,,,,,,,,
V1.2_STAGE3_FINAL,20260906T221530Z_db18dc51,BTC,HZ,bitget_ofi,T0,0.9,,107911,61116,46795,0.4336443921379656,60203,HZ_DISCRIMINATING,,0.22134373168426977,,,,,,,,,
V1.2_STAGE3_FINAL,20260906T221530Z_db18dc51,BTC,HZ,bitget_ofi,TZ,0.9,,107911,61116,46795,0.4336443921379656,60203,HZ_DISCRIMINATING,,0.6318774735481165,,,,,,,,,
V1.2_STAGE3_FINAL,20260906T221530Z_db18dc51,BTC,HZ,bitget_ofi,T0,0.95,,107911,61116,46795,0.4336443921379656,60203,HZ_DISCRIMINATING,,0.7479453215528525,,,,,,,,,
V1.2_STAGE3_FINAL,20260906T221530Z_db18dc51,BTC,HZ,bitget_ofi,TZ,0.95,,107911,61116,46795,0.4336443921379656,60203,HZ_DISCRIMINATING,,1.120474977693762,,,,,,,,,
V1.2_STAGE3_FINAL,20260906T221530Z_db18dc51,BTC,HZ,bitget_trade_flow,T0,0.8,,15317,15313,4,0.00026114774433635827,991,HZ_NONDISCRIMINATING_EQUAL_THRESHOLD,,1.0,,,,,,,,,
V1.2_STAGE3_FINAL,20260906T221530Z_db18dc51,BTC,HZ,bitget_trade_flow,TZ,0.8,,15317,15313,4,0.00026114774433635827,991,HZ_NONDISCRIMINATING_EQUAL_THRESHOLD,,1.0,,,,,,,,,
V1.2_STAGE3_FINAL,20260906T221530Z_db18dc51,BTC,HZ,bitget_trade_flow,T0,0.9,,15317,15313,4,0.00026114774433635827,991,HZ_NONDISCRIMINATING_EQUAL_THRESHOLD,,1.0,,,,,,,,,
V1.2_STAGE3_FINAL,20260906T221530Z_db18dc51,BTC,HZ,bitget_trade_flow,TZ,0.9,,15317,15313,4,0.00026114774433635827,991,HZ_NONDISCRIMINATING_EQUAL_THRESHOLD,,1.0,,,,,,,,,
V1.2_STAGE3_FINAL,20260906T221530Z_db18dc51,BTC,HZ,bitget_trade_flow,T0,0.95,,15317,15313,4,0.00026114774433635827,991,HZ_NONDISCRIMINATING_EQUAL_THRESHOLD,,1.0,,,,,,,,,
V1.2_STAGE3_FINAL,20260906T221530Z_db18dc51,BTC,HZ,bitget_trade_flow,TZ,0.95,,15317,15313,4,0.00026114774433635827,991,HZ_NONDISCRIMINATING_EQUAL_THRESHOLD,,1.0,,,,,,,,,
V1.2_STAGE3_FINAL,20260906T221530Z_db18dc51,BTC,HZ,depth_imbalance_l1,T0,0.8,,107911,107910,1,9.266895867891133e-06,57024,HZ_DISCRIMINATING,,0.8904353239361464,,,,,,,,,
V1.2_STAGE3_FINAL,20260906T221530Z_db18dc51,BTC,HZ,depth_imbalance_l1,TZ,0.8,,107911,107910,1,9.266895867891133e-06,57024,HZ_DISCRIMINATING,,0.8904405235880454,,,,,,,,,
V1.2_STAGE3_FINAL,20260906T221530Z_db18dc51,BTC,HZ,depth_imbalance_l1,T0,0.9,,107911,107910,1,9.266895867891133e-06,57024,HZ_DISCRIMINATING,,0.9614695957578681,,,,,,,,,
V1.2_STAGE3_FINAL,20260906T221530Z_db18dc51,BTC,HZ,depth_imbalance_l1,TZ,0.9,,107911,107910,1,9.266895867891133e-06,57024,HZ_DISCRIMINATING,,0.9614700090694301,,,,,,,,,
V1.2_STAGE3_FINAL,20260906T221530Z_db18dc51,BTC,HZ,depth_imbalance_l1,T0,0.95,,107911,107910,1,9.266895867891133e-06,57024,HZ_NONDISCRIMINATING_EQUAL_THRESHOLD,,0.9902965971077426,,,,,,,,,
V1.2_STAGE3_FINAL,20260906T221530Z_db18dc51,BTC,HZ,depth_imbalance_l1,TZ,0.95,,107911,107910,1,9.266895867891133e-06,57024,HZ_NONDISCRIMINATING_EQUAL_THRESHOLD,,0.9902965971077426,,,,,,,,,
V1.2_STAGE3_FINAL,20260906T221530Z_db18dc51,BTC,HZ,depth_imbalance_l5,T0,0.8,,107911,107911,0,0.0,70573,ZERO_FREE_CONTROL,,0.8934572329094664,,,,,,,,,
V1.2_STAGE3_FINAL,20260906T221530Z_db18dc51,BTC,HZ,depth_imbalance_l5,TZ,0.8,,107911,107911,0,0.0,70573,ZERO_FREE_CONTROL,,0.8934572329094664,,,,,,,,,
V1.2_STAGE3_FINAL,20260906T221530Z_db18dc51,BTC,HZ,depth_imbalance_l5,T0,0.9,,107911,107911,0,0.0,70573,ZERO_FREE_CONTROL,,0.9586433260393872,,,,,,,,,
V1.2_STAGE3_FINAL,20260906T221530Z_db18dc51,BTC,HZ,depth_imbalance_l5,TZ,0.9,,107911,107911,0,0.0,70573,ZERO_FREE_CONTROL,,0.9586433260393872,,,,,,,,,
V1.2_STAGE3_FINAL,20260906T221530Z_db18dc51,BTC,HZ,depth_imbalance_l5,T0,0.95,,107911,107911,0,0.0,70573,ZERO_FREE_CONTROL,,0.9879747521140512,,,,,,,,,
V1.2_STAGE3_FINAL,20260906T221530Z_db18dc51,BTC,HZ,depth_imbalance_l5,TZ,0.95,,107911,107911,0,0.0,70573,ZERO_FREE_CONTROL,,0.9879747521140512,,,,,,,,,
V1.2_STAGE3_FINAL,20260906T221530Z_db18dc51,BTC,HZ,external_ofi,T0,0.8,,107911,106366,1545,0.0143173541158918,106323,HZ_DISCRIMINATING,,0.07619798748267402,,,,,,,,,
V1.2_STAGE3_FINAL,20260906T221530Z_db18dc51,BTC,HZ,external_ofi,TZ,0.8,,107911,106366,1545,0.0143173541158918,106323,HZ_DISCRIMINATING,,0.07804559028097284,,,,,,,,,
V1.2_STAGE3_FINAL,20260906T221530Z_db18dc51,BTC,HZ,external_ofi,T0,0.9,,107911,106366,1545,0.0143173541158918,106323,HZ_DISCRIMINATING,,0.25142226132167106,,,,,,,,,
V1.2_STAGE3_FINAL,20260906T221530Z_db18dc51,BTC,HZ,external_ofi,TZ,0.9,,107911,106366,1545,0.0143173541158918,106323,HZ_DISCRIMINATING,,0.25771173553371907,,,,,,,,,
V1.2_STAGE3_FINAL,20260906T221530Z_db18dc51,BTC,HZ,external_ofi,T0,0.95,,107911,106366,1545,0.0143173541158918,106323,HZ_DISCRIMINATING,,0.5878853751508328,,,,,,,,,
V1.2_STAGE3_FINAL,20260906T221530Z_db18dc51,BTC,HZ,external_ofi,TZ,0.95,,107911,106366,1545,0.0143173541158918,106323,HZ_DISCRIMINATING,,0.6000681078088743,,,,,,,,,
V1.2_STAGE3_FINAL,20260906T221530Z_db18dc51,BTC,HZ,external_trade_flow,T0,0.8,,57168,52359,4809,0.08412048698572629,5539,HZ_NONDISCRIMINATING_EQUAL_THRESHOLD,,1.0,,,,,,,,,
V1.2_STAGE3_FINAL,20260906T221530Z_db18dc51,BTC,HZ,external_trade_flow,TZ,0.8,,57168,52359,4809,0.08412048698572629,5539,HZ_NONDISCRIMINATING_EQUAL_THRESHOLD,,1.0,,,,,,,,,
V1.2_STAGE3_FINAL,20260906T221530Z_db18dc51,BTC,HZ,external_trade_flow,T0,0.9,,57168,52359,4809,0.08412048698572629,5539,HZ_NONDISCRIMINATING_EQUAL_THRESHOLD,,1.0,,,,,,,,,
V1.2_STAGE3_FINAL,20260906T221530Z_db18dc51,BTC,HZ,external_trade_flow,TZ,0.9,,57168,52359,4809,0.08412048698572629,5539,HZ_NONDISCRIMINATING_EQUAL_THRESHOLD,,1.0,,,,,,,,,
V1.2_STAGE3_FINAL,20260906T221530Z_db18dc51,BTC,HZ,external_trade_flow,T0,0.95,,57168,52359,4809,0.08412048698572629,5539,HZ_NONDISCRIMINATING_EQUAL_THRESHOLD,,1.0,,,,,,,,,
V1.2_STAGE3_FINAL,20260906T221530Z_db18dc51,BTC,HZ,external_trade_flow,TZ,0.95,,57168,52359,4809,0.08412048698572629,5539,HZ_NONDISCRIMINATING_EQUAL_THRESHOLD,,1.0,,,,,,,,,
V1.2_STAGE3_FINAL,20260906T221530Z_db18dc51,BTC,HZ,fair_accel_100ms,T0,0.8,,107909,107909,0,0.0,107590,ZERO_FREE_CONTROL,,8.009024665703304e-07,,,,,,,,,
V1.2_STAGE3_FINAL,20260906T221530Z_db18dc51,BTC,HZ,fair_accel_100ms,TZ,0.8,,107909,107909,0,0.0,107590,ZERO_FREE_CONTROL,,8.009024665703304e-07,,,,,,,,,
V1.2_STAGE3_FINAL,20260906T221530Z_db18dc51,BTC,HZ,fair_accel_100ms,T0,0.9,,107909,107909,0,0.0,107590,ZERO_FREE_CONTROL,,0.04979876303843833,,,,,,,,,
V1.2_STAGE3_FINAL,20260906T221530Z_db18dc51,BTC,HZ,fair_accel_100ms,TZ,0.9,,107909,107909,0,0.0,107590,ZERO_FREE_CONTROL,,0.04979876303843833,,,,,,,,,
V1.2_STAGE3_FINAL,20260906T221530Z_db18dc51,BTC,HZ,fair_accel_100ms,T0,0.95,,107909,107909,0,0.0,107590,ZERO_FREE_CONTROL,,0.20850571849977553,,,,,,,,,
V1.2_STAGE3_FINAL,20260906T221530Z_db18dc51,BTC,HZ,fair_accel_100ms,TZ,0.95,,107909,107909,0,0.0,107590,ZERO_FREE_CONTROL,,0.20850571849977553,,,,,,,,,
V1.2_STAGE3_FINAL,20260906T221530Z_db18dc51,BTC,HZ,fair_gap_reversion,T0,0.8,,107911,107911,0,0.0,107911,ZERO_FREE_CONTROL,,0.4315154534384469,,,,,,,,,
V1.2_STAGE3_FINAL,20260906T221530Z_db18dc51,BTC,HZ,fair_gap_reversion,TZ,0.8,,107911,107911,0,0.0,107911,ZERO_FREE_CONTROL,,0.4315154534384469,,,,,,,,,
V1.2_STAGE3_FINAL,20260906T221530Z_db18dc51,BTC,HZ,fair_gap_reversion,T0,0.9,,107911,107911,0,0.0,107911,ZERO_FREE_CONTROL,,0.5540845678897455,,,,,,,,,
V1.2_STAGE3_FINAL,20260906T221530Z_db18dc51,BTC,HZ,fair_gap_reversion,TZ,0.9,,107911,107911,0,0.0,107911,ZERO_FREE_CONTROL,,0.5540845678897455,,,,,,,,,
V1.2_STAGE3_FINAL,20260906T221530Z_db18dc51,BTC,HZ,fair_gap_reversion,T0,0.95,,107911,107911,0,0.0,107911,ZERO_FREE_CONTROL,,0.6828833412353408,,,,,,,,,
V1.2_STAGE3_FINAL,20260906T221530Z_db18dc51,BTC,HZ,fair_gap_reversion,TZ,0.95,,107911,107911,0,0.0,107911,ZERO_FREE_CONTROL,,0.6828833412353408,,,,,,,,,
V1.2_STAGE3_FINAL,20260906T221530Z_db18dc51,BTC,HZ,leader_gap_100ms,T0,0.8,,107910,107910,0,0.0,107870,ZERO_FREE_CONTROL,,0.0005949272306571616,,,,,,,,,
V1.2_STAGE3_FINAL,20260906T221530Z_db18dc51,BTC,HZ,leader_gap_100ms,TZ,0.8,,107910,107910,0,0.0,107870,ZERO_FREE_CONTROL,,0.0005949272306571616,,,,,,,,,
V1.2_STAGE3_FINAL,20260906T221530Z_db18dc51,BTC,HZ,leader_gap_100ms,T0,0.9,,107910,107910,0,0.0,107870,ZERO_FREE_CONTROL,,0.0010541358738615032,,,,,,,,,
V1.2_STAGE3_FINAL,20260906T221530Z_db18dc51,BTC,HZ,leader_gap_100ms,TZ,0.9,,107910,107910,0,0.0,107870,ZERO_FREE_CONTROL,,0.0010541358738615032,,,,,,,,,
V1.2_STAGE3_FINAL,20260906T221530Z_db18dc51,BTC,HZ,leader_gap_100ms,T0,0.95,,107910,107910,0,0.0,107870,ZERO_FREE_CONTROL,,0.1539088078838424,,,,,,,,,
V1.2_STAGE3_FINAL,20260906T221530Z_db18dc51,BTC,HZ,leader_gap_100ms,TZ,0.95,,107910,107910,0,0.0,107870,ZERO_FREE_CONTROL,,0.1539088078838424,,,,,,,,,
V1.2_STAGE3_FINAL,20260906T221530Z_db18dc51,BTC,HZ,leader_gap_200ms,T0,0.8,,107909,107909,0,0.0,107891,ZERO_FREE_CONTROL,,0.0014399400788121662,,,,,,,,,
V1.2_STAGE3_FINAL,20260906T221530Z_db18dc51,BTC,HZ,leader_gap_200ms,TZ,0.8,,107909,107909,0,0.0,107891,ZERO_FREE_CONTROL,,0.0014399400788121662,,,,,,,,,
V1.2_STAGE3_FINAL,20260906T221530Z_db18dc51,BTC,HZ,leader_gap_200ms,T0,0.9,,107909,107909,0,0.0,107891,ZERO_FREE_CONTROL,,0.10451743207410691,,,,,,,,,
V1.2_STAGE3_FINAL,20260906T221530Z_db18dc51,BTC,HZ,leader_gap_200ms,TZ,0.9,,107909,107909,0,0.0,107891,ZERO_FREE_CONTROL,,0.10451743207410691,,,,,,,,,
V1.2_STAGE3_FINAL,20260906T221530Z_db18dc51,BTC,HZ,leader_gap_200ms,T0,0.95,,107909,107909,0,0.0,107891,ZERO_FREE_CONTROL,,0.31057027063222875,,,,,,,,,
V1.2_STAGE3_FINAL,20260906T221530Z_db18dc51,BTC,HZ,leader_gap_200ms,TZ,0.95,,107909,107909,0,0.0,107891,ZERO_FREE_CONTROL,,0.31057027063222875,,,,,,,,,
V1.2_STAGE3_FINAL,20260906T221530Z_db18dc51,BTC,HZ,leader_gap_500ms,T0,0.8,,107906,107906,0,0.0,107906,ZERO_FREE_CONTROL,,0.0954616370827523,,,,,,,,,
V1.2_STAGE3_FINAL,20260906T221530Z_db18dc51,BTC,HZ,leader_gap_500ms,TZ,0.8,,107906,107906,0,0.0,107906,ZERO_FREE_CONTROL,,0.0954616370827523,,,,,,,,,
V1.2_STAGE3_FINAL,20260906T221530Z_db18dc51,BTC,HZ,leader_gap_500ms,T0,0.9,,107906,107906,0,0.0,107906,ZERO_FREE_CONTROL,,0.3148750104295042,,,,,,,,,
V1.2_STAGE3_FINAL,20260906T221530Z_db18dc51,BTC,HZ,leader_gap_500ms,TZ,0.9,,107906,107906,0,0.0,107906,ZERO_FREE_CONTROL,,0.3148750104295042,,,,,,,,,
V1.2_STAGE3_FINAL,20260906T221530Z_db18dc51,BTC,HZ,leader_gap_500ms,T0,0.95,,107906,107906,0,0.0,107906,ZERO_FREE_CONTROL,,0.5256713801641323,,,,,,,,,
V1.2_STAGE3_FINAL,20260906T221530Z_db18dc51,BTC,HZ,leader_gap_500ms,TZ,0.95,,107906,107906,0,0.0,107906,ZERO_FREE_CONTROL,,0.5256713801641323,,,,,,,,,
V1.2_STAGE3_FINAL,20260906T221530Z_db18dc51,BTC,HZ,leader_gap_1000ms,T0,0.8,,107901,107901,0,0.0,107901,ZERO_FREE_CONTROL,,0.2505210102734132,,,,,,,,,
V1.2_STAGE3_FINAL,20260906T221530Z_db18dc51,BTC,HZ,leader_gap_1000ms,TZ,0.8,,107901,107901,0,0.0,107901,ZERO_FREE_CONTROL,,0.2505210102734132,,,,,,,,,
V1.2_STAGE3_FINAL,20260906T221530Z_db18dc51,BTC,HZ,leader_gap_1000ms,T0,0.9,,107901,107901,0,0.0,107901,ZERO_FREE_CONTROL,,0.4737919290135688,,,,,,,,,
V1.2_STAGE3_FINAL,20260906T221530Z_db18dc51,BTC,HZ,leader_gap_1000ms,TZ,0.9,,107901,107901,0,0.0,107901,ZERO_FREE_CONTROL,,0.4737919290135688,,,,,,,,,
V1.2_STAGE3_FINAL,20260906T221530Z_db18dc51,BTC,HZ,leader_gap_1000ms,T0,0.95,,107901,107901,0,0.0,107901,ZERO_FREE_CONTROL,,0.6572685790963467,,,,,,,,,
V1.2_STAGE3_FINAL,20260906T221530Z_db18dc51,BTC,HZ,leader_gap_1000ms,TZ,0.95,,107901,107901,0,0.0,107901,ZERO_FREE_CONTROL,,0.6572685790963467,,,,,,,,,
V1.2_STAGE3_FINAL,20260906T221530Z_db18dc51,BTC,HG,depthL1_extOFI,G0,0.8,1000,,,,,,,,0.588697271851138,10,21577,,6035,15542,b69a06f02447569f300a19f706e3d63548d45b76790a458d4c17e2a518228be3,0.22499998227169382,0.307870753935377,0.3354160412420086
V1.2_STAGE3_FINAL,20260906T221530Z_db18dc51,BTC,HG,depthL1_extOFI,G1,0.8,1000,,,,,,,1,0.8904353239361464,10,12715,,3316,9399,97a173e852ee8462c4284a17f2a299bc94e4ac119ea20056ca35edf8d86b0a62,0.3475912981518755,0.43003618817852834,0.432291578047024
V1.2_STAGE3_FINAL,20260906T221530Z_db18dc51,BTC,HG,depthL1_extOFI,G0,0.8,5000,,,,,,,,0.588697271851138,50,21558,,1776,19782,9547e077b09c70a7313c9c02febb45fd0661b09ebb47622cf4c4e316f641b425,0.40553386539383574,0.5180180180180181,0.9598260529694624
V1.2_STAGE3_FINAL,20260906T221530Z_db18dc51,BTC,HG,depthL1_extOFI,G1,0.8,5000,,,,,,,1,0.8904353239361464,50,12699,,1268,11431,6dc55f3b918ced135d0a13fffc29e6f4b0bcb699f70b0b21f56c327d6696f2a7,0.6407764498249546,0.6309148264984227,1.093122297033536
V1.2_STAGE3_FINAL,20260906T221530Z_db18dc51,BTC,HG,depthL1_extOFI,G0,0.8,30000,,,,,,,,0.588697271851138,300,21491,,344,21147,8c5a23f176a0034a337a163801e09e665d58942ef92646d08a87bdeee3ca16ef,0.2654201457169048,0.5087209302325582,2.63147687388823
V1.2_STAGE3_FINAL,20260906T221530Z_db18dc51,BTC,HG,depthL1_extOFI,G1,0.8,30000,,,,,,,1,0.8904353239361464,300,12663,,318,12345,9efc856e08286f85b487d4f84757c2a5ef1f5b1c7a0136d5cf468ec38cd58872,0.8650751753388365,0.6226415094339622,2.8450888762943776
V1.2_STAGE3_FINAL,20260906T221530Z_db18dc51,BTC,HG,depthL1_extOFI,G0,0.9,1000,,,,,,,,0.7394636370375862,10,10786,,3955,6831,35f9171f3fe428d23a2b2072e47dedd6f6bfab7ee99236be7da306fdf03b5ad9,0.3140178674835592,0.40176991150442476,0.42578256005877285
V1.2_STAGE3_FINAL,20260906T221530Z_db18dc51,BTC,HG,depthL1_extOFI,G1,0.9,1000,,,,,,,1,0.9614695957578681,10,6594,,1987,4607,e304ae113a53e4dc0e3b37e1cdec104964fe4af4ae45e440cc195116b3b0630f,0.41701760383999864,0.4987418218419728,0.4935163920839043
V1.2_STAGE3_FINAL,20260906T221530Z_db18dc51,BTC,HG,depthL1_extOFI,G0,0.9,5000,,,,,,,,0.7394636370375862,50,10773,,1482,9291,26664d5703af2ce26a9163d2772f0d24f9b3d39fcc3f7136bfce92a2565bfdcf,0.5284876166686682,0.578272604588394,1.0441713530120749
V1.2_STAGE3_FINAL,20260906T221530Z_db18dc51,BTC,HG,depthL1_extOFI,G1,0.9,5000,,,,,,,1,0.9614695957578681,50,6581,,951,5630,0b3641bf07ddd5733a578ed9c9ed71d90023ceeb46f27740357486bdd53de0df,0.7218668429253721,0.6729758149316509,1.1465425987900952
V1.2_STAGE3_FINAL,20260906T221530Z_db18dc51,BTC,HG,depthL1_extOFI,G0,0.9,30000,,,,,,,,0.7394636370375862,300,10738,,334,10404,fba3522b4e4a28ed97edd0ffce50ff84d25fd93912123af7260ae257a0268632,0.7546588507192838,0.5988023952095808,2.7246354861139537
V1.2_STAGE3_FINAL,20260906T221530Z_db18dc51,BTC,HG,depthL1_extOFI,G1,0.9,30000,,,,,,,1,0.9614695957578681,300,6568,,294,6274,29f7c913dfdacb66d3c803b262e15ca9bb388ca95b2ff5853c5e47ee229a4d24,0.8944969708093291,0.6360544217687075,2.812877069101074
V1.2_STAGE3_FINAL,20260906T221530Z_db18dc51,BTC,HG,depthL1_extOFI,G0,0.95,1000,,,,,,,,0.8444519608569946,10,5392,,2557,2835,036a15a658103a41b2855511aa03b37141d2c2a7e82d945bff436878fbb43fea,0.43403903638331404,0.5150567070786077,0.5239224302029625
V1.2_STAGE3_FINAL,20260906T221530Z_db18dc51,BTC,HG,depthL1_extOFI,G1,0.95,1000,,,,,,,1,0.9902965971077426,10,3342,,1122,2220,f1e2571fed428325b9538c5d6938ae18e60fa7c51b3a9e4df3fc3164f4d2cc76,0.4535364353863978,0.5641711229946524,0.5459354412752636
V1.2_STAGE3_FINAL,20260906T221530Z_db18dc51,BTC,HG,depthL1_extOFI,G0,0.95,5000,,,,,,,,0.8444519608569946,50,5385,,1212,4173,27713dd9206436766015d785fda5fa2ea4708d1b96a262a759795cb170dd1d20,0.670682850682431,0.6377887788778878,1.1240530172948189
V1.2_STAGE3_FINAL,20260906T221530Z_db18dc51,BTC,HG,depthL1_extOFI,G1,0.95,5000,,,,,,,1,0.9902965971077426,50,3332,,637,2695,3c477c50312c0d9a0d44a1111882b5002f4e286ef013b6d087943a982db1c539,0.7352363644874547,0.7017268445839875,1.1902559888945483
V1.2_STAGE3_FINAL,20260906T221530Z_db18dc51,BTC,HG,depthL1_extOFI,G0,0.95,30000,,,,,,,,0.8444519608569946,300,5369,,315,5054,3d70f33f239b2153f5463d1d0de540605e22e0e6e11bd984942cbfe631642479,0.7797090467197518,0.6095238095238096,2.8716860185646245
V1.2_STAGE3_FINAL,20260906T221530Z_db18dc51,BTC,HG,depthL1_extOFI,G1,0.95,30000,,,,,,,1,0.9902965971077426,300,3324,,246,3078,c8229cf7e391274489cbd16422c7725cd7b89101518d336ca18346ddc3415839,0.6356717358637788,0.5853658536585366,3.039010674721801
V1.2_STAGE3_FINAL,20260906T221530Z_db18dc51,BTC,HC,gap_depth_extOFI,C0,0.8,1000,,,,,,,,0.4315154534384469,10,14869,,2451,12418,13a44ed05a2b5c778fa4f186ca1570e98ddf8951bc9caef08c813d68739deb5f,0.28854443358529486,0.3043655650754794,0.4056954581693199
V1.2_STAGE3_FINAL,20260906T221530Z_db18dc51,BTC,HC,gap_depth_extOFI,C1,0.8,1000,,,,,,,,0.4315154534384469,10,8756,,2037,6719,a7e94a5e0e96f85c9bba1a5bb39fbaccd6ef18fa918538177e9e6cac9dd8fb3f,0.31070498465923213,0.33038782523318605,0.4326325451962653
V1.2_STAGE3_FINAL,20260906T221530Z_db18dc51,BTC,HC,gap_depth_extOFI,C0,0.8,5000,,,,,,,,0.4315154534384469,50,14866,,907,13959,6fe70a80abfd48c2c6863efd9774966939049f3ef42689eedb0d8f993309fdfd,0.4889186835611478,0.5523704520396913,1.1588871017047173
V1.2_STAGE3_FINAL,20260906T221530Z_db18dc51,BTC,HC,gap_depth_extOFI,C1,0.8,5000,,,,,,,,0.4315154534384469,50,8754,,819,7935,9369d644b5dd6814ca2175558c23937c1f04452c3e90a8c3a4a5fb1d13f9f369,0.6018975881880944,0.5958485958485958,1.1819092096323016
V1.2_STAGE3_FINAL,20260906T221530Z_db18dc51,BTC,HC,gap_depth_extOFI,C0,0.8,30000,,,,,,,,0.4315154534384469,300,14833,,276,14557,b8c855682a8432020297786826320833746d0a5cf3779e9cf8c9ba92d4efece4,0.3968074661217784,0.5217391304347826,2.9318287671499323
V1.2_STAGE3_FINAL,20260906T221530Z_db18dc51,BTC,HC,gap_depth_extOFI,C1,0.8,30000,,,,,,,,0.4315154534384469,300,8732,,261,8471,f81b74298a7da1a5232cce4b6aa4570c61a88b2795e04064c7bf74c4479a5d1a,0.4593656881299088,0.5134099616858238,2.8459504432817475
V1.2_STAGE3_FINAL,20260906T221530Z_db18dc51,BTC,HC,gap_depth_extOFI,C0,0.9,1000,,,,,,,,0.5540845678897455,10,7689,,1369,6320,ca5234388340df7db7f851225cbd1e5ab2e9c420e4a634e326f50973e29cfc15,0.42011688097272243,0.38130021913805695,0.5285067743910548
V1.2_STAGE3_FINAL,20260906T221530Z_db18dc51,BTC,HC,gap_depth_extOFI,C1,0.9,1000,,,,,,,,0.5540845678897455,10,4631,,1159,3472,6753915a0b144c9d733dbaedebb32e095a0dec624b5c7f2c91a5f3bc204de6a8,0.42774840287096516,0.4072476272648835,0.5438555781962193
V1.2_STAGE3_FINAL,20260906T221530Z_db18dc51,BTC,HC,gap_depth_extOFI,C0,0.9,5000,,,,,,,,0.5540845678897455,50,7689,,607,7082,603891c4c93f32183a0759f46d405347c938adba4075832b3dcc6238571dbff1,0.7589374851553042,0.6243822075782537,1.353430868245563
V1.2_STAGE3_FINAL,20260906T221530Z_db18dc51,BTC,HC,gap_depth_extOFI,C1,0.9,5000,,,,,,,,0.5540845678897455,50,4631,,549,4082,f3d0f760b27d42d4cc88cc470cf1939d10a70b7f7af31280e7bd77795aff5daa,0.8201202209302082,0.644808743169399,1.3299550740352946
V1.2_STAGE3_FINAL,20260906T221530Z_db18dc51,BTC,HC,gap_depth_extOFI,C0,0.9,30000,,,,,,,,0.5540845678897455,300,7661,,230,7431,989a0f0314c2c578c8199e52ba8b6794a76d9291204d565ad240e56ce96f9aac,0.9880747525685772,0.5956521739130435,3.0903728701652557
V1.2_STAGE3_FINAL,20260906T221530Z_db18dc51,BTC,HC,gap_depth_extOFI,C1,0.9,30000,,,,,,,,0.5540845678897455,300,4609,,220,4389,6ee07383b54dfc403f26d7cc1083bf7e1209a6d660f69d5c370aa016259fe1c0,0.8852669422067393,0.5909090909090909,3.0545824738753145
V1.2_STAGE3_FINAL,20260906T221530Z_db18dc51,BTC,HC,gap_depth_extOFI,C0,0.95,1000,,,,,,,,0.6828833412353408,10,3996,,759,3237,b667678db5b4c7ad3a6e21b1421483d30195319cbed68fbd5399192e209e63b1,0.5741699659741769,0.4400527009222661,0.6739912837021053
V1.2_STAGE3_FINAL,20260906T221530Z_db18dc51,BTC,HC,gap_depth_extOFI,C1,0.95,1000,,,,,,,,0.6828833412353408,10,2397,,643,1754,ebbebc77670b6aa84b9e55b34eb1745ee2654dbcfe63adb88245b52f0d10f3e1,0.5715405143344026,0.4618973561430793,0.6792776736369898
V1.2_STAGE3_FINAL,20260906T221530Z_db18dc51,BTC,HC,gap_depth_extOFI,C0,0.95,5000,,,,,,,,0.6828833412353408,50,3996,,399,3597,66e7427223843c07c79c8666c2cf4d12990f9869862f766180449b7cebf0648c,0.897827705400581,0.6791979949874687,1.4865490768496332
V1.2_STAGE3_FINAL,20260906T221530Z_db18dc51,BTC,HC,gap_depth_extOFI,C1,0.95,5000,,,,,,,,0.6828833412353408,50,2397,,358,2039,3864e461bd0d7008a3c89df4aab721f5c3bd69b84526e3b697e7f1c9b8c8b83b,0.8783405128773346,0.6843575418994413,1.4723817856985784
V1.2_STAGE3_FINAL,20260906T221530Z_db18dc51,BTC,HC,gap_depth_extOFI,C0,0.95,30000,,,,,,,,0.6828833412353408,300,3970,,186,3784,427133874a9f46145244b0f41e563fbeccde58b80176cfd407e907e50b32968e,1.0348376377232626,0.6344086021505376,3.2735070679464786
V1.2_STAGE3_FINAL,20260906T221530Z_db18dc51,BTC,HC,gap_depth_extOFI,C1,0.95,30000,,,,,,,,0.6828833412353408,300,2377,,173,2204,187382f044f11eb1d0bdf5d00b48f8083418b2b6d87ff58b6b6dc8f973952f36,0.8679146060712087,0.6242774566473989,3.3086722966163493
V1.2_STAGE3_FINAL,20260906T221530Z_db18dc51,BTC,HB,depth_imbalance_l1,B0,0.9,1000,,,,,,,,0.9614695957578681,10,10789,4555,2106,8683,ce59a496f4b8fbbc23640de70f4b6f674b3db7c76bbb8db5a81d2cf06b1a005f,0.4044624290254225,0.48717948717948717,0.4855047678306086
V1.2_STAGE3_FINAL,20260906T221530Z_db18dc51,BTC,HB,depth_imbalance_l1,B1,0.9,1000,,,,,,,,0.9614695957578681,10,10789,4555,2008,8781,2ab9c83bc359c25d9c4396adbe1866cdc31b5a8e4c8d9e0b15cb40f017b1ae27,0.4097600553097334,0.49352589641434264,0.4846418664390857
V1.2_STAGE3_FINAL,20260906T221530Z_db18dc51,BTC,HB,depth_imbalance_l1,B0,0.9,5000,,,,,,,,0.9614695957578681,50,10770,1857,969,9801,b4f30523b8c862671406c44dad042c039f17d2bdd913833e1a4f8c1f0c2ef7f7,0.7172295724879536,0.673890608875129,1.1450110154112851
V1.2_STAGE3_FINAL,20260906T221530Z_db18dc51,BTC,HB,depth_imbalance_l1,B1,0.9,5000,,,,,,,,0.9614695957578681,50,10770,1857,962,9808,51f8e7481a5c5618594bd93fac840791be6e5116520c42cc6c9395d39fbf2389,0.7084545589268461,0.6715176715176715,1.1411238368666687
V1.2_STAGE3_FINAL,20260906T221530Z_db18dc51,BTC,HB,depth_imbalance_l1,B0,0.9,30000,,,,,,,,0.9614695957578681,300,10750,1157,294,10456,4647a9c6319777b41cbb11275df785c283d35f2fd44cc965c2569b6895feb354,0.8554781969036819,0.6326530612244898,2.831906202461449
V1.2_STAGE3_FINAL,20260906T221530Z_db18dc51,BTC,HB,depth_imbalance_l1,B1,0.9,30000,,,,,,,,0.9614695957578681,300,10750,1157,293,10457,abdf960716f07ce7a9f09229e228ba7d9b13f15af6e78b5cbc59224ccdb73225,0.9426979404858506,0.6382252559726962,2.830885249352209
V1.2_STAGE3_FINAL,20260906T221530Z_db18dc51,BTC,HB,gap_depthL1,B0,0.9,1000,,,,,,,,0.5540845678897455,10,8833,5120,1304,7529,f5a934bcbc0c69327ff296668f144a174de4f66d1315c7e8ed45420c4a6cff4d,0.39294010308953087,0.38266871165644173,0.5148405460141147
V1.2_STAGE3_FINAL,20260906T221530Z_db18dc51,BTC,HB,gap_depthL1,B1,0.9,1000,,,,,,,,0.5540845678897455,10,8833,5120,1226,7607,cdf527be0efaed4390a0a692439af6dfb335c5544d5ff4db8e795a6d68eb2b6b,0.41395317157594264,0.38580750407830344,0.5255860178266785
V1.2_STAGE3_FINAL,20260906T221530Z_db18dc51,BTC,HB,gap_depthL1,B0,0.9,5000,,,,,,,,0.5540845678897455,50,8833,1921,590,8243,d060be6918fde7693e0c557dad436ceef3a5e86dceb39e791a958f3e25557d2f,0.7207473836287802,0.6203389830508474,1.3089383893430473
V1.2_STAGE3_FINAL,20260906T221530Z_db18dc51,BTC,HB,gap_depthL1,B1,0.9,5000,,,,,,,,0.5540845678897455,50,8833,1921,585,8248,6604499162740fc4c271fa957d05ef67bcf934ee93cb718db2c37adabfd71a96,0.7243167408158652,0.6205128205128205,1.3038103575459106
V1.2_STAGE3_FINAL,20260906T221530Z_db18dc51,BTC,HB,gap_depthL1,B0,0.9,30000,,,,,,,,0.5540845678897455,300,8800,719,226,8574,83c426ad3c35d251d1e40d843feb15e84808ba8c12bea2ceb647d2c4fcc88625,0.8322056917043641,0.588495575221239,3.1243764996054004
V1.2_STAGE3_FINAL,20260906T221530Z_db18dc51,BTC,HB,gap_depthL1,B1,0.9,30000,,,,,,,,0.5540845678897455,300,8800,719,225,8575,c79a0f405ba877c6f983a9cff9999403d92a7f1ab0891faa6f0472782d01df2a,0.8301592671479747,0.5866666666666667,3.1325175008619044
V1.2_STAGE3_FINAL,20260906T221530Z_db18dc51,BTC,HB,gap_localOFI,B0,0.9,1000,,,,,,,,0.5540845678897455,10,3467,557,1202,2265,1984005886338988b79f0360c07c61c3d04d34a212d80baa10a42c996473ff35,0.36899972560098443,0.3777038269550749,0.5148991313212421
V1.2_STAGE3_FINAL,20260906T221530Z_db18dc51,BTC,HB,gap_localOFI,B1,0.9,1000,,,,,,,,0.5540845678897455,10,3467,557,1146,2321,a1d90fc345e9577306dee87db2c55679f1c2211e0407e9bca3cd13c2ef680718,0.3687918281103966,0.37521815008726006,0.5136107566134961
V1.2_STAGE3_FINAL,20260906T221530Z_db18dc51,BTC,HB,gap_localOFI,B0,0.9,5000,,,,,,,,0.5540845678897455,50,3467,231,587,2880,8d9d9f464dd998303af3fb03572fb478638674377706df6af709edc0af711f08,0.6937560482156218,0.6098807495741057,1.3078841755988369
V1.2_STAGE3_FINAL,20260906T221530Z_db18dc51,BTC,HB,gap_localOFI,B1,0.9,5000,,,,,,,,0.5540845678897455,50,3467,231,579,2888,218bd0a5cb5e9020a5d0cc00386573a655d98c0b16d12734ccc97f037e3b84b3,0.6750380830146978,0.6062176165803109,1.3159996764735329
V1.2_STAGE3_FINAL,20260906T221530Z_db18dc51,BTC,HB,gap_localOFI,B0,0.9,30000,,,,,,,,0.5540845678897455,300,3450,127,225,3225,587c5944ba44c37cf12a365624b3c96768db67b472d795342bfa125c4e3f5e68,0.9440638162504993,0.6088888888888889,3.1448459323276134
V1.2_STAGE3_FINAL,20260906T221530Z_db18dc51,BTC,HB,gap_localOFI,B1,0.9,30000,,,,,,,,0.5540845678897455,300,3450,127,225,3225,3abca6c594c7003bee843be10dc185414f29c9516a88045234a0398a4ed5895d,0.9279057690816876,0.6088888888888889,3.1621131845677297
V1.2_STAGE3_FINAL,20260906T221530Z_db18dc51,BTC,HB,bitget_ofi,B0,0.9,1000,,,,,,,,0.22134373168426977,10,10788,1430,4387,6401,31cbcdaa085f33f068d3ab43fbc6b254b00c240bb576b003ac57eade047d3a32,0.17499414798260937,0.29655801230909506,0.3453199777591372
V1.2_STAGE3_FINAL,20260906T221530Z_db18dc51,BTC,HB,bitget_ofi,B1,0.9,1000,,,,,,,,0.22134373168426977,10,10788,1430,4188,6600,e2150ad69886ebf1bc4e900bd015e87f0e5dab01a2cb811dd2452fe8c985cbf6,0.17795542914732712,0.29656160458452724,0.34114496822847024
V1.2_STAGE3_FINAL,20260906T221530Z_db18dc51,BTC,HB,bitget_ofi,B0,0.9,5000,,,,,,,,0.22134373168426977,50,10786,1357,1629,9157,4bd2f35ea2f599f94c0cd956c0a45b26f0cd01d03b0356306d76e0e5a2a31a08,0.25277953338347303,0.4696132596685083,0.9613422772285886
V1.2_STAGE3_FINAL,20260906T221530Z_db18dc51,BTC,HB,bitget_ofi,B1,0.9,5000,,,,,,,,0.22134373168426977,50,10786,1357,1584,9202,56c26f24b214c481ae24889f231f7e59735523b5e11bcc95fba6e840788f5559,0.2556023183682172,0.47474747474747475,0.9645531535699617
V1.2_STAGE3_FINAL,20260906T221530Z_db18dc51,BTC,HB,bitget_ofi,B0,0.9,30000,,,,,,,,0.22134373168426977,300,10761,1266,337,10424,f52c3bc25310fc0532d6f22c4167cbed2028b70196f9a948b484731386022b35,0.0700950795330465,0.49258160237388726,2.693090436461146
V1.2_STAGE3_FINAL,20260906T221530Z_db18dc51,BTC,HB,bitget_ofi,B1,0.9,30000,,,,,,,,0.22134373168426977,300,10761,1266,336,10425,b93049a3c56f93cc3f9a62c085e1bd935b1ec3474dd5e53d85c8a1518b47e949,-0.087005812453882,0.5089285714285714,2.6779639916708353
V1.2_STAGE3_FINAL,20260906T221530Z_db18dc51,BTC,HB,depthL1_extOFI,B0,0.9,1000,,,,,,,,0.7394636370375862,10,10786,1657,3955,6831,35f9171f3fe428d23a2b2072e47dedd6f6bfab7ee99236be7da306fdf03b5ad9,0.3140178674835592,0.40176991150442476,0.42578256005877285
V1.2_STAGE3_FINAL,20260906T221530Z_db18dc51,BTC,HB,depthL1_extOFI,B1,0.9,1000,,,,,,,,0.7394636370375862,10,10786,1657,3768,7018,ec065f091fcd5b7508d8ec4e16c53e32cff362f93182834456bfe38a7b6df18b,0.3225791588327584,0.40445859872611467,0.4293685025298537
V1.2_STAGE3_FINAL,20260906T221530Z_db18dc51,BTC,HB,depthL1_extOFI,B0,0.9,5000,,,,,,,,0.7394636370375862,50,10773,1294,1482,9291,26664d5703af2ce26a9163d2772f0d24f9b3d39fcc3f7136bfce92a2565bfdcf,0.5284876166686682,0.578272604588394,1.0441713530120749
V1.2_STAGE3_FINAL,20260906T221530Z_db18dc51,BTC,HB,depthL1_extOFI,B1,0.9,5000,,,,,,,,0.7394636370375862,50,10773,1294,1460,9313,7e0450bbd7955961de33ad08ff406425d89e07136d4c8572e4b3bf9fef1b1def,0.55004585425382,0.5815068493150685,1.0465070268247953
V1.2_STAGE3_FINAL,20260906T221530Z_db18dc51,BTC,HB,depthL1_extOFI,B0,0.9,30000,,,,,,,,0.7394636370375862,300,10738,1282,334,10404,fba3522b4e4a28ed97edd0ffce50ff84d25fd93912123af7260ae257a0268632,0.7546588507192838,0.5988023952095808,2.7246354861139537
V1.2_STAGE3_FINAL,20260906T221530Z_db18dc51,BTC,HB,depthL1_extOFI,B1,0.9,30000,,,,,,,,0.7394636370375862,300,10738,1282,334,10404,8e852ec6254a3c195e6b3478fcd4ed7325f978d286a8cc0fe79a9fc795b515b9,0.7078437035509129,0.6047904191616766,2.7058986180290017
V1.2_STAGE3_FINAL,20260906T221530Z_db18dc51,BTC,HB,gap_depth_extOFI,B0,0.9,1000,,,,,,,,0.5540845678897455,10,7689,3801,1369,6320,ca5234388340df7db7f851225cbd1e5ab2e9c420e4a634e326f50973e29cfc15,0.42011688097272243,0.38130021913805695,0.5285067743910548
V1.2_STAGE3_FINAL,20260906T221530Z_db18dc51,BTC,HB,gap_depth_extOFI,B1,0.9,1000,,,,,,,,0.5540845678897455,10,7689,3801,1297,6392,a46745ca9f6c9aad5ffcef8ad1c1126ec139d23c6eddb88a912b535a53c9ad77,0.43888426974347955,0.39321511179645335,0.550807952263974
V1.2_STAGE3_FINAL,20260906T221530Z_db18dc51,BTC,HB,gap_depth_extOFI,B0,0.9,5000,,,,,,,,0.5540845678897455,50,7689,1491,607,7082,603891c4c93f32183a0759f46d405347c938adba4075832b3dcc6238571dbff1,0.7589374851553042,0.6243822075782537,1.353430868245563
V1.2_STAGE3_FINAL,20260906T221530Z_db18dc51,BTC,HB,gap_depth_extOFI,B1,0.9,5000,,,,,,,,0.5540845678897455,50,7689,1491,599,7090,cde08a2bb72ad2413592e9038ea591af161ad5cd2fa1317ce4ace2a4e995d034,0.7673896026527032,0.6293823038397329,1.3541796835027928
V1.2_STAGE3_FINAL,20260906T221530Z_db18dc51,BTC,HB,gap_depth_extOFI,B0,0.9,30000,,,,,,,,0.5540845678897455,300,7661,552,230,7431,989a0f0314c2c578c8199e52ba8b6794a76d9291204d565ad240e56ce96f9aac,0.9880747525685772,0.5956521739130435,3.0903728701652557
V1.2_STAGE3_FINAL,20260906T221530Z_db18dc51,BTC,HB,gap_depth_extOFI,B1,0.9,30000,,,,,,,,0.5540845678897455,300,7661,552,228,7433,d86dfaacd7c8ab9e55cc38b748ff34d2b88458356c5ca6dd4652498ad01ad5f9,0.9987392745893043,0.5964912280701754,3.104145158722089
V1.2_STAGE3_FINAL,20260906T221530Z_db18dc51,ETH,HZ,bitget_ofi,T0,0.8,,107900,53462,54438,0.5045227062094532,52747,HZ_DISCRIMINATING,,0.13374174846686013,,,,,,,,,
V1.2_STAGE3_FINAL,20260906T221530Z_db18dc51,ETH,HZ,bitget_ofi,TZ,0.8,,107900,53462,54438,0.5045227062094532,52747,HZ_DISCRIMINATING,,0.4907374046010973,,,,,,,,,
V1.2_STAGE3_FINAL,20260906T221530Z_db18dc51,ETH,HZ,bitget_ofi,T0,0.9,,107900,53462,54438,0.5045227062094532,52747,HZ_DISCRIMINATING,,0.48380137139054075,,,,,,,,,
V1.2_STAGE3_FINAL,20260906T221530Z_db18dc51,ETH,HZ,bitget_ofi,TZ,0.9,,107900,53462,54438,0.5045227062094532,52747,HZ_DISCRIMINATING,,1.0199826086956525,,,,,,,,,
V1.2_STAGE3_FINAL,20260906T221530Z_db18dc51,ETH,HZ,bitget_ofi,T0,0.95,,107900,53462,54438,0.5045227062094532,52747,HZ_DISCRIMINATING,,1.0146723974590433,,,,,,,,,
V1.2_STAGE3_FINAL,20260906T221530Z_db18dc51,ETH,HZ,bitget_ofi,TZ,0.95,,107900,53462,54438,0.5045227062094532,52747,HZ_DISCRIMINATING,,1.5313160465274456,,,,,,,,,
V1.2_STAGE3_FINAL,20260906T221530Z_db18dc51,ETH,HZ,bitget_trade_flow,T0,0.8,,12755,12740,15,0.0011760094080752645,565,HZ_NONDISCRIMINATING_EQUAL_THRESHOLD,,1.0,,,,,,,,,
V1.2_STAGE3_FINAL,20260906T221530Z_db18dc51,ETH,HZ,bitget_trade_flow,TZ,0.8,,12755,12740,15,0.0011760094080752645,565,HZ_NONDISCRIMINATING_EQUAL_THRESHOLD,,1.0,,,,,,,,,
V1.2_STAGE3_FINAL,20260906T221530Z_db18dc51,ETH,HZ,bitget_trade_flow,T0,0.9,,12755,12740,15,0.0011760094080752645,565,HZ_NONDISCRIMINATING_EQUAL_THRESHOLD,,1.0,,,,,,,,,
V1.2_STAGE3_FINAL,20260906T221530Z_db18dc51,ETH,HZ,bitget_trade_flow,TZ,0.9,,12755,12740,15,0.0011760094080752645,565,HZ_NONDISCRIMINATING_EQUAL_THRESHOLD,,1.0,,,,,,,,,
V1.2_STAGE3_FINAL,20260906T221530Z_db18dc51,ETH,HZ,bitget_trade_flow,T0,0.95,,12755,12740,15,0.0011760094080752645,565,HZ_NONDISCRIMINATING_EQUAL_THRESHOLD,,1.0,,,,,,,,,
V1.2_STAGE3_FINAL,20260906T221530Z_db18dc51,ETH,HZ,bitget_trade_flow,TZ,0.95,,12755,12740,15,0.0011760094080752645,565,HZ_NONDISCRIMINATING_EQUAL_THRESHOLD,,1.0,,,,,,,,,
V1.2_STAGE3_FINAL,20260906T221530Z_db18dc51,ETH,HZ,depth_imbalance_l1,T0,0.8,,107900,107881,19,0.00017608897126969417,50722,HZ_DISCRIMINATING,,0.8454366828699248,,,,,,,,,
V1.2_STAGE3_FINAL,20260906T221530Z_db18dc51,ETH,HZ,depth_imbalance_l1,TZ,0.8,,107900,107881,19,0.00017608897126969417,50722,HZ_DISCRIMINATING,,0.8454760232424494,,,,,,,,,
V1.2_STAGE3_FINAL,20260906T221530Z_db18dc51,ETH,HZ,depth_imbalance_l1,T0,0.9,,107900,107881,19,0.00017608897126969417,50722,HZ_DISCRIMINATING,,0.9244884149191978,,,,,,,,,
V1.2_STAGE3_FINAL,20260906T221530Z_db18dc51,ETH,HZ,depth_imbalance_l1,TZ,0.9,,107900,107881,19,0.00017608897126969417,50722,HZ_DISCRIMINATING,,0.9245000374503782,,,,,,,,,
V1.2_STAGE3_FINAL,20260906T221530Z_db18dc51,ETH,HZ,depth_imbalance_l1,T0,0.95,,107900,107881,19,0.00017608897126969417,50722,HZ_DISCRIMINATING,,0.9736949739706201,,,,,,,,,
V1.2_STAGE3_FINAL,20260906T221530Z_db18dc51,ETH,HZ,depth_imbalance_l1,TZ,0.95,,107900,107881,19,0.00017608897126969417,50722,HZ_DISCRIMINATING,,0.9737031700288186,,,,,,,,,
V1.2_STAGE3_FINAL,20260906T221530Z_db18dc51,ETH,HZ,depth_imbalance_l5,T0,0.8,,107900,107897,3,2.7803521779425393e-05,67965,HZ_NONDISCRIMINATING_EQUAL_THRESHOLD,,0.7670690879577964,,,,,,,,,
V1.2_STAGE3_FINAL,20260906T221530Z_db18dc51,ETH,HZ,depth_imbalance_l5,TZ,0.8,,107900,107897,3,2.7803521779425393e-05,67965,HZ_NONDISCRIMINATING_EQUAL_THRESHOLD,,0.7670690879577964,,,,,,,,,
V1.2_STAGE3_FINAL,20260906T221530Z_db18dc51,ETH,HZ,depth_imbalance_l5,T0,0.9,,107900,107897,3,2.7803521779425393e-05,67965,HZ_DISCRIMINATING,,0.871611337769739,,,,,,,,,
V1.2_STAGE3_FINAL,20260906T221530Z_db18dc51,ETH,HZ,depth_imbalance_l5,TZ,0.9,,107900,107897,3,2.7803521779425393e-05,67965,HZ_DISCRIMINATING,,0.8716167815451673,,,,,,,,,
V1.2_STAGE3_FINAL,20260906T221530Z_db18dc51,ETH,HZ,depth_imbalance_l5,T0,0.95,,107900,107897,3,2.7803521779425393e-05,67965,HZ_NONDISCRIMINATING_EQUAL_THRESHOLD,,0.930756548818465,,,,,,,,,
V1.2_STAGE3_FINAL,20260906T221530Z_db18dc51,ETH,HZ,depth_imbalance_l5,TZ,0.95,,107900,107897,3,2.7803521779425393e-05,67965,HZ_NONDISCRIMINATING_EQUAL_THRESHOLD,,0.930756548818465,,,,,,,,,
V1.2_STAGE3_FINAL,20260906T221530Z_db18dc51,ETH,HZ,external_ofi,T0,0.8,,107900,105860,2040,0.018906394810009268,105859,HZ_DISCRIMINATING,,0.13554904686608707,,,,,,,,,
V1.2_STAGE3_FINAL,20260906T221530Z_db18dc51,ETH,HZ,external_ofi,TZ,0.8,,107900,105860,2040,0.018906394810009268,105859,HZ_DISCRIMINATING,,0.13998743698149144,,,,,,,,,
V1.2_STAGE3_FINAL,20260906T221530Z_db18dc51,ETH,HZ,external_ofi,T0,0.9,,107900,105860,2040,0.018906394810009268,105859,HZ_DISCRIMINATING,,0.3842161368278793,,,,,,,,,
V1.2_STAGE3_FINAL,20260906T221530Z_db18dc51,ETH,HZ,external_ofi,TZ,0.9,,107900,105860,2040,0.018906394810009268,105859,HZ_DISCRIMINATING,,0.3932314248043311,,,,,,,,,
V1.2_STAGE3_FINAL,20260906T221530Z_db18dc51,ETH,HZ,external_ofi,T0,0.95,,107900,105860,2040,0.018906394810009268,105859,HZ_DISCRIMINATING,,0.9020939546492518,,,,,,,,,
V1.2_STAGE3_FINAL,20260906T221530Z_db18dc51,ETH,HZ,external_ofi,TZ,0.95,,107900,105860,2040,0.018906394810009268,105859,HZ_DISCRIMINATING,,0.9236440585715404,,,,,,,,,
V1.2_STAGE3_FINAL,20260906T221530Z_db18dc51,ETH,HZ,external_trade_flow,T0,0.8,,61758,56401,5357,0.08674179863337543,7515,HZ_NONDISCRIMINATING_EQUAL_THRESHOLD,,1.0,,,,,,,,,
V1.2_STAGE3_FINAL,20260906T221530Z_db18dc51,ETH,HZ,external_trade_flow,TZ,0.8,,61758,56401,5357,0.08674179863337543,7515,HZ_NONDISCRIMINATING_EQUAL_THRESHOLD,,1.0,,,,,,,,,
V1.2_STAGE3_FINAL,20260906T221530Z_db18dc51,ETH,HZ,external_trade_flow,T0,0.9,,61758,56401,5357,0.08674179863337543,7515,HZ_NONDISCRIMINATING_EQUAL_THRESHOLD,,1.0,,,,,,,,,
V1.2_STAGE3_FINAL,20260906T221530Z_db18dc51,ETH,HZ,external_trade_flow,TZ,0.9,,61758,56401,5357,0.08674179863337543,7515,HZ_NONDISCRIMINATING_EQUAL_THRESHOLD,,1.0,,,,,,,,,
V1.2_STAGE3_FINAL,20260906T221530Z_db18dc51,ETH,HZ,external_trade_flow,T0,0.95,,61758,56401,5357,0.08674179863337543,7515,HZ_NONDISCRIMINATING_EQUAL_THRESHOLD,,1.0,,,,,,,,,
V1.2_STAGE3_FINAL,20260906T221530Z_db18dc51,ETH,HZ,external_trade_flow,TZ,0.95,,61758,56401,5357,0.08674179863337543,7515,HZ_NONDISCRIMINATING_EQUAL_THRESHOLD,,1.0,,,,,,,,,
V1.2_STAGE3_FINAL,20260906T221530Z_db18dc51,ETH,HZ,fair_accel_100ms,T0,0.8,,107898,107898,0,0.0,107625,ZERO_FREE_CONTROL,,0.00023104825590850302,,,,,,,,,
V1.2_STAGE3_FINAL,20260906T221530Z_db18dc51,ETH,HZ,fair_accel_100ms,TZ,0.8,,107898,107898,0,0.0,107625,ZERO_FREE_CONTROL,,0.00023104825590850302,,,,,,,,,
V1.2_STAGE3_FINAL,20260906T221530Z_db18dc51,ETH,HZ,fair_accel_100ms,T0,0.9,,107898,107898,0,0.0,107625,ZERO_FREE_CONTROL,,0.17208893629000116,,,,,,,,,
V1.2_STAGE3_FINAL,20260906T221530Z_db18dc51,ETH,HZ,fair_accel_100ms,TZ,0.9,,107898,107898,0,0.0,107625,ZERO_FREE_CONTROL,,0.17208893629000116,,,,,,,,,
V1.2_STAGE3_FINAL,20260906T221530Z_db18dc51,ETH,HZ,fair_accel_100ms,T0,0.95,,107898,107898,0,0.0,107625,ZERO_FREE_CONTROL,,0.3977639744033837,,,,,,,,,
V1.2_STAGE3_FINAL,20260906T221530Z_db18dc51,ETH,HZ,fair_accel_100ms,TZ,0.95,,107898,107898,0,0.0,107625,ZERO_FREE_CONTROL,,0.3977639744033837,,,,,,,,,
V1.2_STAGE3_FINAL,20260906T221530Z_db18dc51,ETH,HZ,fair_gap_reversion,T0,0.8,,107900,107900,0,0.0,107900,ZERO_FREE_CONTROL,,0.5027999396101103,,,,,,,,,
V1.2_STAGE3_FINAL,20260906T221530Z_db18dc51,ETH,HZ,fair_gap_reversion,TZ,0.8,,107900,107900,0,0.0,107900,ZERO_FREE_CONTROL,,0.5027999396101103,,,,,,,,,
V1.2_STAGE3_FINAL,20260906T221530Z_db18dc51,ETH,HZ,fair_gap_reversion,T0,0.9,,107900,107900,0,0.0,107900,ZERO_FREE_CONTROL,,0.6662132358415951,,,,,,,,,
V1.2_STAGE3_FINAL,20260906T221530Z_db18dc51,ETH,HZ,fair_gap_reversion,TZ,0.9,,107900,107900,0,0.0,107900,ZERO_FREE_CONTROL,,0.6662132358415951,,,,,,,,,
V1.2_STAGE3_FINAL,20260906T221530Z_db18dc51,ETH,HZ,fair_gap_reversion,T0,0.95,,107900,107900,0,0.0,107900,ZERO_FREE_CONTROL,,0.8377605393711782,,,,,,,,,
V1.2_STAGE3_FINAL,20260906T221530Z_db18dc51,ETH,HZ,fair_gap_reversion,TZ,0.95,,107900,107900,0,0.0,107900,ZERO_FREE_CONTROL,,0.8377605393711782,,,,,,,,,
V1.2_STAGE3_FINAL,20260906T221530Z_db18dc51,ETH,HZ,leader_gap_100ms,T0,0.8,,107899,107899,0,0.0,107878,ZERO_FREE_CONTROL,,0.0008305534516436084,,,,,,,,,
V1.2_STAGE3_FINAL,20260906T221530Z_db18dc51,ETH,HZ,leader_gap_100ms,TZ,0.8,,107899,107899,0,0.0,107878,ZERO_FREE_CONTROL,,0.0008305534516436084,,,,,,,,,
V1.2_STAGE3_FINAL,20260906T221530Z_db18dc51,ETH,HZ,leader_gap_100ms,T0,0.9,,107899,107899,0,0.0,107878,ZERO_FREE_CONTROL,,0.10034197296480478,,,,,,,,,
V1.2_STAGE3_FINAL,20260906T221530Z_db18dc51,ETH,HZ,leader_gap_100ms,TZ,0.9,,107899,107899,0,0.0,107878,ZERO_FREE_CONTROL,,0.10034197296480478,,,,,,,,,
V1.2_STAGE3_FINAL,20260906T221530Z_db18dc51,ETH,HZ,leader_gap_100ms,T0,0.95,,107899,107899,0,0.0,107878,ZERO_FREE_CONTROL,,0.318805246782487,,,,,,,,,
V1.2_STAGE3_FINAL,20260906T221530Z_db18dc51,ETH,HZ,leader_gap_100ms,TZ,0.95,,107899,107899,0,0.0,107878,ZERO_FREE_CONTROL,,0.318805246782487,,,,,,,,,
V1.2_STAGE3_FINAL,20260906T221530Z_db18dc51,ETH,HZ,leader_gap_200ms,T0,0.8,,107898,107898,0,0.0,107895,ZERO_FREE_CONTROL,,0.03824846984902209,,,,,,,,,
V1.2_STAGE3_FINAL,20260906T221530Z_db18dc51,ETH,HZ,leader_gap_200ms,TZ,0.8,,107898,107898,0,0.0,107895,ZERO_FREE_CONTROL,,0.03824846984902209,,,,,,,,,
V1.2_STAGE3_FINAL,20260906T221530Z_db18dc51,ETH,HZ,leader_gap_200ms,T0,0.9,,107898,107898,0,0.0,107895,ZERO_FREE_CONTROL,,0.2653034352087104,,,,,,,,,
V1.2_STAGE3_FINAL,20260906T221530Z_db18dc51,ETH,HZ,leader_gap_200ms,TZ,0.9,,107898,107898,0,0.0,107895,ZERO_FREE_CONTROL,,0.2653034352087104,,,,,,,,,
V1.2_STAGE3_FINAL,20260906T221530Z_db18dc51,ETH,HZ,leader_gap_200ms,T0,0.95,,107898,107898,0,0.0,107895,ZERO_FREE_CONTROL,,0.47938019917537683,,,,,,,,,
V1.2_STAGE3_FINAL,20260906T221530Z_db18dc51,ETH,HZ,leader_gap_200ms,TZ,0.95,,107898,107898,0,0.0,107895,ZERO_FREE_CONTROL,,0.47938019917537683,,,,,,,,,
V1.2_STAGE3_FINAL,20260906T221530Z_db18dc51,ETH,HZ,leader_gap_500ms,T0,0.8,,107895,107895,0,0.0,107894,ZERO_FREE_CONTROL,,0.2511965447745976,,,,,,,,,
V1.2_STAGE3_FINAL,20260906T221530Z_db18dc51,ETH,HZ,leader_gap_500ms,TZ,0.8,,107895,107895,0,0.0,107894,ZERO_FREE_CONTROL,,0.2511965447745976,,,,,,,,,
V1.2_STAGE3_FINAL,20260906T221530Z_db18dc51,ETH,HZ,leader_gap_500ms,T0,0.9,,107895,107895,0,0.0,107894,ZERO_FREE_CONTROL,,0.4775513857213582,,,,,,,,,
V1.2_STAGE3_FINAL,20260906T221530Z_db18dc51,ETH,HZ,leader_gap_500ms,TZ,0.9,,107895,107895,0,0.0,107894,ZERO_FREE_CONTROL,,0.4775513857213582,,,,,,,,,
V1.2_STAGE3_FINAL,20260906T221530Z_db18dc51,ETH,HZ,leader_gap_500ms,T0,0.95,,107895,107895,0,0.0,107894,ZERO_FREE_CONTROL,,0.6624105600013377,,,,,,,,,
V1.2_STAGE3_FINAL,20260906T221530Z_db18dc51,ETH,HZ,leader_gap_500ms,TZ,0.95,,107895,107895,0,0.0,107894,ZERO_FREE_CONTROL,,0.6624105600013377,,,,,,,,,
V1.2_STAGE3_FINAL,20260906T221530Z_db18dc51,ETH,HZ,leader_gap_1000ms,T0,0.8,,107890,107890,0,0.0,107889,ZERO_FREE_CONTROL,,0.39751201851267914,,,,,,,,,
V1.2_STAGE3_FINAL,20260906T221530Z_db18dc51,ETH,HZ,leader_gap_1000ms,TZ,0.8,,107890,107890,0,0.0,107889,ZERO_FREE_CONTROL,,0.39751201851267914,,,,,,,,,
V1.2_STAGE3_FINAL,20260906T221530Z_db18dc51,ETH,HZ,leader_gap_1000ms,T0,0.9,,107890,107890,0,0.0,107889,ZERO_FREE_CONTROL,,0.5969341840405453,,,,,,,,,
V1.2_STAGE3_FINAL,20260906T221530Z_db18dc51,ETH,HZ,leader_gap_1000ms,TZ,0.9,,107890,107890,0,0.0,107889,ZERO_FREE_CONTROL,,0.5969341840405453,,,,,,,,,
V1.2_STAGE3_FINAL,20260906T221530Z_db18dc51,ETH,HZ,leader_gap_1000ms,T0,0.95,,107890,107890,0,0.0,107889,ZERO_FREE_CONTROL,,0.7816190902524731,,,,,,,,,
V1.2_STAGE3_FINAL,20260906T221530Z_db18dc51,ETH,HZ,leader_gap_1000ms,TZ,0.95,,107890,107890,0,0.0,107889,ZERO_FREE_CONTROL,,0.7816190902524731,,,,,,,,,
V1.2_STAGE3_FINAL,20260906T221530Z_db18dc51,ETH,HG,depthL1_extOFI,G0,0.8,1000,,,,,,,,0.6004050008804369,10,21576,,6257,15319,406253294ac595ac15b60eabc5f3a0f6800732ce44fad8abd1a5a9055fb9e763,0.29671447656111016,0.4139363912418092,0.49500175112634703
V1.2_STAGE3_FINAL,20260906T221530Z_db18dc51,ETH,HG,depthL1_extOFI,G1,0.8,1000,,,,,,,19,0.8454366828699248,10,12867,,3624,9243,affbd94d72588d9ad18e1367090ed3457e3915d9b2b801b20c49be395b17ea01,0.376783708462181,0.47875275938189843,0.5526782985610583
V1.2_STAGE3_FINAL,20260906T221530Z_db18dc51,ETH,HG,depthL1_extOFI,G0,0.8,5000,,,,,,,,0.6004050008804369,50,21564,,1831,19733,2af1feadf70e783c6b53a5c535456fedb7a9daff97e065c9f2710e2173754190,0.45982210469532336,0.576187875477881,1.3415795018135654
V1.2_STAGE3_FINAL,20260906T221530Z_db18dc51,ETH,HG,depthL1_extOFI,G1,0.8,5000,,,,,,,19,0.8454366828699248,50,12859,,1391,11468,5725194377030d65b0c0357ce894e9be008ca40012228a10c44ec3b7b24801dc,0.5352219273547244,0.608195542774982,1.4206014651328773
V1.2_STAGE3_FINAL,20260906T221530Z_db18dc51,ETH,HG,depthL1_extOFI,G0,0.8,30000,,,,,,,,0.6004050008804369,300,21510,,350,21160,cbfb4d1b24da5ef54f2c9f6368580b97c1240d061808dacf93b1317499efd3d4,0.6164537218415734,0.5628571428571428,3.7346320408572473
V1.2_STAGE3_FINAL,20260906T221530Z_db18dc51,ETH,HG,depthL1_extOFI,G1,0.8,30000,,,,,,,19,0.8454366828699248,300,12838,,326,12512,abf196c4c8b211be05cd6980486f963b9e2bb2952f2042721771e23c5252747a,0.7183310503307055,0.5705521472392638,3.668897762892247
V1.2_STAGE3_FINAL,20260906T221530Z_db18dc51,ETH,HG,depthL1_extOFI,G0,0.9,1000,,,,,,,,0.7465361766804756,10,10788,,4287,6501,b0b400b85ac0cf28f8f1e1695251ab2eaa57c6a0df76311b48f48ce665764f62,0.35890827120282137,0.4800559832050385,0.569227552335488
V1.2_STAGE3_FINAL,20260906T221530Z_db18dc51,ETH,HG,depthL1_extOFI,G1,0.9,1000,,,,,,,19,0.9244884149191978,10,6921,,2365,4556,3e02ad4ddb4be42cea9bfb6df5a56146cbd333dcef6ed17d81cf3c25c0e68afc,0.4809343416699868,0.545877378435518,0.6387973362288771
V1.2_STAGE3_FINAL,20260906T221530Z_db18dc51,ETH,HG,depthL1_extOFI,G0,0.9,5000,,,,,,,,0.7465361766804756,50,10782,,1576,9206,5081b65c32d6c6676a8e19c2feaf4b35cb6fe10686a181917686c7fb413d5852,0.6127763355354141,0.6148477157360406,1.3783274546892947
V1.2_STAGE3_FINAL,20260906T221530Z_db18dc51,ETH,HG,depthL1_extOFI,G1,0.9,5000,,,,,,,19,0.9244884149191978,50,6918,,1105,5813,bf0c4e157b9541324713d76f10346de0f4a39ab6a53c8c155c37f66955ffc5f3,0.6673852435257898,0.644343891402715,1.5096631872160595
V1.2_STAGE3_FINAL,20260906T221530Z_db18dc51,ETH,HG,depthL1_extOFI,G0,0.9,30000,,,,,,,,0.7465361766804756,300,10751,,338,10413,34d6677df7ffe689b930e70ede330f0a8bfd1f932dfcbb2b96bfdbbc555210b3,0.4604236353791516,0.5532544378698225,3.567845536433885
V1.2_STAGE3_FINAL,20260906T221530Z_db18dc51,ETH,HG,depthL1_extOFI,G1,0.9,30000,,,,,,,19,0.9244884149191978,300,6912,,308,6604,18737fa17cc266b0fffb7cc605f786a10d5c7bd06c288019009b6da51d6d31c6,0.7239578935136745,0.5909090909090909,3.60556825099578
V1.2_STAGE3_FINAL,20260906T221530Z_db18dc51,ETH,HG,depthL1_extOFI,G0,0.95,1000,,,,,,,,0.8470922419625395,10,5395,,2787,2608,91c01d055cf85c39d228f8965b51b49f7f4646f2202ccf3c4cdfb1b6e14ac1a9,0.45368931114680167,0.5507714388231073,0.6505790456424063
V1.2_STAGE3_FINAL,20260906T221530Z_db18dc51,ETH,HG,depthL1_extOFI,G1,0.95,1000,,,,,,,19,0.9736949739706201,10,3601,,1393,2208,4c9d59edba6665a9cfd3fed4c89224c5b1849c6c10d959757822ea5dfff62fb9,0.5444920687956513,0.5771715721464465,0.6954332141662364
V1.2_STAGE3_FINAL,20260906T221530Z_db18dc51,ETH,HG,depthL1_extOFI,G0,0.95,5000,,,,,,,,0.8470922419625395,50,5393,,1303,4090,952eaedf152e7588a79a363554df99c3de470ab7deb66bd9e618df91f1e15e72,0.6057505594940998,0.6262471220260937,1.4670294830602457
V1.2_STAGE3_FINAL,20260906T221530Z_db18dc51,ETH,HG,depthL1_extOFI,G1,0.95,5000,,,,,,,19,0.9736949739706201,50,3601,,789,2812,c686c7fa86f149d369d331ca29dc0604e2f0e8043997b187e196bcf44996fe34,0.6762041378465189,0.6539923954372624,1.498936150391153
V1.2_STAGE3_FINAL,20260906T221530Z_db18dc51,ETH,HG,depthL1_extOFI,G0,0.95,30000,,,,,,,,0.8470922419625395,300,5379,,321,5058,a7fd52eae857f65fcf57175220b71b48d809dadca06c521c8a3f51bd5af4420f,0.6360869871118905,0.5482866043613707,3.695728404467815
V1.2_STAGE3_FINAL,20260906T221530Z_db18dc51,ETH,HG,depthL1_extOFI,G1,0.95,30000,,,,,,,19,0.9736949739706201,300,3599,,271,3328,f775dc59f835358b8042c23617d1c1f3931d062f03b736e8aa521a36e766b2aa,0.9751268706931938,0.5830258302583026,3.6529531223335505
V1.2_STAGE3_FINAL,20260906T221530Z_db18dc51,ETH,HC,gap_depth_extOFI,C0,0.8,1000,,,,,,,,0.5027999396101103,10,13172,,2533,10639,5141beaf6844637a8af971571548e41a2fd0fa300b1cc1efd1a832fb6e546f5f,0.34920220354684284,0.36991709435452036,0.5905095089179196
V1.2_STAGE3_FINAL,20260906T221530Z_db18dc51,ETH,HC,gap_depth_extOFI,C1,0.8,1000,,,,,,,,0.5027999396101103,10,7457,,2003,5454,1463eee3e7c0f4520c5fd8a17b5d2528e9846ffe80448af408c9e714e7db4e13,0.411533247619476,0.4213679480778832,0.6223144963617437
V1.2_STAGE3_FINAL,20260906T221530Z_db18dc51,ETH,HC,gap_depth_extOFI,C0,0.8,5000,,,,,,,,0.5027999396101103,50,13172,,1036,12136,6857b61dcb69cd5cceafc64513e0f28999d6395c5f3f371f8fa1ec44f9fd3e6c,0.5053027237659066,0.5704633204633205,1.5471833505270842
V1.2_STAGE3_FINAL,20260906T221530Z_db18dc51,ETH,HC,gap_depth_extOFI,C1,0.8,5000,,,,,,,,0.5027999396101103,50,7457,,910,6547,04e122c96de81d1c2ce1af093245600577ca5fae9e7d4116f292a1d06c71bad2,0.6063480996884919,0.6021978021978022,1.551947243520799
V1.2_STAGE3_FINAL,20260906T221530Z_db18dc51,ETH,HC,gap_depth_extOFI,C0,0.8,30000,,,,,,,,0.5027999396101103,300,13170,,293,12877,e0eff9410280d64cc6d5b762a02faf15007c5639e36c1ed167247ea3cfffef16,0.46481219333849577,0.5460750853242321,3.7852136054276295
V1.2_STAGE3_FINAL,20260906T221530Z_db18dc51,ETH,HC,gap_depth_extOFI,C1,0.8,30000,,,,,,,,0.5027999396101103,300,7455,,282,7173,0868a2492acd55e3c213ad9e8f02166d203bc56d73b44ebcfa5ee2a7572c0d4c,0.6080644180397311,0.574468085106383,3.8419108911227853
V1.2_STAGE3_FINAL,20260906T221530Z_db18dc51,ETH,HC,gap_depth_extOFI,C0,0.9,1000,,,,,,,,0.6662132358415951,10,6885,,1418,5467,c56ab7de99cbad34a2c47c17e1bdab3a6ec654a81d1c3d2faa12e9f25f284bb6,0.4977534242101959,0.4287729196050776,0.7154363821950633
V1.2_STAGE3_FINAL,20260906T221530Z_db18dc51,ETH,HC,gap_depth_extOFI,C1,0.9,1000,,,,,,,,0.6662132358415951,10,3911,,1130,2781,a52f397b2f9a18540a1e400dd3a813b29324c72e570fd9a4f1a1422f6545c01a,0.5373246280772692,0.4725663716814159,0.7181651686470323
V1.2_STAGE3_FINAL,20260906T221530Z_db18dc51,ETH,HC,gap_depth_extOFI,C0,0.9,5000,,,,,,,,0.6662132358415951,50,6885,,671,6214,afd19aa932adf1bf069fbd0b1ba49f341eed7d2f76e48f78108b3d2c7428227e,0.7364683709277264,0.6020864381520119,1.693215782019869
V1.2_STAGE3_FINAL,20260906T221530Z_db18dc51,ETH,HC,gap_depth_extOFI,C1,0.9,5000,,,,,,,,0.6662132358415951,50,3911,,580,3331,095c88ffb90dd14beb2d2d5825bd5c5cdb99db646a2f98881c8f3e898c6a3717,0.7622817088759233,0.6241379310344828,1.6500106645694639
V1.2_STAGE3_FINAL,20260906T221530Z_db18dc51,ETH,HC,gap_depth_extOFI,C0,0.9,30000,,,,,,,,0.6662132358415951,300,6883,,246,6637,9478fc35d10b3bb9d6ecde9fc968b81038a61e22973aabf660ebde87a7525a43,0.61988152400777,0.5487804878048781,3.553934284670023
V1.2_STAGE3_FINAL,20260906T221530Z_db18dc51,ETH,HC,gap_depth_extOFI,C1,0.9,30000,,,,,,,,0.6662132358415951,300,3909,,232,3677,c8e08a4ac278c85613286b83f8ce5150dff3b14665aa3d9fcaa88eac65fa8914,0.5349021624804918,0.521551724137931,3.7765099032170086
V1.2_STAGE3_FINAL,20260906T221530Z_db18dc51,ETH,HC,gap_depth_extOFI,C0,0.95,1000,,,,,,,,0.8377605393711782,10,3386,,766,2620,66213b1d4b7e5357a33ae2fd870a0bebf149e1e13675ed4aba8a0ba0996faf66,0.6939054512351123,0.4699738903394256,0.8927301170376027
V1.2_STAGE3_FINAL,20260906T221530Z_db18dc51,ETH,HC,gap_depth_extOFI,C1,0.95,1000,,,,,,,,0.8377605393711782,10,1892,,593,1299,fd26edea7684bf7ad39d6a4f8c74880655a3922418486e79ec064bcc147f308d,0.716896721065618,0.524451939291737,0.8957166521824791
V1.2_STAGE3_FINAL,20260906T221530Z_db18dc51,ETH,HC,gap_depth_extOFI,C0,0.95,5000,,,,,,,,0.8377605393711782,50,3386,,417,2969,2dcb1a1f59d88d4e9f0cf95ca73c9676a4609bb294cbd093637d60b77c385791,0.9515714835715176,0.6091127098321343,1.8705270653261803
V1.2_STAGE3_FINAL,20260906T221530Z_db18dc51,ETH,HC,gap_depth_extOFI,C1,0.95,5000,,,,,,,,0.8377605393711782,50,1892,,350,1542,d3719090191781ca29276ea00ecbe6aec0e66c963f4bb25ab50de4c5ed8f3c2d,0.9113382064685533,0.64,1.837917155533737
V1.2_STAGE3_FINAL,20260906T221530Z_db18dc51,ETH,HC,gap_depth_extOFI,C0,0.95,30000,,,,,,,,0.8377605393711782,300,3385,,198,3187,97fa07bc1beef0318d400583b3c629ba6193b59a3950c5435f70692805e7c4f7,0.6727126309052796,0.5353535353535354,3.687037489900978
V1.2_STAGE3_FINAL,20260906T221530Z_db18dc51,ETH,HC,gap_depth_extOFI,C1,0.95,30000,,,,,,,,0.8377605393711782,300,1891,,186,1705,25ec681a5d545b940be7a31c6f535fc80cfab17510c5669462203e93f8ed0eb5,0.4144950064254004,0.5053763440860215,3.579232702575137
V1.2_STAGE3_FINAL,20260906T221530Z_db18dc51,ETH,HB,depth_imbalance_l1,B0,0.9,1000,,,,,,,,0.9244884149191978,10,10790,3717,2508,8282,13fec6be4a36bdd52b64b60875ed72b0bf5fe5dc5a2242f7f5e7666ccdf55eb2,0.461028670380575,0.534688995215311,0.6373118133024457
V1.2_STAGE3_FINAL,20260906T221530Z_db18dc51,ETH,HB,depth_imbalance_l1,B1,0.9,1000,,,,,,,,0.9244884149191978,10,10790,3717,2402,8388,e2482c9e722082da251f7d1b53e08fd24c2dfc70f9e1d027fcba3d98f02b21da,0.4614063669413844,0.5399666944213156,0.6359247491322697
V1.2_STAGE3_FINAL,20260906T221530Z_db18dc51,ETH,HB,depth_imbalance_l1,B0,0.9,5000,,,,,,,,0.9244884149191978,50,10785,1656,1134,9651,3084b51dd527bbe877fa0d90f380ab093743a21ee9b3734254dc1fef3c019501,0.671139545438819,0.6428571428571429,1.509598996011618
V1.2_STAGE3_FINAL,20260906T221530Z_db18dc51,ETH,HB,depth_imbalance_l1,B1,0.9,5000,,,,,,,,0.9244884149191978,50,10785,1656,1119,9666,04d8ac7e4b62786b004e2b0efff5f7a3fb69382ac0a41bcfdec2adf4ad9233df,0.6713757877742175,0.6425379803395889,1.5114323856629772
V1.2_STAGE3_FINAL,20260906T221530Z_db18dc51,ETH,HB,depth_imbalance_l1,B0,0.9,30000,,,,,,,,0.9244884149191978,300,10777,1304,311,10466,86129c2cab704cbff82411dd8b55f3d7730dc89cd2c03ccd19e4ef7a79fb2861,0.8364962322519742,0.5916398713826366,3.5046857299029575
V1.2_STAGE3_FINAL,20260906T221530Z_db18dc51,ETH,HB,depth_imbalance_l1,B1,0.9,30000,,,,,,,,0.9244884149191978,300,10777,1304,310,10467,ddcd5edb73cd2e1946d44ca326944f963ce557b7d6e78813fabeace2d648d09f,0.7470099427342005,0.5903225806451613,3.6032195195711183
V1.2_STAGE3_FINAL,20260906T221530Z_db18dc51,ETH,HB,gap_depthL1,B0,0.9,1000,,,,,,,,0.6662132358415951,10,7774,3667,1349,6425,85c8d819ee26dc086eba264de62d494907c641dd543e84cc9b5e029454ccca1f,0.4634596641403682,0.44551519644180876,0.6919824591086126
V1.2_STAGE3_FINAL,20260906T221530Z_db18dc51,ETH,HB,gap_depthL1,B1,0.9,1000,,,,,,,,0.6662132358415951,10,7774,3667,1288,6486,191d3e14d46f7b89f7232ccf0725ee5964378d7b7aeaba12cdb6e481fb11c668,0.45012128393064366,0.44798136645962733,0.697126949097957
V1.2_STAGE3_FINAL,20260906T221530Z_db18dc51,ETH,HB,gap_depthL1,B0,0.9,5000,,,,,,,,0.6662132358415951,50,7774,1177,666,7108,ec026f60191a0e9891fc18c03a0842d6ad8a65ed0ce1e0d8affe3f7cc2b1f0e2,0.6924222643113687,0.6081081081081081,1.632036483626596
V1.2_STAGE3_FINAL,20260906T221530Z_db18dc51,ETH,HB,gap_depthL1,B1,0.9,5000,,,,,,,,0.6662132358415951,50,7774,1177,657,7117,3d84c73c44b3bb174b5ae05dfc5dabd04ed1a8ef543feafebe068209b9ab5cd2,0.6957846384016891,0.60882800608828,1.6230735951578092
V1.2_STAGE3_FINAL,20260906T221530Z_db18dc51,ETH,HB,gap_depthL1,B0,0.9,30000,,,,,,,,0.6662132358415951,300,7769,770,251,7518,8645c944de61cc16e2d8daa0eaec233d57b37d7b3d31c251f0529952175db5c8,0.42302331693521233,0.5099601593625498,3.718921584151949
V1.2_STAGE3_FINAL,20260906T221530Z_db18dc51,ETH,HB,gap_depthL1,B1,0.9,30000,,,,,,,,0.6662132358415951,300,7769,770,251,7518,07a8cc041bd9ca26ca3890a8077daa873d2e0859acf86a7ea696871e75af72b4,0.42705194714683453,0.5059760956175299,3.707265769537732
V1.2_STAGE3_FINAL,20260906T221530Z_db18dc51,ETH,HB,gap_localOFI,B0,0.9,1000,,,,,,,,0.6662132358415951,10,3045,381,1241,1804,08de3b9132cffcbf531936eb9a9a6e871b42e5f5b007694573037b2122443f01,0.47324917466902544,0.42224012892828366,0.704984956541793
V1.2_STAGE3_FINAL,20260906T221530Z_db18dc51,ETH,HB,gap_localOFI,B1,0.9,1000,,,,,,,,0.6662132358415951,10,3045,381,1197,1848,496ccc88be3b6b6b6b5d4f209ddfd523e3e77984d4d7f37d791f4aa634c99398,0.4744535707502493,0.4243943191311612,0.7003557196844423
V1.2_STAGE3_FINAL,20260906T221530Z_db18dc51,ETH,HB,gap_localOFI,B0,0.9,5000,,,,,,,,0.6662132358415951,50,3045,192,653,2392,3279f4cdb6da73bd26e687ee280a03c6623ac3c3c88e4998864447b33f230b34,0.6546836897833395,0.5834609494640123,1.6539008760038334
V1.2_STAGE3_FINAL,20260906T221530Z_db18dc51,ETH,HB,gap_localOFI,B1,0.9,5000,,,,,,,,0.6662132358415951,50,3045,192,649,2396,7bb0ff0f8460528981b36cc8ce058834161a64fe47f97f7967752fbf936d4ba6,0.6558639918670184,0.5839753466872111,1.6533698321507286
V1.2_STAGE3_FINAL,20260906T221530Z_db18dc51,ETH,HB,gap_localOFI,B0,0.9,30000,,,,,,,,0.6662132358415951,300,3043,156,245,2798,530e541b72d340589ba8acf8999ce90af6073cd637f6ccfdc8aaea6859e7c68d,0.8311538227686962,0.5755102040816327,3.673613372689318
V1.2_STAGE3_FINAL,20260906T221530Z_db18dc51,ETH,HB,gap_localOFI,B1,0.9,30000,,,,,,,,0.6662132358415951,300,3043,156,245,2798,e6161c673915c64694a8e9d82cfb43e490339f74f92805eec1024e3754e04e03,0.818258824370759,0.563265306122449,3.6628065429844376
V1.2_STAGE3_FINAL,20260906T221530Z_db18dc51,ETH,HB,bitget_ofi,B0,0.9,1000,,,,,,,,0.48380137139054075,10,10788,1530,4566,6222,a5e51d4814aa2fcf0acaccb86a4bba2ce232192ba301badb7f84ab84faa02375,0.22097677459148893,0.4102058694699956,0.5292221034297404
V1.2_STAGE3_FINAL,20260906T221530Z_db18dc51,ETH,HB,bitget_ofi,B1,0.9,1000,,,,,,,,0.48380137139054075,10,10788,1530,4341,6447,042a025af9b0d8b11d8cdd11d96d9cf297acdeb6df1c6b05a8876768e3017d6a,0.2203341362879396,0.4065883436996084,0.520276219373248
V1.2_STAGE3_FINAL,20260906T221530Z_db18dc51,ETH,HB,bitget_ofi,B0,0.9,5000,,,,,,,,0.48380137139054075,50,10784,1384,1639,9145,dbc194883a1e50cf758b2a2cbc689ea04dd3e07ecb8f2c6b298c8ca7c3d357cb,0.3552786123419178,0.5332519829164124,1.348351208266056
V1.2_STAGE3_FINAL,20260906T221530Z_db18dc51,ETH,HB,bitget_ofi,B1,0.9,5000,,,,,,,,0.48380137139054075,50,10784,1384,1603,9181,637465dd4c7ee4947a1c158006af84bc909bb338a5caca51cf2bc31f889c1888,0.397071126826226,0.537117903930131,1.3500618993217726
V1.2_STAGE3_FINAL,20260906T221530Z_db18dc51,ETH,HB,bitget_ofi,B0,0.9,30000,,,,,,,,0.48380137139054075,300,10756,1266,339,10417,cd5c24f6d74be3e63b41907025e27a635efa11f56d788129758b04f42a6af27b,0.23858592276663038,0.5103244837758112,3.6205327118087838
V1.2_STAGE3_FINAL,20260906T221530Z_db18dc51,ETH,HB,bitget_ofi,B1,0.9,30000,,,,,,,,0.48380137139054075,300,10756,1266,339,10417,a5d0a1914334d96dbe2459766a0586518d8f51a636eb1bec51e16ab723f630e2,0.11682526035625444,0.49852507374631266,3.5289714457546664
V1.2_STAGE3_FINAL,20260906T221530Z_db18dc51,ETH,HB,depthL1_extOFI,B0,0.9,1000,,,,,,,,0.7465361766804756,10,10788,1543,4287,6501,b0b400b85ac0cf28f8f1e1695251ab2eaa57c6a0df76311b48f48ce665764f62,0.35890827120282137,0.4800559832050385,0.569227552335488
V1.2_STAGE3_FINAL,20260906T221530Z_db18dc51,ETH,HB,depthL1_extOFI,B1,0.9,1000,,,,,,,,0.7465361766804756,10,10788,1543,4066,6722,4de1fe108f4a1af4d45a340c733f520b91481c71ec359c3e4cdfe160d23d11b8,0.37413728776519123,0.48352188883423514,0.5731655107065955
V1.2_STAGE3_FINAL,20260906T221530Z_db18dc51,ETH,HB,depthL1_extOFI,B0,0.9,5000,,,,,,,,0.7465361766804756,50,10782,1300,1576,9206,5081b65c32d6c6676a8e19c2feaf4b35cb6fe10686a181917686c7fb413d5852,0.6127763355354141,0.6148477157360406,1.3783274546892947
V1.2_STAGE3_FINAL,20260906T221530Z_db18dc51,ETH,HB,depthL1_extOFI,B1,0.9,5000,,,,,,,,0.7465361766804756,50,10782,1300,1557,9225,fa3ad396d50486559982330551a32dea02af46d641323db6ef3d2040bdc7d9ab,0.5876945038023362,0.6107899807321773,1.3781383797036648
V1.2_STAGE3_FINAL,20260906T221530Z_db18dc51,ETH,HB,depthL1_extOFI,B0,0.9,30000,,,,,,,,0.7465361766804756,300,10751,1225,338,10413,34d6677df7ffe689b930e70ede330f0a8bfd1f932dfcbb2b96bfdbbc555210b3,0.4604236353791516,0.5532544378698225,3.567845536433885
V1.2_STAGE3_FINAL,20260906T221530Z_db18dc51,ETH,HB,depthL1_extOFI,B1,0.9,30000,,,,,,,,0.7465361766804756,300,10751,1225,336,10415,7f7f613f3f291d46d0e8fc71dcb2278378f2394d6b43884d6e875cf8f49e36a4,0.6402259760865887,0.5357142857142857,3.6551739570749295
V1.2_STAGE3_FINAL,20260906T221530Z_db18dc51,ETH,HB,gap_depth_extOFI,B0,0.9,1000,,,,,,,,0.6662132358415951,10,6885,2856,1418,5467,c56ab7de99cbad34a2c47c17e1bdab3a6ec654a81d1c3d2faa12e9f25f284bb6,0.4977534242101959,0.4287729196050776,0.7154363821950633
V1.2_STAGE3_FINAL,20260906T221530Z_db18dc51,ETH,HB,gap_depth_extOFI,B1,0.9,1000,,,,,,,,0.6662132358415951,10,6885,2856,1352,5533,321c1453461c93cfbd14acf96af70db2cd6ca44599209fffa93c07828316fc3d,0.5177838539178095,0.4386094674556213,0.7262196198437202
V1.2_STAGE3_FINAL,20260906T221530Z_db18dc51,ETH,HB,gap_depth_extOFI,B0,0.9,5000,,,,,,,,0.6662132358415951,50,6885,970,671,6214,afd19aa932adf1bf069fbd0b1ba49f341eed7d2f76e48f78108b3d2c7428227e,0.7364683709277264,0.6020864381520119,1.693215782019869
V1.2_STAGE3_FINAL,20260906T221530Z_db18dc51,ETH,HB,gap_depth_extOFI,B1,0.9,5000,,,,,,,,0.6662132358415951,50,6885,970,669,6216,765e022410aa35a21ed68b341e5069acccc9da2d54d98d2a6182a8a6f8a7cfef,0.7207392210891145,0.5949177877428998,1.6921552093288952
V1.2_STAGE3_FINAL,20260906T221530Z_db18dc51,ETH,HB,gap_depth_extOFI,B0,0.9,30000,,,,,,,,0.6662132358415951,300,6883,585,246,6637,9478fc35d10b3bb9d6ecde9fc968b81038a61e22973aabf660ebde87a7525a43,0.61988152400777,0.5487804878048781,3.553934284670023
V1.2_STAGE3_FINAL,20260906T221530Z_db18dc51,ETH,HB,gap_depth_extOFI,B1,0.9,30000,,,,,,,,0.6662132358415951,300,6883,585,245,6638,d4cc47236adb5edc4a57adf450cef8aec98819f90b01432cee8b4f5301b77e13,0.6864539838294639,0.5510204081632653,3.57676349031064
