session,period,asset,feature,horizon_ms,q,threshold,N,mean_signed_bps,hit_rate
20260907T221751Z_3abdfd02,NEW12,BTC,depthBoth,1000,0.8,0.9287390349309971,3111,0.2702981650606153,0.3461909353905497
20260907T221751Z_3abdfd02,NEW12,BTC,depthBoth,2000,0.8,0.9287390349309971,1997,0.411060930669743,0.48122183274912367
20260907T221751Z_3abdfd02,NEW12,BTC,depthBoth,5000,0.8,0.9287390349309971,1146,0.5554703033106265,0.5977312390924956
20260907T221751Z_3abdfd02,NEW12,BTC,depthBoth,10000,0.8,0.9287390349309971,729,0.5903210158387385,0.6406035665294925
20260907T221751Z_3abdfd02,NEW12,BTC,depthBoth,30000,0.8,0.9287390349309971,307,0.532118343571288,0.5798045602605864
20260907T221751Z_3abdfd02,NEW12,BTC,depthBoth,1000,0.9,0.9697771203690239,1834,0.33951742159024306,0.42311886586695746
20260907T221751Z_3abdfd02,NEW12,BTC,depthBoth,2000,0.9,0.9697771203690239,1302,0.4778800088606794,0.5560675883256528
20260907T221751Z_3abdfd02,NEW12,BTC,depthBoth,5000,0.9,0.9697771203690239,845,0.594626281820838,0.6473372781065089
20260907T221751Z_3abdfd02,NEW12,BTC,depthBoth,10000,0.9,0.9697771203690239,595,0.5805814336532844,0.6521008403361345
20260907T221751Z_3abdfd02,NEW12,BTC,depthBoth,30000,0.9,0.9697771203690239,283,0.554732171771436,0.5936395759717314
20260907T221751Z_3abdfd02,NEW12,BTC,depthBoth,1000,0.95,0.9900152810739935,1031,0.40863562833651756,0.501454898157129
20260907T221751Z_3abdfd02,NEW12,BTC,depthBoth,2000,0.95,0.9900152810739935,785,0.5464124643991582,0.6229299363057325
20260907T221751Z_3abdfd02,NEW12,BTC,depthBoth,5000,0.95,0.9900152810739935,574,0.6756545715212042,0.7038327526132404
20260907T221751Z_3abdfd02,NEW12,BTC,depthBoth,10000,0.95,0.9900152810739935,440,0.6841267281735185,0.6954545454545454
20260907T221751Z_3abdfd02,NEW12,BTC,depthBoth,30000,0.95,0.9900152810739935,247,0.5416501269374245,0.5910931174089069
20260907T221751Z_3abdfd02,NEW12,BTC,depthL1_extOFI,1000,0.8,0.9292057629046563,2914,0.2941133908461264,0.363761153054221
20260907T221751Z_3abdfd02,NEW12,BTC,depthL1_extOFI,2000,0.8,0.9292057629046563,1931,0.4244866720607752,0.49611600207146556
20260907T221751Z_3abdfd02,NEW12,BTC,depthL1_extOFI,5000,0.8,0.9292057629046563,1122,0.5787385849949206,0.6158645276292335
20260907T221751Z_3abdfd02,NEW12,BTC,depthL1_extOFI,10000,0.8,0.9292057629046563,717,0.5598924664166848,0.6331938633193863
20260907T221751Z_3abdfd02,NEW12,BTC,depthL1_extOFI,30000,0.8,0.9292057629046563,307,0.7322664442189702,0.6188925081433225
20260907T221751Z_3abdfd02,NEW12,BTC,depthL1_extOFI,1000,0.9,0.9732476248995604,1736,0.3563053524080989,0.43663594470046085
20260907T221751Z_3abdfd02,NEW12,BTC,depthL1_extOFI,2000,0.9,0.9732476248995604,1250,0.48822465597025566,0.5688
20260907T221751Z_3abdfd02,NEW12,BTC,depthL1_extOFI,5000,0.9,0.9732476248995604,820,0.666791456980888,0.6780487804878049
20260907T221751Z_3abdfd02,NEW12,BTC,depthL1_extOFI,10000,0.9,0.9732476248995604,579,0.6524504007315751,0.6718480138169257
20260907T221751Z_3abdfd02,NEW12,BTC,depthL1_extOFI,30000,0.9,0.9732476248995604,283,0.6726693801773167,0.6042402826855123
20260907T221751Z_3abdfd02,NEW12,BTC,depthL1_extOFI,1000,0.95,0.9926191192601064,945,0.4158016774551621,0.5100529100529101
20260907T221751Z_3abdfd02,NEW12,BTC,depthL1_extOFI,2000,0.95,0.9926191192601064,723,0.5347742882355375,0.6417704011065007
20260907T221751Z_3abdfd02,NEW12,BTC,depthL1_extOFI,5000,0.95,0.9926191192601064,530,0.6633585815481029,0.7132075471698113
20260907T221751Z_3abdfd02,NEW12,BTC,depthL1_extOFI,10000,0.95,0.9926191192601064,412,0.7167962765601434,0.7184466019417476
20260907T221751Z_3abdfd02,NEW12,BTC,depthL1_extOFI,30000,0.95,0.9926191192601064,235,0.6109796048301797,0.5872340425531914
20260907T221751Z_3abdfd02,NEW12,BTC,gap_depthBoth,1000,0.8,0.4160033864897273,2230,0.2194191711786059,0.24349775784753364
20260907T221751Z_3abdfd02,NEW12,BTC,gap_depthBoth,2000,0.8,0.4160033864897273,1357,0.33957923651965893,0.37361827560795874
20260907T221751Z_3abdfd02,NEW12,BTC,gap_depthBoth,5000,0.8,0.4160033864897273,768,0.5093596436068064,0.5286458333333334
20260907T221751Z_3abdfd02,NEW12,BTC,gap_depthBoth,10000,0.8,0.4160033864897273,521,0.460245248080842,0.5873320537428023
20260907T221751Z_3abdfd02,NEW12,BTC,gap_depthBoth,30000,0.8,0.4160033864897273,252,0.7763680068112323,0.6111111111111112
20260907T221751Z_3abdfd02,NEW12,BTC,gap_depthBoth,1000,0.9,0.5374800965145535,1278,0.2995725869226135,0.30125195618153366
20260907T221751Z_3abdfd02,NEW12,BTC,gap_depthBoth,2000,0.9,0.5374800965145535,833,0.4472985284458259,0.43577430972388953
20260907T221751Z_3abdfd02,NEW12,BTC,gap_depthBoth,5000,0.9,0.5374800965145535,519,0.6284667647389793,0.5973025048169557
20260907T221751Z_3abdfd02,NEW12,BTC,gap_depthBoth,10000,0.9,0.5374800965145535,383,0.6791522269268695,0.6475195822454308
20260907T221751Z_3abdfd02,NEW12,BTC,gap_depthBoth,30000,0.9,0.5374800965145535,216,0.7728813582012874,0.6111111111111112
20260907T221751Z_3abdfd02,NEW12,BTC,gap_depthBoth,1000,0.95,0.6382106172260202,727,0.4447838989147309,0.3741403026134801
20260907T221751Z_3abdfd02,NEW12,BTC,gap_depthBoth,2000,0.95,0.6382106172260202,509,0.6038641155218026,0.5009823182711198
20260907T221751Z_3abdfd02,NEW12,BTC,gap_depthBoth,5000,0.95,0.6382106172260202,346,0.7481241768813189,0.6445086705202312
20260907T221751Z_3abdfd02,NEW12,BTC,gap_depthBoth,10000,0.95,0.6382106172260202,281,0.6472935015652875,0.6441281138790036
20260907T221751Z_3abdfd02,NEW12,BTC,gap_depthBoth,30000,0.95,0.6382106172260202,178,0.8167338453711309,0.6235955056179775
20260907T221751Z_3abdfd02,NEW12,BTC,gap_depthL1,1000,0.8,0.4160033864897273,2258,0.21650495512291532,0.24224977856510185
20260907T221751Z_3abdfd02,NEW12,BTC,gap_depthL1,2000,0.8,0.4160033864897273,1372,0.33790895750257677,0.37317784256559766
20260907T221751Z_3abdfd02,NEW12,BTC,gap_depthL1,5000,0.8,0.4160033864897273,775,0.5160568341355781,0.5290322580645161
20260907T221751Z_3abdfd02,NEW12,BTC,gap_depthL1,10000,0.8,0.4160033864897273,525,0.47633014246364136,0.5885714285714285
20260907T221751Z_3abdfd02,NEW12,BTC,gap_depthL1,30000,0.8,0.4160033864897273,254,0.7899172083147918,0.6062992125984252
20260907T221751Z_3abdfd02,NEW12,BTC,gap_depthL1,1000,0.9,0.5374800965145535,1293,0.2959806806559928,0.300077339520495
20260907T221751Z_3abdfd02,NEW12,BTC,gap_depthL1,2000,0.9,0.5374800965145535,842,0.44558206836704045,0.4323040380047506
20260907T221751Z_3abdfd02,NEW12,BTC,gap_depthL1,5000,0.9,0.5374800965145535,525,0.6347309965642218,0.5923809523809523
20260907T221751Z_3abdfd02,NEW12,BTC,gap_depthL1,10000,0.9,0.5374800965145535,387,0.6834488043101719,0.6434108527131783
20260907T221751Z_3abdfd02,NEW12,BTC,gap_depthL1,30000,0.9,0.5374800965145535,217,0.8851967291451588,0.631336405529954
20260907T221751Z_3abdfd02,NEW12,BTC,gap_depthL1,1000,0.95,0.6382106172260202,736,0.44201172180378856,0.37092391304347827
20260907T221751Z_3abdfd02,NEW12,BTC,gap_depthL1,2000,0.95,0.6382106172260202,514,0.6088521263425989,0.4961089494163424
20260907T221751Z_3abdfd02,NEW12,BTC,gap_depthL1,5000,0.95,0.6382106172260202,349,0.7465924079163051,0.6389684813753582
20260907T221751Z_3abdfd02,NEW12,BTC,gap_depthL1,10000,0.95,0.6382106172260202,283,0.6492011972861329,0.6395759717314488
20260907T221751Z_3abdfd02,NEW12,BTC,gap_depthL1,30000,0.95,0.6382106172260202,178,0.7943184470345698,0.6179775280898876
20260907T221751Z_3abdfd02,NEW12,BTC,gap_depth_extOFI,1000,0.8,0.4160033864897273,1999,0.24190157465308704,0.25812906453226614
20260907T221751Z_3abdfd02,NEW12,BTC,gap_depth_extOFI,2000,0.8,0.4160033864897273,1271,0.36614541659560795,0.3878835562549174
20260907T221751Z_3abdfd02,NEW12,BTC,gap_depth_extOFI,5000,0.8,0.4160033864897273,731,0.5537863715485538,0.5499316005471956
20260907T221751Z_3abdfd02,NEW12,BTC,gap_depth_extOFI,10000,0.8,0.4160033864897273,498,0.5657343010142589,0.608433734939759
20260907T221751Z_3abdfd02,NEW12,BTC,gap_depth_extOFI,30000,0.8,0.4160033864897273,248,0.7871603148308425,0.5967741935483871
20260907T221751Z_3abdfd02,NEW12,BTC,gap_depth_extOFI,1000,0.9,0.5374800965145535,1129,0.3372603246369578,0.32418069087688217
20260907T221751Z_3abdfd02,NEW12,BTC,gap_depth_extOFI,2000,0.9,0.5374800965145535,775,0.4814292388291811,0.4503225806451613
20260907T221751Z_3abdfd02,NEW12,BTC,gap_depth_extOFI,5000,0.9,0.5374800965145535,482,0.6566552621593106,0.6099585062240664
20260907T221751Z_3abdfd02,NEW12,BTC,gap_depth_extOFI,10000,0.9,0.5374800965145535,359,0.6928005338717161,0.6545961002785515
20260907T221751Z_3abdfd02,NEW12,BTC,gap_depth_extOFI,30000,0.9,0.5374800965145535,206,0.7141389141832342,0.5922330097087378
20260907T221751Z_3abdfd02,NEW12,BTC,gap_depth_extOFI,1000,0.95,0.6382106172260202,645,0.48933467340509723,0.3937984496124031
20260907T221751Z_3abdfd02,NEW12,BTC,gap_depth_extOFI,2000,0.95,0.6382106172260202,469,0.6608507186845838,0.5223880597014925
20260907T221751Z_3abdfd02,NEW12,BTC,gap_depth_extOFI,5000,0.95,0.6382106172260202,324,0.7803102543618781,0.6574074074074074
20260907T221751Z_3abdfd02,NEW12,BTC,gap_depth_extOFI,10000,0.95,0.6382106172260202,266,0.6916485487847168,0.6578947368421053
20260907T221751Z_3abdfd02,NEW12,BTC,gap_depth_extOFI,30000,0.95,0.6382106172260202,169,0.8411272155363745,0.6094674556213018
20260907T221751Z_3abdfd02,NEW12,BTC,gap_extOFI,1000,0.8,0.4160033864897273,2271,0.2403037098329103,0.24438573315719947
20260907T221751Z_3abdfd02,NEW12,BTC,gap_extOFI,2000,0.8,0.4160033864897273,1433,0.3688899701834861,0.366364270760642
20260907T221751Z_3abdfd02,NEW12,BTC,gap_extOFI,5000,0.8,0.4160033864897273,806,0.5373730307953756,0.5235732009925558
20260907T221751Z_3abdfd02,NEW12,BTC,gap_extOFI,10000,0.8,0.4160033864897273,537,0.5351268317352873,0.5828677839851024
20260907T221751Z_3abdfd02,NEW12,BTC,gap_extOFI,30000,0.8,0.4160033864897273,259,0.6522270172046694,0.5637065637065637
20260907T221751Z_3abdfd02,NEW12,BTC,gap_extOFI,1000,0.9,0.5374800965145535,1244,0.3564298611056377,0.31913183279742763
20260907T221751Z_3abdfd02,NEW12,BTC,gap_extOFI,2000,0.9,0.5374800965145535,851,0.5111645908218827,0.4418331374853114
20260907T221751Z_3abdfd02,NEW12,BTC,gap_extOFI,5000,0.9,0.5374800965145535,527,0.653231524927494,0.5939278937381404
20260907T221751Z_3abdfd02,NEW12,BTC,gap_extOFI,10000,0.9,0.5374800965145535,387,0.6611375782631806,0.6330749354005168
20260907T221751Z_3abdfd02,NEW12,BTC,gap_extOFI,30000,0.9,0.5374800965145535,218,0.766091685048779,0.6009174311926605
20260907T221751Z_3abdfd02,NEW12,BTC,gap_extOFI,1000,0.95,0.6382106172260202,706,0.5366387213007604,0.39943342776203966
20260907T221751Z_3abdfd02,NEW12,BTC,gap_extOFI,2000,0.95,0.6382106172260202,514,0.7203397006559972,0.5233463035019456
20260907T221751Z_3abdfd02,NEW12,BTC,gap_extOFI,5000,0.95,0.6382106172260202,355,0.8375821654026504,0.6563380281690141
20260907T221751Z_3abdfd02,NEW12,BTC,gap_extOFI,10000,0.95,0.6382106172260202,285,0.7304594149871471,0.6491228070175439
20260907T221751Z_3abdfd02,NEW12,BTC,gap_extOFI,30000,0.95,0.6382106172260202,178,0.9567514170407649,0.6348314606741573
20260907T221751Z_3abdfd02,NEW12,BTC,gap_leader1000,1000,0.8,0.4160033864897273,1284,0.35116720293769565,0.3302180685358255
20260907T221751Z_3abdfd02,NEW12,BTC,gap_leader1000,2000,0.8,0.4160033864897273,1055,0.39795280192766747,0.414218009478673
20260907T221751Z_3abdfd02,NEW12,BTC,gap_leader1000,5000,0.8,0.4160033864897273,766,0.48027206504886544,0.5221932114882507
20260907T221751Z_3abdfd02,NEW12,BTC,gap_leader1000,10000,0.8,0.4160033864897273,546,0.45386604097628774,0.5641025641025641
20260907T221751Z_3abdfd02,NEW12,BTC,gap_leader1000,30000,0.8,0.4160033864897273,265,0.5822327214193834,0.569811320754717
20260907T221751Z_3abdfd02,NEW12,BTC,gap_leader1000,1000,0.9,0.5374800965145535,826,0.4567138017795236,0.400726392251816
20260907T221751Z_3abdfd02,NEW12,BTC,gap_leader1000,2000,0.9,0.5374800965145535,711,0.5138076102727948,0.4739803094233474
20260907T221751Z_3abdfd02,NEW12,BTC,gap_leader1000,5000,0.9,0.5374800965145535,543,0.5833383815296471,0.574585635359116
20260907T221751Z_3abdfd02,NEW12,BTC,gap_leader1000,10000,0.9,0.5374800965145535,415,0.6031654260067325,0.6120481927710844
20260907T221751Z_3abdfd02,NEW12,BTC,gap_leader1000,30000,0.9,0.5374800965145535,231,0.8170806265425211,0.6060606060606061
20260907T221751Z_3abdfd02,NEW12,BTC,gap_leader1000,1000,0.95,0.6382106172260202,539,0.6192973280613101,0.4712430426716141
20260907T221751Z_3abdfd02,NEW12,BTC,gap_leader1000,2000,0.95,0.6382106172260202,474,0.6890141363264832,0.5316455696202531
20260907T221751Z_3abdfd02,NEW12,BTC,gap_leader1000,5000,0.95,0.6382106172260202,380,0.7292771106322041,0.6263157894736842
20260907T221751Z_3abdfd02,NEW12,BTC,gap_leader1000,10000,0.95,0.6382106172260202,309,0.6673691693478376,0.6148867313915858
20260907T221751Z_3abdfd02,NEW12,BTC,gap_leader1000,30000,0.95,0.6382106172260202,195,0.8491983612534997,0.6153846153846154
20260907T221751Z_3abdfd02,NEW12,BTC,gap_localOFI,1000,0.8,0.4160033864897273,1882,0.1874865204956838,0.2173219978746015
20260907T221751Z_3abdfd02,NEW12,BTC,gap_localOFI,2000,0.8,0.4160033864897273,1277,0.2899223202124241,0.3226311667971809
20260907T221751Z_3abdfd02,NEW12,BTC,gap_localOFI,5000,0.8,0.4160033864897273,750,0.4149306280519216,0.4866666666666667
20260907T221751Z_3abdfd02,NEW12,BTC,gap_localOFI,10000,0.8,0.4160033864897273,508,0.37489133117208545,0.5433070866141733
20260907T221751Z_3abdfd02,NEW12,BTC,gap_localOFI,30000,0.8,0.4160033864897273,251,0.41292590660051626,0.549800796812749
20260907T221751Z_3abdfd02,NEW12,BTC,gap_localOFI,1000,0.9,0.5374800965145535,1019,0.2545523983384265,0.26594700686947986
20260907T221751Z_3abdfd02,NEW12,BTC,gap_localOFI,2000,0.9,0.5374800965145535,721,0.36035146181885586,0.37447988904299584
20260907T221751Z_3abdfd02,NEW12,BTC,gap_localOFI,5000,0.9,0.5374800965145535,469,0.4878355669851885,0.5394456289978679
20260907T221751Z_3abdfd02,NEW12,BTC,gap_localOFI,10000,0.9,0.5374800965145535,348,0.40105814733385214,0.5948275862068966
20260907T221751Z_3abdfd02,NEW12,BTC,gap_localOFI,30000,0.9,0.5374800965145535,206,0.26174300289078023,0.5194174757281553
20260907T221751Z_3abdfd02,NEW12,BTC,gap_localOFI,1000,0.95,0.6382106172260202,555,0.35116625959099773,0.31351351351351353
20260907T221751Z_3abdfd02,NEW12,BTC,gap_localOFI,2000,0.95,0.6382106172260202,412,0.4897949640231485,0.42961165048543687
20260907T221751Z_3abdfd02,NEW12,BTC,gap_localOFI,5000,0.95,0.6382106172260202,295,0.6337287507388845,0.5830508474576271
20260907T221751Z_3abdfd02,NEW12,BTC,gap_localOFI,10000,0.95,0.6382106172260202,237,0.40354737928015993,0.5907172995780591
20260907T221751Z_3abdfd02,NEW12,BTC,gap_localOFI,30000,0.95,0.6382106172260202,151,0.4540557772674965,0.5496688741721855
20260907T221751Z_3abdfd02,NEW12,BTC,gap_localTrade,1000,0.8,0.4160033864897273,911,0.48732601714867146,0.43249176728869376
20260907T221751Z_3abdfd02,NEW12,BTC,gap_localTrade,2000,0.8,0.4160033864897273,755,0.5813998562651126,0.49801324503311256
20260907T221751Z_3abdfd02,NEW12,BTC,gap_localTrade,5000,0.8,0.4160033864897273,551,0.6270095202567882,0.5934664246823956
20260907T221751Z_3abdfd02,NEW12,BTC,gap_localTrade,10000,0.8,0.4160033864897273,414,0.5534807756872561,0.5966183574879227
20260907T221751Z_3abdfd02,NEW12,BTC,gap_localTrade,30000,0.8,0.4160033864897273,215,0.5651050142558484,0.5348837209302325
20260907T221751Z_3abdfd02,NEW12,BTC,gap_localTrade,1000,0.9,0.5374800965145535,554,0.6533110301130266,0.51985559566787
20260907T221751Z_3abdfd02,NEW12,BTC,gap_localTrade,2000,0.9,0.5374800965145535,478,0.7576165561509879,0.5774058577405857
20260907T221751Z_3abdfd02,NEW12,BTC,gap_localTrade,5000,0.9,0.5374800965145535,370,0.826378796215865,0.6702702702702703
20260907T221751Z_3abdfd02,NEW12,BTC,gap_localTrade,10000,0.9,0.5374800965145535,290,0.7728480323484691,0.6551724137931034
20260907T221751Z_3abdfd02,NEW12,BTC,gap_localTrade,30000,0.9,0.5374800965145535,177,0.9407297099716525,0.5988700564971752
20260907T221751Z_3abdfd02,NEW12,BTC,gap_localTrade,1000,0.95,0.6382106172260202,353,0.8796018523688713,0.6005665722379604
20260907T221751Z_3abdfd02,NEW12,BTC,gap_localTrade,2000,0.95,0.6382106172260202,312,0.9865299392742362,0.6410256410256411
20260907T221751Z_3abdfd02,NEW12,BTC,gap_localTrade,5000,0.95,0.6382106172260202,253,1.0193314877824404,0.7075098814229249
20260907T221751Z_3abdfd02,NEW12,BTC,gap_localTrade,10000,0.95,0.6382106172260202,208,0.8437331594383656,0.6394230769230769
20260907T221751Z_3abdfd02,NEW12,BTC,gap_localTrade,30000,0.95,0.6382106172260202,143,1.072782528217271,0.6153846153846154
20260907T221751Z_3abdfd02,NEW12,BTC,leader1000_extOFI,1000,0.8,0.17059165188440104,2583,0.21992738279046767,0.2787456445993031
20260907T221751Z_3abdfd02,NEW12,BTC,leader1000_extOFI,2000,0.8,0.17059165188440104,1859,0.30364381300787474,0.3593329747175901
20260907T221751Z_3abdfd02,NEW12,BTC,leader1000_extOFI,5000,0.8,0.17059165188440104,1159,0.3575971758943307,0.45901639344262296
20260907T221751Z_3abdfd02,NEW12,BTC,leader1000_extOFI,10000,0.8,0.17059165188440104,721,0.4170927162514105,0.5395284327323162
20260907T221751Z_3abdfd02,NEW12,BTC,leader1000_extOFI,30000,0.8,0.17059165188440104,304,0.11332876454317245,0.5
20260907T221751Z_3abdfd02,NEW12,BTC,leader1000_extOFI,1000,0.9,0.3823613658588739,1498,0.3136097039934248,0.31174899866488653
20260907T221751Z_3abdfd02,NEW12,BTC,leader1000_extOFI,2000,0.9,0.3823613658588739,1181,0.4068379336944434,0.40812870448772226
20260907T221751Z_3abdfd02,NEW12,BTC,leader1000_extOFI,5000,0.9,0.3823613658588739,836,0.36766111501321613,0.4748803827751196
20260907T221751Z_3abdfd02,NEW12,BTC,leader1000_extOFI,10000,0.9,0.3823613658588739,572,0.3704195582408741,0.5227272727272727
20260907T221751Z_3abdfd02,NEW12,BTC,leader1000_extOFI,30000,0.9,0.3823613658588739,271,0.44359529811038795,0.5166051660516605
20260907T221751Z_3abdfd02,NEW12,BTC,leader1000_extOFI,1000,0.95,0.5719797167954765,862,0.4093237097012285,0.3538283062645012
20260907T221751Z_3abdfd02,NEW12,BTC,leader1000_extOFI,2000,0.95,0.5719797167954765,721,0.5154469857504732,0.44660194174757284
20260907T221751Z_3abdfd02,NEW12,BTC,leader1000_extOFI,5000,0.95,0.5719797167954765,556,0.536091063684155,0.5467625899280576
20260907T221751Z_3abdfd02,NEW12,BTC,leader1000_extOFI,10000,0.95,0.5719797167954765,406,0.5102677595727736,0.583743842364532
20260907T221751Z_3abdfd02,NEW12,BTC,leader1000_extOFI,30000,0.95,0.5719797167954765,230,0.4369883297943928,0.5304347826086957
20260907T221751Z_3abdfd02,NEW12,ETH,depthBoth,1000,0.8,0.7404584608643465,3170,0.28765435679784046,0.37886435331230284
20260907T221751Z_3abdfd02,NEW12,ETH,depthBoth,2000,0.8,0.7404584608643465,2122,0.37008328252201533,0.49104618284637136
20260907T221751Z_3abdfd02,NEW12,ETH,depthBoth,5000,0.8,0.7404584608643465,1225,0.446876869710744,0.593469387755102
20260907T221751Z_3abdfd02,NEW12,ETH,depthBoth,10000,0.8,0.7404584608643465,764,0.5020478033478285,0.6282722513089005
20260907T221751Z_3abdfd02,NEW12,ETH,depthBoth,30000,0.8,0.7404584608643465,315,0.41765045250636357,0.5682539682539682
20260907T221751Z_3abdfd02,NEW12,ETH,depthBoth,1000,0.9,0.8546762111006059,1885,0.3517859409887571,0.43023872679045094
20260907T221751Z_3abdfd02,NEW12,ETH,depthBoth,2000,0.9,0.8546762111006059,1389,0.43229797952847987,0.5392368610511159
20260907T221751Z_3abdfd02,NEW12,ETH,depthBoth,5000,0.9,0.8546762111006059,917,0.5020660170209509,0.608505997818975
20260907T221751Z_3abdfd02,NEW12,ETH,depthBoth,10000,0.9,0.8546762111006059,623,0.5327131179577049,0.6179775280898876
20260907T221751Z_3abdfd02,NEW12,ETH,depthBoth,30000,0.9,0.8546762111006059,284,0.37683290465215663,0.5669014084507042
20260907T221751Z_3abdfd02,NEW12,ETH,depthBoth,1000,0.95,0.924154733298835,1091,0.42226571308265465,0.47571035747021084
20260907T221751Z_3abdfd02,NEW12,ETH,depthBoth,2000,0.95,0.924154733298835,847,0.47521554142646233,0.5749704840613932
20260907T221751Z_3abdfd02,NEW12,ETH,depthBoth,5000,0.95,0.924154733298835,623,0.5798805102583193,0.6292134831460674
20260907T221751Z_3abdfd02,NEW12,ETH,depthBoth,10000,0.95,0.924154733298835,458,0.5740899059798543,0.6200873362445415
20260907T221751Z_3abdfd02,NEW12,ETH,depthBoth,30000,0.95,0.924154733298835,244,0.4704943462108759,0.5655737704918032
20260907T221751Z_3abdfd02,NEW12,ETH,depthL1_extOFI,1000,0.8,0.8114602587800369,3070,0.30851039361160587,0.4052117263843648
20260907T221751Z_3abdfd02,NEW12,ETH,depthL1_extOFI,2000,0.8,0.8114602587800369,2109,0.3871166077081773,0.5116168800379327
20260907T221751Z_3abdfd02,NEW12,ETH,depthL1_extOFI,5000,0.8,0.8114602587800369,1247,0.4639176383546529,0.6062550120288693
20260907T221751Z_3abdfd02,NEW12,ETH,depthL1_extOFI,10000,0.8,0.8114602587800369,773,0.46945389424323947,0.6313065976714101
20260907T221751Z_3abdfd02,NEW12,ETH,depthL1_extOFI,30000,0.8,0.8114602587800369,317,0.5507191188959586,0.6088328075709779
20260907T221751Z_3abdfd02,NEW12,ETH,depthL1_extOFI,1000,0.9,0.920110985522763,1869,0.3866705638806277,0.4628143392188336
20260907T221751Z_3abdfd02,NEW12,ETH,depthL1_extOFI,2000,0.9,0.920110985522763,1388,0.48096347003131906,0.5648414985590778
20260907T221751Z_3abdfd02,NEW12,ETH,depthL1_extOFI,5000,0.9,0.920110985522763,934,0.5540385399035407,0.6359743040685225
20260907T221751Z_3abdfd02,NEW12,ETH,depthL1_extOFI,10000,0.9,0.920110985522763,625,0.5741972547034457,0.6304
20260907T221751Z_3abdfd02,NEW12,ETH,depthL1_extOFI,30000,0.9,0.920110985522763,283,0.5404092800626449,0.5971731448763251
20260907T221751Z_3abdfd02,NEW12,ETH,depthL1_extOFI,1000,0.95,0.9726044821919978,1051,0.44503464206403204,0.5004757373929591
20260907T221751Z_3abdfd02,NEW12,ETH,depthL1_extOFI,2000,0.95,0.9726044821919978,816,0.5394096833221412,0.5992647058823529
20260907T221751Z_3abdfd02,NEW12,ETH,depthL1_extOFI,5000,0.95,0.9726044821919978,607,0.6078269368365732,0.6490939044481054
20260907T221751Z_3abdfd02,NEW12,ETH,depthL1_extOFI,10000,0.95,0.9726044821919978,454,0.6422174462225411,0.6475770925110133
20260907T221751Z_3abdfd02,NEW12,ETH,depthL1_extOFI,30000,0.95,0.9726044821919978,243,0.36351514371528537,0.5843621399176955
20260907T221751Z_3abdfd02,NEW12,ETH,gap_depthBoth,1000,0.8,0.4956520929233488,2114,0.3010916925768635,0.3547776726584674
20260907T221751Z_3abdfd02,NEW12,ETH,gap_depthBoth,2000,0.8,0.4956520929233488,1393,0.4213442870733246,0.4996410624551328
20260907T221751Z_3abdfd02,NEW12,ETH,gap_depthBoth,5000,0.8,0.4956520929233488,864,0.56513256635056,0.6099537037037037
20260907T221751Z_3abdfd02,NEW12,ETH,gap_depthBoth,10000,0.8,0.4956520929233488,591,0.6844166457165145,0.6277495769881557
20260907T221751Z_3abdfd02,NEW12,ETH,gap_depthBoth,30000,0.8,0.4956520929233488,278,0.6823604239682795,0.5683453237410072
20260907T221751Z_3abdfd02,NEW12,ETH,gap_depthBoth,1000,0.9,0.6578680075813859,1250,0.3608683539817177,0.3752
20260907T221751Z_3abdfd02,NEW12,ETH,gap_depthBoth,2000,0.9,0.6578680075813859,867,0.48300882436010295,0.5213379469434832
20260907T221751Z_3abdfd02,NEW12,ETH,gap_depthBoth,5000,0.9,0.6578680075813859,591,0.685836626657732,0.6192893401015228
20260907T221751Z_3abdfd02,NEW12,ETH,gap_depthBoth,10000,0.9,0.6578680075813859,436,0.8218567884883103,0.6399082568807339
20260907T221751Z_3abdfd02,NEW12,ETH,gap_depthBoth,30000,0.9,0.6578680075813859,235,0.894436820524355,0.5787234042553191
20260907T221751Z_3abdfd02,NEW12,ETH,gap_depthBoth,1000,0.95,0.792020054783682,721,0.4788221208512563,0.42995839112343964
20260907T221751Z_3abdfd02,NEW12,ETH,gap_depthBoth,2000,0.95,0.792020054783682,531,0.6321830291900905,0.576271186440678
20260907T221751Z_3abdfd02,NEW12,ETH,gap_depthBoth,5000,0.95,0.792020054783682,403,0.8365102152957561,0.6600496277915633
20260907T221751Z_3abdfd02,NEW12,ETH,gap_depthBoth,10000,0.95,0.792020054783682,309,0.9571169100607646,0.6375404530744336
20260907T221751Z_3abdfd02,NEW12,ETH,gap_depthBoth,30000,0.95,0.792020054783682,194,1.3046109373100732,0.6288659793814433
20260907T221751Z_3abdfd02,NEW12,ETH,gap_depthL1,1000,0.8,0.4956520929233488,2296,0.2983466165082348,0.34581881533101044
20260907T221751Z_3abdfd02,NEW12,ETH,gap_depthL1,2000,0.8,0.4956520929233488,1491,0.42985947695943194,0.4909456740442656
20260907T221751Z_3abdfd02,NEW12,ETH,gap_depthL1,5000,0.8,0.4956520929233488,907,0.5415378300937203,0.5953693495038589
20260907T221751Z_3abdfd02,NEW12,ETH,gap_depthL1,10000,0.8,0.4956520929233488,616,0.6446918351002328,0.6217532467532467
20260907T221751Z_3abdfd02,NEW12,ETH,gap_depthL1,30000,0.8,0.4956520929233488,281,0.656246934920706,0.5622775800711743
20260907T221751Z_3abdfd02,NEW12,ETH,gap_depthL1,1000,0.9,0.6578680075813859,1350,0.3746053492966363,0.3725925925925926
20260907T221751Z_3abdfd02,NEW12,ETH,gap_depthL1,2000,0.9,0.6578680075813859,932,0.5115109244711517,0.5182403433476395
20260907T221751Z_3abdfd02,NEW12,ETH,gap_depthL1,5000,0.9,0.6578680075813859,625,0.6944111754677262,0.6112
20260907T221751Z_3abdfd02,NEW12,ETH,gap_depthL1,10000,0.9,0.6578680075813859,459,0.7865348459350384,0.6296296296296297
20260907T221751Z_3abdfd02,NEW12,ETH,gap_depthL1,30000,0.9,0.6578680075813859,239,0.9975655440978065,0.5941422594142259
20260907T221751Z_3abdfd02,NEW12,ETH,gap_depthL1,1000,0.95,0.792020054783682,773,0.509408034206139,0.4269081500646831
20260907T221751Z_3abdfd02,NEW12,ETH,gap_depthL1,2000,0.95,0.792020054783682,565,0.6846567162982674,0.5752212389380531
20260907T221751Z_3abdfd02,NEW12,ETH,gap_depthL1,5000,0.95,0.792020054783682,423,0.8642543661897295,0.6524822695035462
20260907T221751Z_3abdfd02,NEW12,ETH,gap_depthL1,10000,0.95,0.792020054783682,322,0.9595173026593838,0.6366459627329193
20260907T221751Z_3abdfd02,NEW12,ETH,gap_depthL1,30000,0.95,0.792020054783682,199,1.3995070832803926,0.6482412060301508
20260907T221751Z_3abdfd02,NEW12,ETH,gap_depth_extOFI,1000,0.8,0.4956520929233488,1994,0.3337921435982589,0.36609829488465395
20260907T221751Z_3abdfd02,NEW12,ETH,gap_depth_extOFI,2000,0.8,0.4956520929233488,1345,0.4791470760288075,0.5085501858736059
20260907T221751Z_3abdfd02,NEW12,ETH,gap_depth_extOFI,5000,0.8,0.4956520929233488,839,0.5841999131200533,0.6126340882002383
20260907T221751Z_3abdfd02,NEW12,ETH,gap_depth_extOFI,10000,0.8,0.4956520929233488,578,0.7431739401508336,0.6366782006920415
20260907T221751Z_3abdfd02,NEW12,ETH,gap_depth_extOFI,30000,0.8,0.4956520929233488,278,0.6449663359926042,0.564748201438849
20260907T221751Z_3abdfd02,NEW12,ETH,gap_depth_extOFI,1000,0.9,0.6578680075813859,1151,0.43116378208446904,0.3953084274543875
20260907T221751Z_3abdfd02,NEW12,ETH,gap_depth_extOFI,2000,0.9,0.6578680075813859,814,0.5827598863892605,0.5368550368550369
20260907T221751Z_3abdfd02,NEW12,ETH,gap_depth_extOFI,5000,0.9,0.6578680075813859,548,0.7332280375664737,0.6295620437956204
20260907T221751Z_3abdfd02,NEW12,ETH,gap_depth_extOFI,10000,0.9,0.6578680075813859,414,0.8533867572316344,0.6473429951690821
20260907T221751Z_3abdfd02,NEW12,ETH,gap_depth_extOFI,30000,0.9,0.6578680075813859,230,1.1185499214904084,0.6260869565217392
20260907T221751Z_3abdfd02,NEW12,ETH,gap_depth_extOFI,1000,0.95,0.792020054783682,650,0.5867982979120526,0.4523076923076923
20260907T221751Z_3abdfd02,NEW12,ETH,gap_depth_extOFI,2000,0.95,0.792020054783682,488,0.7594956547940922,0.5840163934426229
20260907T221751Z_3abdfd02,NEW12,ETH,gap_depth_extOFI,5000,0.95,0.792020054783682,365,0.8994263913087495,0.6575342465753424
20260907T221751Z_3abdfd02,NEW12,ETH,gap_depth_extOFI,10000,0.95,0.792020054783682,289,1.0374171284854659,0.6505190311418685
20260907T221751Z_3abdfd02,NEW12,ETH,gap_depth_extOFI,30000,0.95,0.792020054783682,190,1.385168947691555,0.631578947368421
20260907T221751Z_3abdfd02,NEW12,ETH,gap_extOFI,1000,0.8,0.4956520929233488,2399,0.2904123580886844,0.3234681117132138
20260907T221751Z_3abdfd02,NEW12,ETH,gap_extOFI,2000,0.8,0.4956520929233488,1573,0.4250375916650819,0.4672600127145582
20260907T221751Z_3abdfd02,NEW12,ETH,gap_extOFI,5000,0.8,0.4956520929233488,939,0.539583427863035,0.5729499467518637
20260907T221751Z_3abdfd02,NEW12,ETH,gap_extOFI,10000,0.8,0.4956520929233488,628,0.6443589275362738,0.6130573248407644
20260907T221751Z_3abdfd02,NEW12,ETH,gap_extOFI,30000,0.8,0.4956520929233488,285,0.4826316813603536,0.5684210526315789
20260907T221751Z_3abdfd02,NEW12,ETH,gap_extOFI,1000,0.9,0.6578680075813859,1307,0.42689733768451754,0.37413925019127775
20260907T221751Z_3abdfd02,NEW12,ETH,gap_extOFI,2000,0.9,0.6578680075813859,908,0.5670806039846429,0.51431718061674
20260907T221751Z_3abdfd02,NEW12,ETH,gap_extOFI,5000,0.9,0.6578680075813859,597,0.7374377063032488,0.6180904522613065
20260907T221751Z_3abdfd02,NEW12,ETH,gap_extOFI,10000,0.9,0.6578680075813859,439,0.8624261745307638,0.6492027334851936
20260907T221751Z_3abdfd02,NEW12,ETH,gap_extOFI,30000,0.9,0.6578680075813859,238,0.8931068764031141,0.6092436974789915
20260907T221751Z_3abdfd02,NEW12,ETH,gap_extOFI,1000,0.95,0.792020054783682,724,0.6166732314189834,0.43922651933701656
20260907T221751Z_3abdfd02,NEW12,ETH,gap_extOFI,2000,0.95,0.792020054783682,531,0.778761383811736,0.5725047080979284
20260907T221751Z_3abdfd02,NEW12,ETH,gap_extOFI,5000,0.95,0.792020054783682,386,0.9622915321315266,0.6476683937823834
20260907T221751Z_3abdfd02,NEW12,ETH,gap_extOFI,10000,0.95,0.792020054783682,300,1.1510243781222342,0.6533333333333333
20260907T221751Z_3abdfd02,NEW12,ETH,gap_extOFI,30000,0.95,0.792020054783682,193,1.2333645065988428,0.6321243523316062
20260907T221751Z_3abdfd02,NEW12,ETH,gap_leader1000,1000,0.8,0.4956520929233488,1795,0.3198058828173565,0.37270194986072425
20260907T221751Z_3abdfd02,NEW12,ETH,gap_leader1000,2000,0.8,0.4956520929233488,1443,0.3937021663002896,0.483021483021483
20260907T221751Z_3abdfd02,NEW12,ETH,gap_leader1000,5000,0.8,0.4956520929233488,989,0.4568041095607501,0.5672396359959555
20260907T221751Z_3abdfd02,NEW12,ETH,gap_leader1000,10000,0.8,0.4956520929233488,661,0.5140635128455643,0.5869894099848714
20260907T221751Z_3abdfd02,NEW12,ETH,gap_leader1000,30000,0.8,0.4956520929233488,296,0.40027646128549593,0.5574324324324325
20260907T221751Z_3abdfd02,NEW12,ETH,gap_leader1000,1000,0.9,0.6578680075813859,1083,0.47006251000444754,0.43490304709141275
20260907T221751Z_3abdfd02,NEW12,ETH,gap_leader1000,2000,0.9,0.6578680075813859,923,0.5388572583981559,0.5362946912242686
20260907T221751Z_3abdfd02,NEW12,ETH,gap_leader1000,5000,0.9,0.6578680075813859,684,0.6460277034583587,0.6081871345029239
20260907T221751Z_3abdfd02,NEW12,ETH,gap_leader1000,10000,0.9,0.6578680075813859,502,0.686036831674856,0.6115537848605578
20260907T221751Z_3abdfd02,NEW12,ETH,gap_leader1000,30000,0.9,0.6578680075813859,252,0.7759495800892708,0.5634920634920635
20260907T221751Z_3abdfd02,NEW12,ETH,gap_leader1000,1000,0.95,0.792020054783682,666,0.6564430728896071,0.5015015015015015
20260907T221751Z_3abdfd02,NEW12,ETH,gap_leader1000,2000,0.95,0.792020054783682,581,0.7317230269124357,0.6006884681583476
20260907T221751Z_3abdfd02,NEW12,ETH,gap_leader1000,5000,0.95,0.792020054783682,465,0.883159565503055,0.6451612903225806
20260907T221751Z_3abdfd02,NEW12,ETH,gap_leader1000,10000,0.95,0.792020054783682,356,0.9346765672393117,0.6207865168539326
20260907T221751Z_3abdfd02,NEW12,ETH,gap_leader1000,30000,0.95,0.792020054783682,211,1.1969657339759912,0.6445497630331753
20260907T221751Z_3abdfd02,NEW12,ETH,gap_localOFI,1000,0.8,0.4956520929233488,1889,0.26540911269225764,0.32186341979883537
20260907T221751Z_3abdfd02,NEW12,ETH,gap_localOFI,2000,0.8,0.4956520929233488,1376,0.3623514099134531,0.45276162790697677
20260907T221751Z_3abdfd02,NEW12,ETH,gap_localOFI,5000,0.8,0.4956520929233488,875,0.5124257640339204,0.576
20260907T221751Z_3abdfd02,NEW12,ETH,gap_localOFI,10000,0.8,0.4956520929233488,604,0.6885647584912294,0.6142384105960265
20260907T221751Z_3abdfd02,NEW12,ETH,gap_localOFI,30000,0.8,0.4956520929233488,280,0.5466502844457425,0.5571428571428572
20260907T221751Z_3abdfd02,NEW12,ETH,gap_localOFI,1000,0.9,0.6578680075813859,1005,0.35038005049140886,0.35124378109452736
20260907T221751Z_3abdfd02,NEW12,ETH,gap_localOFI,2000,0.9,0.6578680075813859,774,0.44363689620293145,0.4780361757105943
20260907T221751Z_3abdfd02,NEW12,ETH,gap_localOFI,5000,0.9,0.6578680075813859,548,0.588678429202206,0.5821167883211679
20260907T221751Z_3abdfd02,NEW12,ETH,gap_localOFI,10000,0.9,0.6578680075813859,406,0.7852416616493858,0.6280788177339901
20260907T221751Z_3abdfd02,NEW12,ETH,gap_localOFI,30000,0.9,0.6578680075813859,227,0.5965155844118808,0.5859030837004405
20260907T221751Z_3abdfd02,NEW12,ETH,gap_localOFI,1000,0.95,0.792020054783682,544,0.47325179080068813,0.40441176470588236
20260907T221751Z_3abdfd02,NEW12,ETH,gap_localOFI,2000,0.95,0.792020054783682,436,0.5994059136580919,0.518348623853211
20260907T221751Z_3abdfd02,NEW12,ETH,gap_localOFI,5000,0.95,0.792020054783682,344,0.760476259787052,0.6075581395348837
20260907T221751Z_3abdfd02,NEW12,ETH,gap_localOFI,10000,0.95,0.792020054783682,273,0.9499472521836871,0.6263736263736264
20260907T221751Z_3abdfd02,NEW12,ETH,gap_localOFI,30000,0.95,0.792020054783682,180,0.9607752077625666,0.6333333333333333
20260907T221751Z_3abdfd02,NEW12,ETH,gap_localTrade,1000,0.8,0.4956520929233488,768,0.6299272007752292,0.5221354166666666
20260907T221751Z_3abdfd02,NEW12,ETH,gap_localTrade,2000,0.8,0.4956520929233488,653,0.7350421852303007,0.5926493108728943
20260907T221751Z_3abdfd02,NEW12,ETH,gap_localTrade,5000,0.8,0.4956520929233488,518,0.8088312281865578,0.6640926640926641
20260907T221751Z_3abdfd02,NEW12,ETH,gap_localTrade,10000,0.8,0.4956520929233488,398,0.9157573998698716,0.6532663316582915
20260907T221751Z_3abdfd02,NEW12,ETH,gap_localTrade,30000,0.8,0.4956520929233488,225,0.8385837847634963,0.6
20260907T221751Z_3abdfd02,NEW12,ETH,gap_localTrade,1000,0.9,0.6578680075813859,467,0.8257553626847933,0.5738758029978587
20260907T221751Z_3abdfd02,NEW12,ETH,gap_localTrade,2000,0.9,0.6578680075813859,411,0.9047620434218987,0.6399026763990268
20260907T221751Z_3abdfd02,NEW12,ETH,gap_localTrade,5000,0.9,0.6578680075813859,332,0.9634469332232313,0.6656626506024096
20260907T221751Z_3abdfd02,NEW12,ETH,gap_localTrade,10000,0.9,0.6578680075813859,271,1.1933726938612104,0.6863468634686347
20260907T221751Z_3abdfd02,NEW12,ETH,gap_localTrade,30000,0.9,0.6578680075813859,176,1.359972943536829,0.6534090909090909
20260907T221751Z_3abdfd02,NEW12,ETH,gap_localTrade,1000,0.95,0.792020054783682,304,1.0864544541814394,0.6414473684210527
20260907T221751Z_3abdfd02,NEW12,ETH,gap_localTrade,2000,0.95,0.792020054783682,274,1.15672308482154,0.6970802919708029
20260907T221751Z_3abdfd02,NEW12,ETH,gap_localTrade,5000,0.95,0.792020054783682,232,1.1857497795328888,0.6810344827586207
20260907T221751Z_3abdfd02,NEW12,ETH,gap_localTrade,10000,0.95,0.792020054783682,198,1.4930009733903622,0.702020202020202
20260907T221751Z_3abdfd02,NEW12,ETH,gap_localTrade,30000,0.95,0.792020054783682,141,1.635732156576497,0.6737588652482269
20260907T221751Z_3abdfd02,NEW12,ETH,leader1000_extOFI,1000,0.8,0.32343653099442976,2776,0.24525841419395958,0.33177233429394815
20260907T221751Z_3abdfd02,NEW12,ETH,leader1000_extOFI,2000,0.8,0.32343653099442976,2037,0.3000449223940798,0.4369170348551792
20260907T221751Z_3abdfd02,NEW12,ETH,leader1000_extOFI,5000,0.8,0.32343653099442976,1253,0.2935961991198777,0.5323224261771747
20260907T221751Z_3abdfd02,NEW12,ETH,leader1000_extOFI,10000,0.8,0.32343653099442976,776,0.25252528223188075,0.529639175257732
20260907T221751Z_3abdfd02,NEW12,ETH,leader1000_extOFI,30000,0.8,0.32343653099442976,317,0.30841940291131315,0.5299684542586751
20260907T221751Z_3abdfd02,NEW12,ETH,leader1000_extOFI,1000,0.9,0.5537865489810456,1609,0.34052550400344156,0.3735239279055314
20260907T221751Z_3abdfd02,NEW12,ETH,leader1000_extOFI,2000,0.9,0.5537865489810456,1270,0.42673559576651043,0.48976377952755906
20260907T221751Z_3abdfd02,NEW12,ETH,leader1000_extOFI,5000,0.9,0.5537865489810456,866,0.4609662579284604,0.581986143187067
20260907T221751Z_3abdfd02,NEW12,ETH,leader1000_extOFI,10000,0.9,0.5537865489810456,612,0.3501025193334617,0.5833333333333334
20260907T221751Z_3abdfd02,NEW12,ETH,leader1000_extOFI,30000,0.9,0.5537865489810456,284,0.4254546394839091,0.5598591549295775
20260907T221751Z_3abdfd02,NEW12,ETH,leader1000_extOFI,1000,0.95,0.7423005297732512,921,0.4356166408099259,0.4028230184581976
20260907T221751Z_3abdfd02,NEW12,ETH,leader1000_extOFI,2000,0.95,0.7423005297732512,750,0.5165730313790048,0.5013333333333333
20260907T221751Z_3abdfd02,NEW12,ETH,leader1000_extOFI,5000,0.95,0.7423005297732512,586,0.6483583212874826,0.5921501706484642
20260907T221751Z_3abdfd02,NEW12,ETH,leader1000_extOFI,10000,0.95,0.7423005297732512,457,0.5815399710171666,0.5864332603938731
20260907T221751Z_3abdfd02,NEW12,ETH,leader1000_extOFI,30000,0.95,0.7423005297732512,240,0.49517318860752463,0.5625
20260908T074322Z_1057297f,NEW12,BTC,depthBoth,1000,0.8,0.8608245047633707,3267,0.27385271675289313,0.35996326905417814
20260908T074322Z_1057297f,NEW12,BTC,depthBoth,2000,0.8,0.8608245047633707,2130,0.3813282947736479,0.4830985915492958
20260908T074322Z_1057297f,NEW12,BTC,depthBoth,5000,0.8,0.8608245047633707,1208,0.5308589484348205,0.5935430463576159
20260908T074322Z_1057297f,NEW12,BTC,depthBoth,10000,0.8,0.8608245047633707,744,0.5954541112320523,0.6088709677419355
20260908T074322Z_1057297f,NEW12,BTC,depthBoth,30000,0.8,0.8608245047633707,312,0.2505426242968318,0.5224358974358975
20260908T074322Z_1057297f,NEW12,BTC,depthBoth,1000,0.9,0.939827795658645,1951,0.3686276505971522,0.4479753972321886
20260908T074322Z_1057297f,NEW12,BTC,depthBoth,2000,0.9,0.939827795658645,1403,0.4631235581042204,0.5588025659301497
20260908T074322Z_1057297f,NEW12,BTC,depthBoth,5000,0.9,0.939827795658645,896,0.6286618119494815,0.6450892857142857
20260908T074322Z_1057297f,NEW12,BTC,depthBoth,10000,0.9,0.939827795658645,601,0.7980448162430535,0.653910149750416
20260908T074322Z_1057297f,NEW12,BTC,depthBoth,30000,0.9,0.939827795658645,277,1.007929747532454,0.6425992779783394
20260908T074322Z_1057297f,NEW12,BTC,depthBoth,1000,0.95,0.9771252095516905,1137,0.44308683736077564,0.5197889182058048
20260908T074322Z_1057297f,NEW12,BTC,depthBoth,2000,0.95,0.9771252095516905,867,0.5589219120482185,0.6262975778546713
20260908T074322Z_1057297f,NEW12,BTC,depthBoth,5000,0.95,0.9771252095516905,620,0.711120843001669,0.6903225806451613
20260908T074322Z_1057297f,NEW12,BTC,depthBoth,10000,0.95,0.9771252095516905,455,0.749153116007327,0.6791208791208792
20260908T074322Z_1057297f,NEW12,BTC,depthBoth,30000,0.95,0.9771252095516905,237,0.9346538491595989,0.6708860759493671
20260908T074322Z_1057297f,NEW12,BTC,depthL1_extOFI,1000,0.8,0.8606469788226152,3147,0.29167408968867986,0.3809977756593581
20260908T074322Z_1057297f,NEW12,BTC,depthL1_extOFI,2000,0.8,0.8606469788226152,2103,0.3878380509232563,0.4902520209224917
20260908T074322Z_1057297f,NEW12,BTC,depthL1_extOFI,5000,0.8,0.8606469788226152,1206,0.5228066815255751,0.5920398009950248
20260908T074322Z_1057297f,NEW12,BTC,depthL1_extOFI,10000,0.8,0.8606469788226152,742,0.5915472614744348,0.605121293800539
20260908T074322Z_1057297f,NEW12,BTC,depthL1_extOFI,30000,0.8,0.8606469788226152,310,0.4606563862775764,0.5709677419354838
20260908T074322Z_1057297f,NEW12,BTC,depthL1_extOFI,1000,0.9,0.9438838233787522,1902,0.37640501115517827,0.46214511041009465
20260908T074322Z_1057297f,NEW12,BTC,depthL1_extOFI,2000,0.9,0.9438838233787522,1410,0.4755384957790104,0.5723404255319149
20260908T074322Z_1057297f,NEW12,BTC,depthL1_extOFI,5000,0.9,0.9438838233787522,908,0.6357585540765122,0.6519823788546255
20260908T074322Z_1057297f,NEW12,BTC,depthL1_extOFI,10000,0.9,0.9438838233787522,612,0.7055794599471171,0.6519607843137255
20260908T074322Z_1057297f,NEW12,BTC,depthL1_extOFI,30000,0.9,0.9438838233787522,279,0.9026625683709812,0.6308243727598566
20260908T074322Z_1057297f,NEW12,BTC,depthL1_extOFI,1000,0.95,0.9823550120126909,1102,0.44630193500978027,0.543557168784029
20260908T074322Z_1057297f,NEW12,BTC,depthL1_extOFI,2000,0.95,0.9823550120126909,874,0.5672395196723686,0.6453089244851259
20260908T074322Z_1057297f,NEW12,BTC,depthL1_extOFI,5000,0.95,0.9823550120126909,619,0.7130508634859052,0.7027463651050081
20260908T074322Z_1057297f,NEW12,BTC,depthL1_extOFI,10000,0.95,0.9823550120126909,465,0.8226560393682277,0.7010752688172043
20260908T074322Z_1057297f,NEW12,BTC,depthL1_extOFI,30000,0.95,0.9823550120126909,241,0.850524026013715,0.6265560165975104
20260908T074322Z_1057297f,NEW12,BTC,gap_depthBoth,1000,0.8,0.44233179334707284,2046,0.2389211293326342,0.272238514173998
20260908T074322Z_1057297f,NEW12,BTC,gap_depthBoth,2000,0.8,0.44233179334707284,1272,0.36059942664030925,0.40172955974842767
20260908T074322Z_1057297f,NEW12,BTC,gap_depthBoth,5000,0.8,0.44233179334707284,748,0.5187970805754863,0.5294117647058824
20260908T074322Z_1057297f,NEW12,BTC,gap_depthBoth,10000,0.8,0.44233179334707284,507,0.545185238784761,0.571992110453649
20260908T074322Z_1057297f,NEW12,BTC,gap_depthBoth,30000,0.8,0.44233179334707284,253,0.47626884704385514,0.5968379446640316
20260908T074322Z_1057297f,NEW12,BTC,gap_depthBoth,1000,0.9,0.5664244756906633,1160,0.3094973425217998,0.3146551724137931
20260908T074322Z_1057297f,NEW12,BTC,gap_depthBoth,2000,0.9,0.5664244756906633,752,0.456965063434306,0.44680851063829785
20260908T074322Z_1057297f,NEW12,BTC,gap_depthBoth,5000,0.9,0.5664244756906633,480,0.6351751265851978,0.5791666666666667
20260908T074322Z_1057297f,NEW12,BTC,gap_depthBoth,10000,0.9,0.5664244756906633,358,0.7131755640140042,0.6089385474860335
20260908T074322Z_1057297f,NEW12,BTC,gap_depthBoth,30000,0.9,0.5664244756906633,209,0.9458937025702739,0.6602870813397129
20260908T074322Z_1057297f,NEW12,BTC,gap_depthBoth,1000,0.95,0.6716911487860687,630,0.43269007892992367,0.38095238095238093
20260908T074322Z_1057297f,NEW12,BTC,gap_depthBoth,2000,0.95,0.6716911487860687,432,0.6141021136097775,0.5162037037037037
20260908T074322Z_1057297f,NEW12,BTC,gap_depthBoth,5000,0.95,0.6716911487860687,304,0.6949342680102121,0.6151315789473685
20260908T074322Z_1057297f,NEW12,BTC,gap_depthBoth,10000,0.95,0.6716911487860687,243,0.8204523861817615,0.6296296296296297
20260908T074322Z_1057297f,NEW12,BTC,gap_depthBoth,30000,0.95,0.6716911487860687,159,1.353399693579411,0.6855345911949685
20260908T074322Z_1057297f,NEW12,BTC,gap_depthL1,1000,0.8,0.44233179334707284,2105,0.23261353516681005,0.267458432304038
20260908T074322Z_1057297f,NEW12,BTC,gap_depthL1,2000,0.8,0.44233179334707284,1307,0.3504023805810774,0.39403213465952563
20260908T074322Z_1057297f,NEW12,BTC,gap_depthL1,5000,0.8,0.44233179334707284,762,0.5078741040169623,0.5249343832020997
20260908T074322Z_1057297f,NEW12,BTC,gap_depthL1,10000,0.8,0.44233179334707284,518,0.5283324962922021,0.5694980694980695
20260908T074322Z_1057297f,NEW12,BTC,gap_depthL1,30000,0.8,0.44233179334707284,258,0.47531065028043123,0.5891472868217055
20260908T074322Z_1057297f,NEW12,BTC,gap_depthL1,1000,0.9,0.5664244756906633,1191,0.3035335122646776,0.31066330814441645
20260908T074322Z_1057297f,NEW12,BTC,gap_depthL1,2000,0.9,0.5664244756906633,773,0.4505999724811356,0.4424320827943079
20260908T074322Z_1057297f,NEW12,BTC,gap_depthL1,5000,0.9,0.5664244756906633,489,0.6272644806472324,0.5766871165644172
20260908T074322Z_1057297f,NEW12,BTC,gap_depthL1,10000,0.9,0.5664244756906633,364,0.7001372760112713,0.6071428571428571
20260908T074322Z_1057297f,NEW12,BTC,gap_depthL1,30000,0.9,0.5664244756906633,212,0.9365692214518215,0.6556603773584906
20260908T074322Z_1057297f,NEW12,BTC,gap_depthL1,1000,0.95,0.6716911487860687,653,0.4191625391855635,0.37519142419601836
20260908T074322Z_1057297f,NEW12,BTC,gap_depthL1,2000,0.95,0.6716911487860687,449,0.5959069880484199,0.5077951002227171
20260908T074322Z_1057297f,NEW12,BTC,gap_depthL1,5000,0.95,0.6716911487860687,317,0.6708359711149889,0.6056782334384858
20260908T074322Z_1057297f,NEW12,BTC,gap_depthL1,10000,0.95,0.6716911487860687,252,0.8099744555507497,0.6309523809523809
20260908T074322Z_1057297f,NEW12,BTC,gap_depthL1,30000,0.95,0.6716911487860687,163,1.2965871864944887,0.6809815950920245
20260908T074322Z_1057297f,NEW12,BTC,gap_depth_extOFI,1000,0.8,0.44233179334707284,1890,0.26382738483862933,0.2857142857142857
20260908T074322Z_1057297f,NEW12,BTC,gap_depth_extOFI,2000,0.8,0.44233179334707284,1212,0.38356164302240614,0.40924092409240925
20260908T074322Z_1057297f,NEW12,BTC,gap_depth_extOFI,5000,0.8,0.44233179334707284,725,0.5791569687756971,0.5420689655172414
20260908T074322Z_1057297f,NEW12,BTC,gap_depth_extOFI,10000,0.8,0.44233179334707284,504,0.5565751422457073,0.5694444444444444
20260908T074322Z_1057297f,NEW12,BTC,gap_depth_extOFI,30000,0.8,0.44233179334707284,253,0.5109767068707786,0.5889328063241107
20260908T074322Z_1057297f,NEW12,BTC,gap_depth_extOFI,1000,0.9,0.5664244756906633,1051,0.35098122668981413,0.3330161750713606
20260908T074322Z_1057297f,NEW12,BTC,gap_depth_extOFI,2000,0.9,0.5664244756906633,709,0.4850038691035141,0.45557122708039494
20260908T074322Z_1057297f,NEW12,BTC,gap_depth_extOFI,5000,0.9,0.5664244756906633,454,0.6757052217380729,0.5837004405286343
20260908T074322Z_1057297f,NEW12,BTC,gap_depth_extOFI,10000,0.9,0.5664244756906633,342,0.7202285112264771,0.6023391812865497
20260908T074322Z_1057297f,NEW12,BTC,gap_depth_extOFI,30000,0.9,0.5664244756906633,207,0.989600742694055,0.6521739130434783
20260908T074322Z_1057297f,NEW12,BTC,gap_depth_extOFI,1000,0.95,0.6716911487860687,572,0.47340439015672325,0.4020979020979021
20260908T074322Z_1057297f,NEW12,BTC,gap_depth_extOFI,2000,0.95,0.6716911487860687,407,0.6279139863900394,0.5208845208845209
20260908T074322Z_1057297f,NEW12,BTC,gap_depth_extOFI,5000,0.95,0.6716911487860687,292,0.7657881611557836,0.6335616438356164
20260908T074322Z_1057297f,NEW12,BTC,gap_depth_extOFI,10000,0.95,0.6716911487860687,234,0.8775521599818031,0.6452991452991453
20260908T074322Z_1057297f,NEW12,BTC,gap_depth_extOFI,30000,0.95,0.6716911487860687,153,1.3720251844491305,0.6797385620915033
20260908T074322Z_1057297f,NEW12,BTC,gap_extOFI,1000,0.8,0.44233179334707284,2291,0.2163720517786866,0.2439982540375382
20260908T074322Z_1057297f,NEW12,BTC,gap_extOFI,2000,0.8,0.44233179334707284,1431,0.3113116142957992,0.352900069881202
20260908T074322Z_1057297f,NEW12,BTC,gap_extOFI,5000,0.8,0.44233179334707284,832,0.4540143345805771,0.49038461538461536
20260908T074322Z_1057297f,NEW12,BTC,gap_extOFI,10000,0.8,0.44233179334707284,562,0.4297510611364067,0.5391459074733096
20260908T074322Z_1057297f,NEW12,BTC,gap_extOFI,30000,0.8,0.44233179334707284,265,0.2686253822337031,0.5547169811320755
20260908T074322Z_1057297f,NEW12,BTC,gap_extOFI,1000,0.9,0.5664244756906633,1221,0.3178228204982343,0.3022113022113022
20260908T074322Z_1057297f,NEW12,BTC,gap_extOFI,2000,0.9,0.5664244756906633,810,0.433815585318853,0.41358024691358025
20260908T074322Z_1057297f,NEW12,BTC,gap_extOFI,5000,0.9,0.5664244756906633,512,0.608730324784144,0.552734375
20260908T074322Z_1057297f,NEW12,BTC,gap_extOFI,10000,0.9,0.5664244756906633,377,0.6845183269451872,0.5809018567639257
20260908T074322Z_1057297f,NEW12,BTC,gap_extOFI,30000,0.9,0.5664244756906633,215,1.041190567478415,0.6558139534883721
20260908T074322Z_1057297f,NEW12,BTC,gap_extOFI,1000,0.95,0.6716911487860687,669,0.45506631655178925,0.36771300448430494
20260908T074322Z_1057297f,NEW12,BTC,gap_extOFI,2000,0.95,0.6716911487860687,468,0.6060018033224075,0.48504273504273504
20260908T074322Z_1057297f,NEW12,BTC,gap_extOFI,5000,0.95,0.6716911487860687,323,0.7694770138405976,0.6222910216718266
20260908T074322Z_1057297f,NEW12,BTC,gap_extOFI,10000,0.95,0.6716911487860687,256,0.9028271188172426,0.640625
20260908T074322Z_1057297f,NEW12,BTC,gap_extOFI,30000,0.95,0.6716911487860687,162,1.3567558755306148,0.691358024691358
20260908T074322Z_1057297f,NEW12,BTC,gap_leader1000,1000,0.8,0.44233179334707284,1210,0.3326050532758085,0.35619834710743803
20260908T074322Z_1057297f,NEW12,BTC,gap_leader1000,2000,0.8,0.44233179334707284,1008,0.36807159939393325,0.42757936507936506
20260908T074322Z_1057297f,NEW12,BTC,gap_leader1000,5000,0.8,0.44233179334707284,758,0.3731296847589957,0.5013192612137203
20260908T074322Z_1057297f,NEW12,BTC,gap_leader1000,10000,0.8,0.44233179334707284,542,0.3535835540659949,0.5387453874538746
20260908T074322Z_1057297f,NEW12,BTC,gap_leader1000,30000,0.8,0.44233179334707284,268,0.24984867962956356,0.5373134328358209
20260908T074322Z_1057297f,NEW12,BTC,gap_leader1000,1000,0.9,0.5664244756906633,749,0.43490712171184415,0.3991989319092123
20260908T074322Z_1057297f,NEW12,BTC,gap_leader1000,2000,0.9,0.5664244756906633,654,0.4684641434826754,0.4602446483180428
20260908T074322Z_1057297f,NEW12,BTC,gap_leader1000,5000,0.9,0.5664244756906633,522,0.5034285992819691,0.5363984674329502
20260908T074322Z_1057297f,NEW12,BTC,gap_leader1000,10000,0.9,0.5664244756906633,403,0.574704190670863,0.575682382133995
20260908T074322Z_1057297f,NEW12,BTC,gap_leader1000,30000,0.9,0.5664244756906633,226,0.9864800127350009,0.6548672566371682
20260908T074322Z_1057297f,NEW12,BTC,gap_leader1000,1000,0.95,0.6716911487860687,481,0.5570270137565765,0.446985446985447
20260908T074322Z_1057297f,NEW12,BTC,gap_leader1000,2000,0.95,0.6716911487860687,427,0.622274185276729,0.5011709601873536
20260908T074322Z_1057297f,NEW12,BTC,gap_leader1000,5000,0.95,0.6716911487860687,355,0.6217361498585249,0.5690140845070423
20260908T074322Z_1057297f,NEW12,BTC,gap_leader1000,10000,0.95,0.6716911487860687,289,0.7826184613081583,0.6020761245674741
20260908T074322Z_1057297f,NEW12,BTC,gap_leader1000,30000,0.95,0.6716911487860687,177,1.219833712547379,0.6779661016949152
20260908T074322Z_1057297f,NEW12,BTC,gap_localOFI,1000,0.8,0.44233179334707284,2021,0.17901401755420976,0.22117763483424047
20260908T074322Z_1057297f,NEW12,BTC,gap_localOFI,2000,0.8,0.44233179334707284,1326,0.24713251824049617,0.32654600301659126
20260908T074322Z_1057297f,NEW12,BTC,gap_localOFI,5000,0.8,0.44233179334707284,779,0.3817282263599055,0.4749679075738126
20260908T074322Z_1057297f,NEW12,BTC,gap_localOFI,10000,0.8,0.44233179334707284,540,0.43810135147626106,0.5222222222222223
20260908T074322Z_1057297f,NEW12,BTC,gap_localOFI,30000,0.8,0.44233179334707284,259,0.421527525256942,0.5868725868725869
20260908T074322Z_1057297f,NEW12,BTC,gap_localOFI,1000,0.9,0.5664244756906633,1064,0.2507807655685068,0.2650375939849624
20260908T074322Z_1057297f,NEW12,BTC,gap_localOFI,2000,0.9,0.5664244756906633,734,0.3303023582454462,0.3692098092643052
20260908T074322Z_1057297f,NEW12,BTC,gap_localOFI,5000,0.9,0.5664244756906633,474,0.4826219082745772,0.5232067510548524
20260908T074322Z_1057297f,NEW12,BTC,gap_localOFI,10000,0.9,0.5664244756906633,362,0.6129069777293173,0.5524861878453039
20260908T074322Z_1057297f,NEW12,BTC,gap_localOFI,30000,0.9,0.5664244756906633,208,0.9172525774739798,0.6586538461538461
20260908T074322Z_1057297f,NEW12,BTC,gap_localOFI,1000,0.95,0.6716911487860687,571,0.3590332048548394,0.318739054290718
20260908T074322Z_1057297f,NEW12,BTC,gap_localOFI,2000,0.95,0.6716911487860687,405,0.46529821327417686,0.4345679012345679
20260908T074322Z_1057297f,NEW12,BTC,gap_localOFI,5000,0.95,0.6716911487860687,294,0.6173242556136836,0.5884353741496599
20260908T074322Z_1057297f,NEW12,BTC,gap_localOFI,10000,0.95,0.6716911487860687,238,0.7832569200859144,0.592436974789916
20260908T074322Z_1057297f,NEW12,BTC,gap_localOFI,30000,0.95,0.6716911487860687,155,1.0862947465963906,0.6451612903225806
20260908T074322Z_1057297f,NEW12,BTC,gap_localTrade,1000,0.8,0.44233179334707284,1086,0.3788228681443176,0.36279926335174956
20260908T074322Z_1057297f,NEW12,BTC,gap_localTrade,2000,0.8,0.44233179334707284,872,0.4665147299603225,0.4426605504587156
20260908T074322Z_1057297f,NEW12,BTC,gap_localTrade,5000,0.8,0.44233179334707284,605,0.5637304967540614,0.5520661157024793
20260908T074322Z_1057297f,NEW12,BTC,gap_localTrade,10000,0.8,0.44233179334707284,442,0.6116299978144414,0.5859728506787331
20260908T074322Z_1057297f,NEW12,BTC,gap_localTrade,30000,0.8,0.44233179334707284,236,0.6429567789230868,0.597457627118644
20260908T074322Z_1057297f,NEW12,BTC,gap_localTrade,1000,0.9,0.5664244756906633,616,0.5352972989000957,0.44642857142857145
20260908T074322Z_1057297f,NEW12,BTC,gap_localTrade,2000,0.9,0.5664244756906633,504,0.6224447459189036,0.5178571428571429
20260908T074322Z_1057297f,NEW12,BTC,gap_localTrade,5000,0.9,0.5664244756906633,375,0.7749702735499872,0.6266666666666667
20260908T074322Z_1057297f,NEW12,BTC,gap_localTrade,10000,0.9,0.5664244756906633,301,0.8663454255242397,0.6312292358803987
20260908T074322Z_1057297f,NEW12,BTC,gap_localTrade,30000,0.9,0.5664244756906633,183,1.297094436034876,0.6775956284153005
20260908T074322Z_1057297f,NEW12,BTC,gap_localTrade,1000,0.95,0.6716911487860687,364,0.7266193916463294,0.5082417582417582
20260908T074322Z_1057297f,NEW12,BTC,gap_localTrade,2000,0.95,0.6716911487860687,308,0.809215209541745,0.5714285714285714
20260908T074322Z_1057297f,NEW12,BTC,gap_localTrade,5000,0.95,0.6716911487860687,247,0.9152330123599253,0.6720647773279352
20260908T074322Z_1057297f,NEW12,BTC,gap_localTrade,10000,0.95,0.6716911487860687,214,1.0348764003741997,0.6635514018691588
20260908T074322Z_1057297f,NEW12,BTC,gap_localTrade,30000,0.95,0.6716911487860687,143,1.399216570888341,0.6853146853146853
20260908T074322Z_1057297f,NEW12,BTC,leader1000_extOFI,1000,0.8,0.19493390370431957,2607,0.20202038333108518,0.27694668200997313
20260908T074322Z_1057297f,NEW12,BTC,leader1000_extOFI,2000,0.8,0.19493390370431957,1899,0.25154552727768736,0.36229594523433384
20260908T074322Z_1057297f,NEW12,BTC,leader1000_extOFI,5000,0.8,0.19493390370431957,1179,0.2449099208182452,0.448685326547922
20260908T074322Z_1057297f,NEW12,BTC,leader1000_extOFI,10000,0.8,0.19493390370431957,749,0.1853085463715698,0.4753004005340454
20260908T074322Z_1057297f,NEW12,BTC,leader1000_extOFI,30000,0.8,0.19493390370431957,307,0.06831374981664373,0.504885993485342
20260908T074322Z_1057297f,NEW12,BTC,leader1000_extOFI,1000,0.9,0.40253463729935485,1502,0.26098815659787006,0.3175765645805593
20260908T074322Z_1057297f,NEW12,BTC,leader1000_extOFI,2000,0.9,0.40253463729935485,1196,0.3168187814789485,0.3904682274247492
20260908T074322Z_1057297f,NEW12,BTC,leader1000_extOFI,5000,0.9,0.40253463729935485,834,0.3649898210305054,0.4892086330935252
20260908T074322Z_1057297f,NEW12,BTC,leader1000_extOFI,10000,0.9,0.40253463729935485,586,0.45785320914567124,0.537542662116041
20260908T074322Z_1057297f,NEW12,BTC,leader1000_extOFI,30000,0.9,0.40253463729935485,278,0.08992406235259494,0.5251798561151079
20260908T074322Z_1057297f,NEW12,BTC,leader1000_extOFI,1000,0.95,0.5861118054474607,868,0.3459682873820098,0.347926267281106
20260908T074322Z_1057297f,NEW12,BTC,leader1000_extOFI,2000,0.95,0.5861118054474607,731,0.4129274666023733,0.4172366621067031
20260908T074322Z_1057297f,NEW12,BTC,leader1000_extOFI,5000,0.95,0.5861118054474607,562,0.5190256817065413,0.5231316725978647
20260908T074322Z_1057297f,NEW12,BTC,leader1000_extOFI,10000,0.95,0.5861118054474607,424,0.5514219250362562,0.5636792452830188
20260908T074322Z_1057297f,NEW12,BTC,leader1000_extOFI,30000,0.95,0.5861118054474607,230,0.5658561715830447,0.5782608695652174
20260908T074322Z_1057297f,NEW12,ETH,depthBoth,1000,0.8,0.7530614571844028,3473,0.3175166057643513,0.41750647854880507
20260908T074322Z_1057297f,NEW12,ETH,depthBoth,2000,0.8,0.7530614571844028,2352,0.4169990025094853,0.5293367346938775
20260908T074322Z_1057297f,NEW12,ETH,depthBoth,5000,0.8,0.7530614571844028,1324,0.5547094747341164,0.6012084592145015
20260908T074322Z_1057297f,NEW12,ETH,depthBoth,10000,0.8,0.7530614571844028,810,0.527320507979497,0.5728395061728395
20260908T074322Z_1057297f,NEW12,ETH,depthBoth,30000,0.8,0.7530614571844028,321,0.5369735762166351,0.5545171339563862
20260908T074322Z_1057297f,NEW12,ETH,depthBoth,1000,0.9,0.8655143419481567,2114,0.40972686788155094,0.47019867549668876
20260908T074322Z_1057297f,NEW12,ETH,depthBoth,2000,0.9,0.8655143419481567,1550,0.5226592631701343,0.5793548387096774
20260908T074322Z_1057297f,NEW12,ETH,depthBoth,5000,0.9,0.8655143419481567,985,0.6507222263297588,0.63248730964467
20260908T074322Z_1057297f,NEW12,ETH,depthBoth,10000,0.9,0.8655143419481567,650,0.7767703958858824,0.6215384615384615
20260908T074322Z_1057297f,NEW12,ETH,depthBoth,30000,0.9,0.8655143419481567,301,0.8381859367740255,0.6013289036544851
20260908T074322Z_1057297f,NEW12,ETH,depthBoth,1000,0.95,0.9330178625511236,1186,0.4625507360152951,0.5042158516020236
20260908T074322Z_1057297f,NEW12,ETH,depthBoth,2000,0.95,0.9330178625511236,930,0.5874981959445812,0.6086021505376344
20260908T074322Z_1057297f,NEW12,ETH,depthBoth,5000,0.95,0.9330178625511236,670,0.7756622623526191,0.655223880597015
20260908T074322Z_1057297f,NEW12,ETH,depthBoth,10000,0.95,0.9330178625511236,481,0.8477717346059996,0.6528066528066528
20260908T074322Z_1057297f,NEW12,ETH,depthBoth,30000,0.95,0.9330178625511236,245,0.9305652251096395,0.6244897959183674
20260908T074322Z_1057297f,NEW12,ETH,depthL1_extOFI,1000,0.8,0.8203423397934645,3400,0.3667221894101748,0.4491176470588235
20260908T074322Z_1057297f,NEW12,ETH,depthL1_extOFI,2000,0.8,0.8203423397934645,2362,0.4844666884386203,0.5601185436071127
20260908T074322Z_1057297f,NEW12,ETH,depthL1_extOFI,5000,0.8,0.8203423397934645,1334,0.5649964565530046,0.6289355322338831
20260908T074322Z_1057297f,NEW12,ETH,depthL1_extOFI,10000,0.8,0.8203423397934645,811,0.578223857258267,0.6152897657213316
20260908T074322Z_1057297f,NEW12,ETH,depthL1_extOFI,30000,0.8,0.8203423397934645,324,0.5492142348796446,0.5802469135802469
20260908T074322Z_1057297f,NEW12,ETH,depthL1_extOFI,1000,0.9,0.9264064472084601,2108,0.4427163949265555,0.5033206831119544
20260908T074322Z_1057297f,NEW12,ETH,depthL1_extOFI,2000,0.9,0.9264064472084601,1603,0.5536810688561055,0.6088583905177791
20260908T074322Z_1057297f,NEW12,ETH,depthL1_extOFI,5000,0.9,0.9264064472084601,1039,0.7214928757355744,0.6564003849855631
20260908T074322Z_1057297f,NEW12,ETH,depthL1_extOFI,10000,0.9,0.9264064472084601,673,0.6356806274327605,0.6196136701337296
20260908T074322Z_1057297f,NEW12,ETH,depthL1_extOFI,30000,0.9,0.9264064472084601,302,0.538803277821126,0.5695364238410596
20260908T074322Z_1057297f,NEW12,ETH,depthL1_extOFI,1000,0.95,0.9802818605213816,1210,0.48268428479403,0.5413223140495868
20260908T074322Z_1057297f,NEW12,ETH,depthL1_extOFI,2000,0.95,0.9802818605213816,974,0.5895816095807725,0.6344969199178645
20260908T074322Z_1057297f,NEW12,ETH,depthL1_extOFI,5000,0.95,0.9802818605213816,697,0.7889951497551461,0.6714490674318508
20260908T074322Z_1057297f,NEW12,ETH,depthL1_extOFI,10000,0.95,0.9802818605213816,502,0.9217322236837157,0.6792828685258964
20260908T074322Z_1057297f,NEW12,ETH,depthL1_extOFI,30000,0.95,0.9802818605213816,251,0.5943727334652509,0.5896414342629482
20260908T074322Z_1057297f,NEW12,ETH,gap_depthBoth,1000,0.8,0.48769995966635454,2178,0.3324032264428827,0.39348025711662077
20260908T074322Z_1057297f,NEW12,ETH,gap_depthBoth,2000,0.8,0.48769995966635454,1452,0.47681416896385775,0.5172176308539945
20260908T074322Z_1057297f,NEW12,ETH,gap_depthBoth,5000,0.8,0.48769995966635454,893,0.6305639392654269,0.6147816349384099
20260908T074322Z_1057297f,NEW12,ETH,gap_depthBoth,10000,0.8,0.48769995966635454,612,0.7406947543052969,0.6323529411764706
20260908T074322Z_1057297f,NEW12,ETH,gap_depthBoth,30000,0.8,0.48769995966635454,274,0.4201353871691993,0.583941605839416
20260908T074322Z_1057297f,NEW12,ETH,gap_depthBoth,1000,0.9,0.6319911648082769,1244,0.43245180722506354,0.4533762057877814
20260908T074322Z_1057297f,NEW12,ETH,gap_depthBoth,2000,0.9,0.6319911648082769,888,0.586591257952164,0.5653153153153153
20260908T074322Z_1057297f,NEW12,ETH,gap_depthBoth,5000,0.9,0.6319911648082769,609,0.7583891913116493,0.6584564860426929
20260908T074322Z_1057297f,NEW12,ETH,gap_depthBoth,10000,0.9,0.6319911648082769,445,0.8577087926134337,0.647191011235955
20260908T074322Z_1057297f,NEW12,ETH,gap_depthBoth,30000,0.9,0.6319911648082769,238,0.925890800774984,0.6218487394957983
20260908T074322Z_1057297f,NEW12,ETH,gap_depthBoth,1000,0.95,0.7721220111102096,761,0.5855939964301025,0.4980289093298292
20260908T074322Z_1057297f,NEW12,ETH,gap_depthBoth,2000,0.95,0.7721220111102096,577,0.767657340709833,0.6273830155979203
20260908T074322Z_1057297f,NEW12,ETH,gap_depthBoth,5000,0.95,0.7721220111102096,419,0.9549016960917845,0.6801909307875895
20260908T074322Z_1057297f,NEW12,ETH,gap_depthBoth,10000,0.95,0.7721220111102096,324,1.1244908463042653,0.6666666666666666
20260908T074322Z_1057297f,NEW12,ETH,gap_depthBoth,30000,0.95,0.7721220111102096,201,1.3881792991816215,0.6517412935323383
20260908T074322Z_1057297f,NEW12,ETH,gap_depthL1,1000,0.8,0.48769995966635454,2310,0.3297850845218714,0.38831168831168833
20260908T074322Z_1057297f,NEW12,ETH,gap_depthL1,2000,0.8,0.48769995966635454,1526,0.4656533430479654,0.5144167758846658
20260908T074322Z_1057297f,NEW12,ETH,gap_depthL1,5000,0.8,0.48769995966635454,933,0.6174429117327365,0.617363344051447
20260908T074322Z_1057297f,NEW12,ETH,gap_depthL1,10000,0.8,0.48769995966635454,625,0.7059866660776635,0.624
20260908T074322Z_1057297f,NEW12,ETH,gap_depthL1,30000,0.8,0.48769995966635454,280,0.53157481483523,0.5642857142857143
20260908T074322Z_1057297f,NEW12,ETH,gap_depthL1,1000,0.9,0.6319911648082769,1323,0.43154348840744255,0.4489795918367347
20260908T074322Z_1057297f,NEW12,ETH,gap_depthL1,2000,0.9,0.6319911648082769,935,0.5805695899505494,0.5647058823529412
20260908T074322Z_1057297f,NEW12,ETH,gap_depthL1,5000,0.9,0.6319911648082769,638,0.7687716982148752,0.6598746081504702
20260908T074322Z_1057297f,NEW12,ETH,gap_depthL1,10000,0.9,0.6319911648082769,461,0.8312534752740018,0.6377440347071583
20260908T074322Z_1057297f,NEW12,ETH,gap_depthL1,30000,0.9,0.6319911648082769,243,0.9560701716262233,0.6131687242798354
20260908T074322Z_1057297f,NEW12,ETH,gap_depthL1,1000,0.95,0.7721220111102096,808,0.5828965272598191,0.4962871287128713
20260908T074322Z_1057297f,NEW12,ETH,gap_depthL1,2000,0.95,0.7721220111102096,608,0.7393581904008368,0.618421052631579
20260908T074322Z_1057297f,NEW12,ETH,gap_depthL1,5000,0.95,0.7721220111102096,439,0.9658538200761597,0.683371298405467
20260908T074322Z_1057297f,NEW12,ETH,gap_depthL1,10000,0.95,0.7721220111102096,337,1.1611676419050607,0.6646884272997032
20260908T074322Z_1057297f,NEW12,ETH,gap_depthL1,30000,0.95,0.7721220111102096,203,1.4904881977318913,0.6699507389162561
20260908T074322Z_1057297f,NEW12,ETH,gap_depth_extOFI,1000,0.8,0.48769995966635454,2023,0.37483009120620625,0.4083044982698962
20260908T074322Z_1057297f,NEW12,ETH,gap_depth_extOFI,2000,0.8,0.48769995966635454,1394,0.5151434370504274,0.5351506456241033
20260908T074322Z_1057297f,NEW12,ETH,gap_depth_extOFI,5000,0.8,0.48769995966635454,873,0.6674062797637216,0.6334478808705613
20260908T074322Z_1057297f,NEW12,ETH,gap_depth_extOFI,10000,0.8,0.48769995966635454,593,0.7608564016992583,0.6306913996627319
20260908T074322Z_1057297f,NEW12,ETH,gap_depth_extOFI,30000,0.8,0.48769995966635454,271,0.5021644157621472,0.5977859778597786
20260908T074322Z_1057297f,NEW12,ETH,gap_depth_extOFI,1000,0.9,0.6319911648082769,1138,0.4796672613891775,0.4648506151142355
20260908T074322Z_1057297f,NEW12,ETH,gap_depth_extOFI,2000,0.9,0.6319911648082769,817,0.6439725035475761,0.594859241126071
20260908T074322Z_1057297f,NEW12,ETH,gap_depth_extOFI,5000,0.9,0.6319911648082769,580,0.8284157919664541,0.6689655172413793
20260908T074322Z_1057297f,NEW12,ETH,gap_depth_extOFI,10000,0.9,0.6319911648082769,430,0.8355961453643077,0.6441860465116279
20260908T074322Z_1057297f,NEW12,ETH,gap_depth_extOFI,30000,0.9,0.6319911648082769,235,0.8317447727077637,0.6085106382978723
20260908T074322Z_1057297f,NEW12,ETH,gap_depth_extOFI,1000,0.95,0.7721220111102096,669,0.6501393105713563,0.5201793721973094
20260908T074322Z_1057297f,NEW12,ETH,gap_depth_extOFI,2000,0.95,0.7721220111102096,517,0.8296768562978171,0.6537717601547389
20260908T074322Z_1057297f,NEW12,ETH,gap_depth_extOFI,5000,0.95,0.7721220111102096,389,1.0227101237003886,0.699228791773779
20260908T074322Z_1057297f,NEW12,ETH,gap_depth_extOFI,10000,0.95,0.7721220111102096,309,1.1964429359072404,0.6731391585760518
20260908T074322Z_1057297f,NEW12,ETH,gap_depth_extOFI,30000,0.95,0.7721220111102096,193,1.4931648910400608,0.689119170984456
20260908T074322Z_1057297f,NEW12,ETH,gap_extOFI,1000,0.8,0.48769995966635454,2444,0.3019933049561963,0.35515548281505727
20260908T074322Z_1057297f,NEW12,ETH,gap_extOFI,2000,0.8,0.48769995966635454,1627,0.4248172057002202,0.4775660725261217
20260908T074322Z_1057297f,NEW12,ETH,gap_extOFI,5000,0.8,0.48769995966635454,979,0.5552389375579365,0.5883554647599591
20260908T074322Z_1057297f,NEW12,ETH,gap_extOFI,10000,0.8,0.48769995966635454,651,0.7459228642888288,0.620583717357911
20260908T074322Z_1057297f,NEW12,ETH,gap_extOFI,30000,0.8,0.48769995966635454,287,0.4167288652321696,0.5749128919860628
20260908T074322Z_1057297f,NEW12,ETH,gap_extOFI,1000,0.9,0.6319911648082769,1355,0.4220984618035791,0.4177121771217712
20260908T074322Z_1057297f,NEW12,ETH,gap_extOFI,2000,0.9,0.6319911648082769,955,0.5819434991111516,0.543455497382199
20260908T074322Z_1057297f,NEW12,ETH,gap_extOFI,5000,0.9,0.6319911648082769,655,0.7723663057144784,0.6396946564885496
20260908T074322Z_1057297f,NEW12,ETH,gap_extOFI,10000,0.9,0.6319911648082769,473,0.8155606932145968,0.627906976744186
20260908T074322Z_1057297f,NEW12,ETH,gap_extOFI,30000,0.9,0.6319911648082769,243,0.6943693577135864,0.5967078189300411
20260908T074322Z_1057297f,NEW12,ETH,gap_extOFI,1000,0.95,0.7721220111102096,751,0.6470873291257071,0.5019973368841545
20260908T074322Z_1057297f,NEW12,ETH,gap_extOFI,2000,0.95,0.7721220111102096,575,0.8123861304146571,0.6226086956521739
20260908T074322Z_1057297f,NEW12,ETH,gap_extOFI,5000,0.95,0.7721220111102096,425,1.0116314057620421,0.6729411764705883
20260908T074322Z_1057297f,NEW12,ETH,gap_extOFI,10000,0.95,0.7721220111102096,331,1.2746818354528084,0.676737160120846
20260908T074322Z_1057297f,NEW12,ETH,gap_extOFI,30000,0.95,0.7721220111102096,201,1.6029159815595302,0.6766169154228856
20260908T074322Z_1057297f,NEW12,ETH,gap_leader1000,1000,0.8,0.48769995966635454,1869,0.2997860173850814,0.4034242910647405
20260908T074322Z_1057297f,NEW12,ETH,gap_leader1000,2000,0.8,0.48769995966635454,1501,0.35798361774915427,0.47368421052631576
20260908T074322Z_1057297f,NEW12,ETH,gap_leader1000,5000,0.8,0.48769995966635454,1028,0.427119438772676,0.5437743190661478
20260908T074322Z_1057297f,NEW12,ETH,gap_leader1000,10000,0.8,0.48769995966635454,680,0.527357329371319,0.5647058823529412
20260908T074322Z_1057297f,NEW12,ETH,gap_leader1000,30000,0.8,0.48769995966635454,293,0.2370337366318275,0.5255972696245734
20260908T074322Z_1057297f,NEW12,ETH,gap_leader1000,1000,0.9,0.6319911648082769,1191,0.45671805477269684,0.46767422334172964
20260908T074322Z_1057297f,NEW12,ETH,gap_leader1000,2000,0.9,0.6319911648082769,1002,0.5044595612134919,0.5289421157684631
20260908T074322Z_1057297f,NEW12,ETH,gap_leader1000,5000,0.9,0.6319911648082769,751,0.6676515314222363,0.5845539280958721
20260908T074322Z_1057297f,NEW12,ETH,gap_leader1000,10000,0.9,0.6319911648082769,539,0.6785294758378496,0.5992578849721707
20260908T074322Z_1057297f,NEW12,ETH,gap_leader1000,30000,0.9,0.6319911648082769,264,0.8916559700007402,0.6022727272727273
20260908T074322Z_1057297f,NEW12,ETH,gap_leader1000,1000,0.95,0.7721220111102096,730,0.6293973166274233,0.5260273972602739
20260908T074322Z_1057297f,NEW12,ETH,gap_leader1000,2000,0.95,0.7721220111102096,635,0.7054073068066894,0.5889763779527559
20260908T074322Z_1057297f,NEW12,ETH,gap_leader1000,5000,0.95,0.7721220111102096,503,0.9190537766335799,0.6361829025844931
20260908T074322Z_1057297f,NEW12,ETH,gap_leader1000,10000,0.95,0.7721220111102096,389,0.9809118942570999,0.6298200514138818
20260908T074322Z_1057297f,NEW12,ETH,gap_leader1000,30000,0.95,0.7721220111102096,220,1.4613540501444446,0.6454545454545455
20260908T074322Z_1057297f,NEW12,ETH,gap_localOFI,1000,0.8,0.48769995966635454,2046,0.28197246004089405,0.35581622678396874
20260908T074322Z_1057297f,NEW12,ETH,gap_localOFI,2000,0.8,0.48769995966635454,1462,0.3802199477986423,0.4781121751025992
20260908T074322Z_1057297f,NEW12,ETH,gap_localOFI,5000,0.8,0.48769995966635454,933,0.48932972504111993,0.587352625937835
20260908T074322Z_1057297f,NEW12,ETH,gap_localOFI,10000,0.8,0.48769995966635454,628,0.5927102523774235,0.5955414012738853
20260908T074322Z_1057297f,NEW12,ETH,gap_localOFI,30000,0.8,0.48769995966635454,280,0.6376372249755189,0.6107142857142858
20260908T074322Z_1057297f,NEW12,ETH,gap_localOFI,1000,0.9,0.6319911648082769,1126,0.39306328689341635,0.40941385435168737
20260908T074322Z_1057297f,NEW12,ETH,gap_localOFI,2000,0.9,0.6319911648082769,844,0.5029460607414056,0.5260663507109005
20260908T074322Z_1057297f,NEW12,ETH,gap_localOFI,5000,0.9,0.6319911648082769,611,0.6785110904356934,0.6202945990180033
20260908T074322Z_1057297f,NEW12,ETH,gap_localOFI,10000,0.9,0.6319911648082769,445,0.671148269660161,0.6202247191011236
20260908T074322Z_1057297f,NEW12,ETH,gap_localOFI,30000,0.9,0.6319911648082769,238,0.7423197718882821,0.6134453781512605
20260908T074322Z_1057297f,NEW12,ETH,gap_localOFI,1000,0.95,0.7721220111102096,616,0.5407557030150095,0.4594155844155844
20260908T074322Z_1057297f,NEW12,ETH,gap_localOFI,2000,0.95,0.7721220111102096,486,0.6815176603122504,0.5843621399176955
20260908T074322Z_1057297f,NEW12,ETH,gap_localOFI,5000,0.95,0.7721220111102096,375,0.8755694060958034,0.632
20260908T074322Z_1057297f,NEW12,ETH,gap_localOFI,10000,0.95,0.7721220111102096,292,0.978841762760426,0.6472602739726028
20260908T074322Z_1057297f,NEW12,ETH,gap_localOFI,30000,0.95,0.7721220111102096,185,1.54584903042574,0.6702702702702703
20260908T074322Z_1057297f,NEW12,ETH,gap_localTrade,1000,0.8,0.48769995966635454,994,0.5797229066236018,0.5181086519114688
20260908T074322Z_1057297f,NEW12,ETH,gap_localTrade,2000,0.8,0.48769995966635454,830,0.7020600613357836,0.6072289156626506
20260908T074322Z_1057297f,NEW12,ETH,gap_localTrade,5000,0.8,0.48769995966635454,612,0.8397720757247804,0.6601307189542484
20260908T074322Z_1057297f,NEW12,ETH,gap_localTrade,10000,0.8,0.48769995966635454,450,1.1201709699190592,0.6888888888888889
20260908T074322Z_1057297f,NEW12,ETH,gap_localTrade,30000,0.8,0.48769995966635454,243,1.0295922306661398,0.6255144032921811
20260908T074322Z_1057297f,NEW12,ETH,gap_localTrade,1000,0.9,0.6319911648082769,609,0.7617779041808268,0.5796387520525451
20260908T074322Z_1057297f,NEW12,ETH,gap_localTrade,2000,0.9,0.6319911648082769,522,0.8605138254345088,0.657088122605364
20260908T074322Z_1057297f,NEW12,ETH,gap_localTrade,5000,0.9,0.6319911648082769,410,0.9608900203795112,0.6707317073170732
20260908T074322Z_1057297f,NEW12,ETH,gap_localTrade,10000,0.9,0.6319911648082769,323,1.2228680426723657,0.6965944272445821
20260908T074322Z_1057297f,NEW12,ETH,gap_localTrade,30000,0.9,0.6319911648082769,193,1.2266620441074032,0.6321243523316062
20260908T074322Z_1057297f,NEW12,ETH,gap_localTrade,1000,0.95,0.7721220111102096,376,1.0338240730215946,0.6329787234042553
20260908T074322Z_1057297f,NEW12,ETH,gap_localTrade,2000,0.95,0.7721220111102096,331,1.1553979695681609,0.716012084592145
20260908T074322Z_1057297f,NEW12,ETH,gap_localTrade,5000,0.95,0.7721220111102096,274,1.2556560252077682,0.708029197080292
20260908T074322Z_1057297f,NEW12,ETH,gap_localTrade,10000,0.95,0.7721220111102096,227,1.6283557400907713,0.73568281938326
20260908T074322Z_1057297f,NEW12,ETH,gap_localTrade,30000,0.95,0.7721220111102096,150,1.932324439984856,0.7066666666666667
20260908T074322Z_1057297f,NEW12,ETH,leader1000_extOFI,1000,0.8,0.35148028094451433,2894,0.24704655391968733,0.3534899792674499
20260908T074322Z_1057297f,NEW12,ETH,leader1000_extOFI,2000,0.8,0.35148028094451433,2110,0.25432856715096447,0.4265402843601896
20260908T074322Z_1057297f,NEW12,ETH,leader1000_extOFI,5000,0.8,0.35148028094451433,1263,0.31277771481375,0.5399841646872525
20260908T074322Z_1057297f,NEW12,ETH,leader1000_extOFI,10000,0.8,0.35148028094451433,786,0.3313612853567409,0.5712468193384224
20260908T074322Z_1057297f,NEW12,ETH,leader1000_extOFI,30000,0.8,0.35148028094451433,318,0.021527699534893543,0.5188679245283019
20260908T074322Z_1057297f,NEW12,ETH,leader1000_extOFI,1000,0.9,0.5499530608429961,1702,0.3282671429267088,0.40540540540540543
20260908T074322Z_1057297f,NEW12,ETH,leader1000_extOFI,2000,0.9,0.5499530608429961,1333,0.4364786092011185,0.5041260315078769
20260908T074322Z_1057297f,NEW12,ETH,leader1000_extOFI,5000,0.9,0.5499530608429961,908,0.5002394614699066,0.5848017621145375
20260908T074322Z_1057297f,NEW12,ETH,leader1000_extOFI,10000,0.9,0.5499530608429961,617,0.6608421181210263,0.6191247974068071
20260908T074322Z_1057297f,NEW12,ETH,leader1000_extOFI,30000,0.9,0.5499530608429961,282,0.7711113848006791,0.5851063829787234
20260908T074322Z_1057297f,NEW12,ETH,leader1000_extOFI,1000,0.95,0.7320072031248307,969,0.4368682060356573,0.4499484004127967
20260908T074322Z_1057297f,NEW12,ETH,leader1000_extOFI,2000,0.95,0.7320072031248307,798,0.5232692999472512,0.5238095238095238
20260908T074322Z_1057297f,NEW12,ETH,leader1000_extOFI,5000,0.95,0.7320072031248307,625,0.5524885352789043,0.5824
20260908T074322Z_1057297f,NEW12,ETH,leader1000_extOFI,10000,0.95,0.7320072031248307,458,0.8086151261213397,0.6331877729257642
20260908T074322Z_1057297f,NEW12,ETH,leader1000_extOFI,30000,0.95,0.7320072031248307,240,1.1214408393892308,0.6333333333333333
20260908T120838Z_3cfee030,NEW12,BTC,depthBoth,1000,0.8,0.9132137934386311,4007,0.44437460534908513,0.5285749937609184
20260908T120838Z_3cfee030,NEW12,BTC,depthBoth,2000,0.8,0.9132137934386311,2625,0.516919403791186,0.5851428571428572
20260908T120838Z_3cfee030,NEW12,BTC,depthBoth,5000,0.8,0.9132137934386311,1409,0.6492645950108855,0.6224272533711852
20260908T120838Z_3cfee030,NEW12,BTC,depthBoth,10000,0.8,0.9132137934386311,830,0.6719007470560071,0.6156626506024097
20260908T120838Z_3cfee030,NEW12,BTC,depthBoth,30000,0.8,0.9132137934386311,324,0.8217924662519158,0.5833333333333334
20260908T120838Z_3cfee030,NEW12,BTC,depthBoth,1000,0.9,0.968957087873466,2595,0.534571864880576,0.608092485549133
20260908T120838Z_3cfee030,NEW12,BTC,depthBoth,2000,0.9,0.968957087873466,1878,0.6132745822369171,0.6538871139510117
20260908T120838Z_3cfee030,NEW12,BTC,depthBoth,5000,0.9,0.968957087873466,1137,0.6907950066222324,0.6437994722955145
20260908T120838Z_3cfee030,NEW12,BTC,depthBoth,10000,0.9,0.968957087873466,718,0.5306642330763138,0.6295264623955432
20260908T120838Z_3cfee030,NEW12,BTC,depthBoth,30000,0.9,0.968957087873466,303,0.8161824282074687,0.5973597359735974
20260908T120838Z_3cfee030,NEW12,BTC,depthBoth,1000,0.95,0.9903121748238248,1634,0.6205359392231738,0.6848225214198287
20260908T120838Z_3cfee030,NEW12,BTC,depthBoth,2000,0.95,0.9903121748238248,1274,0.732938298572946,0.7150706436420722
20260908T120838Z_3cfee030,NEW12,BTC,depthBoth,5000,0.95,0.9903121748238248,865,0.7573390172205552,0.6751445086705202
20260908T120838Z_3cfee030,NEW12,BTC,depthBoth,10000,0.95,0.9903121748238248,592,0.7990843083920832,0.6790540540540541
20260908T120838Z_3cfee030,NEW12,BTC,depthBoth,30000,0.95,0.9903121748238248,274,0.5846026992770168,0.5875912408759124
20260908T120838Z_3cfee030,NEW12,BTC,depthL1_extOFI,1000,0.8,0.9120550330468051,3929,0.4516797361993469,0.536777806057521
20260908T120838Z_3cfee030,NEW12,BTC,depthL1_extOFI,2000,0.8,0.9120550330468051,2644,0.531371008694611,0.594553706505295
20260908T120838Z_3cfee030,NEW12,BTC,depthL1_extOFI,5000,0.8,0.9120550330468051,1428,0.5867827294875883,0.6043417366946778
20260908T120838Z_3cfee030,NEW12,BTC,depthL1_extOFI,10000,0.8,0.9120550330468051,839,0.652182007273884,0.6138259833134684
20260908T120838Z_3cfee030,NEW12,BTC,depthL1_extOFI,30000,0.8,0.9120550330468051,327,0.6810652492533612,0.5474006116207951
20260908T120838Z_3cfee030,NEW12,BTC,depthL1_extOFI,1000,0.9,0.9730135220331289,2580,0.5477534992971773,0.6236434108527131
20260908T120838Z_3cfee030,NEW12,BTC,depthL1_extOFI,2000,0.9,0.9730135220331289,1885,0.6327379148489705,0.6694960212201592
20260908T120838Z_3cfee030,NEW12,BTC,depthL1_extOFI,5000,0.9,0.9730135220331289,1162,0.6718187199873189,0.6540447504302926
20260908T120838Z_3cfee030,NEW12,BTC,depthL1_extOFI,10000,0.9,0.9730135220331289,736,0.6771907152909912,0.6440217391304348
20260908T120838Z_3cfee030,NEW12,BTC,depthL1_extOFI,30000,0.9,0.9730135220331289,305,0.4591824143282527,0.5868852459016394
20260908T120838Z_3cfee030,NEW12,BTC,depthL1_extOFI,1000,0.95,0.9925593243062073,1602,0.5922787693388613,0.6916354556803995
20260908T120838Z_3cfee030,NEW12,BTC,depthL1_extOFI,2000,0.95,0.9925593243062073,1260,0.6869226322134949,0.707936507936508
20260908T120838Z_3cfee030,NEW12,BTC,depthL1_extOFI,5000,0.95,0.9925593243062073,866,0.827078176796796,0.6789838337182448
20260908T120838Z_3cfee030,NEW12,BTC,depthL1_extOFI,10000,0.95,0.9925593243062073,591,0.6977735525019779,0.6582064297800339
20260908T120838Z_3cfee030,NEW12,BTC,depthL1_extOFI,30000,0.95,0.9925593243062073,277,0.7157832549196406,0.5776173285198556
20260908T120838Z_3cfee030,NEW12,BTC,gap_depthBoth,1000,0.8,0.4445754207982325,2568,0.37682528989741754,0.42017133956386293
20260908T120838Z_3cfee030,NEW12,BTC,gap_depthBoth,2000,0.8,0.4445754207982325,1721,0.4819430311123234,0.5334108076699593
20260908T120838Z_3cfee030,NEW12,BTC,gap_depthBoth,5000,0.8,0.4445754207982325,1035,0.6167659087988763,0.5903381642512078
20260908T120838Z_3cfee030,NEW12,BTC,gap_depthBoth,10000,0.8,0.4445754207982325,656,0.6855605179478588,0.5899390243902439
20260908T120838Z_3cfee030,NEW12,BTC,gap_depthBoth,30000,0.8,0.4445754207982325,287,0.5660758570399502,0.578397212543554
20260908T120838Z_3cfee030,NEW12,BTC,gap_depthBoth,1000,0.9,0.5699971443053898,1552,0.4708141602207948,0.4684278350515464
20260908T120838Z_3cfee030,NEW12,BTC,gap_depthBoth,2000,0.9,0.5699971443053898,1120,0.5873966620607375,0.5732142857142857
20260908T120838Z_3cfee030,NEW12,BTC,gap_depthBoth,5000,0.9,0.5699971443053898,742,0.7435680883565796,0.6293800539083558
20260908T120838Z_3cfee030,NEW12,BTC,gap_depthBoth,10000,0.9,0.5699971443053898,514,0.7213105438353435,0.6089494163424124
20260908T120838Z_3cfee030,NEW12,BTC,gap_depthBoth,30000,0.9,0.5699971443053898,252,0.8476823337152938,0.5714285714285714
20260908T120838Z_3cfee030,NEW12,BTC,gap_depthBoth,1000,0.95,0.6847119225199537,943,0.5690329369408723,0.5174973488865323
20260908T120838Z_3cfee030,NEW12,BTC,gap_depthBoth,2000,0.95,0.6847119225199537,721,0.6915553863813838,0.6158113730929264
20260908T120838Z_3cfee030,NEW12,BTC,gap_depthBoth,5000,0.95,0.6847119225199537,526,0.6811100946727782,0.6444866920152091
20260908T120838Z_3cfee030,NEW12,BTC,gap_depthBoth,10000,0.95,0.6847119225199537,393,0.7712806786566935,0.6132315521628499
20260908T120838Z_3cfee030,NEW12,BTC,gap_depthBoth,30000,0.95,0.6847119225199537,220,0.836314563400543,0.5681818181818182
20260908T120838Z_3cfee030,NEW12,BTC,gap_depthL1,1000,0.8,0.4445754207982325,2638,0.3671628470792267,0.4166034874905231
20260908T120838Z_3cfee030,NEW12,BTC,gap_depthL1,2000,0.8,0.4445754207982325,1764,0.47575657597463067,0.5306122448979592
20260908T120838Z_3cfee030,NEW12,BTC,gap_depthL1,5000,0.8,0.4445754207982325,1056,0.6170811433870261,0.5890151515151515
20260908T120838Z_3cfee030,NEW12,BTC,gap_depthL1,10000,0.8,0.4445754207982325,665,0.7298757959628639,0.5984962406015037
20260908T120838Z_3cfee030,NEW12,BTC,gap_depthL1,30000,0.8,0.4445754207982325,293,0.7264920305695436,0.5938566552901023
20260908T120838Z_3cfee030,NEW12,BTC,gap_depthL1,1000,0.9,0.5699971443053898,1591,0.45799982130158234,0.464487743557511
20260908T120838Z_3cfee030,NEW12,BTC,gap_depthL1,2000,0.9,0.5699971443053898,1148,0.5758955340874495,0.5705574912891986
20260908T120838Z_3cfee030,NEW12,BTC,gap_depthL1,5000,0.9,0.5699971443053898,757,0.7158160980088123,0.6235138705416117
20260908T120838Z_3cfee030,NEW12,BTC,gap_depthL1,10000,0.9,0.5699971443053898,521,0.7530790343282923,0.6122840690978887
20260908T120838Z_3cfee030,NEW12,BTC,gap_depthL1,30000,0.9,0.5699971443053898,254,0.8126234557089271,0.5708661417322834
20260908T120838Z_3cfee030,NEW12,BTC,gap_depthL1,1000,0.95,0.6847119225199537,964,0.5586432003763054,0.5145228215767634
20260908T120838Z_3cfee030,NEW12,BTC,gap_depthL1,2000,0.95,0.6847119225199537,736,0.6929532603588852,0.6154891304347826
20260908T120838Z_3cfee030,NEW12,BTC,gap_depthL1,5000,0.95,0.6847119225199537,536,0.6603868873325847,0.6380597014925373
20260908T120838Z_3cfee030,NEW12,BTC,gap_depthL1,10000,0.95,0.6847119225199537,400,0.7627780536268003,0.6125
20260908T120838Z_3cfee030,NEW12,BTC,gap_depthL1,30000,0.95,0.6847119225199537,224,0.6636326288078394,0.5535714285714286
20260908T120838Z_3cfee030,NEW12,BTC,gap_depth_extOFI,1000,0.8,0.4445754207982325,2292,0.4257075932872978,0.44589877835951136
20260908T120838Z_3cfee030,NEW12,BTC,gap_depth_extOFI,2000,0.8,0.4445754207982325,1597,0.5692028406266513,0.5591734502191609
20260908T120838Z_3cfee030,NEW12,BTC,gap_depth_extOFI,5000,0.8,0.4445754207982325,982,0.6917615987494125,0.6038696537678208
20260908T120838Z_3cfee030,NEW12,BTC,gap_depth_extOFI,10000,0.8,0.4445754207982325,633,0.9204042832001165,0.6287519747235387
20260908T120838Z_3cfee030,NEW12,BTC,gap_depth_extOFI,30000,0.8,0.4445754207982325,284,0.7836818772805338,0.602112676056338
20260908T120838Z_3cfee030,NEW12,BTC,gap_depth_extOFI,1000,0.9,0.5699971443053898,1331,0.5429819076539897,0.5041322314049587
20260908T120838Z_3cfee030,NEW12,BTC,gap_depth_extOFI,2000,0.9,0.5699971443053898,986,0.6826863631281449,0.603448275862069
20260908T120838Z_3cfee030,NEW12,BTC,gap_depth_extOFI,5000,0.9,0.5699971443053898,674,0.8785353902699967,0.658753709198813
20260908T120838Z_3cfee030,NEW12,BTC,gap_depth_extOFI,10000,0.9,0.5699971443053898,481,0.941471819329593,0.6507276507276507
20260908T120838Z_3cfee030,NEW12,BTC,gap_depth_extOFI,30000,0.9,0.5699971443053898,245,1.0818132872061577,0.5795918367346938
20260908T120838Z_3cfee030,NEW12,BTC,gap_depth_extOFI,1000,0.95,0.6847119225199537,791,0.6509672733973471,0.5512010113780025
20260908T120838Z_3cfee030,NEW12,BTC,gap_depth_extOFI,2000,0.95,0.6847119225199537,617,0.7923652337271191,0.6337115072933549
20260908T120838Z_3cfee030,NEW12,BTC,gap_depth_extOFI,5000,0.95,0.6847119225199537,467,0.7756563993803047,0.6659528907922913
20260908T120838Z_3cfee030,NEW12,BTC,gap_depth_extOFI,10000,0.95,0.6847119225199537,353,0.99487522498776,0.6402266288951841
20260908T120838Z_3cfee030,NEW12,BTC,gap_depth_extOFI,30000,0.95,0.6847119225199537,208,0.8139296625231811,0.5625
20260908T120838Z_3cfee030,NEW12,BTC,gap_extOFI,1000,0.8,0.4445754207982325,2597,0.3686922909896991,0.4093184443588756
20260908T120838Z_3cfee030,NEW12,BTC,gap_extOFI,2000,0.8,0.4445754207982325,1763,0.5023838322733105,0.5235394214407261
20260908T120838Z_3cfee030,NEW12,BTC,gap_extOFI,5000,0.8,0.4445754207982325,1048,0.5772853164400744,0.5725190839694656
20260908T120838Z_3cfee030,NEW12,BTC,gap_extOFI,10000,0.8,0.4445754207982325,665,0.7887054858075749,0.6225563909774436
20260908T120838Z_3cfee030,NEW12,BTC,gap_extOFI,30000,0.8,0.4445754207982325,289,0.7858019677508138,0.5986159169550173
20260908T120838Z_3cfee030,NEW12,BTC,gap_extOFI,1000,0.9,0.5699971443053898,1458,0.5017190832941955,0.48010973936899864
20260908T120838Z_3cfee030,NEW12,BTC,gap_extOFI,2000,0.9,0.5699971443053898,1065,0.6325259965587381,0.5877934272300469
20260908T120838Z_3cfee030,NEW12,BTC,gap_extOFI,5000,0.9,0.5699971443053898,724,0.7665567436472925,0.6325966850828729
20260908T120838Z_3cfee030,NEW12,BTC,gap_extOFI,10000,0.9,0.5699971443053898,510,0.8135554317687183,0.6254901960784314
20260908T120838Z_3cfee030,NEW12,BTC,gap_extOFI,30000,0.9,0.5699971443053898,251,1.0084451016990488,0.5617529880478087
20260908T120838Z_3cfee030,NEW12,BTC,gap_extOFI,1000,0.95,0.6847119225199537,839,0.6343496525397774,0.5435041716328963
20260908T120838Z_3cfee030,NEW12,BTC,gap_extOFI,2000,0.95,0.6847119225199537,650,0.7676232715937511,0.6323076923076923
20260908T120838Z_3cfee030,NEW12,BTC,gap_extOFI,5000,0.95,0.6847119225199537,489,0.7494886805226985,0.6605316973415133
20260908T120838Z_3cfee030,NEW12,BTC,gap_extOFI,10000,0.95,0.6847119225199537,366,1.0206027195676408,0.6420765027322405
20260908T120838Z_3cfee030,NEW12,BTC,gap_extOFI,30000,0.95,0.6847119225199537,212,1.2847031683896701,0.589622641509434
20260908T120838Z_3cfee030,NEW12,BTC,gap_leader1000,1000,0.8,0.4445754207982325,2284,0.3485070718359721,0.44001751313485116
20260908T120838Z_3cfee030,NEW12,BTC,gap_leader1000,2000,0.8,0.4445754207982325,1773,0.37112331551811306,0.5104342921601804
20260908T120838Z_3cfee030,NEW12,BTC,gap_leader1000,5000,0.8,0.4445754207982325,1110,0.35710422058217917,0.5243243243243243
20260908T120838Z_3cfee030,NEW12,BTC,gap_leader1000,10000,0.8,0.4445754207982325,706,0.3020308248965373,0.5198300283286119
20260908T120838Z_3cfee030,NEW12,BTC,gap_leader1000,30000,0.8,0.4445754207982325,299,0.6179130786748235,0.568561872909699
20260908T120838Z_3cfee030,NEW12,BTC,gap_leader1000,1000,0.9,0.5699971443053898,1471,0.45354199971535725,0.49014276002719237
20260908T120838Z_3cfee030,NEW12,BTC,gap_leader1000,2000,0.9,0.5699971443053898,1224,0.4784150289653496,0.5580065359477124
20260908T120838Z_3cfee030,NEW12,BTC,gap_leader1000,5000,0.9,0.5699971443053898,851,0.462715923150811,0.5652173913043478
20260908T120838Z_3cfee030,NEW12,BTC,gap_leader1000,10000,0.9,0.5699971443053898,576,0.4724558088500133,0.5572916666666666
20260908T120838Z_3cfee030,NEW12,BTC,gap_leader1000,30000,0.9,0.5699971443053898,271,0.40420249700215827,0.5387453874538746
20260908T120838Z_3cfee030,NEW12,BTC,gap_leader1000,1000,0.95,0.6847119225199537,926,0.5803940551285549,0.5529157667386609
20260908T120838Z_3cfee030,NEW12,BTC,gap_leader1000,2000,0.95,0.6847119225199537,809,0.5965219000183394,0.6131025957972805
20260908T120838Z_3cfee030,NEW12,BTC,gap_leader1000,5000,0.95,0.6847119225199537,615,0.513321929764819,0.6016260162601627
20260908T120838Z_3cfee030,NEW12,BTC,gap_leader1000,10000,0.95,0.6847119225199537,444,0.4958566739556088,0.5698198198198198
20260908T120838Z_3cfee030,NEW12,BTC,gap_leader1000,30000,0.95,0.6847119225199537,236,0.4258352473855298,0.5338983050847458
20260908T120838Z_3cfee030,NEW12,BTC,gap_localOFI,1000,0.8,0.4445754207982325,2525,0.35569593261295457,0.41188118811881186
20260908T120838Z_3cfee030,NEW12,BTC,gap_localOFI,2000,0.8,0.4445754207982325,1752,0.4455970147987085,0.511986301369863
20260908T120838Z_3cfee030,NEW12,BTC,gap_localOFI,5000,0.8,0.4445754207982325,1038,0.5309620137591954,0.5664739884393064
20260908T120838Z_3cfee030,NEW12,BTC,gap_localOFI,10000,0.8,0.4445754207982325,667,0.6327411370256159,0.5832083958020989
20260908T120838Z_3cfee030,NEW12,BTC,gap_localOFI,30000,0.8,0.4445754207982325,290,0.741695227709673,0.5551724137931034
20260908T120838Z_3cfee030,NEW12,BTC,gap_localOFI,1000,0.9,0.5699971443053898,1414,0.4691736623560934,0.47029702970297027
20260908T120838Z_3cfee030,NEW12,BTC,gap_localOFI,2000,0.9,0.5699971443053898,1052,0.5632568396926364,0.5636882129277566
20260908T120838Z_3cfee030,NEW12,BTC,gap_localOFI,5000,0.9,0.5699971443053898,721,0.6718976768035781,0.6019417475728155
20260908T120838Z_3cfee030,NEW12,BTC,gap_localOFI,10000,0.9,0.5699971443053898,504,0.7940250132510049,0.6150793650793651
20260908T120838Z_3cfee030,NEW12,BTC,gap_localOFI,30000,0.9,0.5699971443053898,248,0.8000777756402548,0.5604838709677419
20260908T120838Z_3cfee030,NEW12,BTC,gap_localOFI,1000,0.95,0.6847119225199537,806,0.5970339262885197,0.5310173697270472
20260908T120838Z_3cfee030,NEW12,BTC,gap_localOFI,2000,0.95,0.6847119225199537,634,0.6754230437116322,0.6088328075709779
20260908T120838Z_3cfee030,NEW12,BTC,gap_localOFI,5000,0.95,0.6847119225199537,483,0.6868815332801567,0.6418219461697723
20260908T120838Z_3cfee030,NEW12,BTC,gap_localOFI,10000,0.95,0.6847119225199537,361,0.8458284541185397,0.6038781163434903
20260908T120838Z_3cfee030,NEW12,BTC,gap_localOFI,30000,0.95,0.6847119225199537,206,0.8644801803554126,0.5679611650485437
20260908T120838Z_3cfee030,NEW12,BTC,gap_localTrade,1000,0.8,0.4445754207982325,1621,0.45709095476700795,0.47995064774830354
20260908T120838Z_3cfee030,NEW12,BTC,gap_localTrade,2000,0.8,0.4445754207982325,1267,0.5702527140673663,0.56353591160221
20260908T120838Z_3cfee030,NEW12,BTC,gap_localTrade,5000,0.8,0.4445754207982325,853,0.5416283194528558,0.5662368112543963
20260908T120838Z_3cfee030,NEW12,BTC,gap_localTrade,10000,0.8,0.4445754207982325,578,0.6088282147258516,0.5553633217993079
20260908T120838Z_3cfee030,NEW12,BTC,gap_localTrade,30000,0.8,0.4445754207982325,271,0.7431937805031104,0.5535055350553506
20260908T120838Z_3cfee030,NEW12,BTC,gap_localTrade,1000,0.9,0.5699971443053898,952,0.5902780764689592,0.5441176470588235
20260908T120838Z_3cfee030,NEW12,BTC,gap_localTrade,2000,0.9,0.5699971443053898,790,0.675833877133561,0.6139240506329114
20260908T120838Z_3cfee030,NEW12,BTC,gap_localTrade,5000,0.9,0.5699971443053898,579,0.6823657864225287,0.5889464594127807
20260908T120838Z_3cfee030,NEW12,BTC,gap_localTrade,10000,0.9,0.5699971443053898,429,0.6927812802818946,0.6013986013986014
20260908T120838Z_3cfee030,NEW12,BTC,gap_localTrade,30000,0.9,0.5699971443053898,224,0.37558561147643277,0.5401785714285714
20260908T120838Z_3cfee030,NEW12,BTC,gap_localTrade,1000,0.95,0.6847119225199537,575,0.7259235777206686,0.6034782608695652
20260908T120838Z_3cfee030,NEW12,BTC,gap_localTrade,2000,0.95,0.6847119225199537,496,0.8182788523755915,0.6713709677419355
20260908T120838Z_3cfee030,NEW12,BTC,gap_localTrade,5000,0.95,0.6847119225199537,402,0.7662398963961083,0.6393034825870647
20260908T120838Z_3cfee030,NEW12,BTC,gap_localTrade,10000,0.95,0.6847119225199537,312,0.8978036298159078,0.6185897435897436
20260908T120838Z_3cfee030,NEW12,BTC,gap_localTrade,30000,0.95,0.6847119225199537,189,0.7616058812255537,0.5873015873015873
20260908T120838Z_3cfee030,NEW12,BTC,leader1000_extOFI,1000,0.8,0.3777083028871501,2990,0.3230007932428561,0.42040133779264216
20260908T120838Z_3cfee030,NEW12,BTC,leader1000_extOFI,2000,0.8,0.3777083028871501,2128,0.3736644330639597,0.49530075187969924
20260908T120838Z_3cfee030,NEW12,BTC,leader1000_extOFI,5000,0.8,0.3777083028871501,1234,0.42337908811244584,0.5526742301458671
20260908T120838Z_3cfee030,NEW12,BTC,leader1000_extOFI,10000,0.8,0.3777083028871501,753,0.5600356083006431,0.5763612217795485
20260908T120838Z_3cfee030,NEW12,BTC,leader1000_extOFI,30000,0.8,0.3777083028871501,308,-0.17509349426052992,0.4707792207792208
20260908T120838Z_3cfee030,NEW12,BTC,leader1000_extOFI,1000,0.9,0.5796484434413774,1796,0.3976442847495761,0.4599109131403118
20260908T120838Z_3cfee030,NEW12,BTC,leader1000_extOFI,2000,0.9,0.5796484434413774,1410,0.5003209926039472,0.5475177304964539
20260908T120838Z_3cfee030,NEW12,BTC,leader1000_extOFI,5000,0.9,0.5796484434413774,913,0.555082219868325,0.6089813800657174
20260908T120838Z_3cfee030,NEW12,BTC,leader1000_extOFI,10000,0.9,0.5796484434413774,609,0.5580221457720081,0.5927750410509032
20260908T120838Z_3cfee030,NEW12,BTC,leader1000_extOFI,30000,0.9,0.5796484434413774,282,0.392334530992144,0.5319148936170213
20260908T120838Z_3cfee030,NEW12,BTC,leader1000_extOFI,1000,0.95,0.7536152150975405,1056,0.48120100114545317,0.4943181818181818
20260908T120838Z_3cfee030,NEW12,BTC,leader1000_extOFI,2000,0.95,0.7536152150975405,890,0.5618070174331208,0.5764044943820225
20260908T120838Z_3cfee030,NEW12,BTC,leader1000_extOFI,5000,0.95,0.7536152150975405,656,0.577496244909558,0.6082317073170732
20260908T120838Z_3cfee030,NEW12,BTC,leader1000_extOFI,10000,0.95,0.7536152150975405,466,0.7293038507534061,0.6158798283261803
20260908T120838Z_3cfee030,NEW12,BTC,leader1000_extOFI,30000,0.95,0.7536152150975405,243,1.1175572960691726,0.6337448559670782
20260908T120838Z_3cfee030,NEW12,ETH,depthBoth,1000,0.8,0.8012277462345438,4054,0.3858662190911314,0.49827331031080413
20260908T120838Z_3cfee030,NEW12,ETH,depthBoth,2000,0.8,0.8012277462345438,2728,0.458271542474656,0.5443548387096774
20260908T120838Z_3cfee030,NEW12,ETH,depthBoth,5000,0.8,0.8012277462345438,1456,0.5589337650181203,0.5824175824175825
20260908T120838Z_3cfee030,NEW12,ETH,depthBoth,10000,0.8,0.8012277462345438,864,0.5387190490260227,0.5810185185185185
20260908T120838Z_3cfee030,NEW12,ETH,depthBoth,30000,0.8,0.8012277462345438,330,1.0999447727594482,0.5909090909090909
20260908T120838Z_3cfee030,NEW12,ETH,depthBoth,1000,0.9,0.8958834973523306,2562,0.47299193395341754,0.5405932864949259
20260908T120838Z_3cfee030,NEW12,ETH,depthBoth,2000,0.9,0.8958834973523306,1887,0.5320388493898163,0.5723370429252782
20260908T120838Z_3cfee030,NEW12,ETH,depthBoth,5000,0.9,0.8958834973523306,1170,0.6407824870925004,0.6076923076923076
20260908T120838Z_3cfee030,NEW12,ETH,depthBoth,10000,0.9,0.8958834973523306,744,0.9094402072138003,0.6223118279569892
20260908T120838Z_3cfee030,NEW12,ETH,depthBoth,30000,0.9,0.8958834973523306,311,1.1479074797361606,0.6237942122186495
20260908T120838Z_3cfee030,NEW12,ETH,depthBoth,1000,0.95,0.9481910618753123,1511,0.5613169051192697,0.57180675049636
20260908T120838Z_3cfee030,NEW12,ETH,depthBoth,2000,0.95,0.9481910618753123,1203,0.628519868855411,0.6068162926018288
20260908T120838Z_3cfee030,NEW12,ETH,depthBoth,5000,0.95,0.9481910618753123,828,0.7971117996709828,0.6147342995169082
20260908T120838Z_3cfee030,NEW12,ETH,depthBoth,10000,0.95,0.9481910618753123,564,0.7857563765213967,0.6081560283687943
20260908T120838Z_3cfee030,NEW12,ETH,depthBoth,30000,0.95,0.9481910618753123,274,1.0037680531032305,0.5620437956204379
20260908T120838Z_3cfee030,NEW12,ETH,depthL1_extOFI,1000,0.8,0.8563290205183415,4207,0.4020933417907747,0.5229379605419539
20260908T120838Z_3cfee030,NEW12,ETH,depthL1_extOFI,2000,0.8,0.8563290205183415,2818,0.4418252121904113,0.5546486870120653
20260908T120838Z_3cfee030,NEW12,ETH,depthL1_extOFI,5000,0.8,0.8563290205183415,1516,0.5103671872887602,0.5758575197889182
20260908T120838Z_3cfee030,NEW12,ETH,depthL1_extOFI,10000,0.8,0.8563290205183415,885,0.5957271880439342,0.5785310734463277
20260908T120838Z_3cfee030,NEW12,ETH,depthL1_extOFI,30000,0.8,0.8563290205183415,333,1.1821013687971325,0.5915915915915916
20260908T120838Z_3cfee030,NEW12,ETH,depthL1_extOFI,1000,0.9,0.9412442364014865,2761,0.5144360528109957,0.562477363274176
20260908T120838Z_3cfee030,NEW12,ETH,depthL1_extOFI,2000,0.9,0.9412442364014865,2033,0.5827357276414825,0.6005902606984752
20260908T120838Z_3cfee030,NEW12,ETH,depthL1_extOFI,5000,0.9,0.9412442364014865,1228,0.6299311672306865,0.6058631921824105
20260908T120838Z_3cfee030,NEW12,ETH,depthL1_extOFI,10000,0.9,0.9412442364014865,752,0.7726819995884339,0.6037234042553191
20260908T120838Z_3cfee030,NEW12,ETH,depthL1_extOFI,30000,0.9,0.9412442364014865,313,0.2817649792843216,0.5463258785942492
20260908T120838Z_3cfee030,NEW12,ETH,depthL1_extOFI,1000,0.95,0.9801504722266688,1653,0.5746278127273851,0.5940713853599516
20260908T120838Z_3cfee030,NEW12,ETH,depthL1_extOFI,2000,0.95,0.9801504722266688,1325,0.5740340883551607,0.610566037735849
20260908T120838Z_3cfee030,NEW12,ETH,depthL1_extOFI,5000,0.95,0.9801504722266688,911,0.6392377301115303,0.605927552140505
20260908T120838Z_3cfee030,NEW12,ETH,depthL1_extOFI,10000,0.95,0.9801504722266688,617,0.653279362809991,0.5948136142625607
20260908T120838Z_3cfee030,NEW12,ETH,depthL1_extOFI,30000,0.95,0.9801504722266688,283,-0.2553172585993745,0.5017667844522968
20260908T120838Z_3cfee030,NEW12,ETH,gap_depthBoth,1000,0.8,0.48501164134728847,2707,0.3909630180872607,0.467676394532693
20260908T120838Z_3cfee030,NEW12,ETH,gap_depthBoth,2000,0.8,0.48501164134728847,1865,0.4750681799121821,0.532975871313673
20260908T120838Z_3cfee030,NEW12,ETH,gap_depthBoth,5000,0.8,0.48501164134728847,1095,0.5554179679130249,0.5808219178082191
20260908T120838Z_3cfee030,NEW12,ETH,gap_depthBoth,10000,0.8,0.48501164134728847,684,0.6258013823346806,0.5745614035087719
20260908T120838Z_3cfee030,NEW12,ETH,gap_depthBoth,30000,0.8,0.48501164134728847,297,0.1992747084366429,0.49158249158249157
20260908T120838Z_3cfee030,NEW12,ETH,gap_depthBoth,1000,0.9,0.6359042357151345,1662,0.47926869758053364,0.49398315282791816
20260908T120838Z_3cfee030,NEW12,ETH,gap_depthBoth,2000,0.9,0.6359042357151345,1234,0.574106886623252,0.5623987034035657
20260908T120838Z_3cfee030,NEW12,ETH,gap_depthBoth,5000,0.9,0.6359042357151345,800,0.661878853844311,0.605
20260908T120838Z_3cfee030,NEW12,ETH,gap_depthBoth,10000,0.9,0.6359042357151345,557,0.7787745371972375,0.6050269299820467
20260908T120838Z_3cfee030,NEW12,ETH,gap_depthBoth,30000,0.9,0.6359042357151345,254,0.8121449988545767,0.5551181102362205
20260908T120838Z_3cfee030,NEW12,ETH,gap_depthBoth,1000,0.95,0.7711478298889625,1040,0.612462014617641,0.5365384615384615
20260908T120838Z_3cfee030,NEW12,ETH,gap_depthBoth,2000,0.95,0.7711478298889625,823,0.7028838092520792,0.583232077764277
20260908T120838Z_3cfee030,NEW12,ETH,gap_depthBoth,5000,0.95,0.7711478298889625,583,0.8911659191553745,0.6363636363636364
20260908T120838Z_3cfee030,NEW12,ETH,gap_depthBoth,10000,0.95,0.7711478298889625,430,0.9457144160830047,0.6255813953488372
20260908T120838Z_3cfee030,NEW12,ETH,gap_depthBoth,30000,0.95,0.7711478298889625,221,0.6084608149249026,0.5384615384615384
20260908T120838Z_3cfee030,NEW12,ETH,gap_depthL1,1000,0.8,0.48501164134728847,2909,0.36561050977462656,0.4644207631488484
20260908T120838Z_3cfee030,NEW12,ETH,gap_depthL1,2000,0.8,0.48501164134728847,1976,0.4414017728431968,0.5247975708502024
20260908T120838Z_3cfee030,NEW12,ETH,gap_depthL1,5000,0.8,0.48501164134728847,1146,0.5222968031560384,0.5785340314136126
20260908T120838Z_3cfee030,NEW12,ETH,gap_depthL1,10000,0.8,0.48501164134728847,706,0.5042287834991366,0.5552407932011332
20260908T120838Z_3cfee030,NEW12,ETH,gap_depthL1,30000,0.8,0.48501164134728847,304,0.27420956305082855,0.5164473684210527
20260908T120838Z_3cfee030,NEW12,ETH,gap_depthL1,1000,0.9,0.6359042357151345,1796,0.45973511161801645,0.48997772828507796
20260908T120838Z_3cfee030,NEW12,ETH,gap_depthL1,2000,0.9,0.6359042357151345,1318,0.5499219200966111,0.5561456752655539
20260908T120838Z_3cfee030,NEW12,ETH,gap_depthL1,5000,0.9,0.6359042357151345,846,0.6418863885904521,0.607565011820331
20260908T120838Z_3cfee030,NEW12,ETH,gap_depthL1,10000,0.9,0.6359042357151345,576,0.5942011192156657,0.5868055555555556
20260908T120838Z_3cfee030,NEW12,ETH,gap_depthL1,30000,0.9,0.6359042357151345,263,1.0537393659184577,0.5741444866920152
20260908T120838Z_3cfee030,NEW12,ETH,gap_depthL1,1000,0.95,0.7711478298889625,1129,0.5841060836752192,0.5279007971656333
20260908T120838Z_3cfee030,NEW12,ETH,gap_depthL1,2000,0.95,0.7711478298889625,883,0.6302813758270075,0.5696489241223103
20260908T120838Z_3cfee030,NEW12,ETH,gap_depthL1,5000,0.95,0.7711478298889625,616,0.8131948204412915,0.6282467532467533
20260908T120838Z_3cfee030,NEW12,ETH,gap_depthL1,10000,0.95,0.7711478298889625,446,0.6082395569803424,0.5964125560538116
20260908T120838Z_3cfee030,NEW12,ETH,gap_depthL1,30000,0.95,0.7711478298889625,226,0.7146605975985475,0.5530973451327433
20260908T120838Z_3cfee030,NEW12,ETH,gap_depth_extOFI,1000,0.8,0.48501164134728847,2291,0.45523308315971933,0.48013967699694454
20260908T120838Z_3cfee030,NEW12,ETH,gap_depth_extOFI,2000,0.8,0.48501164134728847,1653,0.5317256743340547,0.5468844525105868
20260908T120838Z_3cfee030,NEW12,ETH,gap_depth_extOFI,5000,0.8,0.48501164134728847,1009,0.6104487492373671,0.5936570862239842
20260908T120838Z_3cfee030,NEW12,ETH,gap_depth_extOFI,10000,0.8,0.48501164134728847,658,0.6184336910144069,0.5775075987841946
20260908T120838Z_3cfee030,NEW12,ETH,gap_depth_extOFI,30000,0.8,0.48501164134728847,295,0.6378966775723988,0.5186440677966102
20260908T120838Z_3cfee030,NEW12,ETH,gap_depth_extOFI,1000,0.9,0.6359042357151345,1303,0.5650570010447203,0.5019186492709132
20260908T120838Z_3cfee030,NEW12,ETH,gap_depth_extOFI,2000,0.9,0.6359042357151345,991,0.7184032779111318,0.5852674066599395
20260908T120838Z_3cfee030,NEW12,ETH,gap_depth_extOFI,5000,0.9,0.6359042357151345,670,0.806961567054902,0.6223880597014926
20260908T120838Z_3cfee030,NEW12,ETH,gap_depth_extOFI,10000,0.9,0.6359042357151345,486,0.85053249160036,0.6049382716049383
20260908T120838Z_3cfee030,NEW12,ETH,gap_depth_extOFI,30000,0.9,0.6359042357151345,237,1.041800539479154,0.5822784810126582
20260908T120838Z_3cfee030,NEW12,ETH,gap_depth_extOFI,1000,0.95,0.7711478298889625,741,0.7952222467697334,0.5560053981106613
20260908T120838Z_3cfee030,NEW12,ETH,gap_depth_extOFI,2000,0.95,0.7711478298889625,600,0.8945369069113362,0.6033333333333334
20260908T120838Z_3cfee030,NEW12,ETH,gap_depth_extOFI,5000,0.95,0.7711478298889625,446,1.028270752811564,0.6412556053811659
20260908T120838Z_3cfee030,NEW12,ETH,gap_depth_extOFI,10000,0.95,0.7711478298889625,345,1.026387409392692,0.6318840579710145
20260908T120838Z_3cfee030,NEW12,ETH,gap_depth_extOFI,30000,0.95,0.7711478298889625,196,1.0900681122492333,0.6122448979591837
20260908T120838Z_3cfee030,NEW12,ETH,gap_extOFI,1000,0.8,0.48501164134728847,2661,0.40171185981385743,0.442314919203307
20260908T120838Z_3cfee030,NEW12,ETH,gap_extOFI,2000,0.8,0.48501164134728847,1861,0.4700173999922409,0.5142396560988716
20260908T120838Z_3cfee030,NEW12,ETH,gap_extOFI,5000,0.8,0.48501164134728847,1100,0.5131479718507863,0.5709090909090909
20260908T120838Z_3cfee030,NEW12,ETH,gap_extOFI,10000,0.8,0.48501164134728847,691,0.5572378237821766,0.5687409551374819
20260908T120838Z_3cfee030,NEW12,ETH,gap_extOFI,30000,0.8,0.48501164134728847,297,0.3870016228305437,0.5117845117845118
20260908T120838Z_3cfee030,NEW12,ETH,gap_extOFI,1000,0.9,0.6359042357151345,1448,0.55862906847996,0.48964088397790057
20260908T120838Z_3cfee030,NEW12,ETH,gap_extOFI,2000,0.9,0.6359042357151345,1088,0.7136008588156665,0.5698529411764706
20260908T120838Z_3cfee030,NEW12,ETH,gap_extOFI,5000,0.9,0.6359042357151345,721,0.853247540966441,0.6144244105409153
20260908T120838Z_3cfee030,NEW12,ETH,gap_extOFI,10000,0.9,0.6359042357151345,514,0.8026133221926354,0.5953307392996109
20260908T120838Z_3cfee030,NEW12,ETH,gap_extOFI,30000,0.9,0.6359042357151345,245,0.943418598322098,0.5836734693877551
20260908T120838Z_3cfee030,NEW12,ETH,gap_extOFI,1000,0.95,0.7711478298889625,798,0.8086479310999154,0.5551378446115288
20260908T120838Z_3cfee030,NEW12,ETH,gap_extOFI,2000,0.95,0.7711478298889625,641,0.9305565527927534,0.6021840873634945
20260908T120838Z_3cfee030,NEW12,ETH,gap_extOFI,5000,0.95,0.7711478298889625,469,1.0903042529414404,0.650319829424307
20260908T120838Z_3cfee030,NEW12,ETH,gap_extOFI,10000,0.95,0.7711478298889625,364,1.0727860047244804,0.6291208791208791
20260908T120838Z_3cfee030,NEW12,ETH,gap_extOFI,30000,0.95,0.7711478298889625,204,1.2111361886554652,0.6127450980392157
20260908T120838Z_3cfee030,NEW12,ETH,gap_leader1000,1000,0.8,0.48501164134728847,2961,0.25874172934245115,0.4515366430260047
20260908T120838Z_3cfee030,NEW12,ETH,gap_leader1000,2000,0.8,0.48501164134728847,2180,0.2385416465125503,0.48211009174311925
20260908T120838Z_3cfee030,NEW12,ETH,gap_leader1000,5000,0.8,0.48501164134728847,1266,0.27860399961773163,0.5229067930489731
20260908T120838Z_3cfee030,NEW12,ETH,gap_leader1000,10000,0.8,0.48501164134728847,771,0.18955334685672526,0.5201037613488976
20260908T120838Z_3cfee030,NEW12,ETH,gap_leader1000,30000,0.8,0.48501164134728847,315,0.24023429206825814,0.5015873015873016
20260908T120838Z_3cfee030,NEW12,ETH,gap_leader1000,1000,0.9,0.6359042357151345,1942,0.3725940024054792,0.49124613800205974
20260908T120838Z_3cfee030,NEW12,ETH,gap_leader1000,2000,0.9,0.6359042357151345,1534,0.41533981258449126,0.529335071707953
20260908T120838Z_3cfee030,NEW12,ETH,gap_leader1000,5000,0.9,0.6359042357151345,990,0.43313955278787536,0.5595959595959596
20260908T120838Z_3cfee030,NEW12,ETH,gap_leader1000,10000,0.9,0.6359042357151345,652,0.3445308918380084,0.553680981595092
20260908T120838Z_3cfee030,NEW12,ETH,gap_leader1000,30000,0.9,0.6359042357151345,282,0.6387425812594735,0.5709219858156028
20260908T120838Z_3cfee030,NEW12,ETH,gap_leader1000,1000,0.95,0.7711478298889625,1248,0.5090911001034607,0.5280448717948718
20260908T120838Z_3cfee030,NEW12,ETH,gap_leader1000,2000,0.95,0.7711478298889625,1026,0.5305986901104407,0.5565302144249513
20260908T120838Z_3cfee030,NEW12,ETH,gap_leader1000,5000,0.95,0.7711478298889625,721,0.5600521616122044,0.59500693481276
20260908T120838Z_3cfee030,NEW12,ETH,gap_leader1000,10000,0.95,0.7711478298889625,507,0.5521549996267097,0.5818540433925049
20260908T120838Z_3cfee030,NEW12,ETH,gap_leader1000,30000,0.95,0.7711478298889625,245,0.3389990311731387,0.5183673469387755
20260908T120838Z_3cfee030,NEW12,ETH,gap_localOFI,1000,0.8,0.48501164134728847,2561,0.37910553422901777,0.4517766497461929
20260908T120838Z_3cfee030,NEW12,ETH,gap_localOFI,2000,0.8,0.48501164134728847,1857,0.4202778397809154,0.5024232633279483
20260908T120838Z_3cfee030,NEW12,ETH,gap_localOFI,5000,0.8,0.48501164134728847,1102,0.5038127696996645,0.5544464609800362
20260908T120838Z_3cfee030,NEW12,ETH,gap_localOFI,10000,0.8,0.48501164134728847,704,0.5593628049674811,0.5653409090909091
20260908T120838Z_3cfee030,NEW12,ETH,gap_localOFI,30000,0.8,0.48501164134728847,299,-0.03957275279047792,0.4983277591973244
20260908T120838Z_3cfee030,NEW12,ETH,gap_localOFI,1000,0.9,0.6359042357151345,1429,0.5196440165706321,0.4982505248425472
20260908T120838Z_3cfee030,NEW12,ETH,gap_localOFI,2000,0.9,0.6359042357151345,1112,0.5832320251112938,0.5512589928057554
20260908T120838Z_3cfee030,NEW12,ETH,gap_localOFI,5000,0.9,0.6359042357151345,740,0.6122440261646266,0.5783783783783784
20260908T120838Z_3cfee030,NEW12,ETH,gap_localOFI,10000,0.9,0.6359042357151345,527,0.7977185674784127,0.5958254269449715
20260908T120838Z_3cfee030,NEW12,ETH,gap_localOFI,30000,0.9,0.6359042357151345,247,0.36303905805724634,0.5020242914979757
20260908T120838Z_3cfee030,NEW12,ETH,gap_localOFI,1000,0.95,0.7711478298889625,818,0.7360048959306611,0.558679706601467
20260908T120838Z_3cfee030,NEW12,ETH,gap_localOFI,2000,0.95,0.7711478298889625,688,0.7656132304325916,0.5930232558139535
20260908T120838Z_3cfee030,NEW12,ETH,gap_localOFI,5000,0.95,0.7711478298889625,509,0.8536484652652288,0.6286836935166994
20260908T120838Z_3cfee030,NEW12,ETH,gap_localOFI,10000,0.95,0.7711478298889625,383,0.8286115436922245,0.608355091383812
20260908T120838Z_3cfee030,NEW12,ETH,gap_localOFI,30000,0.95,0.7711478298889625,207,0.1553084996503748,0.5362318840579711
20260908T120838Z_3cfee030,NEW12,ETH,gap_localTrade,1000,0.8,0.48501164134728847,1330,0.5486799426431345,0.5375939849624061
20260908T120838Z_3cfee030,NEW12,ETH,gap_localTrade,2000,0.8,0.48501164134728847,1083,0.5567316418838645,0.5493998153277931
20260908T120838Z_3cfee030,NEW12,ETH,gap_localTrade,5000,0.8,0.48501164134728847,756,0.6555772577157207,0.5965608465608465
20260908T120838Z_3cfee030,NEW12,ETH,gap_localTrade,10000,0.8,0.48501164134728847,531,0.7252250801863799,0.5988700564971752
20260908T120838Z_3cfee030,NEW12,ETH,gap_localTrade,30000,0.8,0.48501164134728847,250,0.6790521562528617,0.56
20260908T120838Z_3cfee030,NEW12,ETH,gap_localTrade,1000,0.9,0.6359042357151345,771,0.6752091672333405,0.569390402075227
20260908T120838Z_3cfee030,NEW12,ETH,gap_localTrade,2000,0.9,0.6359042357151345,647,0.7314426091396783,0.5857805255023184
20260908T120838Z_3cfee030,NEW12,ETH,gap_localTrade,5000,0.9,0.6359042357151345,480,0.6641513112576509,0.6020833333333333
20260908T120838Z_3cfee030,NEW12,ETH,gap_localTrade,10000,0.9,0.6359042357151345,366,0.6917880522770907,0.587431693989071
20260908T120838Z_3cfee030,NEW12,ETH,gap_localTrade,30000,0.9,0.6359042357151345,193,0.8818067558706947,0.5647668393782384
20260908T120838Z_3cfee030,NEW12,ETH,gap_localTrade,1000,0.95,0.7711478298889625,481,0.952056324231108,0.6278586278586279
20260908T120838Z_3cfee030,NEW12,ETH,gap_localTrade,2000,0.95,0.7711478298889625,414,1.0033024128937367,0.6545893719806763
20260908T120838Z_3cfee030,NEW12,ETH,gap_localTrade,5000,0.95,0.7711478298889625,332,0.926566061801274,0.6596385542168675
20260908T120838Z_3cfee030,NEW12,ETH,gap_localTrade,10000,0.95,0.7711478298889625,272,0.800585473025261,0.5845588235294118
20260908T120838Z_3cfee030,NEW12,ETH,gap_localTrade,30000,0.95,0.7711478298889625,163,0.6100307909720237,0.5521472392638037
20260908T120838Z_3cfee030,NEW12,ETH,leader1000_extOFI,1000,0.8,0.45568758245989427,3220,0.33292896160937235,0.4683229813664596
20260908T120838Z_3cfee030,NEW12,ETH,leader1000_extOFI,2000,0.8,0.45568758245989427,2252,0.346511865180271,0.5013321492007105
20260908T120838Z_3cfee030,NEW12,ETH,leader1000_extOFI,5000,0.8,0.45568758245989427,1290,0.33717841894991224,0.5341085271317829
20260908T120838Z_3cfee030,NEW12,ETH,leader1000_extOFI,10000,0.8,0.45568758245989427,784,0.3839369915711764,0.5535714285714286
20260908T120838Z_3cfee030,NEW12,ETH,leader1000_extOFI,30000,0.8,0.45568758245989427,313,0.40332427189811076,0.5239616613418531
20260908T120838Z_3cfee030,NEW12,ETH,leader1000_extOFI,1000,0.9,0.6536135266761192,1921,0.44658968446504393,0.5268089536699636
20260908T120838Z_3cfee030,NEW12,ETH,leader1000_extOFI,2000,0.9,0.6536135266761192,1479,0.5472922740520137,0.5598377281947262
20260908T120838Z_3cfee030,NEW12,ETH,leader1000_extOFI,5000,0.9,0.6536135266761192,963,0.45284314105923285,0.5597092419522326
20260908T120838Z_3cfee030,NEW12,ETH,leader1000_extOFI,10000,0.9,0.6536135266761192,646,0.5608871850143953,0.5572755417956656
20260908T120838Z_3cfee030,NEW12,ETH,leader1000_extOFI,30000,0.9,0.6536135266761192,283,0.8439442701722409,0.5406360424028268
20260908T120838Z_3cfee030,NEW12,ETH,leader1000_extOFI,1000,0.95,0.8338364225320382,1099,0.5540023452000482,0.5450409463148317
20260908T120838Z_3cfee030,NEW12,ETH,leader1000_extOFI,2000,0.95,0.8338364225320382,899,0.6360635846488182,0.575083426028921
20260908T120838Z_3cfee030,NEW12,ETH,leader1000_extOFI,5000,0.95,0.8338364225320382,661,0.5153284571182419,0.56732223903177
20260908T120838Z_3cfee030,NEW12,ETH,leader1000_extOFI,10000,0.95,0.8338364225320382,483,0.6581474829100268,0.5859213250517599
20260908T120838Z_3cfee030,NEW12,ETH,leader1000_extOFI,30000,0.95,0.8338364225320382,238,0.3708002476058505,0.5294117647058824
20260909T171030Z_1952d031,NEW12,BTC,depthBoth,1000,0.8,0.9180665806566821,3185,0.2735482093719969,0.3544740973312402
20260909T171030Z_1952d031,NEW12,BTC,depthBoth,2000,0.8,0.9180665806566821,2063,0.39119393780288547,0.4726126999515269
20260909T171030Z_1952d031,NEW12,BTC,depthBoth,5000,0.8,0.9180665806566821,1195,0.5474224952356337,0.5832635983263599
20260909T171030Z_1952d031,NEW12,BTC,depthBoth,10000,0.8,0.9180665806566821,735,0.5788396495773804,0.6095238095238096
20260909T171030Z_1952d031,NEW12,BTC,depthBoth,30000,0.8,0.9180665806566821,308,0.6926979773347728,0.6168831168831169
20260909T171030Z_1952d031,NEW12,BTC,depthBoth,1000,0.9,0.9670944798017646,1915,0.3412266086161724,0.42193211488250654
20260909T171030Z_1952d031,NEW12,BTC,depthBoth,2000,0.9,0.9670944798017646,1361,0.4788519613747921,0.5378398236590742
20260909T171030Z_1952d031,NEW12,BTC,depthBoth,5000,0.9,0.9670944798017646,890,0.6506472212494929,0.6595505617977528
20260909T171030Z_1952d031,NEW12,BTC,depthBoth,10000,0.9,0.9670944798017646,607,0.7241071480167114,0.6622734761120264
20260909T171030Z_1952d031,NEW12,BTC,depthBoth,30000,0.9,0.9670944798017646,282,0.9819123282926693,0.6702127659574468
20260909T171030Z_1952d031,NEW12,BTC,depthBoth,1000,0.95,0.989243216446697,1098,0.3968923894290473,0.47358834244080145
20260909T171030Z_1952d031,NEW12,BTC,depthBoth,2000,0.95,0.989243216446697,842,0.5383899678709655,0.5926365795724465
20260909T171030Z_1952d031,NEW12,BTC,depthBoth,5000,0.95,0.989243216446697,614,0.7199710699841817,0.6824104234527687
20260909T171030Z_1952d031,NEW12,BTC,depthBoth,10000,0.95,0.989243216446697,464,0.7932038148100896,0.7025862068965517
20260909T171030Z_1952d031,NEW12,BTC,depthBoth,30000,0.95,0.989243216446697,242,0.8479644354027881,0.6446280991735537
20260909T171030Z_1952d031,NEW12,BTC,depthL1_extOFI,1000,0.8,0.9197724610976261,3045,0.28886883817332,0.3704433497536946
20260909T171030Z_1952d031,NEW12,BTC,depthL1_extOFI,2000,0.8,0.9197724610976261,2043,0.40625507739489747,0.4845814977973568
20260909T171030Z_1952d031,NEW12,BTC,depthL1_extOFI,5000,0.8,0.9197724610976261,1194,0.5531951179128372,0.5896147403685092
20260909T171030Z_1952d031,NEW12,BTC,depthL1_extOFI,10000,0.8,0.9197724610976261,743,0.590592094591635,0.6231493943472409
20260909T171030Z_1952d031,NEW12,BTC,depthL1_extOFI,30000,0.8,0.9197724610976261,310,0.6913935662359852,0.6161290322580645
20260909T171030Z_1952d031,NEW12,BTC,depthL1_extOFI,1000,0.9,0.9718306318310089,1828,0.34672749301765904,0.43435448577680524
20260909T171030Z_1952d031,NEW12,BTC,depthL1_extOFI,2000,0.9,0.9718306318310089,1317,0.472188717774054,0.5497342444950646
20260909T171030Z_1952d031,NEW12,BTC,depthL1_extOFI,5000,0.9,0.9718306318310089,884,0.6779999727845148,0.6595022624434389
20260909T171030Z_1952d031,NEW12,BTC,depthL1_extOFI,10000,0.9,0.9718306318310089,604,0.8220081239063479,0.6920529801324503
20260909T171030Z_1952d031,NEW12,BTC,depthL1_extOFI,30000,0.9,0.9718306318310089,282,0.8268280934538839,0.6382978723404256
20260909T171030Z_1952d031,NEW12,BTC,depthL1_extOFI,1000,0.95,0.9913150570999009,1054,0.4095367133491009,0.5
20260909T171030Z_1952d031,NEW12,BTC,depthL1_extOFI,2000,0.95,0.9913150570999009,822,0.5635738274889717,0.6155717761557178
20260909T171030Z_1952d031,NEW12,BTC,depthL1_extOFI,5000,0.95,0.9913150570999009,618,0.7556025643969836,0.6974110032362459
20260909T171030Z_1952d031,NEW12,BTC,depthL1_extOFI,10000,0.95,0.9913150570999009,464,0.871961736686964,0.7112068965517241
20260909T171030Z_1952d031,NEW12,BTC,depthL1_extOFI,30000,0.95,0.9913150570999009,244,0.8600281605451664,0.6270491803278688
20260909T171030Z_1952d031,NEW12,BTC,gap_depthBoth,1000,0.8,0.4195810769886954,2104,0.2226014944830309,0.2509505703422053
20260909T171030Z_1952d031,NEW12,BTC,gap_depthBoth,2000,0.8,0.4195810769886954,1302,0.3449796100100376,0.3817204301075269
20260909T171030Z_1952d031,NEW12,BTC,gap_depthBoth,5000,0.8,0.4195810769886954,743,0.549765707062373,0.5477792732166891
20260909T171030Z_1952d031,NEW12,BTC,gap_depthBoth,10000,0.8,0.4195810769886954,504,0.601395201171672,0.5912698412698413
20260909T171030Z_1952d031,NEW12,BTC,gap_depthBoth,30000,0.8,0.4195810769886954,249,0.870066373446337,0.606425702811245
20260909T171030Z_1952d031,NEW12,BTC,gap_depthBoth,1000,0.9,0.5536377785602121,1182,0.28826109756386004,0.28510998307952623
20260909T171030Z_1952d031,NEW12,BTC,gap_depthBoth,2000,0.9,0.5536377785602121,753,0.4531576087386328,0.42895086321381143
20260909T171030Z_1952d031,NEW12,BTC,gap_depthBoth,5000,0.9,0.5536377785602121,466,0.6894708270879897,0.5858369098712446
20260909T171030Z_1952d031,NEW12,BTC,gap_depthBoth,10000,0.9,0.5536377785602121,337,0.7011995012442692,0.6201780415430267
20260909T171030Z_1952d031,NEW12,BTC,gap_depthBoth,30000,0.9,0.5536377785602121,198,0.542161262879445,0.5656565656565656
20260909T171030Z_1952d031,NEW12,BTC,gap_depthBoth,1000,0.95,0.6783699409997901,641,0.38354871324689743,0.3369734789391576
20260909T171030Z_1952d031,NEW12,BTC,gap_depthBoth,2000,0.95,0.6783699409997901,432,0.5650495666778477,0.47453703703703703
20260909T171030Z_1952d031,NEW12,BTC,gap_depthBoth,5000,0.95,0.6783699409997901,293,0.8361796768551628,0.6245733788395904
20260909T171030Z_1952d031,NEW12,BTC,gap_depthBoth,10000,0.95,0.6783699409997901,228,0.7697636412043315,0.6271929824561403
20260909T171030Z_1952d031,NEW12,BTC,gap_depthBoth,30000,0.95,0.6783699409997901,153,0.8071088971634472,0.5882352941176471
20260909T171030Z_1952d031,NEW12,BTC,gap_depthL1,1000,0.8,0.4195810769886954,2159,0.21906881447727633,0.2491894395553497
20260909T171030Z_1952d031,NEW12,BTC,gap_depthL1,2000,0.8,0.4195810769886954,1327,0.3444181668105467,0.38206480783722685
20260909T171030Z_1952d031,NEW12,BTC,gap_depthL1,5000,0.8,0.4195810769886954,755,0.5478790831305972,0.5443708609271524
20260909T171030Z_1952d031,NEW12,BTC,gap_depthL1,10000,0.8,0.4195810769886954,511,0.6000039738553004,0.5909980430528375
20260909T171030Z_1952d031,NEW12,BTC,gap_depthL1,30000,0.8,0.4195810769886954,251,0.9200976390033678,0.6095617529880478
20260909T171030Z_1952d031,NEW12,BTC,gap_depthL1,1000,0.9,0.5536377785602121,1203,0.2855565716265308,0.28595178719867
20260909T171030Z_1952d031,NEW12,BTC,gap_depthL1,2000,0.9,0.5536377785602121,768,0.4480829210048362,0.4270833333333333
20260909T171030Z_1952d031,NEW12,BTC,gap_depthL1,5000,0.9,0.5536377785602121,476,0.6857099423792103,0.5819327731092437
20260909T171030Z_1952d031,NEW12,BTC,gap_depthL1,10000,0.9,0.5536377785602121,345,0.6977080766328141,0.6202898550724638
20260909T171030Z_1952d031,NEW12,BTC,gap_depthL1,30000,0.9,0.5536377785602121,200,0.5485643845233756,0.57
20260909T171030Z_1952d031,NEW12,BTC,gap_depthL1,1000,0.95,0.6783699409997901,657,0.37699462389921073,0.3363774733637747
20260909T171030Z_1952d031,NEW12,BTC,gap_depthL1,2000,0.95,0.6783699409997901,445,0.5565848799626226,0.47191011235955055
20260909T171030Z_1952d031,NEW12,BTC,gap_depthL1,5000,0.95,0.6783699409997901,303,0.8091992094935085,0.6105610561056105
20260909T171030Z_1952d031,NEW12,BTC,gap_depthL1,10000,0.95,0.6783699409997901,236,0.766177522075454,0.6271186440677966
20260909T171030Z_1952d031,NEW12,BTC,gap_depthL1,30000,0.95,0.6783699409997901,155,0.7727638490986201,0.5870967741935483
20260909T171030Z_1952d031,NEW12,BTC,gap_depth_extOFI,1000,0.8,0.4195810769886954,1889,0.2528260155905524,0.2699841185812599
20260909T171030Z_1952d031,NEW12,BTC,gap_depth_extOFI,2000,0.8,0.4195810769886954,1221,0.37998673846726033,0.39475839475839475
20260909T171030Z_1952d031,NEW12,BTC,gap_depth_extOFI,5000,0.8,0.4195810769886954,713,0.5899698140083861,0.5638148667601683
20260909T171030Z_1952d031,NEW12,BTC,gap_depth_extOFI,10000,0.8,0.4195810769886954,488,0.6146016088357147,0.5922131147540983
20260909T171030Z_1952d031,NEW12,BTC,gap_depth_extOFI,30000,0.8,0.4195810769886954,244,0.8768622626764154,0.6024590163934426
20260909T171030Z_1952d031,NEW12,BTC,gap_depth_extOFI,1000,0.9,0.5536377785602121,1039,0.32844746461912927,0.3041385948026949
20260909T171030Z_1952d031,NEW12,BTC,gap_depth_extOFI,2000,0.9,0.5536377785602121,689,0.4857142923408046,0.43686502177068215
20260909T171030Z_1952d031,NEW12,BTC,gap_depth_extOFI,5000,0.9,0.5536377785602121,434,0.7415969614572189,0.5967741935483871
20260909T171030Z_1952d031,NEW12,BTC,gap_depth_extOFI,10000,0.9,0.5536377785602121,322,0.7243774863437024,0.6304347826086957
20260909T171030Z_1952d031,NEW12,BTC,gap_depth_extOFI,30000,0.9,0.5536377785602121,191,0.6225364758900588,0.5759162303664922
20260909T171030Z_1952d031,NEW12,BTC,gap_depth_extOFI,1000,0.95,0.6783699409997901,569,0.4315256555356495,0.3585237258347979
20260909T171030Z_1952d031,NEW12,BTC,gap_depth_extOFI,2000,0.95,0.6783699409997901,396,0.6346249178930382,0.5050505050505051
20260909T171030Z_1952d031,NEW12,BTC,gap_depth_extOFI,5000,0.95,0.6783699409997901,267,0.9149453819381714,0.6441947565543071
20260909T171030Z_1952d031,NEW12,BTC,gap_depth_extOFI,10000,0.95,0.6783699409997901,210,0.9102352256669376,0.6571428571428571
20260909T171030Z_1952d031,NEW12,BTC,gap_depth_extOFI,30000,0.95,0.6783699409997901,143,1.090350022543049,0.6293706293706294
20260909T171030Z_1952d031,NEW12,BTC,gap_extOFI,1000,0.8,0.4195810769886954,2219,0.2146792629727489,0.24155024785939613
20260909T171030Z_1952d031,NEW12,BTC,gap_extOFI,2000,0.8,0.4195810769886954,1396,0.3173181555090783,0.3560171919770774
20260909T171030Z_1952d031,NEW12,BTC,gap_extOFI,5000,0.8,0.4195810769886954,792,0.5126833941940749,0.5353535353535354
20260909T171030Z_1952d031,NEW12,BTC,gap_extOFI,10000,0.8,0.4195810769886954,527,0.5557902076353057,0.5768500948766604
20260909T171030Z_1952d031,NEW12,BTC,gap_extOFI,30000,0.8,0.4195810769886954,254,0.7222168800324978,0.5787401574803149
20260909T171030Z_1952d031,NEW12,BTC,gap_extOFI,1000,0.9,0.5536377785602121,1181,0.2989917112587661,0.2819644369178662
20260909T171030Z_1952d031,NEW12,BTC,gap_extOFI,2000,0.9,0.5536377785602121,771,0.4329720740733766,0.41115434500648507
20260909T171030Z_1952d031,NEW12,BTC,gap_extOFI,5000,0.9,0.5536377785602121,475,0.6739001438801411,0.5747368421052632
20260909T171030Z_1952d031,NEW12,BTC,gap_extOFI,10000,0.9,0.5536377785602121,346,0.6686761557585105,0.6127167630057804
20260909T171030Z_1952d031,NEW12,BTC,gap_extOFI,30000,0.9,0.5536377785602121,202,0.6348648353841431,0.5792079207920792
20260909T171030Z_1952d031,NEW12,BTC,gap_extOFI,1000,0.95,0.6783699409997901,647,0.40303025782781454,0.3323029366306028
20260909T171030Z_1952d031,NEW12,BTC,gap_extOFI,2000,0.95,0.6783699409997901,442,0.5829462413973835,0.47737556561085975
20260909T171030Z_1952d031,NEW12,BTC,gap_extOFI,5000,0.95,0.6783699409997901,293,0.8748671897853871,0.6313993174061433
20260909T171030Z_1952d031,NEW12,BTC,gap_extOFI,10000,0.95,0.6783699409997901,225,0.8483437741720915,0.64
20260909T171030Z_1952d031,NEW12,BTC,gap_extOFI,30000,0.95,0.6783699409997901,151,1.0611778702080776,0.6225165562913907
20260909T171030Z_1952d031,NEW12,BTC,gap_leader1000,1000,0.8,0.4195810769886954,1203,0.2901645874436795,0.32418952618453867
20260909T171030Z_1952d031,NEW12,BTC,gap_leader1000,2000,0.8,0.4195810769886954,1001,0.3365222555387168,0.4075924075924076
20260909T171030Z_1952d031,NEW12,BTC,gap_leader1000,5000,0.8,0.4195810769886954,744,0.4195013611976553,0.5228494623655914
20260909T171030Z_1952d031,NEW12,BTC,gap_leader1000,10000,0.8,0.4195810769886954,532,0.440815318095441,0.5545112781954887
20260909T171030Z_1952d031,NEW12,BTC,gap_leader1000,30000,0.8,0.4195810769886954,262,0.73507375073817,0.583969465648855
20260909T171030Z_1952d031,NEW12,BTC,gap_leader1000,1000,0.9,0.5536377785602121,749,0.37046403450333376,0.3604806408544726
20260909T171030Z_1952d031,NEW12,BTC,gap_leader1000,2000,0.9,0.5536377785602121,648,0.41396598149237235,0.4305555555555556
20260909T171030Z_1952d031,NEW12,BTC,gap_leader1000,5000,0.9,0.5536377785602121,505,0.5256335280719862,0.5485148514851486
20260909T171030Z_1952d031,NEW12,BTC,gap_leader1000,10000,0.9,0.5536377785602121,393,0.5308681503769246,0.5826972010178118
20260909T171030Z_1952d031,NEW12,BTC,gap_leader1000,30000,0.9,0.5536377785602121,221,0.5110575296472577,0.5565610859728507
20260909T171030Z_1952d031,NEW12,BTC,gap_leader1000,1000,0.95,0.6783699409997901,450,0.5273893411346788,0.4444444444444444
20260909T171030Z_1952d031,NEW12,BTC,gap_leader1000,2000,0.95,0.6783699409997901,407,0.5824595133277713,0.4987714987714988
20260909T171030Z_1952d031,NEW12,BTC,gap_leader1000,5000,0.95,0.6783699409997901,338,0.7614831671534569,0.6124260355029586
20260909T171030Z_1952d031,NEW12,BTC,gap_leader1000,10000,0.95,0.6783699409997901,273,0.6996453351032189,0.6263736263736264
20260909T171030Z_1952d031,NEW12,BTC,gap_leader1000,30000,0.95,0.6783699409997901,175,0.5362964372196507,0.5714285714285714
20260909T171030Z_1952d031,NEW12,BTC,gap_localOFI,1000,0.8,0.4195810769886954,1872,0.18161646839005532,0.23397435897435898
20260909T171030Z_1952d031,NEW12,BTC,gap_localOFI,2000,0.8,0.4195810769886954,1235,0.2519034940362154,0.3425101214574899
20260909T171030Z_1952d031,NEW12,BTC,gap_localOFI,5000,0.8,0.4195810769886954,727,0.38003474675088894,0.49931224209078406
20260909T171030Z_1952d031,NEW12,BTC,gap_localOFI,10000,0.8,0.4195810769886954,496,0.4438117655977277,0.5524193548387096
20260909T171030Z_1952d031,NEW12,BTC,gap_localOFI,30000,0.8,0.4195810769886954,242,0.7057275757621357,0.5826446280991735
20260909T171030Z_1952d031,NEW12,BTC,gap_localOFI,1000,0.9,0.5536377785602121,978,0.24867798774659453,0.2689161554192229
20260909T171030Z_1952d031,NEW12,BTC,gap_localOFI,2000,0.9,0.5536377785602121,675,0.350875750446643,0.37777777777777777
20260909T171030Z_1952d031,NEW12,BTC,gap_localOFI,5000,0.9,0.5536377785602121,431,0.5461608242022802,0.5266821345707656
20260909T171030Z_1952d031,NEW12,BTC,gap_localOFI,10000,0.9,0.5536377785602121,314,0.4454986894902975,0.5573248407643312
20260909T171030Z_1952d031,NEW12,BTC,gap_localOFI,30000,0.9,0.5536377785602121,190,0.40272697397209833,0.5473684210526316
20260909T171030Z_1952d031,NEW12,BTC,gap_localOFI,1000,0.95,0.6783699409997901,502,0.3092118880807281,0.29282868525896416
20260909T171030Z_1952d031,NEW12,BTC,gap_localOFI,2000,0.95,0.6783699409997901,358,0.42848678533239265,0.4134078212290503
20260909T171030Z_1952d031,NEW12,BTC,gap_localOFI,5000,0.95,0.6783699409997901,239,0.6509712687022936,0.5439330543933054
20260909T171030Z_1952d031,NEW12,BTC,gap_localOFI,10000,0.95,0.6783699409997901,182,0.5292726614051187,0.554945054945055
20260909T171030Z_1952d031,NEW12,BTC,gap_localOFI,30000,0.95,0.6783699409997901,130,0.927940524335954,0.5923076923076923
20260909T171030Z_1952d031,NEW12,BTC,gap_localTrade,1000,0.8,0.4195810769886954,906,0.4105607938026365,0.39624724061810157
20260909T171030Z_1952d031,NEW12,BTC,gap_localTrade,2000,0.8,0.4195810769886954,744,0.49951423255676614,0.4798387096774194
20260909T171030Z_1952d031,NEW12,BTC,gap_localTrade,5000,0.8,0.4195810769886954,541,0.648884132563216,0.6118299445471349
20260909T171030Z_1952d031,NEW12,BTC,gap_localTrade,10000,0.8,0.4195810769886954,389,0.6756210903793364,0.6426735218508998
20260909T171030Z_1952d031,NEW12,BTC,gap_localTrade,30000,0.8,0.4195810769886954,213,0.8914224400178493,0.6103286384976526
20260909T171030Z_1952d031,NEW12,BTC,gap_localTrade,1000,0.9,0.5536377785602121,521,0.5308022085946708,0.4510556621880998
20260909T171030Z_1952d031,NEW12,BTC,gap_localTrade,2000,0.9,0.5536377785602121,429,0.6517402778592069,0.5314685314685315
20260909T171030Z_1952d031,NEW12,BTC,gap_localTrade,5000,0.9,0.5536377785602121,333,0.7981993258117511,0.6336336336336337
20260909T171030Z_1952d031,NEW12,BTC,gap_localTrade,10000,0.9,0.5536377785602121,261,0.8542169687828215,0.6743295019157088
20260909T171030Z_1952d031,NEW12,BTC,gap_localTrade,30000,0.9,0.5536377785602121,162,0.6925362164646434,0.5925925925925926
20260909T171030Z_1952d031,NEW12,BTC,gap_localTrade,1000,0.95,0.6783699409997901,320,0.6789079450192185,0.515625
20260909T171030Z_1952d031,NEW12,BTC,gap_localTrade,2000,0.95,0.6783699409997901,273,0.8089101101890852,0.5934065934065934
20260909T171030Z_1952d031,NEW12,BTC,gap_localTrade,5000,0.95,0.6783699409997901,215,1.0107044641444625,0.6837209302325581
20260909T171030Z_1952d031,NEW12,BTC,gap_localTrade,10000,0.95,0.6783699409997901,180,0.9692086483339781,0.6944444444444444
20260909T171030Z_1952d031,NEW12,BTC,gap_localTrade,30000,0.95,0.6783699409997901,126,0.9952746471804849,0.6507936507936508
20260909T171030Z_1952d031,NEW12,BTC,leader1000_extOFI,1000,0.8,0.17241357459745726,2510,0.22416471725384168,0.2932270916334661
20260909T171030Z_1952d031,NEW12,BTC,leader1000_extOFI,2000,0.8,0.17241357459745726,1856,0.2532793501892098,0.37122844827586204
20260909T171030Z_1952d031,NEW12,BTC,leader1000_extOFI,5000,0.8,0.17241357459745726,1153,0.3482167842383523,0.4865568083261058
20260909T171030Z_1952d031,NEW12,BTC,leader1000_extOFI,10000,0.8,0.17241357459745726,720,0.3622845931209857,0.5125
20260909T171030Z_1952d031,NEW12,BTC,leader1000_extOFI,30000,0.8,0.17241357459745726,306,0.3073309260256244,0.5392156862745098
20260909T171030Z_1952d031,NEW12,BTC,leader1000_extOFI,1000,0.9,0.3756117030924154,1464,0.2795117421546828,0.3176229508196721
20260909T171030Z_1952d031,NEW12,BTC,leader1000_extOFI,2000,0.9,0.3756117030924154,1177,0.3166806923968308,0.39167374681393374
20260909T171030Z_1952d031,NEW12,BTC,leader1000_extOFI,5000,0.9,0.3756117030924154,831,0.4374354259870986,0.5306859205776173
20260909T171030Z_1952d031,NEW12,BTC,leader1000_extOFI,10000,0.9,0.3756117030924154,583,0.40429525138404004,0.5317324185248714
20260909T171030Z_1952d031,NEW12,BTC,leader1000_extOFI,30000,0.9,0.3756117030924154,271,0.5346099924849089,0.5719557195571956
20260909T171030Z_1952d031,NEW12,BTC,leader1000_extOFI,1000,0.95,0.5528448807369629,855,0.36396789852885897,0.35906432748538014
20260909T171030Z_1952d031,NEW12,BTC,leader1000_extOFI,2000,0.95,0.5528448807369629,727,0.4080556773344051,0.4305364511691884
20260909T171030Z_1952d031,NEW12,BTC,leader1000_extOFI,5000,0.95,0.5528448807369629,578,0.5287935588866138,0.5553633217993079
20260909T171030Z_1952d031,NEW12,BTC,leader1000_extOFI,10000,0.95,0.5528448807369629,445,0.5006350738499925,0.5438202247191011
20260909T171030Z_1952d031,NEW12,BTC,leader1000_extOFI,30000,0.95,0.5528448807369629,240,0.6276372438657474,0.575
20260909T171030Z_1952d031,NEW12,ETH,depthBoth,1000,0.8,0.7625372065919196,3136,0.3095261544671288,0.38807397959183676
20260909T171030Z_1952d031,NEW12,ETH,depthBoth,2000,0.8,0.7625372065919196,2140,0.40890113577649845,0.49626168224299066
20260909T171030Z_1952d031,NEW12,ETH,depthBoth,5000,0.8,0.7625372065919196,1246,0.5184098580124924,0.6051364365971108
20260909T171030Z_1952d031,NEW12,ETH,depthBoth,10000,0.8,0.7625372065919196,774,0.5401056983910008,0.6188630490956072
20260909T171030Z_1952d031,NEW12,ETH,depthBoth,30000,0.8,0.7625372065919196,313,0.3539655468847542,0.5878594249201278
20260909T171030Z_1952d031,NEW12,ETH,depthBoth,1000,0.9,0.8807120973494799,1840,0.36766615088330423,0.43043478260869567
20260909T171030Z_1952d031,NEW12,ETH,depthBoth,2000,0.9,0.8807120973494799,1356,0.45626916026413133,0.523598820058997
20260909T171030Z_1952d031,NEW12,ETH,depthBoth,5000,0.9,0.8807120973494799,899,0.5500894325631491,0.6195773081201335
20260909T171030Z_1952d031,NEW12,ETH,depthBoth,10000,0.9,0.8807120973494799,623,0.5809920425121454,0.6276083467094703
20260909T171030Z_1952d031,NEW12,ETH,depthBoth,30000,0.9,0.8807120973494799,286,0.6111336827155696,0.6013986013986014
20260909T171030Z_1952d031,NEW12,ETH,depthBoth,1000,0.95,0.9497356813861935,1050,0.4276796350339185,0.4657142857142857
20260909T171030Z_1952d031,NEW12,ETH,depthBoth,2000,0.95,0.9497356813861935,810,0.5074200116444266,0.5555555555555556
20260909T171030Z_1952d031,NEW12,ETH,depthBoth,5000,0.95,0.9497356813861935,591,0.633374410569899,0.6615905245346869
20260909T171030Z_1952d031,NEW12,ETH,depthBoth,10000,0.95,0.9497356813861935,437,0.7156445858068696,0.6475972540045767
20260909T171030Z_1952d031,NEW12,ETH,depthBoth,30000,0.95,0.9497356813861935,237,0.30091417797773673,0.5527426160337553
20260909T171030Z_1952d031,NEW12,ETH,depthL1_extOFI,1000,0.8,0.8617164803285604,3195,0.32540214975432846,0.39436619718309857
20260909T171030Z_1952d031,NEW12,ETH,depthL1_extOFI,2000,0.8,0.8617164803285604,2185,0.4431305881304827,0.5052631578947369
20260909T171030Z_1952d031,NEW12,ETH,depthL1_extOFI,5000,0.8,0.8617164803285604,1271,0.47675195950381694,0.6050354051927616
20260909T171030Z_1952d031,NEW12,ETH,depthL1_extOFI,10000,0.8,0.8617164803285604,786,0.484784799191787,0.6094147582697201
20260909T171030Z_1952d031,NEW12,ETH,depthL1_extOFI,30000,0.8,0.8617164803285604,315,0.5597403280078227,0.5587301587301587
20260909T171030Z_1952d031,NEW12,ETH,depthL1_extOFI,1000,0.9,0.9704948301675154,1872,0.3813621069796778,0.4407051282051282
20260909T171030Z_1952d031,NEW12,ETH,depthL1_extOFI,2000,0.9,0.9704948301675154,1384,0.5030141274942321,0.5563583815028902
20260909T171030Z_1952d031,NEW12,ETH,depthL1_extOFI,5000,0.9,0.9704948301675154,893,0.6149724648326511,0.6483762597984323
20260909T171030Z_1952d031,NEW12,ETH,depthL1_extOFI,10000,0.9,0.9704948301675154,619,0.6214425801516831,0.630048465266559
20260909T171030Z_1952d031,NEW12,ETH,depthL1_extOFI,30000,0.9,0.9704948301675154,285,0.4196264526498615,0.6035087719298246
20260909T171030Z_1952d031,NEW12,ETH,depthL1_extOFI,1000,0.95,0.9967927675057898,1003,0.41921712890243223,0.45164506480558325
20260909T171030Z_1952d031,NEW12,ETH,depthL1_extOFI,2000,0.95,0.9967927675057898,777,0.5421050540364091,0.564993564993565
20260909T171030Z_1952d031,NEW12,ETH,depthL1_extOFI,5000,0.95,0.9967927675057898,561,0.6233602853157206,0.6488413547237076
20260909T171030Z_1952d031,NEW12,ETH,depthL1_extOFI,10000,0.95,0.9967927675057898,434,0.6551116831457187,0.6658986175115207
20260909T171030Z_1952d031,NEW12,ETH,depthL1_extOFI,30000,0.95,0.9967927675057898,237,0.1514423821854755,0.5822784810126582
20260909T171030Z_1952d031,NEW12,ETH,gap_depthBoth,1000,0.8,0.48036793381900367,1945,0.2924613905307573,0.3424164524421594
20260909T171030Z_1952d031,NEW12,ETH,gap_depthBoth,2000,0.8,0.48036793381900367,1286,0.42502624357221785,0.4735614307931571
20260909T171030Z_1952d031,NEW12,ETH,gap_depthBoth,5000,0.8,0.48036793381900367,805,0.5327020317683059,0.5850931677018634
20260909T171030Z_1952d031,NEW12,ETH,gap_depthBoth,10000,0.8,0.48036793381900367,557,0.49931318471096653,0.599640933572711
20260909T171030Z_1952d031,NEW12,ETH,gap_depthBoth,30000,0.8,0.48036793381900367,272,0.41092884003425534,0.6029411764705882
20260909T171030Z_1952d031,NEW12,ETH,gap_depthBoth,1000,0.9,0.6277931502278732,1076,0.3926357632969766,0.39219330855018586
20260909T171030Z_1952d031,NEW12,ETH,gap_depthBoth,2000,0.9,0.6277931502278732,750,0.5673510343727834,0.52
20260909T171030Z_1952d031,NEW12,ETH,gap_depthBoth,5000,0.9,0.6277931502278732,521,0.6235548494763948,0.6276391554702495
20260909T171030Z_1952d031,NEW12,ETH,gap_depthBoth,10000,0.9,0.6277931502278732,392,0.5976983256612919,0.6173469387755102
20260909T171030Z_1952d031,NEW12,ETH,gap_depthBoth,30000,0.9,0.6277931502278732,224,0.2976148303171004,0.5982142857142857
20260909T171030Z_1952d031,NEW12,ETH,gap_depthBoth,1000,0.95,0.7709941127128639,572,0.5365047988176397,0.4493006993006993
20260909T171030Z_1952d031,NEW12,ETH,gap_depthBoth,2000,0.95,0.7709941127128639,428,0.7004052129784828,0.5794392523364486
20260909T171030Z_1952d031,NEW12,ETH,gap_depthBoth,5000,0.95,0.7709941127128639,325,0.7817654502631729,0.6615384615384615
20260909T171030Z_1952d031,NEW12,ETH,gap_depthBoth,10000,0.95,0.7709941127128639,271,0.83866577622359,0.6494464944649446
20260909T171030Z_1952d031,NEW12,ETH,gap_depthBoth,30000,0.95,0.7709941127128639,178,0.8304878252109105,0.601123595505618
20260909T171030Z_1952d031,NEW12,ETH,gap_depthL1,1000,0.8,0.48036793381900367,2173,0.27770497240241215,0.33271974229176254
20260909T171030Z_1952d031,NEW12,ETH,gap_depthL1,2000,0.8,0.48036793381900367,1409,0.41871476853677403,0.46628814762242726
20260909T171030Z_1952d031,NEW12,ETH,gap_depthL1,5000,0.8,0.48036793381900367,864,0.5374458899000799,0.5879629629629629
20260909T171030Z_1952d031,NEW12,ETH,gap_depthL1,10000,0.8,0.48036793381900367,581,0.5726985843072723,0.6075731497418244
20260909T171030Z_1952d031,NEW12,ETH,gap_depthL1,30000,0.8,0.48036793381900367,277,0.7313566024530943,0.631768953068592
20260909T171030Z_1952d031,NEW12,ETH,gap_depthL1,1000,0.9,0.6277931502278732,1205,0.3682019759136652,0.379253112033195
20260909T171030Z_1952d031,NEW12,ETH,gap_depthL1,2000,0.9,0.6277931502278732,830,0.5363717837374571,0.5096385542168674
20260909T171030Z_1952d031,NEW12,ETH,gap_depthL1,5000,0.9,0.6277931502278732,565,0.6307403501134891,0.6212389380530974
20260909T171030Z_1952d031,NEW12,ETH,gap_depthL1,10000,0.9,0.6277931502278732,420,0.6045461738329898,0.6285714285714286
20260909T171030Z_1952d031,NEW12,ETH,gap_depthL1,30000,0.9,0.6277931502278732,234,0.5866698020352965,0.6282051282051282
20260909T171030Z_1952d031,NEW12,ETH,gap_depthL1,1000,0.95,0.7709941127128639,660,0.48283542782974265,0.4287878787878788
20260909T171030Z_1952d031,NEW12,ETH,gap_depthL1,2000,0.95,0.7709941127128639,481,0.6463798049734824,0.5675675675675675
20260909T171030Z_1952d031,NEW12,ETH,gap_depthL1,5000,0.95,0.7709941127128639,352,0.7487492006093277,0.65625
20260909T171030Z_1952d031,NEW12,ETH,gap_depthL1,10000,0.95,0.7709941127128639,294,0.8640203919062105,0.6598639455782312
20260909T171030Z_1952d031,NEW12,ETH,gap_depthL1,30000,0.95,0.7709941127128639,185,0.9450989793436978,0.6162162162162163
20260909T171030Z_1952d031,NEW12,ETH,gap_depth_extOFI,1000,0.8,0.48036793381900367,1904,0.31447355244477027,0.3487394957983193
20260909T171030Z_1952d031,NEW12,ETH,gap_depth_extOFI,2000,0.8,0.48036793381900367,1273,0.4587897541236359,0.48546739984289083
20260909T171030Z_1952d031,NEW12,ETH,gap_depth_extOFI,5000,0.8,0.48036793381900367,801,0.5886038994153323,0.6067415730337079
20260909T171030Z_1952d031,NEW12,ETH,gap_depth_extOFI,10000,0.8,0.48036793381900367,557,0.5943042622953875,0.6122082585278277
20260909T171030Z_1952d031,NEW12,ETH,gap_depth_extOFI,30000,0.8,0.48036793381900367,270,0.7260576154514676,0.6333333333333333
20260909T171030Z_1952d031,NEW12,ETH,gap_depth_extOFI,1000,0.9,0.6277931502278732,1032,0.42036178778529265,0.4021317829457364
20260909T171030Z_1952d031,NEW12,ETH,gap_depth_extOFI,2000,0.9,0.6277931502278732,731,0.5865011547899849,0.5321477428180574
20260909T171030Z_1952d031,NEW12,ETH,gap_depth_extOFI,5000,0.9,0.6277931502278732,501,0.7126243031096348,0.654690618762475
20260909T171030Z_1952d031,NEW12,ETH,gap_depth_extOFI,10000,0.9,0.6277931502278732,381,0.615571831331803,0.6351706036745407
20260909T171030Z_1952d031,NEW12,ETH,gap_depth_extOFI,30000,0.9,0.6277931502278732,220,0.6204872692783246,0.6409090909090909
20260909T171030Z_1952d031,NEW12,ETH,gap_depth_extOFI,1000,0.95,0.7709941127128639,551,0.5644169641253043,0.4482758620689655
20260909T171030Z_1952d031,NEW12,ETH,gap_depth_extOFI,2000,0.95,0.7709941127128639,405,0.7392012844252467,0.5851851851851851
20260909T171030Z_1952d031,NEW12,ETH,gap_depth_extOFI,5000,0.95,0.7709941127128639,301,0.8496527503715047,0.6777408637873754
20260909T171030Z_1952d031,NEW12,ETH,gap_depth_extOFI,10000,0.95,0.7709941127128639,254,0.9041755219399712,0.6811023622047244
20260909T171030Z_1952d031,NEW12,ETH,gap_depth_extOFI,30000,0.95,0.7709941127128639,167,0.8029506338337606,0.6287425149700598
20260909T171030Z_1952d031,NEW12,ETH,gap_extOFI,1000,0.8,0.48036793381900367,2333,0.25674107673732066,0.30990141448778397
20260909T171030Z_1952d031,NEW12,ETH,gap_extOFI,2000,0.8,0.48036793381900367,1509,0.3830999766687593,0.43803843605036447
20260909T171030Z_1952d031,NEW12,ETH,gap_extOFI,5000,0.8,0.48036793381900367,907,0.45439782203068263,0.5611907386990077
20260909T171030Z_1952d031,NEW12,ETH,gap_extOFI,10000,0.8,0.48036793381900367,608,0.51821756489219,0.5855263157894737
20260909T171030Z_1952d031,NEW12,ETH,gap_extOFI,30000,0.8,0.48036793381900367,281,0.3974107075724626,0.5836298932384342
20260909T171030Z_1952d031,NEW12,ETH,gap_extOFI,1000,0.9,0.6277931502278732,1240,0.37197355500478974,0.36370967741935484
20260909T171030Z_1952d031,NEW12,ETH,gap_extOFI,2000,0.9,0.6277931502278732,850,0.5024108184934967,0.4811764705882353
20260909T171030Z_1952d031,NEW12,ETH,gap_extOFI,5000,0.9,0.6277931502278732,567,0.6433400168554678,0.6225749559082893
20260909T171030Z_1952d031,NEW12,ETH,gap_extOFI,10000,0.9,0.6277931502278732,421,0.5883213906399595,0.6294536817102138
20260909T171030Z_1952d031,NEW12,ETH,gap_extOFI,30000,0.9,0.6277931502278732,236,0.6693421219207007,0.6313559322033898
20260909T171030Z_1952d031,NEW12,ETH,gap_extOFI,1000,0.95,0.7709941127128639,673,0.4939517530388652,0.40564635958395245
20260909T171030Z_1952d031,NEW12,ETH,gap_extOFI,2000,0.95,0.7709941127128639,482,0.6404989303139789,0.533195020746888
20260909T171030Z_1952d031,NEW12,ETH,gap_extOFI,5000,0.95,0.7709941127128639,341,0.7408694657609977,0.6363636363636364
20260909T171030Z_1952d031,NEW12,ETH,gap_extOFI,10000,0.95,0.7709941127128639,280,0.7857043960129548,0.65
20260909T171030Z_1952d031,NEW12,ETH,gap_extOFI,30000,0.95,0.7709941127128639,176,0.7647236576344079,0.6136363636363636
20260909T171030Z_1952d031,NEW12,ETH,gap_leader1000,1000,0.8,0.48036793381900367,1668,0.2537877741996776,0.3591127098321343
20260909T171030Z_1952d031,NEW12,ETH,gap_leader1000,2000,0.8,0.48036793381900367,1354,0.30889213471979027,0.4460856720827179
20260909T171030Z_1952d031,NEW12,ETH,gap_leader1000,5000,0.8,0.48036793381900367,948,0.36527874111406067,0.5348101265822784
20260909T171030Z_1952d031,NEW12,ETH,gap_leader1000,10000,0.8,0.48036793381900367,646,0.40228189071066595,0.5789473684210527
20260909T171030Z_1952d031,NEW12,ETH,gap_leader1000,30000,0.8,0.48036793381900367,289,0.17794352272163805,0.5432525951557093
20260909T171030Z_1952d031,NEW12,ETH,gap_leader1000,1000,0.9,0.6277931502278732,1024,0.3558035522208136,0.3935546875
20260909T171030Z_1952d031,NEW12,ETH,gap_leader1000,2000,0.9,0.6277931502278732,864,0.42891566603582487,0.4756944444444444
20260909T171030Z_1952d031,NEW12,ETH,gap_leader1000,5000,0.9,0.6277931502278732,663,0.4943879322380207,0.5806938159879337
20260909T171030Z_1952d031,NEW12,ETH,gap_leader1000,10000,0.9,0.6277931502278732,490,0.4080838171997683,0.6020408163265306
20260909T171030Z_1952d031,NEW12,ETH,gap_leader1000,30000,0.9,0.6277931502278732,255,0.39951611326604963,0.596078431372549
20260909T171030Z_1952d031,NEW12,ETH,gap_leader1000,1000,0.95,0.7709941127128639,597,0.5018735914609651,0.4556113902847571
20260909T171030Z_1952d031,NEW12,ETH,gap_leader1000,2000,0.95,0.7709941127128639,513,0.5118367862369213,0.530214424951267
20260909T171030Z_1952d031,NEW12,ETH,gap_leader1000,5000,0.95,0.7709941127128639,420,0.5833061032503742,0.611904761904762
20260909T171030Z_1952d031,NEW12,ETH,gap_leader1000,10000,0.95,0.7709941127128639,346,0.590704076580058,0.6127167630057804
20260909T171030Z_1952d031,NEW12,ETH,gap_leader1000,30000,0.95,0.7709941127128639,206,0.6399017748760419,0.587378640776699
20260909T171030Z_1952d031,NEW12,ETH,gap_localOFI,1000,0.8,0.48036793381900367,1851,0.23442778360877725,0.31118314424635335
20260909T171030Z_1952d031,NEW12,ETH,gap_localOFI,2000,0.8,0.48036793381900367,1308,0.3075916957722855,0.422782874617737
20260909T171030Z_1952d031,NEW12,ETH,gap_localOFI,5000,0.8,0.48036793381900367,842,0.4386604423000837,0.5629453681710214
20260909T171030Z_1952d031,NEW12,ETH,gap_localOFI,10000,0.8,0.48036793381900367,563,0.3615339803107414,0.5772646536412078
20260909T171030Z_1952d031,NEW12,ETH,gap_localOFI,30000,0.8,0.48036793381900367,276,0.4047901262747221,0.5978260869565217
20260909T171030Z_1952d031,NEW12,ETH,gap_localOFI,1000,0.9,0.6277931502278732,988,0.3192524298395394,0.33805668016194335
20260909T171030Z_1952d031,NEW12,ETH,gap_localOFI,2000,0.9,0.6277931502278732,733,0.4241659485045087,0.45566166439290584
20260909T171030Z_1952d031,NEW12,ETH,gap_localOFI,5000,0.9,0.6277931502278732,524,0.553828484454705,0.6106870229007634
20260909T171030Z_1952d031,NEW12,ETH,gap_localOFI,10000,0.9,0.6277931502278732,398,0.39844809598511005,0.5954773869346733
20260909T171030Z_1952d031,NEW12,ETH,gap_localOFI,30000,0.9,0.6277931502278732,227,0.6274700021409946,0.6211453744493393
20260909T171030Z_1952d031,NEW12,ETH,gap_localOFI,1000,0.95,0.7709941127128639,507,0.41760159271159086,0.3708086785009862
20260909T171030Z_1952d031,NEW12,ETH,gap_localOFI,2000,0.95,0.7709941127128639,395,0.5221748970522515,0.4911392405063291
20260909T171030Z_1952d031,NEW12,ETH,gap_localOFI,5000,0.95,0.7709941127128639,301,0.6517767016728552,0.6146179401993356
20260909T171030Z_1952d031,NEW12,ETH,gap_localOFI,10000,0.95,0.7709941127128639,252,0.671451135862726,0.6150793650793651
20260909T171030Z_1952d031,NEW12,ETH,gap_localOFI,30000,0.95,0.7709941127128639,171,0.5195901861036217,0.5497076023391813
20260909T171030Z_1952d031,NEW12,ETH,gap_localTrade,1000,0.8,0.48036793381900367,710,0.5667537504281348,0.5211267605633803
20260909T171030Z_1952d031,NEW12,ETH,gap_localTrade,2000,0.8,0.48036793381900367,607,0.6794875684355387,0.5897858319604613
20260909T171030Z_1952d031,NEW12,ETH,gap_localTrade,5000,0.8,0.48036793381900367,474,0.8246780364145324,0.6561181434599156
20260909T171030Z_1952d031,NEW12,ETH,gap_localTrade,10000,0.8,0.48036793381900367,370,0.8896292569436643,0.6513513513513514
20260909T171030Z_1952d031,NEW12,ETH,gap_localTrade,30000,0.8,0.48036793381900367,210,0.7851856516780399,0.6
20260909T171030Z_1952d031,NEW12,ETH,gap_localTrade,1000,0.9,0.6277931502278732,435,0.6714710855165436,0.5563218390804597
20260909T171030Z_1952d031,NEW12,ETH,gap_localTrade,2000,0.9,0.6277931502278732,379,0.7897883424022893,0.6147757255936676
20260909T171030Z_1952d031,NEW12,ETH,gap_localTrade,5000,0.9,0.6277931502278732,302,0.8815234571697702,0.6754966887417219
20260909T171030Z_1952d031,NEW12,ETH,gap_localTrade,10000,0.9,0.6277931502278732,250,1.126435912948547,0.672
20260909T171030Z_1952d031,NEW12,ETH,gap_localTrade,30000,0.9,0.6277931502278732,156,1.20758043555094,0.6089743589743589
20260909T171030Z_1952d031,NEW12,ETH,gap_localTrade,1000,0.95,0.7709941127128639,264,0.8137216142878828,0.5984848484848485
20260909T171030Z_1952d031,NEW12,ETH,gap_localTrade,2000,0.95,0.7709941127128639,235,0.9165979283817262,0.6553191489361702
20260909T171030Z_1952d031,NEW12,ETH,gap_localTrade,5000,0.95,0.7709941127128639,192,1.0110499759302847,0.703125
20260909T171030Z_1952d031,NEW12,ETH,gap_localTrade,10000,0.95,0.7709941127128639,163,1.2234951898659072,0.6993865030674846
20260909T171030Z_1952d031,NEW12,ETH,gap_localTrade,30000,0.95,0.7709941127128639,117,0.8954828985928576,0.5726495726495726
20260909T171030Z_1952d031,NEW12,ETH,leader1000_extOFI,1000,0.8,0.30566316825914025,2723,0.23052207103907824,0.3323540213000367
20260909T171030Z_1952d031,NEW12,ETH,leader1000_extOFI,2000,0.8,0.30566316825914025,2014,0.29927705238394153,0.41459781529294937
20260909T171030Z_1952d031,NEW12,ETH,leader1000_extOFI,5000,0.8,0.30566316825914025,1244,0.4066202271292299,0.5345659163987139
20260909T171030Z_1952d031,NEW12,ETH,leader1000_extOFI,10000,0.8,0.30566316825914025,784,0.2092463873785255,0.5204081632653061
20260909T171030Z_1952d031,NEW12,ETH,leader1000_extOFI,30000,0.8,0.30566316825914025,316,0.311804206845802,0.5664556962025317
20260909T171030Z_1952d031,NEW12,ETH,leader1000_extOFI,1000,0.9,0.5270371694114174,1546,0.3073151928982627,0.37257438551099614
20260909T171030Z_1952d031,NEW12,ETH,leader1000_extOFI,2000,0.9,0.5270371694114174,1248,0.41984242784946063,0.47676282051282054
20260909T171030Z_1952d031,NEW12,ETH,leader1000_extOFI,5000,0.9,0.5270371694114174,874,0.4831362080223793,0.5594965675057209
20260909T171030Z_1952d031,NEW12,ETH,leader1000_extOFI,10000,0.9,0.5270371694114174,620,0.4420907253563223,0.5661290322580645
20260909T171030Z_1952d031,NEW12,ETH,leader1000_extOFI,30000,0.9,0.5270371694114174,285,0.6140141738585211,0.5649122807017544
20260909T171030Z_1952d031,NEW12,ETH,leader1000_extOFI,1000,0.95,0.7247146543525471,891,0.45401021313545925,0.4388327721661055
20260909T171030Z_1952d031,NEW12,ETH,leader1000_extOFI,2000,0.95,0.7247146543525471,757,0.5220499945458462,0.5085865257595773
20260909T171030Z_1952d031,NEW12,ETH,leader1000_extOFI,5000,0.95,0.7247146543525471,590,0.6679429324884515,0.5966101694915255
20260909T171030Z_1952d031,NEW12,ETH,leader1000_extOFI,10000,0.95,0.7247146543525471,456,0.6887459547096489,0.6162280701754386
20260909T171030Z_1952d031,NEW12,ETH,leader1000_extOFI,30000,0.95,0.7247146543525471,239,0.5311256956713726,0.5481171548117155
