session,period,asset,feature,horizon_ms,q,threshold,N,mean_signed_bps,median_signed_bps,hit_rate,mean_abs_move
20260907T221751Z_3abdfd02,NEW12,BTC,bitget_ofi,100,0.8,0.10283734195298838,4084,0.04477642053784972,0.0,0.07933398628795299,0.05144983904564139
20260907T221751Z_3abdfd02,NEW12,BTC,bitget_ofi,200,0.8,0.10283734195298838,4084,0.07193919445560132,0.0,0.11777668952007836,0.0844506494804882
20260907T221751Z_3abdfd02,NEW12,BTC,bitget_ofi,500,0.8,0.10283734195298838,4084,0.11518351822787468,0.0,0.1772771792360431,0.15716465008305108
20260907T221751Z_3abdfd02,NEW12,BTC,bitget_ofi,1000,0.8,0.10283734195298838,4084,0.1577811436272375,0.0,0.24387855044074436,0.24514392580444505
20260907T221751Z_3abdfd02,NEW12,BTC,bitget_ofi,2000,0.8,0.10283734195298838,2857,0.19133763218482577,0.0,0.3111655582779139,0.37640170399544726
20260907T221751Z_3abdfd02,NEW12,BTC,bitget_ofi,5000,0.8,0.10283734195298838,1567,0.21599894884354656,0.0,0.4077855775366943,0.6964620069077853
20260907T221751Z_3abdfd02,NEW12,BTC,bitget_ofi,10000,0.8,0.10283734195298838,903,0.21386254685407569,0.0,0.4706533776301218,1.0643814176846753
20260907T221751Z_3abdfd02,NEW12,BTC,bitget_ofi,30000,0.8,0.10283734195298838,337,0.22307502722292433,0.0,0.49554896142433236,1.9750465851016596
20260907T221751Z_3abdfd02,NEW12,BTC,bitget_ofi,100,0.9,0.5290714855899458,2704,0.07053289177106573,0.0,0.12093195266272189,0.07787214393032932
20260907T221751Z_3abdfd02,NEW12,BTC,bitget_ofi,200,0.9,0.5290714855899458,2704,0.1112334254952918,0.0,0.17492603550295857,0.12308314049910948
20260907T221751Z_3abdfd02,NEW12,BTC,bitget_ofi,500,0.9,0.5290714855899458,2704,0.16695101458561598,0.0,0.24519230769230768,0.21024125565717786
20260907T221751Z_3abdfd02,NEW12,BTC,bitget_ofi,1000,0.9,0.5290714855899458,2704,0.22072045899199952,0.0,0.3206360946745562,0.3059259961986684
20260907T221751Z_3abdfd02,NEW12,BTC,bitget_ofi,2000,0.9,0.5290714855899458,2091,0.2575856415437653,0.0,0.38450502152080346,0.43611673687635716
20260907T221751Z_3abdfd02,NEW12,BTC,bitget_ofi,5000,0.9,0.5290714855899458,1277,0.31004991675012455,0.012616680638011246,0.5011746280344558,0.7528090028275501
20260907T221751Z_3abdfd02,NEW12,BTC,bitget_ofi,10000,0.9,0.5290714855899458,790,0.28207891329749174,0.03793323910539215,0.5088607594936709,1.1056573403705787
20260907T221751Z_3abdfd02,NEW12,BTC,bitget_ofi,30000,0.9,0.5290714855899458,317,0.48174377407439006,0.31686380876694287,0.5583596214511041,1.9930701922221754
20260907T221751Z_3abdfd02,NEW12,BTC,bitget_ofi,100,0.95,1.0167728634074356,1807,0.09802450425448955,0.0,0.15218594355285003,0.10183531983410485
20260907T221751Z_3abdfd02,NEW12,BTC,bitget_ofi,200,0.95,1.0167728634074356,1807,0.14812375710695355,0.0,0.21527393469839512,0.15709824755586566
20260907T221751Z_3abdfd02,NEW12,BTC,bitget_ofi,500,0.95,1.0167728634074356,1807,0.21153816581710577,0.0,0.2916436081903708,0.25869389566952955
20260907T221751Z_3abdfd02,NEW12,BTC,bitget_ofi,1000,0.95,1.0167728634074356,1807,0.24695486815059475,0.0,0.35528500276701713,0.3448280035775008
20260907T221751Z_3abdfd02,NEW12,BTC,bitget_ofi,2000,0.95,1.0167728634074356,1518,0.2849183673654747,0.0,0.4064558629776021,0.47591103671736495
20260907T221751Z_3abdfd02,NEW12,BTC,bitget_ofi,5000,0.95,1.0167728634074356,1045,0.3365903042763694,0.0,0.4909090909090909,0.7778774130542516
20260907T221751Z_3abdfd02,NEW12,BTC,bitget_ofi,10000,0.95,1.0167728634074356,692,0.30409171345535574,0.18336825655052014,0.5274566473988439,1.1596979296771281
20260907T221751Z_3abdfd02,NEW12,BTC,bitget_ofi,30000,0.95,1.0167728634074356,300,-0.06667570355134061,0.08849553206846661,0.5233333333333333,1.9415089804693162
20260907T221751Z_3abdfd02,NEW12,BTC,bitget_trade_flow,100,0.8,1.0,4917,0.0555620808574626,0.0,0.09009558673988204,0.062093938213743524
20260907T221751Z_3abdfd02,NEW12,BTC,bitget_trade_flow,200,0.8,1.0,4917,0.07381783962906273,0.0,0.11775472849298353,0.09274855024822486
20260907T221751Z_3abdfd02,NEW12,BTC,bitget_trade_flow,500,0.8,1.0,4917,0.09040795553821099,0.0,0.16066707341875128,0.15555980816445023
20260907T221751Z_3abdfd02,NEW12,BTC,bitget_trade_flow,1000,0.8,1.0,4917,0.10562622984160808,0.0,0.21252796420581654,0.23912414622748093
20260907T221751Z_3abdfd02,NEW12,BTC,bitget_trade_flow,2000,0.8,1.0,3348,0.09758708048487749,0.0,0.25567502986857826,0.36952342098158436
20260907T221751Z_3abdfd02,NEW12,BTC,bitget_trade_flow,5000,0.8,1.0,1721,0.08985362869617942,0.0,0.35851249273678093,0.6719545872006734
20260907T221751Z_3abdfd02,NEW12,BTC,bitget_trade_flow,10000,0.8,1.0,963,0.07611630706828654,0.0,0.4153686396677051,1.0429262955409941
20260907T221751Z_3abdfd02,NEW12,BTC,bitget_trade_flow,30000,0.8,1.0,342,0.12910978282119212,0.0,0.4766081871345029,1.9937699272282823
20260907T221751Z_3abdfd02,NEW12,BTC,bitget_trade_flow,100,0.9,1.0,4917,0.0555620808574626,0.0,0.09009558673988204,0.062093938213743524
20260907T221751Z_3abdfd02,NEW12,BTC,bitget_trade_flow,200,0.9,1.0,4917,0.07381783962906273,0.0,0.11775472849298353,0.09274855024822486
20260907T221751Z_3abdfd02,NEW12,BTC,bitget_trade_flow,500,0.9,1.0,4917,0.09040795553821099,0.0,0.16066707341875128,0.15555980816445023
20260907T221751Z_3abdfd02,NEW12,BTC,bitget_trade_flow,1000,0.9,1.0,4917,0.10562622984160808,0.0,0.21252796420581654,0.23912414622748093
20260907T221751Z_3abdfd02,NEW12,BTC,bitget_trade_flow,2000,0.9,1.0,3348,0.09758708048487749,0.0,0.25567502986857826,0.36952342098158436
20260907T221751Z_3abdfd02,NEW12,BTC,bitget_trade_flow,5000,0.9,1.0,1721,0.08985362869617942,0.0,0.35851249273678093,0.6719545872006734
20260907T221751Z_3abdfd02,NEW12,BTC,bitget_trade_flow,10000,0.9,1.0,963,0.07611630706828654,0.0,0.4153686396677051,1.0429262955409941
20260907T221751Z_3abdfd02,NEW12,BTC,bitget_trade_flow,30000,0.9,1.0,342,0.12910978282119212,0.0,0.4766081871345029,1.9937699272282823
20260907T221751Z_3abdfd02,NEW12,BTC,bitget_trade_flow,100,0.95,1.0,4917,0.0555620808574626,0.0,0.09009558673988204,0.062093938213743524
20260907T221751Z_3abdfd02,NEW12,BTC,bitget_trade_flow,200,0.95,1.0,4917,0.07381783962906273,0.0,0.11775472849298353,0.09274855024822486
20260907T221751Z_3abdfd02,NEW12,BTC,bitget_trade_flow,500,0.95,1.0,4917,0.09040795553821099,0.0,0.16066707341875128,0.15555980816445023
20260907T221751Z_3abdfd02,NEW12,BTC,bitget_trade_flow,1000,0.95,1.0,4917,0.10562622984160808,0.0,0.21252796420581654,0.23912414622748093
20260907T221751Z_3abdfd02,NEW12,BTC,bitget_trade_flow,2000,0.95,1.0,3348,0.09758708048487749,0.0,0.25567502986857826,0.36952342098158436
20260907T221751Z_3abdfd02,NEW12,BTC,bitget_trade_flow,5000,0.95,1.0,1721,0.08985362869617942,0.0,0.35851249273678093,0.6719545872006734
20260907T221751Z_3abdfd02,NEW12,BTC,bitget_trade_flow,10000,0.95,1.0,963,0.07611630706828654,0.0,0.4153686396677051,1.0429262955409941
20260907T221751Z_3abdfd02,NEW12,BTC,bitget_trade_flow,30000,0.95,1.0,342,0.12910978282119212,0.0,0.4766081871345029,1.9937699272282823
20260907T221751Z_3abdfd02,NEW12,BTC,depth_imbalance_l1,100,0.8,0.9292057629046563,3169,0.08224472249261712,0.0,0.12590722625433892,0.08387217142176343
20260907T221751Z_3abdfd02,NEW12,BTC,depth_imbalance_l1,200,0.8,0.9292057629046563,3169,0.1256195950365544,0.0,0.17544966866519407,0.1287628898372848
20260907T221751Z_3abdfd02,NEW12,BTC,depth_imbalance_l1,500,0.8,0.9292057629046563,3168,0.2000956872252627,0.0,0.26167929292929293,0.21210907351914324
20260907T221751Z_3abdfd02,NEW12,BTC,depth_imbalance_l1,1000,0.8,0.9292057629046563,3168,0.26961300406481725,0.0,0.3456439393939394,0.31148275302594447
20260907T221751Z_3abdfd02,NEW12,BTC,depth_imbalance_l1,2000,0.8,0.9292057629046563,2019,0.410131225339789,0.0,0.48192174343734523,0.4949680970800221
20260907T221751Z_3abdfd02,NEW12,BTC,depth_imbalance_l1,5000,0.8,0.9292057629046563,1146,0.5604102436698349,0.4047581863791949,0.6099476439790575,0.8401875972324294
20260907T221751Z_3abdfd02,NEW12,BTC,depth_imbalance_l1,10000,0.8,0.9292057629046563,728,0.5543933063195229,0.44215569131089705,0.6332417582417582,1.160908581214105
20260907T221751Z_3abdfd02,NEW12,BTC,depth_imbalance_l1,30000,0.8,0.9292057629046563,310,0.7186158576916215,0.649685365176067,0.6225806451612903,2.0040587161276613
20260907T221751Z_3abdfd02,NEW12,BTC,depth_imbalance_l1,100,0.9,0.9732476248995604,1861,0.1122906662915353,0.0,0.169263836646964,0.1135275187980085
20260907T221751Z_3abdfd02,NEW12,BTC,depth_imbalance_l1,200,0.9,0.9732476248995604,1861,0.17944144834230366,0.0,0.24395486297689414,0.18249912266942092
20260907T221751Z_3abdfd02,NEW12,BTC,depth_imbalance_l1,500,0.9,0.9732476248995604,1861,0.2599406852200429,0.0,0.33422890918860826,0.27652374516827705
20260907T221751Z_3abdfd02,NEW12,BTC,depth_imbalance_l1,1000,0.9,0.9732476248995604,1861,0.33827826698535235,0.0,0.42557764642665236,0.3847991745185665
20260907T221751Z_3abdfd02,NEW12,BTC,depth_imbalance_l1,2000,0.9,0.9732476248995604,1299,0.48382503977520785,0.25310704719672117,0.5604311008468053,0.5753829359825186
20260907T221751Z_3abdfd02,NEW12,BTC,depth_imbalance_l1,5000,0.9,0.9732476248995604,844,0.6204703696051553,0.4925657398513472,0.659952606635071,0.9280969052796252
20260907T221751Z_3abdfd02,NEW12,BTC,depth_imbalance_l1,10000,0.9,0.9732476248995604,585,0.6062998335549247,0.5677370191659037,0.6581196581196581,1.2477259172544057
20260907T221751Z_3abdfd02,NEW12,BTC,depth_imbalance_l1,30000,0.9,0.9732476248995604,283,0.5922171289929609,0.7210129092927176,0.5936395759717314,2.052910935960142
20260907T221751Z_3abdfd02,NEW12,BTC,depth_imbalance_l1,100,0.95,0.9926191192601064,1007,0.14703826418009056,0.0,0.2214498510427011,0.14849554214372118
20260907T221751Z_3abdfd02,NEW12,BTC,depth_imbalance_l1,200,0.95,0.9926191192601064,1007,0.21911189738293785,0.0,0.3058589870903674,0.22056917534656847
20260907T221751Z_3abdfd02,NEW12,BTC,depth_imbalance_l1,500,0.95,0.9926191192601064,1007,0.3065984507519488,0.0,0.3972194637537239,0.3327610476642343
20260907T221751Z_3abdfd02,NEW12,BTC,depth_imbalance_l1,1000,0.95,0.9926191192601064,1007,0.38849472452023787,0.0,0.4945382323733863,0.4426703507480251
20260907T221751Z_3abdfd02,NEW12,BTC,depth_imbalance_l1,2000,0.95,0.9926191192601064,747,0.5276425062245722,0.3921754668956279,0.6331994645247657,0.6259680412899067
20260907T221751Z_3abdfd02,NEW12,BTC,depth_imbalance_l1,5000,0.95,0.9926191192601064,538,0.6674911490972092,0.5820559875224784,0.7156133828996283,0.9591300244549851
20260907T221751Z_3abdfd02,NEW12,BTC,depth_imbalance_l1,10000,0.95,0.9926191192601064,416,0.7338386173866525,0.651156057943636,0.7235576923076923,1.2347349409199675
20260907T221751Z_3abdfd02,NEW12,BTC,depth_imbalance_l1,30000,0.95,0.9926191192601064,236,0.596491158483781,0.6772643381158794,0.5847457627118644,2.063019687649878
20260907T221751Z_3abdfd02,NEW12,BTC,depth_imbalance_l5,100,0.8,0.9281296926042425,3171,0.08198973062116231,0.0,0.12109744560075686,0.08700171734734984
20260907T221751Z_3abdfd02,NEW12,BTC,depth_imbalance_l5,200,0.8,0.9281296926042425,3171,0.1242867551038775,0.0,0.16997792494481237,0.13498809099765
20260907T221751Z_3abdfd02,NEW12,BTC,depth_imbalance_l5,500,0.8,0.9281296926042425,3171,0.19316900915480986,0.0,0.2529170608640807,0.21294521685337148
20260907T221751Z_3abdfd02,NEW12,BTC,depth_imbalance_l5,1000,0.8,0.9281296926042425,3170,0.2584380175379005,0.0,0.3362776025236593,0.3084568447937751
20260907T221751Z_3abdfd02,NEW12,BTC,depth_imbalance_l5,2000,0.8,0.9281296926042425,2016,0.3940589295827893,0.0,0.470734126984127,0.49450806665662006
20260907T221751Z_3abdfd02,NEW12,BTC,depth_imbalance_l5,5000,0.8,0.9281296926042425,1156,0.5498333657941178,0.36728183916368007,0.596885813148789,0.824169145309575
20260907T221751Z_3abdfd02,NEW12,BTC,depth_imbalance_l5,10000,0.8,0.9281296926042425,738,0.5505126831255633,0.4420111374686675,0.6260162601626016,1.1345940497142442
20260907T221751Z_3abdfd02,NEW12,BTC,depth_imbalance_l5,30000,0.8,0.9281296926042425,310,0.44071211088462847,0.38586290986408756,0.5580645161290323,2.066934539008374
20260907T221751Z_3abdfd02,NEW12,BTC,depth_imbalance_l5,100,0.9,0.9681063017487014,1913,0.10653586781835306,0.0,0.16414009409304756,0.11143013131408235
20260907T221751Z_3abdfd02,NEW12,BTC,depth_imbalance_l5,200,0.9,0.9681063017487014,1913,0.16429930517829347,0.0,0.23366440146366962,0.1752313227614613
20260907T221751Z_3abdfd02,NEW12,BTC,depth_imbalance_l5,500,0.9,0.9681063017487014,1913,0.24591335708037065,0.0,0.32618923157344487,0.2710171284648811
20260907T221751Z_3abdfd02,NEW12,BTC,depth_imbalance_l5,1000,0.9,0.9681063017487014,1913,0.3251906157993733,0.0,0.4108729743857815,0.3757917729976341
20260907T221751Z_3abdfd02,NEW12,BTC,depth_imbalance_l5,2000,0.9,0.9681063017487014,1352,0.45796500706729687,0.24049067037679173,0.5443786982248521,0.5635767704716272
20260907T221751Z_3abdfd02,NEW12,BTC,depth_imbalance_l5,5000,0.9,0.9681063017487014,873,0.6018243016274915,0.48069351424206985,0.6506300114547537,0.9098307128099129
20260907T221751Z_3abdfd02,NEW12,BTC,depth_imbalance_l5,10000,0.9,0.9681063017487014,604,0.6411785175008274,0.5685735835969652,0.6655629139072847,1.228098666414336
20260907T221751Z_3abdfd02,NEW12,BTC,depth_imbalance_l5,30000,0.9,0.9681063017487014,285,0.4302617301589928,0.5950802060494809,0.5789473684210527,2.0487742973948944
20260907T221751Z_3abdfd02,NEW12,BTC,depth_imbalance_l5,100,0.95,0.9889600654218346,1078,0.1549722794807338,0.0,0.22634508348794063,0.15661493801825074
20260907T221751Z_3abdfd02,NEW12,BTC,depth_imbalance_l5,200,0.95,0.9889600654218346,1078,0.23250054216284743,0.0,0.3116883116883117,0.23414320070036437
20260907T221751Z_3abdfd02,NEW12,BTC,depth_imbalance_l5,500,0.95,0.9889600654218346,1078,0.32210646386338654,0.0,0.4072356215213358,0.34748746370723244
20260907T221751Z_3abdfd02,NEW12,BTC,depth_imbalance_l5,1000,0.95,0.9889600654218346,1078,0.4093250419838899,0.012659912124735051,0.5037105751391465,0.4594122509349648
20260907T221751Z_3abdfd02,NEW12,BTC,depth_imbalance_l5,2000,0.95,0.9889600654218346,820,0.5567661597359845,0.4209832471507857,0.6231707317073171,0.6495537974824261
20260907T221751Z_3abdfd02,NEW12,BTC,depth_imbalance_l5,5000,0.95,0.9889600654218346,598,0.6645902865736703,0.5937323345395207,0.6989966555183946,0.9588700983678765
20260907T221751Z_3abdfd02,NEW12,BTC,depth_imbalance_l5,10000,0.95,0.9889600654218346,461,0.6731564822115012,0.6178665572176278,0.6876355748373102,1.2721261272827926
20260907T221751Z_3abdfd02,NEW12,BTC,depth_imbalance_l5,30000,0.95,0.9889600654218346,252,0.4585640214199451,0.582417127585888,0.5912698412698413,2.0862017236167496
20260907T221751Z_3abdfd02,NEW12,BTC,external_ofi,100,0.8,0.051194491408929725,5953,0.05540433389808612,0.0,0.08281538719973122,0.05862753357520935
20260907T221751Z_3abdfd02,NEW12,BTC,external_ofi,200,0.8,0.051194491408929725,5952,0.08284737121450607,0.0,0.11727150537634409,0.09179197156137901
20260907T221751Z_3abdfd02,NEW12,BTC,external_ofi,500,0.8,0.051194491408929725,5952,0.11679949544029192,0.0,0.16481854838709678,0.15037359969801503
20260907T221751Z_3abdfd02,NEW12,BTC,external_ofi,1000,0.8,0.051194491408929725,5952,0.15317597356715693,0.0,0.2211021505376344,0.23569659223469755
20260907T221751Z_3abdfd02,NEW12,BTC,external_ofi,2000,0.8,0.051194491408929725,3752,0.19466312037517888,0.0,0.2931769722814499,0.37678494546926483
20260907T221751Z_3abdfd02,NEW12,BTC,external_ofi,5000,0.8,0.051194491408929725,1818,0.2535566079163835,0.0,0.4042904290429043,0.6888407825673463
20260907T221751Z_3abdfd02,NEW12,BTC,external_ofi,10000,0.8,0.051194491408929725,982,0.23827327369607348,0.0,0.46028513238289204,1.0731950486177362
20260907T221751Z_3abdfd02,NEW12,BTC,external_ofi,30000,0.8,0.051194491408929725,348,0.43060212485836014,0.2270668072640314,0.5488505747126436,1.9922460498094665
20260907T221751Z_3abdfd02,NEW12,BTC,external_ofi,100,0.9,0.16129136183721418,3912,0.10736444754726372,0.0,0.1467280163599182,0.10985278129702149
20260907T221751Z_3abdfd02,NEW12,BTC,external_ofi,200,0.9,0.16129136183721418,3912,0.15452746766040748,0.0,0.19964212678936605,0.16044571661085621
20260907T221751Z_3abdfd02,NEW12,BTC,external_ofi,500,0.9,0.16129136183721418,3912,0.20526929941668468,0.0,0.26048057259713703,0.2353723762709821
20260907T221751Z_3abdfd02,NEW12,BTC,external_ofi,1000,0.9,0.16129136183721418,3912,0.2581873468215239,0.0,0.3243865030674847,0.3308556595601846
20260907T221751Z_3abdfd02,NEW12,BTC,external_ofi,2000,0.9,0.16129136183721418,2769,0.3273891887635879,0.0,0.38750451426507765,0.47033844569374694
20260907T221751Z_3abdfd02,NEW12,BTC,external_ofi,5000,0.9,0.16129136183721418,1533,0.3423808917574085,0.0,0.47227658186562294,0.7702850105900889
20260907T221751Z_3abdfd02,NEW12,BTC,external_ofi,10000,0.9,0.16129136183721418,887,0.466270903286013,0.1774046085922798,0.5332581736189402,1.1143107531714855
20260907T221751Z_3abdfd02,NEW12,BTC,external_ofi,30000,0.9,0.16129136183721418,336,0.37119953863206817,0.48699642784588715,0.5684523809523809,2.117691261832859
20260907T221751Z_3abdfd02,NEW12,BTC,external_ofi,100,0.95,0.43050028455248796,2365,0.2049987554021441,0.0,0.25750528541226214,0.2079594375301994
20260907T221751Z_3abdfd02,NEW12,BTC,external_ofi,200,0.95,0.43050028455248796,2365,0.27176767143451963,0.0,0.32346723044397463,0.27872034080797836
20260907T221751Z_3abdfd02,NEW12,BTC,external_ofi,500,0.95,0.43050028455248796,2365,0.343240128546742,0.0,0.39069767441860465,0.3761818504538797
20260907T221751Z_3abdfd02,NEW12,BTC,external_ofi,1000,0.95,0.43050028455248796,2365,0.3999014425630996,0.0,0.4558139534883721,0.47148378359412746
20260907T221751Z_3abdfd02,NEW12,BTC,external_ofi,2000,0.95,0.43050028455248796,1822,0.45978091071685684,0.05064208410121562,0.513172338090011,0.6177822976496308
20260907T221751Z_3abdfd02,NEW12,BTC,external_ofi,5000,0.95,0.43050028455248796,1164,0.48077083785754615,0.2720233572839348,0.5661512027491409,0.9042375253188344
20260907T221751Z_3abdfd02,NEW12,BTC,external_ofi,10000,0.95,0.43050028455248796,740,0.5689998195618068,0.44875721391945955,0.5918918918918918,1.237414679663831
20260907T221751Z_3abdfd02,NEW12,BTC,external_ofi,30000,0.95,0.43050028455248796,303,0.47446797703524185,0.22760076549777075,0.5412541254125413,2.061172944889836
20260907T221751Z_3abdfd02,NEW12,BTC,external_trade_flow,100,0.8,1.0,8880,0.011815231381742824,0.0,0.02533783783783784,0.01795218317162965
20260907T221751Z_3abdfd02,NEW12,BTC,external_trade_flow,200,0.8,1.0,8879,0.019230556926695265,0.0,0.041896609978601194,0.0366611133508429
20260907T221751Z_3abdfd02,NEW12,BTC,external_trade_flow,500,0.8,1.0,8879,0.033747522448195136,0.0,0.08097758756616737,0.08760640866441574
20260907T221751Z_3abdfd02,NEW12,BTC,external_trade_flow,1000,0.8,1.0,8879,0.04335349405976612,0.0,0.12580245523144498,0.16291438549268025
20260907T221751Z_3abdfd02,NEW12,BTC,external_trade_flow,2000,0.8,1.0,4876,0.05003453373820535,0.0,0.19237079573420837,0.2995835502401043
20260907T221751Z_3abdfd02,NEW12,BTC,external_trade_flow,5000,0.8,1.0,2069,0.043975632623339915,0.0,0.32044465925567905,0.6126610251254319
20260907T221751Z_3abdfd02,NEW12,BTC,external_trade_flow,10000,0.8,1.0,1055,0.029567871065172828,0.0,0.3962085308056872,0.9851909867258897
20260907T221751Z_3abdfd02,NEW12,BTC,external_trade_flow,30000,0.8,1.0,357,0.002910486887939627,0.0,0.4957983193277311,1.9511412070984528
20260907T221751Z_3abdfd02,NEW12,BTC,external_trade_flow,100,0.9,1.0,8880,0.011815231381742824,0.0,0.02533783783783784,0.01795218317162965
20260907T221751Z_3abdfd02,NEW12,BTC,external_trade_flow,200,0.9,1.0,8879,0.019230556926695265,0.0,0.041896609978601194,0.0366611133508429
20260907T221751Z_3abdfd02,NEW12,BTC,external_trade_flow,500,0.9,1.0,8879,0.033747522448195136,0.0,0.08097758756616737,0.08760640866441574
20260907T221751Z_3abdfd02,NEW12,BTC,external_trade_flow,1000,0.9,1.0,8879,0.04335349405976612,0.0,0.12580245523144498,0.16291438549268025
20260907T221751Z_3abdfd02,NEW12,BTC,external_trade_flow,2000,0.9,1.0,4876,0.05003453373820535,0.0,0.19237079573420837,0.2995835502401043
20260907T221751Z_3abdfd02,NEW12,BTC,external_trade_flow,5000,0.9,1.0,2069,0.043975632623339915,0.0,0.32044465925567905,0.6126610251254319
20260907T221751Z_3abdfd02,NEW12,BTC,external_trade_flow,10000,0.9,1.0,1055,0.029567871065172828,0.0,0.3962085308056872,0.9851909867258897
20260907T221751Z_3abdfd02,NEW12,BTC,external_trade_flow,30000,0.9,1.0,357,0.002910486887939627,0.0,0.4957983193277311,1.9511412070984528
20260907T221751Z_3abdfd02,NEW12,BTC,external_trade_flow,100,0.95,1.0,8880,0.011815231381742824,0.0,0.02533783783783784,0.01795218317162965
20260907T221751Z_3abdfd02,NEW12,BTC,external_trade_flow,200,0.95,1.0,8879,0.019230556926695265,0.0,0.041896609978601194,0.0366611133508429
20260907T221751Z_3abdfd02,NEW12,BTC,external_trade_flow,500,0.95,1.0,8879,0.033747522448195136,0.0,0.08097758756616737,0.08760640866441574
20260907T221751Z_3abdfd02,NEW12,BTC,external_trade_flow,1000,0.95,1.0,8879,0.04335349405976612,0.0,0.12580245523144498,0.16291438549268025
20260907T221751Z_3abdfd02,NEW12,BTC,external_trade_flow,2000,0.95,1.0,4876,0.05003453373820535,0.0,0.19237079573420837,0.2995835502401043
20260907T221751Z_3abdfd02,NEW12,BTC,external_trade_flow,5000,0.95,1.0,2069,0.043975632623339915,0.0,0.32044465925567905,0.6126610251254319
20260907T221751Z_3abdfd02,NEW12,BTC,external_trade_flow,10000,0.95,1.0,1055,0.029567871065172828,0.0,0.3962085308056872,0.9851909867258897
20260907T221751Z_3abdfd02,NEW12,BTC,external_trade_flow,30000,0.95,1.0,357,0.002910486887939627,0.0,0.4957983193277311,1.9511412070984528
20260907T221751Z_3abdfd02,NEW12,BTC,fair_accel_100ms,100,0.8,7.326050412476268e-07,4069,0.09179643679037715,0.0,0.12312607520275252,0.10006266347116988
20260907T221751Z_3abdfd02,NEW12,BTC,fair_accel_100ms,200,0.8,7.326050412476268e-07,4069,0.12591002234422802,0.0,0.16023593020398133,0.14260093844112567
20260907T221751Z_3abdfd02,NEW12,BTC,fair_accel_100ms,500,0.8,7.326050412476268e-07,4069,0.16133203848590244,0.0,0.21602359302039814,0.21841875940547806
20260907T221751Z_3abdfd02,NEW12,BTC,fair_accel_100ms,1000,0.8,7.326050412476268e-07,4069,0.19380526203943568,0.0,0.2727942983534038,0.3069211635917599
20260907T221751Z_3abdfd02,NEW12,BTC,fair_accel_100ms,2000,0.8,7.326050412476268e-07,2787,0.2421287674084009,0.0,0.34266236096160746,0.4518806539148207
20260907T221751Z_3abdfd02,NEW12,BTC,fair_accel_100ms,5000,0.8,7.326050412476268e-07,1510,0.29684644319786874,0.0,0.4609271523178808,0.7506589456998319
20260907T221751Z_3abdfd02,NEW12,BTC,fair_accel_100ms,10000,0.8,7.326050412476268e-07,886,0.3594393086234961,0.0884415710911135,0.5158013544018059,1.1456094353545951
20260907T221751Z_3abdfd02,NEW12,BTC,fair_accel_100ms,30000,0.8,7.326050412476268e-07,334,0.351331046732181,0.3407522605414215,0.5718562874251497,2.165860385662643
20260907T221751Z_3abdfd02,NEW12,BTC,fair_accel_100ms,100,0.9,0.021046954860104546,2967,0.1427261769052333,0.0,0.1796427367711493,0.14968467904277516
20260907T221751Z_3abdfd02,NEW12,BTC,fair_accel_100ms,200,0.9,0.021046954860104546,2967,0.18923469653341343,0.0,0.22682844624199527,0.2060751096502735
20260907T221751Z_3abdfd02,NEW12,BTC,fair_accel_100ms,500,0.9,0.021046954860104546,2967,0.2355206949430561,0.0,0.2827772160431412,0.28972118192215507
20260907T221751Z_3abdfd02,NEW12,BTC,fair_accel_100ms,1000,0.9,0.021046954860104546,2967,0.26493922167555656,0.0,0.3356926188068756,0.3760007147864537
20260907T221751Z_3abdfd02,NEW12,BTC,fair_accel_100ms,2000,0.9,0.021046954860104546,2228,0.31535696059391155,0.0,0.3877917414721723,0.5140272594376047
20260907T221751Z_3abdfd02,NEW12,BTC,fair_accel_100ms,5000,0.9,0.021046954860104546,1333,0.3577899826091102,0.0,0.48012003000750186,0.8109678539932222
20260907T221751Z_3abdfd02,NEW12,BTC,fair_accel_100ms,10000,0.9,0.021046954860104546,816,0.4505692929326027,0.27256941670772417,0.5441176470588235,1.169106631244764
20260907T221751Z_3abdfd02,NEW12,BTC,fair_accel_100ms,30000,0.9,0.021046954860104546,322,0.35677565380627063,0.5636018382160213,0.6086956521739131,2.143644567227552
20260907T221751Z_3abdfd02,NEW12,BTC,fair_accel_100ms,100,0.95,0.142896402343684,1894,0.21173282752281336,0.0,0.2502639915522703,0.22017938311526813
20260907T221751Z_3abdfd02,NEW12,BTC,fair_accel_100ms,200,0.95,0.142896402343684,1894,0.27851189050544145,0.0,0.3109820485744456,0.298527851608291
20260907T221751Z_3abdfd02,NEW12,BTC,fair_accel_100ms,500,0.95,0.142896402343684,1894,0.3322277370943883,0.0,0.3743400211193242,0.39260903471548675
20260907T221751Z_3abdfd02,NEW12,BTC,fair_accel_100ms,1000,0.95,0.142896402343684,1894,0.37303386727981536,0.0,0.4303062302006336,0.48234609364933073
20260907T221751Z_3abdfd02,NEW12,BTC,fair_accel_100ms,2000,0.95,0.142896402343684,1516,0.4515813783506269,0.006311039586481826,0.5,0.6295387947844047
20260907T221751Z_3abdfd02,NEW12,BTC,fair_accel_100ms,5000,0.95,0.142896402343684,1013,0.5388663909754239,0.3285659675178465,0.5784797630799605,0.9117670943644803
20260907T221751Z_3abdfd02,NEW12,BTC,fair_accel_100ms,10000,0.95,0.142896402343684,672,0.5398749156445668,0.48084045270568865,0.6130952380952381,1.2681615317203359
20260907T221751Z_3abdfd02,NEW12,BTC,fair_accel_100ms,30000,0.95,0.142896402343684,297,0.4013726956188529,0.5076196887920936,0.5892255892255892,2.1214634697495534
20260907T221751Z_3abdfd02,NEW12,BTC,fair_gap_reversion,100,0.8,0.4160033864897273,2631,0.10695785000276241,0.0,0.09502090459901179,0.11565352992030498
20260907T221751Z_3abdfd02,NEW12,BTC,fair_gap_reversion,200,0.8,0.4160033864897273,2631,0.1315460643204063,0.0,0.12048650703154694,0.15522547973786244
20260907T221751Z_3abdfd02,NEW12,BTC,fair_gap_reversion,500,0.8,0.4160033864897273,2631,0.15385089902133192,0.0,0.16495629038388446,0.21523902263107572
20260907T221751Z_3abdfd02,NEW12,BTC,fair_gap_reversion,1000,0.8,0.4160033864897273,2631,0.19441014192517003,0.0,0.2185480805777271,0.30119047517307246
20260907T221751Z_3abdfd02,NEW12,BTC,fair_gap_reversion,2000,0.8,0.4160033864897273,1595,0.294965256776575,0.0,0.3341692789968652,0.5180254207687491
20260907T221751Z_3abdfd02,NEW12,BTC,fair_gap_reversion,5000,0.8,0.4160033864897273,880,0.43301444468896294,0.0,0.4943181818181818,0.9388447818353571
20260907T221751Z_3abdfd02,NEW12,BTC,fair_gap_reversion,10000,0.8,0.4160033864897273,579,0.41685217449463824,0.26557284378503354,0.542314335060449,1.2903189635486103
20260907T221751Z_3abdfd02,NEW12,BTC,fair_gap_reversion,30000,0.8,0.4160033864897273,268,0.586202792788663,0.42941054625766917,0.5597014925373134,2.2585300529322163
20260907T221751Z_3abdfd02,NEW12,BTC,fair_gap_reversion,100,0.9,0.5374800965145535,1466,0.18864913248408582,0.0,0.15006821282401092,0.19971734509283107
20260907T221751Z_3abdfd02,NEW12,BTC,fair_gap_reversion,200,0.9,0.5374800965145535,1466,0.21787980557888897,0.0,0.17326057298772168,0.24618804046195675
20260907T221751Z_3abdfd02,NEW12,BTC,fair_gap_reversion,500,0.9,0.5374800965145535,1466,0.2326270375398856,0.0,0.21759890859481582,0.3121690545995642
20260907T221751Z_3abdfd02,NEW12,BTC,fair_gap_reversion,1000,0.9,0.5374800965145535,1466,0.28073616783168187,0.0,0.2810368349249659,0.40851183842970634
20260907T221751Z_3abdfd02,NEW12,BTC,fair_gap_reversion,2000,0.9,0.5374800965145535,959,0.4138124846444077,0.0,0.40667361835245047,0.6582669455974656
20260907T221751Z_3abdfd02,NEW12,BTC,fair_gap_reversion,5000,0.9,0.5374800965145535,594,0.5582634136949658,0.3352972410347599,0.563973063973064,1.0659556059346222
20260907T221751Z_3abdfd02,NEW12,BTC,fair_gap_reversion,10000,0.9,0.5374800965145535,432,0.5836647047352976,0.5115729331445218,0.6018518518518519,1.407088048201811
20260907T221751Z_3abdfd02,NEW12,BTC,fair_gap_reversion,30000,0.9,0.5374800965145535,233,0.7490489456482193,0.6318608238076173,0.5836909871244635,2.277728072053638
20260907T221751Z_3abdfd02,NEW12,BTC,fair_gap_reversion,100,0.95,0.6382106172260202,829,0.2880563076708258,0.0,0.20627261761158022,0.29844145688520174
20260907T221751Z_3abdfd02,NEW12,BTC,fair_gap_reversion,200,0.95,0.6382106172260202,829,0.3382429857170323,0.0,0.24004825090470447,0.37489413705606883
20260907T221751Z_3abdfd02,NEW12,BTC,fair_gap_reversion,500,0.95,0.6382106172260202,829,0.382344703740954,0.0,0.29191797346200243,0.44738438492353466
20260907T221751Z_3abdfd02,NEW12,BTC,fair_gap_reversion,1000,0.95,0.6382106172260202,829,0.4480750968221348,0.0,0.35826296743063935,0.5521638178313781
20260907T221751Z_3abdfd02,NEW12,BTC,fair_gap_reversion,2000,0.95,0.6382106172260202,583,0.5938440975714335,0.0,0.47684391080617494,0.8064305388129654
20260907T221751Z_3abdfd02,NEW12,BTC,fair_gap_reversion,5000,0.95,0.6382106172260202,400,0.7183196682985172,0.5556800859818356,0.62,1.1878835161711898
20260907T221751Z_3abdfd02,NEW12,BTC,fair_gap_reversion,10000,0.95,0.6382106172260202,316,0.6716486597107616,0.6006445109635328,0.6170886075949367,1.482915188905776
20260907T221751Z_3abdfd02,NEW12,BTC,fair_gap_reversion,30000,0.95,0.6382106172260202,195,0.8473232244392103,0.9751038263949852,0.6153846153846154,2.3972900743265244
20260907T221751Z_3abdfd02,NEW12,BTC,leader_gap_1000ms,100,0.8,0.17059165188440104,2949,0.09165807105764127,0.0,0.11088504577822991,0.11932066543313473
20260907T221751Z_3abdfd02,NEW12,BTC,leader_gap_1000ms,200,0.8,0.17059165188440104,2949,0.11768617921420202,0.0,0.14309935571380128,0.1685625722389002
20260907T221751Z_3abdfd02,NEW12,BTC,leader_gap_1000ms,500,0.8,0.17059165188440104,2949,0.12997518432323796,0.0,0.18989487962021023,0.2566992916477017
20260907T221751Z_3abdfd02,NEW12,BTC,leader_gap_1000ms,1000,0.8,0.17059165188440104,2949,0.14859242786476798,0.0,0.24143777551712445,0.34199521421137785
20260907T221751Z_3abdfd02,NEW12,BTC,leader_gap_1000ms,2000,0.8,0.17059165188440104,1981,0.21315650797274213,0.0,0.32660272589601214,0.5229996518802574
20260907T221751Z_3abdfd02,NEW12,BTC,leader_gap_1000ms,5000,0.8,0.17059165188440104,1198,0.25112858430550644,0.0,0.4307178631051753,0.8421527733886
20260907T221751Z_3abdfd02,NEW12,BTC,leader_gap_1000ms,10000,0.8,0.17059165188440104,735,0.25962944230700813,0.05061064911271451,0.5156462585034014,1.2113021361604313
20260907T221751Z_3abdfd02,NEW12,BTC,leader_gap_1000ms,30000,0.8,0.17059165188440104,308,0.090477491807457,0.0,0.4967532467532468,2.0633011042027816
20260907T221751Z_3abdfd02,NEW12,BTC,leader_gap_1000ms,100,0.9,0.3823613658588739,1751,0.1584962499554457,0.0,0.1519131924614506,0.18899567905677567
20260907T221751Z_3abdfd02,NEW12,BTC,leader_gap_1000ms,200,0.9,0.3823613658588739,1751,0.18640494844781338,0.0,0.18675042832667046,0.24731154372450093
20260907T221751Z_3abdfd02,NEW12,BTC,leader_gap_1000ms,500,0.9,0.3823613658588739,1751,0.20227151952620281,0.0,0.22330097087378642,0.312939593095807
20260907T221751Z_3abdfd02,NEW12,BTC,leader_gap_1000ms,1000,0.9,0.3823613658588739,1751,0.22687618079014463,0.0,0.2712735579668761,0.39770077862461306
20260907T221751Z_3abdfd02,NEW12,BTC,leader_gap_1000ms,2000,0.9,0.3823613658588739,1289,0.30251643901178926,0.0,0.3669511249030256,0.5932027570151327
20260907T221751Z_3abdfd02,NEW12,BTC,leader_gap_1000ms,5000,0.9,0.3823613658588739,882,0.2845761680691443,0.0,0.4557823129251701,0.9166438846793419
20260907T221751Z_3abdfd02,NEW12,BTC,leader_gap_1000ms,10000,0.9,0.3823613658588739,597,0.2984879298138669,0.0,0.49748743718592964,1.2478068967802307
20260907T221751Z_3abdfd02,NEW12,BTC,leader_gap_1000ms,30000,0.9,0.3823613658588739,276,0.4451850349533664,0.25292295761980554,0.532608695652174,2.1604977673471955
20260907T221751Z_3abdfd02,NEW12,BTC,leader_gap_1000ms,100,0.95,0.5719797167954765,1041,0.2224236489550979,0.0,0.18635926993275698,0.24933797243114744
20260907T221751Z_3abdfd02,NEW12,BTC,leader_gap_1000ms,200,0.95,0.5719797167954765,1041,0.2578451488315248,0.0,0.21229586935638808,0.30868947042681005
20260907T221751Z_3abdfd02,NEW12,BTC,leader_gap_1000ms,500,0.95,0.5719797167954765,1041,0.2718610062177214,0.0,0.25552353506243997,0.3757265467411855
20260907T221751Z_3abdfd02,NEW12,BTC,leader_gap_1000ms,1000,0.95,0.5719797167954765,1041,0.302816908685054,0.0,0.3121998078770413,0.484241993479647
20260907T221751Z_3abdfd02,NEW12,BTC,leader_gap_1000ms,2000,0.95,0.5719797167954765,820,0.423893961087588,0.0,0.41341463414634144,0.6871009320492225
20260907T221751Z_3abdfd02,NEW12,BTC,leader_gap_1000ms,5000,0.95,0.5719797167954765,613,0.4503410345798632,0.050644418572165506,0.5138662316476346,0.9963236102609819
20260907T221751Z_3abdfd02,NEW12,BTC,leader_gap_1000ms,10000,0.95,0.5719797167954765,451,0.46462908963215865,0.2665460017137189,0.549889135254989,1.3133161677402836
20260907T221751Z_3abdfd02,NEW12,BTC,leader_gap_1000ms,30000,0.95,0.5719797167954765,242,0.5960602405125127,0.7480669983217503,0.5867768595041323,2.347744694002946
20260907T221751Z_3abdfd02,NEW12,BTC,leader_gap_100ms,100,0.8,0.0005614720668427189,4249,0.0719568293249037,0.0,0.09696399152741822,0.09515655809965146
20260907T221751Z_3abdfd02,NEW12,BTC,leader_gap_100ms,200,0.8,0.0005614720668427189,4249,0.09275936407023788,0.0,0.12567662979524594,0.13785578273641966
20260907T221751Z_3abdfd02,NEW12,BTC,leader_gap_100ms,500,0.8,0.0005614720668427189,4249,0.09787621078492663,0.0,0.16286184984702282,0.20963161463424848
20260907T221751Z_3abdfd02,NEW12,BTC,leader_gap_100ms,1000,0.8,0.0005614720668427189,4249,0.09642020977909128,0.0,0.20192986585078843,0.29520564468037336
20260907T221751Z_3abdfd02,NEW12,BTC,leader_gap_100ms,2000,0.8,0.0005614720668427189,2829,0.13128782230311112,0.0,0.27288794627076707,0.447592980066081
20260907T221751Z_3abdfd02,NEW12,BTC,leader_gap_100ms,5000,0.8,0.0005614720668427189,1518,0.17352083028490808,0.0,0.3801054018445323,0.7451757218812485
20260907T221751Z_3abdfd02,NEW12,BTC,leader_gap_100ms,10000,0.8,0.0005614720668427189,890,0.2089707078198364,0.0,0.46179775280898877,1.1257040402279845
20260907T221751Z_3abdfd02,NEW12,BTC,leader_gap_100ms,30000,0.8,0.0005614720668427189,337,0.33037522398294444,0.16451500028935584,0.5252225519287834,2.0927635200860455
20260907T221751Z_3abdfd02,NEW12,BTC,leader_gap_100ms,100,0.9,0.000850063060266295,3556,0.09095416788075421,0.0,0.12485939257592801,0.1203132127519092
20260907T221751Z_3abdfd02,NEW12,BTC,leader_gap_100ms,200,0.9,0.000850063060266295,3556,0.11773358839862536,0.0,0.15832395950506187,0.1699564459751425
20260907T221751Z_3abdfd02,NEW12,BTC,leader_gap_100ms,500,0.9,0.000850063060266295,3556,0.13294959339370718,0.0,0.2016310461192351,0.24743932326872328
20260907T221751Z_3abdfd02,NEW12,BTC,leader_gap_100ms,1000,0.9,0.000850063060266295,3556,0.14329819495338228,0.0,0.2438132733408324,0.3343899441803357
20260907T221751Z_3abdfd02,NEW12,BTC,leader_gap_100ms,2000,0.9,0.000850063060266295,2568,0.1802057836181521,0.0,0.3052959501557632,0.4732529288386558
20260907T221751Z_3abdfd02,NEW12,BTC,leader_gap_100ms,5000,0.9,0.000850063060266295,1467,0.23161288616729825,0.0,0.4042263122017723,0.7585511342892123
20260907T221751Z_3abdfd02,NEW12,BTC,leader_gap_100ms,10000,0.9,0.000850063060266295,872,0.21562116390505484,0.0,0.463302752293578,1.1249180251042559
20260907T221751Z_3abdfd02,NEW12,BTC,leader_gap_100ms,30000,0.9,0.000850063060266295,333,0.4225272957127114,0.3032215393417026,0.5555555555555556,2.1032582381285345
20260907T221751Z_3abdfd02,NEW12,BTC,leader_gap_100ms,100,0.95,0.09670066314937262,2537,0.13400109490605613,0.0,0.1647615293653922,0.1692413153367962
20260907T221751Z_3abdfd02,NEW12,BTC,leader_gap_100ms,200,0.95,0.09670066314937262,2537,0.16730404326339798,0.0,0.20063066614111155,0.22760449850474793
20260907T221751Z_3abdfd02,NEW12,BTC,leader_gap_100ms,500,0.95,0.09670066314937262,2537,0.18421238531597306,0.0,0.24004729996058335,0.3089225696220744
20260907T221751Z_3abdfd02,NEW12,BTC,leader_gap_100ms,1000,0.95,0.09670066314937262,2537,0.2029343306462759,0.0,0.28301143082380764,0.39797968462493594
20260907T221751Z_3abdfd02,NEW12,BTC,leader_gap_100ms,2000,0.95,0.09670066314937262,1954,0.2198325522052862,0.0,0.33623336745138177,0.5365081310916898
20260907T221751Z_3abdfd02,NEW12,BTC,leader_gap_100ms,5000,0.95,0.09670066314937262,1215,0.2553343883455894,0.0,0.4444444444444444,0.8470513993468805
20260907T221751Z_3abdfd02,NEW12,BTC,leader_gap_100ms,10000,0.95,0.09670066314937262,756,0.3028379768914063,0.06946426165610475,0.5132275132275133,1.1914157335631554
20260907T221751Z_3abdfd02,NEW12,BTC,leader_gap_100ms,30000,0.95,0.09670066314937262,316,0.42405517282755234,0.43647397449220193,0.5727848101265823,2.090850109417235
20260907T221751Z_3abdfd02,NEW12,BTC,leader_gap_200ms,100,0.8,0.0012906521827021598,4061,0.07738824159109572,0.0,0.10391529180004924,0.10173314150230311
20260907T221751Z_3abdfd02,NEW12,BTC,leader_gap_200ms,200,0.8,0.0012906521827021598,4061,0.09695736603683375,0.0,0.13247968480669786,0.14451294717443144
20260907T221751Z_3abdfd02,NEW12,BTC,leader_gap_200ms,500,0.8,0.0012906521827021598,4061,0.10671422158813987,0.0,0.1733563161782812,0.21846832305152725
20260907T221751Z_3abdfd02,NEW12,BTC,leader_gap_200ms,1000,0.8,0.0012906521827021598,4061,0.1133745717788144,0.0,0.2171878847574489,0.3081856722581677
20260907T221751Z_3abdfd02,NEW12,BTC,leader_gap_200ms,2000,0.8,0.0012906521827021598,2787,0.14199739057303787,0.0,0.28202368137782563,0.45344244453018373
20260907T221751Z_3abdfd02,NEW12,BTC,leader_gap_200ms,5000,0.8,0.0012906521827021598,1511,0.19989212306821752,0.0,0.38980807412309726,0.7524586952485173
20260907T221751Z_3abdfd02,NEW12,BTC,leader_gap_200ms,10000,0.8,0.0012906521827021598,886,0.23066691707035744,0.0,0.45598194130925507,1.1461083660259075
20260907T221751Z_3abdfd02,NEW12,BTC,leader_gap_200ms,30000,0.8,0.0012906521827021598,334,0.19296131006311906,0.24708100179404724,0.5359281437125748,2.160113211145647
20260907T221751Z_3abdfd02,NEW12,BTC,leader_gap_200ms,100,0.9,0.051161124820844346,2996,0.11234900004670557,0.0,0.14218958611481977,0.1452173756319056
20260907T221751Z_3abdfd02,NEW12,BTC,leader_gap_200ms,200,0.9,0.051161124820844346,2996,0.1427981544892819,0.0,0.1795727636849132,0.20118886741288936
20260907T221751Z_3abdfd02,NEW12,BTC,leader_gap_200ms,500,0.9,0.051161124820844346,2996,0.15754500782562428,0.0,0.22429906542056074,0.28042602718921616
20260907T221751Z_3abdfd02,NEW12,BTC,leader_gap_200ms,1000,0.9,0.051161124820844346,2996,0.17594930817015905,0.0,0.2683578104138852,0.36679684099690407
20260907T221751Z_3abdfd02,NEW12,BTC,leader_gap_200ms,2000,0.9,0.051161124820844346,2250,0.19155387354589426,0.0,0.31866666666666665,0.5010882684947675
20260907T221751Z_3abdfd02,NEW12,BTC,leader_gap_200ms,5000,0.9,0.051161124820844346,1330,0.23868308797140814,0.0,0.4150375939849624,0.7894891660274064
20260907T221751Z_3abdfd02,NEW12,BTC,leader_gap_200ms,10000,0.9,0.051161124820844346,809,0.23653946178649993,0.0,0.4820766378244747,1.1601565031314023
20260907T221751Z_3abdfd02,NEW12,BTC,leader_gap_200ms,30000,0.9,0.051161124820844346,323,0.47772927933333476,0.6083322507977051,0.5882352941176471,2.221063042794436
20260907T221751Z_3abdfd02,NEW12,BTC,leader_gap_200ms,100,0.95,0.21594431599184843,1915,0.15544596592340193,0.0,0.17859007832898172,0.19740119102428677
20260907T221751Z_3abdfd02,NEW12,BTC,leader_gap_200ms,200,0.95,0.21594431599184843,1915,0.19144514787057287,0.0,0.2193211488250653,0.26843706087500924
20260907T221751Z_3abdfd02,NEW12,BTC,leader_gap_200ms,500,0.95,0.21594431599184843,1915,0.20191496876025247,0.0,0.2548302872062663,0.35678755324647266
20260907T221751Z_3abdfd02,NEW12,BTC,leader_gap_200ms,1000,0.95,0.21594431599184843,1915,0.21518991361005563,0.0,0.29817232375979114,0.44075329577856376
20260907T221751Z_3abdfd02,NEW12,BTC,leader_gap_200ms,2000,0.95,0.21594431599184843,1551,0.23466370067189762,0.0,0.3436492585428756,0.5732969706863271
20260907T221751Z_3abdfd02,NEW12,BTC,leader_gap_200ms,5000,0.95,0.21594431599184843,1034,0.2400780017942763,0.0,0.4400386847195358,0.8795032678883893
20260907T221751Z_3abdfd02,NEW12,BTC,leader_gap_200ms,10000,0.95,0.21594431599184843,672,0.2829934296767574,0.0,0.49851190476190477,1.2505185151475937
20260907T221751Z_3abdfd02,NEW12,BTC,leader_gap_200ms,30000,0.95,0.21594431599184843,293,0.35041002773919483,0.17722046162349514,0.5255972696245734,2.101533033310641
20260907T221751Z_3abdfd02,NEW12,BTC,leader_gap_500ms,100,0.8,0.03908880900646361,3465,0.09037128184741677,0.0,0.1215007215007215,0.12222714965243145
20260907T221751Z_3abdfd02,NEW12,BTC,leader_gap_500ms,200,0.8,0.03908880900646361,3465,0.11266192232478416,0.0,0.1523809523809524,0.167897525514801
20260907T221751Z_3abdfd02,NEW12,BTC,leader_gap_500ms,500,0.8,0.03908880900646361,3465,0.12851401446191377,0.0,0.19884559884559885,0.24805150440745244
20260907T221751Z_3abdfd02,NEW12,BTC,leader_gap_500ms,1000,0.8,0.03908880900646361,3465,0.14451586090378246,0.0,0.24675324675324675,0.3351739563204498
20260907T221751Z_3abdfd02,NEW12,BTC,leader_gap_500ms,2000,0.8,0.03908880900646361,2486,0.18752572077729782,0.0,0.31174577634754624,0.47527912893376345
20260907T221751Z_3abdfd02,NEW12,BTC,leader_gap_500ms,5000,0.8,0.03908880900646361,1407,0.20527157516762473,0.0,0.40653873489694387,0.7724350585702668
20260907T221751Z_3abdfd02,NEW12,BTC,leader_gap_500ms,10000,0.8,0.03908880900646361,834,0.2853178523750881,0.0,0.49280575539568344,1.1598375152028155
20260907T221751Z_3abdfd02,NEW12,BTC,leader_gap_500ms,30000,0.8,0.03908880900646361,330,0.348287462710509,0.5690668886987327,0.5696969696969697,2.1451728870421705
20260907T221751Z_3abdfd02,NEW12,BTC,leader_gap_500ms,100,0.9,0.21832558331772514,2088,0.13774179776055076,0.0,0.16091954022988506,0.1753313296471605
20260907T221751Z_3abdfd02,NEW12,BTC,leader_gap_500ms,200,0.9,0.21832558331772514,2088,0.16921294581489832,0.0,0.19923371647509577,0.23418136787236055
20260907T221751Z_3abdfd02,NEW12,BTC,leader_gap_500ms,500,0.9,0.21832558331772514,2088,0.18309248423575436,0.0,0.23994252873563218,0.32523869828433344
20260907T221751Z_3abdfd02,NEW12,BTC,leader_gap_500ms,1000,0.9,0.21832558331772514,2088,0.19954669611828285,0.0,0.28544061302681994,0.4149041213434977
20260907T221751Z_3abdfd02,NEW12,BTC,leader_gap_500ms,2000,0.9,0.21832558331772514,1630,0.253118718986837,0.0,0.35460122699386504,0.5626142838348211
20260907T221751Z_3abdfd02,NEW12,BTC,leader_gap_500ms,5000,0.9,0.21832558331772514,1063,0.2584910389196388,0.0,0.44026340545625586,0.8582334023032241
20260907T221751Z_3abdfd02,NEW12,BTC,leader_gap_500ms,10000,0.9,0.21832558331772514,685,0.32685054637216504,0.07591520524430351,0.5197080291970803,1.24249420433943
20260907T221751Z_3abdfd02,NEW12,BTC,leader_gap_500ms,30000,0.9,0.21832558331772514,296,0.36659967334296445,0.22756045123695223,0.5371621621621622,2.099260490118718
20260907T221751Z_3abdfd02,NEW12,BTC,leader_gap_500ms,100,0.95,0.43074177952707293,1300,0.2071428744245758,0.0,0.18692307692307691,0.23899561393806787
20260907T221751Z_3abdfd02,NEW12,BTC,leader_gap_500ms,200,0.95,0.43074177952707293,1300,0.2454681968885336,0.0,0.22,0.30114388638719897
20260907T221751Z_3abdfd02,NEW12,BTC,leader_gap_500ms,500,0.95,0.43074177952707293,1300,0.25506987965702166,0.0,0.2553846153846154,0.37237426912645116
20260907T221751Z_3abdfd02,NEW12,BTC,leader_gap_500ms,1000,0.95,0.43074177952707293,1300,0.275036916855333,0.0,0.3030769230769231,0.45801679448382365
20260907T221751Z_3abdfd02,NEW12,BTC,leader_gap_500ms,2000,0.95,0.43074177952707293,1091,0.32262868523875265,0.0,0.36480293308890926,0.6119877579670141
20260907T221751Z_3abdfd02,NEW12,BTC,leader_gap_500ms,5000,0.95,0.43074177952707293,781,0.35008462626294706,0.0,0.469910371318822,0.924195323080123
20260907T221751Z_3abdfd02,NEW12,BTC,leader_gap_500ms,10000,0.95,0.43074177952707293,544,0.3179550305371317,0.03789685848798463,0.5091911764705882,1.3153365817924523
20260907T221751Z_3abdfd02,NEW12,BTC,leader_gap_500ms,30000,0.95,0.43074177952707293,262,0.4670204390013822,0.27840055906003247,0.5419847328244275,2.2802562828829824
20260907T221751Z_3abdfd02,NEW12,ETH,bitget_ofi,100,0.8,0.3648355298790397,3984,0.08087129235754038,0.0,0.11947791164658635,0.09314332779481879
20260907T221751Z_3abdfd02,NEW12,ETH,bitget_ofi,200,0.8,0.3648355298790397,3984,0.11829132772165822,0.0,0.17520080321285142,0.14339016848884498
20260907T221751Z_3abdfd02,NEW12,ETH,bitget_ofi,500,0.8,0.3648355298790397,3984,0.17011076281804424,0.0,0.2575301204819277,0.24595907913862564
20260907T221751Z_3abdfd02,NEW12,ETH,bitget_ofi,1000,0.8,0.3648355298790397,3984,0.19902530218341924,0.0,0.33308232931726905,0.3631428855680883
20260907T221751Z_3abdfd02,NEW12,ETH,bitget_ofi,2000,0.8,0.3648355298790397,2834,0.21410699324617108,0.0,0.4089625970359915,0.5316515853108934
20260907T221751Z_3abdfd02,NEW12,ETH,bitget_ofi,5000,0.8,0.3648355298790397,1569,0.1805039046606041,0.0,0.4722753346080306,0.9037807513676467
20260907T221751Z_3abdfd02,NEW12,ETH,bitget_ofi,10000,0.8,0.3648355298790397,906,0.18704514697167762,0.08032612723751775,0.5187637969094923,1.3555273978033429
20260907T221751Z_3abdfd02,NEW12,ETH,bitget_ofi,30000,0.8,0.3648355298790397,335,0.16476532543547331,0.16035952605686354,0.5223880597014925,2.4648511172199514
20260907T221751Z_3abdfd02,NEW12,ETH,bitget_ofi,100,0.9,0.8091478770890127,2643,0.09207860991287933,0.0,0.14831630722663638,0.1101833241974037
20260907T221751Z_3abdfd02,NEW12,ETH,bitget_ofi,200,0.9,0.8091478770890127,2643,0.13772655897595024,0.0,0.21415058645478624,0.16611965066989354
20260907T221751Z_3abdfd02,NEW12,ETH,bitget_ofi,500,0.9,0.8091478770890127,2643,0.19336845957145735,0.0,0.2943624668936814,0.2785659590033887
20260907T221751Z_3abdfd02,NEW12,ETH,bitget_ofi,1000,0.9,0.8091478770890127,2643,0.22865475421020318,0.0,0.364737041241014,0.3935811833958585
20260907T221751Z_3abdfd02,NEW12,ETH,bitget_ofi,2000,0.9,0.8091478770890127,2074,0.25642006404244,0.0,0.43924783027965286,0.5528476899988426
20260907T221751Z_3abdfd02,NEW12,ETH,bitget_ofi,5000,0.9,0.8091478770890127,1284,0.3298011627872682,0.08043629087017834,0.5155763239875389,0.9855743377674252
20260907T221751Z_3abdfd02,NEW12,ETH,bitget_ofi,10000,0.9,0.8091478770890127,797,0.36390660342295733,0.20125786163616155,0.560853199498118,1.3522138500064027
20260907T221751Z_3abdfd02,NEW12,ETH,bitget_ofi,30000,0.9,0.8091478770890127,320,0.25644634644290953,0.26166808882288617,0.5375,2.557276671910795
20260907T221751Z_3abdfd02,NEW12,ETH,bitget_ofi,100,0.95,1.1382049137773622,1579,0.10919197479324697,0.0,0.1811272957568081,0.13369914629041815
20260907T221751Z_3abdfd02,NEW12,ETH,bitget_ofi,200,0.95,1.1382049137773622,1579,0.15557397946188217,0.0,0.25015832805573146,0.20570326519685045
20260907T221751Z_3abdfd02,NEW12,ETH,bitget_ofi,500,0.95,1.1382049137773622,1579,0.2054131943875887,0.0,0.3217226092463585,0.3138877580627691
20260907T221751Z_3abdfd02,NEW12,ETH,bitget_ofi,1000,0.95,1.1382049137773622,1579,0.24394841019761143,0.0,0.39265357821405955,0.44034829216297466
20260907T221751Z_3abdfd02,NEW12,ETH,bitget_ofi,2000,0.95,1.1382049137773622,1341,0.26738644043152565,0.0,0.44146159582401195,0.605494938400316
20260907T221751Z_3abdfd02,NEW12,ETH,bitget_ofi,5000,0.95,1.1382049137773622,945,0.3095031330763605,0.16086707352647167,0.5312169312169313,1.0320071188442836
20260907T221751Z_3abdfd02,NEW12,ETH,bitget_ofi,10000,0.95,1.1382049137773622,653,0.24404074260142095,0.20125786163616155,0.5635528330781011,1.3529888168156454
20260907T221751Z_3abdfd02,NEW12,ETH,bitget_ofi,30000,0.95,1.1382049137773622,289,0.39930503079312746,0.5232198952365152,0.5640138408304498,2.5766859709099412
20260907T221751Z_3abdfd02,NEW12,ETH,bitget_trade_flow,100,0.8,1.0,4122,0.10730762680493626,0.0,0.14944201843765162,0.12420465357978332
20260907T221751Z_3abdfd02,NEW12,ETH,bitget_trade_flow,200,0.8,1.0,4122,0.13657020224096708,0.0,0.195536147501213,0.17683147584501463
20260907T221751Z_3abdfd02,NEW12,ETH,bitget_trade_flow,500,0.8,1.0,4122,0.15779016700360848,0.0,0.2537603105288695,0.2659437439713783
20260907T221751Z_3abdfd02,NEW12,ETH,bitget_trade_flow,1000,0.8,1.0,4122,0.17687316861253033,0.0,0.3131974769529355,0.3860710511494226
20260907T221751Z_3abdfd02,NEW12,ETH,bitget_trade_flow,2000,0.8,1.0,2917,0.19425355311898984,0.0,0.3815563935550223,0.5558761212431856
20260907T221751Z_3abdfd02,NEW12,ETH,bitget_trade_flow,5000,0.8,1.0,1598,0.20052973589204387,0.0,0.47246558197747185,0.9454967926721105
20260907T221751Z_3abdfd02,NEW12,ETH,bitget_trade_flow,10000,0.8,1.0,909,0.2347886118311304,0.08053199435753555,0.5181518151815182,1.4052111779915202
20260907T221751Z_3abdfd02,NEW12,ETH,bitget_trade_flow,30000,0.8,1.0,338,0.24066068267064353,0.22109541125858723,0.5355029585798816,2.422833200690501
20260907T221751Z_3abdfd02,NEW12,ETH,bitget_trade_flow,100,0.9,1.0,4122,0.10730762680493626,0.0,0.14944201843765162,0.12420465357978332
20260907T221751Z_3abdfd02,NEW12,ETH,bitget_trade_flow,200,0.9,1.0,4122,0.13657020224096708,0.0,0.195536147501213,0.17683147584501463
20260907T221751Z_3abdfd02,NEW12,ETH,bitget_trade_flow,500,0.9,1.0,4122,0.15779016700360848,0.0,0.2537603105288695,0.2659437439713783
20260907T221751Z_3abdfd02,NEW12,ETH,bitget_trade_flow,1000,0.9,1.0,4122,0.17687316861253033,0.0,0.3131974769529355,0.3860710511494226
20260907T221751Z_3abdfd02,NEW12,ETH,bitget_trade_flow,2000,0.9,1.0,2917,0.19425355311898984,0.0,0.3815563935550223,0.5558761212431856
20260907T221751Z_3abdfd02,NEW12,ETH,bitget_trade_flow,5000,0.9,1.0,1598,0.20052973589204387,0.0,0.47246558197747185,0.9454967926721105
20260907T221751Z_3abdfd02,NEW12,ETH,bitget_trade_flow,10000,0.9,1.0,909,0.2347886118311304,0.08053199435753555,0.5181518151815182,1.4052111779915202
20260907T221751Z_3abdfd02,NEW12,ETH,bitget_trade_flow,30000,0.9,1.0,338,0.24066068267064353,0.22109541125858723,0.5355029585798816,2.422833200690501
20260907T221751Z_3abdfd02,NEW12,ETH,bitget_trade_flow,100,0.95,1.0,4122,0.10730762680493626,0.0,0.14944201843765162,0.12420465357978332
20260907T221751Z_3abdfd02,NEW12,ETH,bitget_trade_flow,200,0.95,1.0,4122,0.13657020224096708,0.0,0.195536147501213,0.17683147584501463
20260907T221751Z_3abdfd02,NEW12,ETH,bitget_trade_flow,500,0.95,1.0,4122,0.15779016700360848,0.0,0.2537603105288695,0.2659437439713783
20260907T221751Z_3abdfd02,NEW12,ETH,bitget_trade_flow,1000,0.95,1.0,4122,0.17687316861253033,0.0,0.3131974769529355,0.3860710511494226
20260907T221751Z_3abdfd02,NEW12,ETH,bitget_trade_flow,2000,0.95,1.0,2917,0.19425355311898984,0.0,0.3815563935550223,0.5558761212431856
20260907T221751Z_3abdfd02,NEW12,ETH,bitget_trade_flow,5000,0.95,1.0,1598,0.20052973589204387,0.0,0.47246558197747185,0.9454967926721105
20260907T221751Z_3abdfd02,NEW12,ETH,bitget_trade_flow,10000,0.95,1.0,909,0.2347886118311304,0.08053199435753555,0.5181518151815182,1.4052111779915202
20260907T221751Z_3abdfd02,NEW12,ETH,bitget_trade_flow,30000,0.95,1.0,338,0.24066068267064353,0.22109541125858723,0.5355029585798816,2.422833200690501
20260907T221751Z_3abdfd02,NEW12,ETH,depth_imbalance_l1,100,0.8,0.8114602587800369,3370,0.08696684043824182,0.0,0.1406528189910979,0.09602339629223343
20260907T221751Z_3abdfd02,NEW12,ETH,depth_imbalance_l1,200,0.8,0.8114602587800369,3370,0.12919338302643163,0.0,0.20385756676557865,0.15434515430530132
20260907T221751Z_3abdfd02,NEW12,ETH,depth_imbalance_l1,500,0.8,0.8114602587800369,3370,0.21835204809410733,0.0,0.2976261127596439,0.26034540586762533
20260907T221751Z_3abdfd02,NEW12,ETH,depth_imbalance_l1,1000,0.8,0.8114602587800369,3370,0.2831527164818448,0.0,0.38486646884272996,0.3760358867552465
20260907T221751Z_3abdfd02,NEW12,ETH,depth_imbalance_l1,2000,0.8,0.8114602587800369,2220,0.3709973822923339,0.040075666234429264,0.5009009009009009,0.6024728404809891
20260907T221751Z_3abdfd02,NEW12,ETH,depth_imbalance_l1,5000,0.8,0.8114602587800369,1272,0.45406104788529283,0.3222421650550533,0.5982704402515723,0.9779920359776086
20260907T221751Z_3abdfd02,NEW12,ETH,depth_imbalance_l1,10000,0.8,0.8114602587800369,784,0.48442211422617665,0.48303345642430884,0.6326530612244898,1.4059063790802668
20260907T221751Z_3abdfd02,NEW12,ETH,depth_imbalance_l1,30000,0.8,0.8114602587800369,318,0.522013144353633,0.6637131324449541,0.5943396226415094,2.636532185579509
20260907T221751Z_3abdfd02,NEW12,ETH,depth_imbalance_l1,100,0.9,0.920110985522763,2042,0.11461162701731745,0.0,0.1772771792360431,0.1230702306314075
20260907T221751Z_3abdfd02,NEW12,ETH,depth_imbalance_l1,200,0.9,0.920110985522763,2042,0.17102394809364968,0.0,0.25514201762977473,0.18901940751819132
20260907T221751Z_3abdfd02,NEW12,ETH,depth_imbalance_l1,500,0.9,0.920110985522763,2042,0.27851058641836846,0.0,0.3574926542605289,0.31227450134590423
20260907T221751Z_3abdfd02,NEW12,ETH,depth_imbalance_l1,1000,0.9,0.920110985522763,2042,0.3619851086217259,0.0,0.4436826640548482,0.4354583701628628
20260907T221751Z_3abdfd02,NEW12,ETH,depth_imbalance_l1,2000,0.9,0.920110985522763,1475,0.460037452468763,0.2412782923943979,0.5566101694915254,0.6450433929242495
20260907T221751Z_3abdfd02,NEW12,ETH,depth_imbalance_l1,5000,0.9,0.920110985522763,966,0.5530246286465631,0.4021224033107229,0.6242236024844721,0.9730285978218994
20260907T221751Z_3abdfd02,NEW12,ETH,depth_imbalance_l1,10000,0.9,0.920110985522763,641,0.5659750754608833,0.483565814315412,0.62402496099844,1.3977132597918478
20260907T221751Z_3abdfd02,NEW12,ETH,depth_imbalance_l1,30000,0.9,0.920110985522763,288,0.5849919102019547,0.7445780032139249,0.5972222222222222,2.5630172879440876
20260907T221751Z_3abdfd02,NEW12,ETH,depth_imbalance_l1,100,0.95,0.9726044821919978,1136,0.13437226196158286,0.0,0.20158450704225353,0.1400567071902212
20260907T221751Z_3abdfd02,NEW12,ETH,depth_imbalance_l1,200,0.95,0.9726044821919978,1136,0.19663559967564556,0.0,0.28433098591549294,0.21790770189302897
20260907T221751Z_3abdfd02,NEW12,ETH,depth_imbalance_l1,500,0.95,0.9726044821919978,1136,0.3223314935099602,0.0,0.40669014084507044,0.3574797205429768
20260907T221751Z_3abdfd02,NEW12,ETH,depth_imbalance_l1,1000,0.95,0.9726044821919978,1136,0.4151489166596957,0.0,0.4867957746478873,0.48263629267663
20260907T221751Z_3abdfd02,NEW12,ETH,depth_imbalance_l1,2000,0.95,0.9726044821919978,875,0.5019204679966676,0.3214032465737038,0.5942857142857143,0.7007152986291284
20260907T221751Z_3abdfd02,NEW12,ETH,depth_imbalance_l1,5000,0.95,0.9726044821919978,642,0.5513432302836501,0.4423213397858339,0.6401869158878505,1.0362108261419527
20260907T221751Z_3abdfd02,NEW12,ETH,depth_imbalance_l1,10000,0.95,0.9726044821919978,474,0.5860460269518286,0.48343159456898377,0.6350210970464135,1.4749213818983171
20260907T221751Z_3abdfd02,NEW12,ETH,depth_imbalance_l1,30000,0.95,0.9726044821919978,247,0.47430450467413604,0.7625912851871863,0.6032388663967612,2.5960538307519876
20260907T221751Z_3abdfd02,NEW12,ETH,depth_imbalance_l5,100,0.8,0.687263566272806,3500,0.08098685002435982,0.0,0.11942857142857143,0.08640689155343853
20260907T221751Z_3abdfd02,NEW12,ETH,depth_imbalance_l5,200,0.8,0.687263566272806,3500,0.11381738639624155,0.0,0.17685714285714285,0.131839311541044
20260907T221751Z_3abdfd02,NEW12,ETH,depth_imbalance_l5,500,0.8,0.687263566272806,3500,0.1874168535238693,0.0,0.26085714285714284,0.234620427307366
20260907T221751Z_3abdfd02,NEW12,ETH,depth_imbalance_l5,1000,0.8,0.687263566272806,3500,0.24475636185604985,0.0,0.3437142857142857,0.352882131086916
20260907T221751Z_3abdfd02,NEW12,ETH,depth_imbalance_l5,2000,0.8,0.687263566272806,2313,0.3164517090063108,0.0,0.4522265456117596,0.5582814892415167
20260907T221751Z_3abdfd02,NEW12,ETH,depth_imbalance_l5,5000,0.8,0.687263566272806,1307,0.3902217954548089,0.24089468285248827,0.5623565416985463,0.9724872107112408
20260907T221751Z_3abdfd02,NEW12,ETH,depth_imbalance_l5,10000,0.8,0.687263566272806,793,0.37817439034565287,0.3613971614269129,0.587641866330391,1.418292390657297
20260907T221751Z_3abdfd02,NEW12,ETH,depth_imbalance_l5,30000,0.8,0.687263566272806,320,0.2746136692861473,0.3020408820259002,0.559375,2.6005506985075018
20260907T221751Z_3abdfd02,NEW12,ETH,depth_imbalance_l5,100,0.9,0.8135353070541612,2091,0.11329704208358621,0.0,0.15829746532759445,0.11875526713930931
20260907T221751Z_3abdfd02,NEW12,ETH,depth_imbalance_l5,200,0.9,0.8135353070541612,2091,0.15863705616155827,0.0,0.2257293161166906,0.1797496902360942
20260907T221751Z_3abdfd02,NEW12,ETH,depth_imbalance_l5,500,0.9,0.8135353070541612,2091,0.2603212091593028,0.0,0.3199426111908178,0.295755378951595
20260907T221751Z_3abdfd02,NEW12,ETH,depth_imbalance_l5,1000,0.9,0.8135353070541612,2091,0.33473598272426686,0.0,0.4103299856527977,0.4186506842642395
20260907T221751Z_3abdfd02,NEW12,ETH,depth_imbalance_l5,2000,0.9,0.8135353070541612,1507,0.4127056725156627,0.08051092231120549,0.5182481751824818,0.6436374725333345
20260907T221751Z_3abdfd02,NEW12,ETH,depth_imbalance_l5,5000,0.9,0.8135353070541612,975,0.47835048377546535,0.32126256186870705,0.5907692307692308,0.9898969854157226
20260907T221751Z_3abdfd02,NEW12,ETH,depth_imbalance_l5,10000,0.9,0.8135353070541612,651,0.5315323165193787,0.36204118821991926,0.6098310291858678,1.4017299653778097
20260907T221751Z_3abdfd02,NEW12,ETH,depth_imbalance_l5,30000,0.9,0.8135353070541612,291,0.3807408157609354,0.5620514879312033,0.5738831615120275,2.603357418230929
20260907T221751Z_3abdfd02,NEW12,ETH,depth_imbalance_l5,100,0.95,0.8972643940322212,1187,0.14505174962343362,0.0,0.18618365627632688,0.1498123281724389
20260907T221751Z_3abdfd02,NEW12,ETH,depth_imbalance_l5,200,0.95,0.8972643940322212,1187,0.20287075241646807,0.0,0.2594776748104465,0.22166596363815114
20260907T221751Z_3abdfd02,NEW12,ETH,depth_imbalance_l5,500,0.95,0.8972643940322212,1187,0.3155412851396045,0.0,0.36225779275484415,0.3523115882854016
20260907T221751Z_3abdfd02,NEW12,ETH,depth_imbalance_l5,1000,0.95,0.8972643940322212,1187,0.41677182215130426,0.0,0.464195450716091,0.48549845902215255
20260907T221751Z_3abdfd02,NEW12,ETH,depth_imbalance_l5,2000,0.95,0.8972643940322212,922,0.4595292196890576,0.24164268712767445,0.5563991323210412,0.6809914037413537
20260907T221751Z_3abdfd02,NEW12,ETH,depth_imbalance_l5,5000,0.95,0.8972643940322212,663,0.5503116825919442,0.44185490689963025,0.6214177978883861,1.009471567549764
20260907T221751Z_3abdfd02,NEW12,ETH,depth_imbalance_l5,10000,0.95,0.8972643940322212,484,0.6039590424924784,0.4015782272298596,0.6260330578512396,1.436294232634654
20260907T221751Z_3abdfd02,NEW12,ETH,depth_imbalance_l5,30000,0.95,0.8972643940322212,254,0.44966000442295545,0.4622617475702473,0.5708661417322834,2.6114430036893848
20260907T221751Z_3abdfd02,NEW12,ETH,external_ofi,100,0.8,0.08638731515233453,6226,0.08286538996852072,0.0,0.11837455830388692,0.09285537922727925
20260907T221751Z_3abdfd02,NEW12,ETH,external_ofi,200,0.8,0.08638731515233453,6226,0.11646219937077386,0.0,0.16543527144233858,0.13740348391738322
20260907T221751Z_3abdfd02,NEW12,ETH,external_ofi,500,0.8,0.08638731515233453,6226,0.16111255243115938,0.0,0.23674911660777384,0.22889891766941234
20260907T221751Z_3abdfd02,NEW12,ETH,external_ofi,1000,0.8,0.08638731515233453,6226,0.1950540354962305,0.0,0.30501124317378736,0.34028076572562443
20260907T221751Z_3abdfd02,NEW12,ETH,external_ofi,2000,0.8,0.08638731515233453,3868,0.22920013390761884,0.0,0.3875387797311272,0.5165779822749222
20260907T221751Z_3abdfd02,NEW12,ETH,external_ofi,5000,0.8,0.08638731515233453,1852,0.2600110707485918,0.0,0.48812095032397407,0.8950230360411173
20260907T221751Z_3abdfd02,NEW12,ETH,external_ofi,10000,0.8,0.08638731515233453,997,0.19347075527117436,0.12089242790169763,0.5315947843530592,1.3719641472394173
20260907T221751Z_3abdfd02,NEW12,ETH,external_ofi,30000,0.8,0.08638731515233453,350,0.20310508361326257,0.3812964662797125,0.5485714285714286,2.4814762972476103
20260907T221751Z_3abdfd02,NEW12,ETH,external_ofi,100,0.9,0.2679612316100604,4150,0.14687402974485322,0.0,0.19686746987951806,0.16111173840733045
20260907T221751Z_3abdfd02,NEW12,ETH,external_ofi,200,0.9,0.2679612316100604,4150,0.20105941890117554,0.0,0.2621686746987952,0.22283510048254632
20260907T221751Z_3abdfd02,NEW12,ETH,external_ofi,500,0.9,0.2679612316100604,4150,0.2600522222181134,0.0,0.33397590361445784,0.3257572835468349
20260907T221751Z_3abdfd02,NEW12,ETH,external_ofi,1000,0.9,0.2679612316100604,4150,0.29716909382925033,0.0,0.39518072289156625,0.4369710960434252
20260907T221751Z_3abdfd02,NEW12,ETH,external_ofi,2000,0.9,0.2679612316100604,2896,0.33099040077233954,0.0,0.4647790055248619,0.6030634402970382
20260907T221751Z_3abdfd02,NEW12,ETH,external_ofi,5000,0.9,0.2679612316100604,1583,0.3674769393165958,0.12083886338998262,0.5356917245735945,0.9726213294472144
20260907T221751Z_3abdfd02,NEW12,ETH,external_ofi,10000,0.9,0.2679612316100604,899,0.315157839259637,0.2012100774062553,0.5450500556173526,1.3719830755216356
20260907T221751Z_3abdfd02,NEW12,ETH,external_ofi,30000,0.9,0.2679612316100604,338,0.5356508037494666,0.5239104968512986,0.5946745562130178,2.5397884143822242
20260907T221751Z_3abdfd02,NEW12,ETH,external_ofi,100,0.95,0.5602285232098054,2640,0.2261288156949633,0.0,0.2746212121212121,0.24856026669767864
20260907T221751Z_3abdfd02,NEW12,ETH,external_ofi,200,0.95,0.5602285232098054,2640,0.2929602707254702,0.0,0.3515151515151515,0.32179320825554447
20260907T221751Z_3abdfd02,NEW12,ETH,external_ofi,500,0.95,0.5602285232098054,2640,0.34946375206800906,0.0,0.41704545454545455,0.43357944415439553
20260907T221751Z_3abdfd02,NEW12,ETH,external_ofi,1000,0.95,0.5602285232098054,2640,0.3792218193008573,0.0,0.46893939393939393,0.5500582775571967
20260907T221751Z_3abdfd02,NEW12,ETH,external_ofi,2000,0.95,0.5602285232098054,2054,0.4063074434707128,0.08032564686177857,0.5223953261927945,0.694627376933434
20260907T221751Z_3abdfd02,NEW12,ETH,external_ofi,5000,0.95,0.5602285232098054,1283,0.42740532025311717,0.2408618035343313,0.5713172252533125,1.020633590277541
20260907T221751Z_3abdfd02,NEW12,ETH,external_ofi,10000,0.95,0.5602285232098054,792,0.49045148168132446,0.3617165585223514,0.5946969696969697,1.4689761815194509
20260907T221751Z_3abdfd02,NEW12,ETH,external_ofi,30000,0.95,0.5602285232098054,320,0.5080965477069835,0.5430562901886926,0.553125,2.5169691802716248
20260907T221751Z_3abdfd02,NEW12,ETH,external_trade_flow,100,0.8,1.0,8952,0.016772332369052616,0.0,0.03675156389633601,0.02884312028140431
20260907T221751Z_3abdfd02,NEW12,ETH,external_trade_flow,200,0.8,1.0,8952,0.025351415047786912,0.0,0.060656836461126004,0.060706683637170036
20260907T221751Z_3abdfd02,NEW12,ETH,external_trade_flow,500,0.8,1.0,8952,0.029836316820684765,0.0,0.11137176050044682,0.13929988155958933
20260907T221751Z_3abdfd02,NEW12,ETH,external_trade_flow,1000,0.8,1.0,8952,0.03240012308678813,0.0,0.17806076854334227,0.2543919923784675
20260907T221751Z_3abdfd02,NEW12,ETH,external_trade_flow,2000,0.8,1.0,4899,0.03641632340744869,0.0,0.26842212696468665,0.43830214893293673
20260907T221751Z_3abdfd02,NEW12,ETH,external_trade_flow,5000,0.8,1.0,2070,0.09277032364327396,0.0,0.4072463768115942,0.8689897993743784
20260907T221751Z_3abdfd02,NEW12,ETH,external_trade_flow,10000,0.8,1.0,1057,-0.01557255318783907,0.0,0.445600756859035,1.3396486812053077
20260907T221751Z_3abdfd02,NEW12,ETH,external_trade_flow,30000,0.8,1.0,357,-0.030039624459839633,0.0,0.4957983193277311,2.4690393519359066
20260907T221751Z_3abdfd02,NEW12,ETH,external_trade_flow,100,0.9,1.0,8952,0.016772332369052616,0.0,0.03675156389633601,0.02884312028140431
20260907T221751Z_3abdfd02,NEW12,ETH,external_trade_flow,200,0.9,1.0,8952,0.025351415047786912,0.0,0.060656836461126004,0.060706683637170036
20260907T221751Z_3abdfd02,NEW12,ETH,external_trade_flow,500,0.9,1.0,8952,0.029836316820684765,0.0,0.11137176050044682,0.13929988155958933
20260907T221751Z_3abdfd02,NEW12,ETH,external_trade_flow,1000,0.9,1.0,8952,0.03240012308678813,0.0,0.17806076854334227,0.2543919923784675
20260907T221751Z_3abdfd02,NEW12,ETH,external_trade_flow,2000,0.9,1.0,4899,0.03641632340744869,0.0,0.26842212696468665,0.43830214893293673
20260907T221751Z_3abdfd02,NEW12,ETH,external_trade_flow,5000,0.9,1.0,2070,0.09277032364327396,0.0,0.4072463768115942,0.8689897993743784
20260907T221751Z_3abdfd02,NEW12,ETH,external_trade_flow,10000,0.9,1.0,1057,-0.01557255318783907,0.0,0.445600756859035,1.3396486812053077
20260907T221751Z_3abdfd02,NEW12,ETH,external_trade_flow,30000,0.9,1.0,357,-0.030039624459839633,0.0,0.4957983193277311,2.4690393519359066
20260907T221751Z_3abdfd02,NEW12,ETH,external_trade_flow,100,0.95,1.0,8952,0.016772332369052616,0.0,0.03675156389633601,0.02884312028140431
20260907T221751Z_3abdfd02,NEW12,ETH,external_trade_flow,200,0.95,1.0,8952,0.025351415047786912,0.0,0.060656836461126004,0.060706683637170036
20260907T221751Z_3abdfd02,NEW12,ETH,external_trade_flow,500,0.95,1.0,8952,0.029836316820684765,0.0,0.11137176050044682,0.13929988155958933
20260907T221751Z_3abdfd02,NEW12,ETH,external_trade_flow,1000,0.95,1.0,8952,0.03240012308678813,0.0,0.17806076854334227,0.2543919923784675
20260907T221751Z_3abdfd02,NEW12,ETH,external_trade_flow,2000,0.95,1.0,4899,0.03641632340744869,0.0,0.26842212696468665,0.43830214893293673
20260907T221751Z_3abdfd02,NEW12,ETH,external_trade_flow,5000,0.95,1.0,2070,0.09277032364327396,0.0,0.4072463768115942,0.8689897993743784
20260907T221751Z_3abdfd02,NEW12,ETH,external_trade_flow,10000,0.95,1.0,1057,-0.01557255318783907,0.0,0.445600756859035,1.3396486812053077
20260907T221751Z_3abdfd02,NEW12,ETH,external_trade_flow,30000,0.95,1.0,357,-0.030039624459839633,0.0,0.4957983193277311,2.4690393519359066
20260907T221751Z_3abdfd02,NEW12,ETH,fair_accel_100ms,100,0.8,1.0808545776373779e-06,4911,0.09034852469843324,0.0,0.12522907758094073,0.10512022621476627
20260907T221751Z_3abdfd02,NEW12,ETH,fair_accel_100ms,200,0.8,1.0808545776373779e-06,4911,0.11771755589288788,0.0,0.16880472408878028,0.1512405981807519
20260907T221751Z_3abdfd02,NEW12,ETH,fair_accel_100ms,500,0.8,1.0808545776373779e-06,4911,0.15623746394187035,0.0,0.23946243127672573,0.24638180024068562
20260907T221751Z_3abdfd02,NEW12,ETH,fair_accel_100ms,1000,0.8,1.0808545776373779e-06,4911,0.18648781525509942,0.0,0.30217878232539197,0.3666748912639181
20260907T221751Z_3abdfd02,NEW12,ETH,fair_accel_100ms,2000,0.8,1.0808545776373779e-06,3273,0.17806883895152711,0.0,0.37396883593033914,0.5506924544176863
20260907T221751Z_3abdfd02,NEW12,ETH,fair_accel_100ms,5000,0.8,1.0808545776373779e-06,1688,0.22015240185105645,0.0,0.46800947867298576,0.9222209580745231
20260907T221751Z_3abdfd02,NEW12,ETH,fair_accel_100ms,10000,0.8,1.0808545776373779e-06,943,0.271756850202187,0.04030283550671143,0.5143160127253447,1.3690587458474004
20260907T221751Z_3abdfd02,NEW12,ETH,fair_accel_100ms,30000,0.8,1.0808545776373779e-06,342,0.4966204831244569,0.4017606064077306,0.5555555555555556,2.3936539843637274
20260907T221751Z_3abdfd02,NEW12,ETH,fair_accel_100ms,100,0.9,0.09359574311244538,3262,0.15431397645827236,0.0,0.1882280809319436,0.1757275697856948
20260907T221751Z_3abdfd02,NEW12,ETH,fair_accel_100ms,200,0.9,0.09359574311244538,3262,0.1923085621627432,0.0,0.2437155119558553,0.2330890897399234
20260907T221751Z_3abdfd02,NEW12,ETH,fair_accel_100ms,500,0.9,0.09359574311244538,3262,0.2384227319508668,0.0,0.3117719190680564,0.33433631380972817
20260907T221751Z_3abdfd02,NEW12,ETH,fair_accel_100ms,1000,0.9,0.09359574311244538,3262,0.2738180974769968,0.0,0.37001839362354383,0.4564529191519977
20260907T221751Z_3abdfd02,NEW12,ETH,fair_accel_100ms,2000,0.9,0.09359574311244538,2405,0.27406150273686863,0.0,0.43451143451143454,0.623315945104062
20260907T221751Z_3abdfd02,NEW12,ETH,fair_accel_100ms,5000,0.9,0.09359574311244538,1398,0.32309200884425887,0.0401690317747283,0.5050071530758226,1.0241327175564652
20260907T221751Z_3abdfd02,NEW12,ETH,fair_accel_100ms,10000,0.9,0.09359574311244538,829,0.37497991807201303,0.24140157756091796,0.5585042219541616,1.4799294075333327
20260907T221751Z_3abdfd02,NEW12,ETH,fair_accel_100ms,30000,0.9,0.09359574311244538,321,0.250708136922989,0.2408608366299969,0.5264797507788161,2.489824257165773
20260907T221751Z_3abdfd02,NEW12,ETH,fair_accel_100ms,100,0.95,0.21554753661067005,2018,0.23627781581504195,0.0,0.25173439048562934,0.2602902652609146
20260907T221751Z_3abdfd02,NEW12,ETH,fair_accel_100ms,200,0.95,0.21554753661067005,2018,0.27983209782257534,0.0,0.3186323092170466,0.3407704948234531
20260907T221751Z_3abdfd02,NEW12,ETH,fair_accel_100ms,500,0.95,0.21554753661067005,2018,0.3399582638424373,0.0,0.3875123885034688,0.46244121950269607
20260907T221751Z_3abdfd02,NEW12,ETH,fair_accel_100ms,1000,0.95,0.21554753661067005,2018,0.3652845205208769,0.0,0.44103072348860256,0.5744422379893196
20260907T221751Z_3abdfd02,NEW12,ETH,fair_accel_100ms,2000,0.95,0.21554753661067005,1634,0.38179297800912665,0.0,0.4975520195838433,0.7380038220394513
20260907T221751Z_3abdfd02,NEW12,ETH,fair_accel_100ms,5000,0.95,0.21554753661067005,1092,0.4160809112646307,0.24056726804944084,0.565018315018315,1.0951097294760341
20260907T221751Z_3abdfd02,NEW12,ETH,fair_accel_100ms,10000,0.95,0.21554753661067005,703,0.5102398530351561,0.4027702538045297,0.615931721194879,1.4970788828954447
20260907T221751Z_3abdfd02,NEW12,ETH,fair_accel_100ms,30000,0.95,0.21554753661067005,303,0.709633578248973,0.6450559485238205,0.5808580858085809,2.5444270601855283
20260907T221751Z_3abdfd02,NEW12,ETH,fair_gap_reversion,100,0.8,0.4956520929233488,2906,0.10508808059035372,0.0,0.0973847212663455,0.13353967045058732
20260907T221751Z_3abdfd02,NEW12,ETH,fair_gap_reversion,200,0.8,0.4956520929233488,2906,0.12289452375266023,0.0,0.12697866483138334,0.1758840171168435
20260907T221751Z_3abdfd02,NEW12,ETH,fair_gap_reversion,500,0.8,0.4956520929233488,2906,0.16708218493660898,0.0,0.20750172057811425,0.26426508572234475
20260907T221751Z_3abdfd02,NEW12,ETH,fair_gap_reversion,1000,0.8,0.4956520929233488,2906,0.22015869287940848,0.0,0.29112181693048866,0.3957596421655389
20260907T221751Z_3abdfd02,NEW12,ETH,fair_gap_reversion,2000,0.8,0.4956520929233488,1846,0.32510035180668884,0.0,0.4301191765980498,0.6431308389544286
20260907T221751Z_3abdfd02,NEW12,ETH,fair_gap_reversion,5000,0.8,0.4956520929233488,1068,0.3999202396071308,0.16066741318043753,0.5318352059925093,1.0458625189257895
20260907T221751Z_3abdfd02,NEW12,ETH,fair_gap_reversion,10000,0.8,0.4956520929233488,697,0.4773462817951906,0.36223790577993853,0.5853658536585366,1.4755030628507602
20260907T221751Z_3abdfd02,NEW12,ETH,fair_gap_reversion,30000,0.8,0.4956520929233488,299,0.4856535475532419,0.32166299769764706,0.5618729096989966,2.5561338395793323
20260907T221751Z_3abdfd02,NEW12,ETH,fair_gap_reversion,100,0.9,0.6578680075813859,1630,0.18111521902514388,0.0,0.1411042944785276,0.21617061469102017
20260907T221751Z_3abdfd02,NEW12,ETH,fair_gap_reversion,200,0.9,0.6578680075813859,1630,0.20746510188015466,0.0,0.17914110429447852,0.26448075117529424
20260907T221751Z_3abdfd02,NEW12,ETH,fair_gap_reversion,500,0.9,0.6578680075813859,1630,0.26383370979463266,0.0,0.26196319018404907,0.36408180907196624
20260907T221751Z_3abdfd02,NEW12,ETH,fair_gap_reversion,1000,0.9,0.6578680075813859,1630,0.3296306078554152,0.0,0.3392638036809816,0.48278546551562257
20260907T221751Z_3abdfd02,NEW12,ETH,fair_gap_reversion,2000,0.9,0.6578680075813859,1117,0.4648829008739676,0.0,0.4843330349149508,0.7614767671486513
20260907T221751Z_3abdfd02,NEW12,ETH,fair_gap_reversion,5000,0.9,0.6578680075813859,731,0.5927935879482993,0.4018089438662109,0.5786593707250342,1.1906833597390445
20260907T221751Z_3abdfd02,NEW12,ETH,fair_gap_reversion,10000,0.9,0.6578680075813859,514,0.6632281193641022,0.483349204886685,0.603112840466926,1.6039050107811965
20260907T221751Z_3abdfd02,NEW12,ETH,fair_gap_reversion,30000,0.9,0.6578680075813859,257,0.7714058390874969,0.5218714309518369,0.5719844357976653,2.7018562727476816
20260907T221751Z_3abdfd02,NEW12,ETH,fair_gap_reversion,100,0.95,0.792020054783682,926,0.29987099336188283,0.0,0.1900647948164147,0.32097998447886233
20260907T221751Z_3abdfd02,NEW12,ETH,fair_gap_reversion,200,0.95,0.792020054783682,926,0.33922361044584326,0.0,0.23758099352051837,0.3793372798349825
20260907T221751Z_3abdfd02,NEW12,ETH,fair_gap_reversion,500,0.95,0.792020054783682,926,0.3998130036159168,0.0,0.3228941684665227,0.47882369541861763
20260907T221751Z_3abdfd02,NEW12,ETH,fair_gap_reversion,1000,0.95,0.792020054783682,926,0.4893237343209467,0.0,0.4038876889848812,0.6136973795302049
20260907T221751Z_3abdfd02,NEW12,ETH,fair_gap_reversion,2000,0.95,0.792020054783682,671,0.6541842037252044,0.28176327457218875,0.5484351713859911,0.8937772407190768
20260907T221751Z_3abdfd02,NEW12,ETH,fair_gap_reversion,5000,0.95,0.792020054783682,486,0.8282266346365964,0.5227181673106429,0.6193415637860082,1.362033590097536
20260907T221751Z_3abdfd02,NEW12,ETH,fair_gap_reversion,10000,0.95,0.792020054783682,362,0.9104331816563839,0.5634280234578792,0.6160220994475138,1.7397585849032482
20260907T221751Z_3abdfd02,NEW12,ETH,fair_gap_reversion,30000,0.95,0.792020054783682,213,1.206075842548717,0.8040992982216721,0.647887323943662,2.642980257982561
20260907T221751Z_3abdfd02,NEW12,ETH,leader_gap_1000ms,100,0.8,0.32343653099442976,3312,0.09004429039291167,0.0,0.10960144927536232,0.13490520775338877
20260907T221751Z_3abdfd02,NEW12,ETH,leader_gap_1000ms,200,0.8,0.32343653099442976,3312,0.10286288542569785,0.0,0.14522946859903382,0.1848316292393457
20260907T221751Z_3abdfd02,NEW12,ETH,leader_gap_1000ms,500,0.8,0.32343653099442976,3312,0.13229450745398505,0.0,0.21829710144927536,0.28815177846238443
20260907T221751Z_3abdfd02,NEW12,ETH,leader_gap_1000ms,1000,0.8,0.32343653099442976,3312,0.15520424947637346,0.0,0.28743961352657005,0.42419109613438755
20260907T221751Z_3abdfd02,NEW12,ETH,leader_gap_1000ms,2000,0.8,0.32343653099442976,2264,0.21373120104119211,0.0,0.3953180212014134,0.6224508149868626
20260907T221751Z_3abdfd02,NEW12,ETH,leader_gap_1000ms,5000,0.8,0.32343653099442976,1341,0.2307861449533093,0.0,0.4981357196122297,1.0020547656424887
20260907T221751Z_3abdfd02,NEW12,ETH,leader_gap_1000ms,10000,0.8,0.32343653099442976,806,0.09779637648609485,0.0,0.4838709677419355,1.4270004389323259
20260907T221751Z_3abdfd02,NEW12,ETH,leader_gap_1000ms,30000,0.8,0.32343653099442976,324,0.19503384825270345,0.04017964667313301,0.5061728395061729,2.5100438936469427
20260907T221751Z_3abdfd02,NEW12,ETH,leader_gap_1000ms,100,0.9,0.5537865489810456,2028,0.1481667197953054,0.0,0.1341222879684418,0.18854107129883305
20260907T221751Z_3abdfd02,NEW12,ETH,leader_gap_1000ms,200,0.9,0.5537865489810456,2028,0.15849723807800137,0.0,0.16617357001972385,0.2370409425916531
20260907T221751Z_3abdfd02,NEW12,ETH,leader_gap_1000ms,500,0.9,0.5537865489810456,2028,0.20784583609660073,0.0,0.25493096646942803,0.3491644911192445
20260907T221751Z_3abdfd02,NEW12,ETH,leader_gap_1000ms,1000,0.9,0.5537865489810456,2028,0.2345985022327563,0.0,0.32790927021696253,0.48977159485891136
20260907T221751Z_3abdfd02,NEW12,ETH,leader_gap_1000ms,2000,0.9,0.5537865489810456,1502,0.3176988323210673,0.0,0.4420772303595206,0.6791178963541079
20260907T221751Z_3abdfd02,NEW12,ETH,leader_gap_1000ms,5000,0.9,0.5537865489810456,999,0.32937407070193964,0.1609551076087179,0.5415415415415415,1.0740306695038053
20260907T221751Z_3abdfd02,NEW12,ETH,leader_gap_1000ms,10000,0.9,0.5537865489810456,667,0.22682653574158568,0.16038267305784615,0.5382308845577212,1.4867571898486256
20260907T221751Z_3abdfd02,NEW12,ETH,leader_gap_1000ms,30000,0.9,0.5537865489810456,298,0.30405847843453476,0.08054530630186019,0.5134228187919463,2.505869242253991
20260907T221751Z_3abdfd02,NEW12,ETH,leader_gap_1000ms,100,0.95,0.7423005297732512,1209,0.20874686733387432,0.0,0.1488833746898263,0.24428354456749693
20260907T221751Z_3abdfd02,NEW12,ETH,leader_gap_1000ms,200,0.95,0.7423005297732512,1209,0.22893711060399358,0.0,0.19189412737799835,0.2999040443836838
20260907T221751Z_3abdfd02,NEW12,ETH,leader_gap_1000ms,500,0.95,0.7423005297732512,1209,0.2778141843828567,0.0,0.28205128205128205,0.41458995743275173
20260907T221751Z_3abdfd02,NEW12,ETH,leader_gap_1000ms,1000,0.95,0.7423005297732512,1209,0.3109040289980037,0.0,0.36145574855252277,0.551173261279266
20260907T221751Z_3abdfd02,NEW12,ETH,leader_gap_1000ms,2000,0.95,0.7423005297732512,933,0.43093932487001935,0.0,0.47266881028938906,0.7682119965207539
20260907T221751Z_3abdfd02,NEW12,ETH,leader_gap_1000ms,5000,0.95,0.7423005297732512,693,0.4915543795583259,0.3221292745059223,0.5642135642135642,1.196619528193789
20260907T221751Z_3abdfd02,NEW12,ETH,leader_gap_1000ms,10000,0.95,0.7423005297732512,511,0.46929412242926866,0.28189943841683274,0.5557729941291585,1.584294058263666
20260907T221751Z_3abdfd02,NEW12,ETH,leader_gap_1000ms,30000,0.95,0.7423005297732512,259,0.2874534834611934,0.040289358170797485,0.5019305019305019,2.6675859550869845
20260907T221751Z_3abdfd02,NEW12,ETH,leader_gap_100ms,100,0.8,0.0007422778400975829,5079,0.060983486299988544,0.0,0.10041346721795628,0.10429479539901129
20260907T221751Z_3abdfd02,NEW12,ETH,leader_gap_100ms,200,0.8,0.0007422778400975829,5079,0.07391741194045873,0.0,0.13605040362276039,0.15101559078367788
20260907T221751Z_3abdfd02,NEW12,ETH,leader_gap_100ms,500,0.8,0.0007422778400975829,5079,0.09503730543147497,0.0,0.19511714904508762,0.24254256823874767
20260907T221751Z_3abdfd02,NEW12,ETH,leader_gap_100ms,1000,0.8,0.0007422778400975829,5079,0.10628384460616547,0.0,0.2520181138019295,0.36119085101487364
20260907T221751Z_3abdfd02,NEW12,ETH,leader_gap_100ms,2000,0.8,0.0007422778400975829,3331,0.12266701093007153,0.0,0.333533473431402,0.5427255017104776
20260907T221751Z_3abdfd02,NEW12,ETH,leader_gap_100ms,5000,0.8,0.0007422778400975829,1712,0.08685011308143317,0.0,0.42757009345794394,0.9139599614108644
20260907T221751Z_3abdfd02,NEW12,ETH,leader_gap_100ms,10000,0.8,0.0007422778400975829,947,0.061686668866077016,0.0,0.48680042238648363,1.3976993364491144
20260907T221751Z_3abdfd02,NEW12,ETH,leader_gap_100ms,30000,0.8,0.0007422778400975829,342,0.1921605624789224,0.22083431886588123,0.5380116959064327,2.4212701863683352
20260907T221751Z_3abdfd02,NEW12,ETH,leader_gap_100ms,100,0.9,0.027079879491328014,4309,0.0850677605650546,0.0,0.12392666511951729,0.13026371603185785
20260907T221751Z_3abdfd02,NEW12,ETH,leader_gap_100ms,200,0.9,0.027079879491328014,4309,0.10342982701624813,0.0,0.1626827570201903,0.18001846991655931
20260907T221751Z_3abdfd02,NEW12,ETH,leader_gap_100ms,500,0.9,0.027079879491328014,4309,0.13391801330156466,0.0,0.2297516825249478,0.2761332086569884
20260907T221751Z_3abdfd02,NEW12,ETH,leader_gap_100ms,1000,0.9,0.027079879491328014,4309,0.16198849775553903,0.0,0.2928753771176607,0.39635421858445274
20260907T221751Z_3abdfd02,NEW12,ETH,leader_gap_100ms,2000,0.9,0.027079879491328014,3002,0.166020949208221,0.0,0.3684210526315789,0.57124348998034
20260907T221751Z_3abdfd02,NEW12,ETH,leader_gap_100ms,5000,0.9,0.027079879491328014,1615,0.14246713257790988,0.0,0.45758513931888545,0.943922153823996
20260907T221751Z_3abdfd02,NEW12,ETH,leader_gap_100ms,10000,0.9,0.027079879491328014,912,0.1745313911669319,0.04018670778593858,0.506578947368421,1.4077249021251266
20260907T221751Z_3abdfd02,NEW12,ETH,leader_gap_100ms,30000,0.9,0.027079879491328014,341,0.09317046733911351,0.0,0.4897360703812317,2.466184278320196
20260907T221751Z_3abdfd02,NEW12,ETH,leader_gap_100ms,100,0.95,0.22733243603164066,2818,0.11774677127035303,0.0,0.14300922640170333,0.18116535754613103
20260907T221751Z_3abdfd02,NEW12,ETH,leader_gap_100ms,200,0.95,0.22733243603164066,2818,0.13213259172321146,0.0,0.1816891412349184,0.23768336856721592
20260907T221751Z_3abdfd02,NEW12,ETH,leader_gap_100ms,500,0.95,0.22733243603164066,2818,0.14721638172289647,0.0,0.24556422995031937,0.33844718530036005
20260907T221751Z_3abdfd02,NEW12,ETH,leader_gap_100ms,1000,0.95,0.22733243603164066,2818,0.1651716151270119,0.0,0.3041163946061036,0.4672893781742282
20260907T221751Z_3abdfd02,NEW12,ETH,leader_gap_100ms,2000,0.95,0.22733243603164066,2170,0.2167689958664626,0.0,0.3903225806451613,0.6351902472828834
20260907T221751Z_3abdfd02,NEW12,ETH,leader_gap_100ms,5000,0.95,0.22733243603164066,1321,0.18801249551206253,0.0,0.4822104466313399,1.0231621108570972
20260907T221751Z_3abdfd02,NEW12,ETH,leader_gap_100ms,10000,0.95,0.22733243603164066,800,0.17263712535506154,0.04022931746894276,0.505,1.4875467139680367
20260907T221751Z_3abdfd02,NEW12,ETH,leader_gap_100ms,30000,0.95,0.22733243603164066,319,0.5278743630830677,0.2411018353898342,0.5329153605015674,2.5125094295231323
20260907T221751Z_3abdfd02,NEW12,ETH,leader_gap_200ms,100,0.8,0.0020283421168063704,4876,0.06686670877956852,0.0,0.10582444626743231,0.1091525312987009
20260907T221751Z_3abdfd02,NEW12,ETH,leader_gap_200ms,200,0.8,0.0020283421168063704,4876,0.08432984460880029,0.0,0.1433552091878589,0.15831959372012117
20260907T221751Z_3abdfd02,NEW12,ETH,leader_gap_200ms,500,0.8,0.0020283421168063704,4876,0.10556891639941766,0.0,0.20508613617719443,0.2507713380038318
20260907T221751Z_3abdfd02,NEW12,ETH,leader_gap_200ms,1000,0.8,0.0020283421168063704,4876,0.12966822628493466,0.0,0.2686628383921247,0.37216303050553845
20260907T221751Z_3abdfd02,NEW12,ETH,leader_gap_200ms,2000,0.8,0.0020283421168063704,3264,0.14977978089357463,0.0,0.3538602941176471,0.5536315510211405
20260907T221751Z_3abdfd02,NEW12,ETH,leader_gap_200ms,5000,0.8,0.0020283421168063704,1686,0.1443531231468723,0.0,0.4460260972716489,0.9327332870726467
20260907T221751Z_3abdfd02,NEW12,ETH,leader_gap_200ms,10000,0.8,0.0020283421168063704,943,0.13554357519527224,0.0,0.49522799575821846,1.3796884833153698
20260907T221751Z_3abdfd02,NEW12,ETH,leader_gap_200ms,30000,0.8,0.0020283421168063704,342,0.038979906271348466,0.0,0.49707602339181284,2.4180084307609295
20260907T221751Z_3abdfd02,NEW12,ETH,leader_gap_200ms,100,0.9,0.17416435809660968,3324,0.0954705835243885,0.0,0.13357400722021662,0.153222395604901
20260907T221751Z_3abdfd02,NEW12,ETH,leader_gap_200ms,200,0.9,0.17416435809660968,3324,0.11679175056310635,0.0,0.17358604091456076,0.21034664356833688
20260907T221751Z_3abdfd02,NEW12,ETH,leader_gap_200ms,500,0.9,0.17416435809660968,3324,0.13778282130469333,0.0,0.23676293622141997,0.3134338099576545
20260907T221751Z_3abdfd02,NEW12,ETH,leader_gap_200ms,1000,0.9,0.17416435809660968,3324,0.1621646605172005,0.0,0.2999398315282792,0.4366651533077668
20260907T221751Z_3abdfd02,NEW12,ETH,leader_gap_200ms,2000,0.9,0.17416435809660968,2448,0.18602471454364708,0.0,0.37459150326797386,0.6147431207645704
20260907T221751Z_3abdfd02,NEW12,ETH,leader_gap_200ms,5000,0.9,0.17416435809660968,1426,0.1648570525973678,0.0,0.47685834502103785,0.9918633998914326
20260907T221751Z_3abdfd02,NEW12,ETH,leader_gap_200ms,10000,0.9,0.17416435809660968,843,0.10637868186559395,0.0,0.4851720047449585,1.4181343783280158
20260907T221751Z_3abdfd02,NEW12,ETH,leader_gap_200ms,30000,0.9,0.17416435809660968,328,0.10199296308097668,-0.04025816834007934,0.47865853658536583,2.393516024794232
20260907T221751Z_3abdfd02,NEW12,ETH,leader_gap_200ms,100,0.95,0.40227560266737633,2119,0.15506899036232313,0.0,0.1562057574327513,0.21103411616211654
20260907T221751Z_3abdfd02,NEW12,ETH,leader_gap_200ms,200,0.95,0.40227560266737633,2119,0.16894484741048238,0.0,0.19631901840490798,0.27569186268209267
20260907T221751Z_3abdfd02,NEW12,ETH,leader_gap_200ms,500,0.95,0.40227560266737633,2119,0.19036176425475154,0.0,0.26380368098159507,0.37599504890836555
20260907T221751Z_3abdfd02,NEW12,ETH,leader_gap_200ms,1000,0.95,0.40227560266737633,2119,0.2239914769227474,0.0,0.33459178857951866,0.5118310394309119
20260907T221751Z_3abdfd02,NEW12,ETH,leader_gap_200ms,2000,0.95,0.40227560266737633,1690,0.2563055711709331,0.0,0.42071005917159765,0.6857859554691127
20260907T221751Z_3abdfd02,NEW12,ETH,leader_gap_200ms,5000,0.95,0.40227560266737633,1128,0.23484502989938838,0.04011585463370437,0.5035460992907801,1.0454896044755682
20260907T221751Z_3abdfd02,NEW12,ETH,leader_gap_200ms,10000,0.95,0.40227560266737633,726,0.24538862746491052,0.0801611362266641,0.512396694214876,1.4710858230983366
20260907T221751Z_3abdfd02,NEW12,ETH,leader_gap_200ms,30000,0.95,0.40227560266737633,307,-0.005816244475333576,-0.04031843500063026,0.4755700325732899,2.5691287216260763
20260907T221751Z_3abdfd02,NEW12,ETH,leader_gap_500ms,100,0.8,0.16233530732880813,3755,0.08164882745461755,0.0,0.11904127829560586,0.13384347149237197
20260907T221751Z_3abdfd02,NEW12,ETH,leader_gap_500ms,200,0.8,0.16233530732880813,3755,0.09939940123386018,0.0,0.15659121171770973,0.1879999111992142
20260907T221751Z_3abdfd02,NEW12,ETH,leader_gap_500ms,500,0.8,0.16233530732880813,3755,0.12342803056854125,0.0,0.2237017310252996,0.2877696589794663
20260907T221751Z_3abdfd02,NEW12,ETH,leader_gap_500ms,1000,0.8,0.16233530732880813,3755,0.14876492180951598,0.0,0.2870838881491345,0.41501950755952405
20260907T221751Z_3abdfd02,NEW12,ETH,leader_gap_500ms,2000,0.8,0.16233530732880813,2632,0.1704157374626054,0.0,0.3731003039513678,0.6031395530905682
20260907T221751Z_3abdfd02,NEW12,ETH,leader_gap_500ms,5000,0.8,0.16233530732880813,1496,0.13176141966768842,0.0,0.4772727272727273,0.9774069525720249
20260907T221751Z_3abdfd02,NEW12,ETH,leader_gap_500ms,10000,0.8,0.16233530732880813,862,0.08213564110943333,0.0,0.47447795823665895,1.4211807050619152
20260907T221751Z_3abdfd02,NEW12,ETH,leader_gap_500ms,30000,0.8,0.16233530732880813,334,0.13248546721695498,0.04021411811494513,0.5029940119760479,2.4634823830640697
20260907T221751Z_3abdfd02,NEW12,ETH,leader_gap_500ms,100,0.9,0.40130571846349605,2349,0.1361747275542767,0.0,0.14516815666240954,0.19058087041757102
20260907T221751Z_3abdfd02,NEW12,ETH,leader_gap_500ms,200,0.9,0.40130571846349605,2349,0.1570703657666506,0.0,0.18475947211579397,0.25139113322091766
20260907T221751Z_3abdfd02,NEW12,ETH,leader_gap_500ms,500,0.9,0.40130571846349605,2349,0.18299255629862005,0.0,0.25329927628778204,0.3506193541602324
20260907T221751Z_3abdfd02,NEW12,ETH,leader_gap_500ms,1000,0.9,0.40130571846349605,2349,0.22699180559930082,0.0,0.3282247765006386,0.4886752624016253
20260907T221751Z_3abdfd02,NEW12,ETH,leader_gap_500ms,2000,0.9,0.40130571846349605,1822,0.24868954245841393,0.0,0.4138309549945115,0.665517933076284
20260907T221751Z_3abdfd02,NEW12,ETH,leader_gap_500ms,5000,0.9,0.40130571846349605,1179,0.20941204701703406,0.04014347277037089,0.5038167938931297,1.0272199522198566
20260907T221751Z_3abdfd02,NEW12,ETH,leader_gap_500ms,10000,0.9,0.40130571846349605,747,0.20600962612929968,0.04022954981031113,0.5060240963855421,1.4629964268094917
20260907T221751Z_3abdfd02,NEW12,ETH,leader_gap_500ms,30000,0.9,0.40130571846349605,313,-0.10388038678393442,0.0,0.49201277955271566,2.5829021663454492
20260907T221751Z_3abdfd02,NEW12,ETH,leader_gap_500ms,100,0.95,0.6111702897385227,1408,0.2221360948189387,0.0,0.1747159090909091,0.2584380523924254
20260907T221751Z_3abdfd02,NEW12,ETH,leader_gap_500ms,200,0.95,0.6111702897385227,1408,0.2372770575306456,0.0,0.2059659090909091,0.3193435313741699
20260907T221751Z_3abdfd02,NEW12,ETH,leader_gap_500ms,500,0.95,0.6111702897385227,1408,0.28007844941107485,0.0,0.2947443181818182,0.4376942274752102
20260907T221751Z_3abdfd02,NEW12,ETH,leader_gap_500ms,1000,0.95,0.6111702897385227,1408,0.31722777993026663,0.0,0.37144886363636365,0.558611179777335
20260907T221751Z_3abdfd02,NEW12,ETH,leader_gap_500ms,2000,0.95,0.6111702897385227,1175,0.39252750270184816,0.0,0.4714893617021277,0.7453121433811081
20260907T221751Z_3abdfd02,NEW12,ETH,leader_gap_500ms,5000,0.95,0.6111702897385227,842,0.3508534017998383,0.20096059920204912,0.5403800475059383,1.1521717037719574
20260907T221751Z_3abdfd02,NEW12,ETH,leader_gap_500ms,10000,0.95,0.6111702897385227,600,0.34766526939852826,0.28147895229979625,0.56,1.5377757151225708
20260907T221751Z_3abdfd02,NEW12,ETH,leader_gap_500ms,30000,0.95,0.6111702897385227,281,0.49730259942322813,0.20144922572962187,0.5516014234875445,2.501515132391524
20260908T074322Z_1057297f,NEW12,BTC,bitget_ofi,100,0.8,0.1328231730255212,4771,0.04808210279229077,0.0,0.07943827289876336,0.05551809919745168
20260908T074322Z_1057297f,NEW12,BTC,bitget_ofi,200,0.8,0.1328231730255212,4771,0.07344436102790435,0.0,0.11569901488157619,0.0905761513928536
20260908T074322Z_1057297f,NEW12,BTC,bitget_ofi,500,0.8,0.1328231730255212,4771,0.10108622861811672,0.0,0.17103332634667784,0.1462830729389978
20260908T074322Z_1057297f,NEW12,BTC,bitget_ofi,1000,0.8,0.1328231730255212,4770,0.13154190907138022,0.0,0.23165618448637318,0.24173500965994438
20260908T074322Z_1057297f,NEW12,BTC,bitget_ofi,2000,0.8,0.1328231730255212,3206,0.1846079304225919,0.0,0.3128509045539613,0.3831223271162588
20260908T074322Z_1057297f,NEW12,BTC,bitget_ofi,5000,0.8,0.1328231730255212,1663,0.25829597234458285,0.0,0.428743235117258,0.7397578363646111
20260908T074322Z_1057297f,NEW12,BTC,bitget_ofi,10000,0.8,0.1328231730255212,935,0.32919370019512184,0.0,0.48770053475935826,1.1591290986420062
20260908T074322Z_1057297f,NEW12,BTC,bitget_ofi,30000,0.8,0.1328231730255212,342,0.051448092577174996,0.0,0.49415204678362573,2.335453951713074
20260908T074322Z_1057297f,NEW12,BTC,bitget_ofi,100,0.9,0.40440065940791486,3125,0.07635004102464897,0.0,0.12064,0.08570783157673069
20260908T074322Z_1057297f,NEW12,BTC,bitget_ofi,200,0.9,0.40440065940791486,3125,0.11181336645792363,0.0,0.16736,0.1297682099785913
20260908T074322Z_1057297f,NEW12,BTC,bitget_ofi,500,0.9,0.40440065940791486,3125,0.1558096461311411,0.0,0.23648,0.20037935185959305
20260908T074322Z_1057297f,NEW12,BTC,bitget_ofi,1000,0.9,0.40440065940791486,3124,0.19721323943789495,0.0,0.3005761843790013,0.3052371233842936
20260908T074322Z_1057297f,NEW12,BTC,bitget_ofi,2000,0.9,0.40440065940791486,2318,0.2531242783930381,0.0,0.39214840379637617,0.4503810120104637
20260908T074322Z_1057297f,NEW12,BTC,bitget_ofi,5000,0.9,0.40440065940791486,1372,0.27148903193102103,0.0,0.4577259475218659,0.7912384827117295
20260908T074322Z_1057297f,NEW12,BTC,bitget_ofi,10000,0.9,0.40440065940791486,819,0.26782160886277223,0.12711075350724244,0.5262515262515263,1.2081128985021927
20260908T074322Z_1057297f,NEW12,BTC,bitget_ofi,30000,0.9,0.40440065940791486,324,0.430303655232877,0.39416509251655185,0.5462962962962963,2.212991636452944
20260908T074322Z_1057297f,NEW12,BTC,bitget_ofi,100,0.95,0.8915727538998155,2000,0.09861635234221788,0.0,0.167,0.11394475310087526
20260908T074322Z_1057297f,NEW12,BTC,bitget_ofi,200,0.95,0.8915727538998155,2000,0.14726563818592717,0.0,0.226,0.17196242183361243
20260908T074322Z_1057297f,NEW12,BTC,bitget_ofi,500,0.95,0.8915727538998155,2000,0.19342341364198826,0.0,0.3,0.24794231041423698
20260908T074322Z_1057297f,NEW12,BTC,bitget_ofi,1000,0.95,0.8915727538998155,2000,0.2494491467317955,0.0,0.3635,0.36253803814894686
20260908T074322Z_1057297f,NEW12,BTC,bitget_ofi,2000,0.95,0.8915727538998155,1630,0.30718231455470324,0.0,0.4447852760736196,0.5036790235325609
20260908T074322Z_1057297f,NEW12,BTC,bitget_ofi,5000,0.95,0.8915727538998155,1081,0.34250228338227223,0.012716069870410962,0.5041628122109159,0.8340536780262371
20260908T074322Z_1057297f,NEW12,BTC,bitget_ofi,10000,0.95,0.8915727538998155,700,0.41236669139374116,0.2934903303819514,0.5557142857142857,1.31321481229956
20260908T074322Z_1057297f,NEW12,BTC,bitget_ofi,30000,0.95,0.8915727538998155,300,0.36662172499158935,0.22913127957602253,0.5333333333333333,2.224584481649465
20260908T074322Z_1057297f,NEW12,BTC,bitget_trade_flow,100,0.8,1.0,6024,0.045076121986692724,0.0,0.06523904382470119,0.05259538481318417
20260908T074322Z_1057297f,NEW12,BTC,bitget_trade_flow,200,0.8,1.0,6024,0.05711026182599311,0.0,0.08698539176626827,0.077929066566366
20260908T074322Z_1057297f,NEW12,BTC,bitget_trade_flow,500,0.8,1.0,6024,0.07371430765100238,0.0,0.13047808764940239,0.13457642382546017
20260908T074322Z_1057297f,NEW12,BTC,bitget_trade_flow,1000,0.8,1.0,6024,0.08652600557321082,0.0,0.18144090305444888,0.22245104816133965
20260908T074322Z_1057297f,NEW12,BTC,bitget_trade_flow,2000,0.8,1.0,3828,0.10313134722729499,0.0,0.25,0.36647959043519607
20260908T074322Z_1057297f,NEW12,BTC,bitget_trade_flow,5000,0.8,1.0,1857,0.08469359551637042,0.0,0.35218093699515346,0.6999870048012885
20260908T074322Z_1057297f,NEW12,BTC,bitget_trade_flow,10000,0.8,1.0,995,0.1976929801884759,0.0,0.4623115577889447,1.174468871883466
20260908T074322Z_1057297f,NEW12,BTC,bitget_trade_flow,30000,0.8,1.0,350,0.21248485510661574,0.31198986543246043,0.5457142857142857,2.257229746348902
20260908T074322Z_1057297f,NEW12,BTC,bitget_trade_flow,100,0.9,1.0,6024,0.045076121986692724,0.0,0.06523904382470119,0.05259538481318417
20260908T074322Z_1057297f,NEW12,BTC,bitget_trade_flow,200,0.9,1.0,6024,0.05711026182599311,0.0,0.08698539176626827,0.077929066566366
20260908T074322Z_1057297f,NEW12,BTC,bitget_trade_flow,500,0.9,1.0,6024,0.07371430765100238,0.0,0.13047808764940239,0.13457642382546017
20260908T074322Z_1057297f,NEW12,BTC,bitget_trade_flow,1000,0.9,1.0,6024,0.08652600557321082,0.0,0.18144090305444888,0.22245104816133965
20260908T074322Z_1057297f,NEW12,BTC,bitget_trade_flow,2000,0.9,1.0,3828,0.10313134722729499,0.0,0.25,0.36647959043519607
20260908T074322Z_1057297f,NEW12,BTC,bitget_trade_flow,5000,0.9,1.0,1857,0.08469359551637042,0.0,0.35218093699515346,0.6999870048012885
20260908T074322Z_1057297f,NEW12,BTC,bitget_trade_flow,10000,0.9,1.0,995,0.1976929801884759,0.0,0.4623115577889447,1.174468871883466
20260908T074322Z_1057297f,NEW12,BTC,bitget_trade_flow,30000,0.9,1.0,350,0.21248485510661574,0.31198986543246043,0.5457142857142857,2.257229746348902
20260908T074322Z_1057297f,NEW12,BTC,bitget_trade_flow,100,0.95,1.0,6024,0.045076121986692724,0.0,0.06523904382470119,0.05259538481318417
20260908T074322Z_1057297f,NEW12,BTC,bitget_trade_flow,200,0.95,1.0,6024,0.05711026182599311,0.0,0.08698539176626827,0.077929066566366
20260908T074322Z_1057297f,NEW12,BTC,bitget_trade_flow,500,0.95,1.0,6024,0.07371430765100238,0.0,0.13047808764940239,0.13457642382546017
20260908T074322Z_1057297f,NEW12,BTC,bitget_trade_flow,1000,0.95,1.0,6024,0.08652600557321082,0.0,0.18144090305444888,0.22245104816133965
20260908T074322Z_1057297f,NEW12,BTC,bitget_trade_flow,2000,0.95,1.0,3828,0.10313134722729499,0.0,0.25,0.36647959043519607
20260908T074322Z_1057297f,NEW12,BTC,bitget_trade_flow,5000,0.95,1.0,1857,0.08469359551637042,0.0,0.35218093699515346,0.6999870048012885
20260908T074322Z_1057297f,NEW12,BTC,bitget_trade_flow,10000,0.95,1.0,995,0.1976929801884759,0.0,0.4623115577889447,1.174468871883466
20260908T074322Z_1057297f,NEW12,BTC,bitget_trade_flow,30000,0.95,1.0,350,0.21248485510661574,0.31198986543246043,0.5457142857142857,2.257229746348902
20260908T074322Z_1057297f,NEW12,BTC,depth_imbalance_l1,100,0.8,0.8606469788226152,3393,0.08250296719228893,0.0,0.12879457707043915,0.08782313545528003
20260908T074322Z_1057297f,NEW12,BTC,depth_imbalance_l1,200,0.8,0.8606469788226152,3393,0.12012600268009407,0.0,0.18096080165045683,0.13440582546476873
20260908T074322Z_1057297f,NEW12,BTC,depth_imbalance_l1,500,0.8,0.8606469788226152,3393,0.18378751283610806,0.0,0.2673150604185087,0.21282595709434995
20260908T074322Z_1057297f,NEW12,BTC,depth_imbalance_l1,1000,0.8,0.8606469788226152,3392,0.2693103655910747,0.0,0.36350235849056606,0.32697427022573683
20260908T074322Z_1057297f,NEW12,BTC,depth_imbalance_l1,2000,0.8,0.8606469788226152,2194,0.37865699412155396,0.0,0.4822242479489517,0.5130269449634164
20260908T074322Z_1057297f,NEW12,BTC,depth_imbalance_l1,5000,0.8,0.8606469788226152,1236,0.5120993751215017,0.3569697529698379,0.5889967637540453,0.8695443328511627
20260908T074322Z_1057297f,NEW12,BTC,depth_imbalance_l1,10000,0.8,0.8606469788226152,759,0.5680777254683425,0.39334885157837896,0.5981554677206851,1.300154060528077
20260908T074322Z_1057297f,NEW12,BTC,depth_imbalance_l1,30000,0.8,0.8606469788226152,314,0.35405737644815755,0.21329243887702187,0.5477707006369427,2.21322206568724
20260908T074322Z_1057297f,NEW12,BTC,depth_imbalance_l1,100,0.9,0.9438838233787522,2019,0.1195314170282461,0.0,0.18424962852897475,0.1270988764750131
20260908T074322Z_1057297f,NEW12,BTC,depth_imbalance_l1,200,0.9,0.9438838233787522,2019,0.17259373399710498,0.0,0.2530955918771669,0.18292589353443314
20260908T074322Z_1057297f,NEW12,BTC,depth_imbalance_l1,500,0.9,0.9438838233787522,2019,0.25809176551040136,0.0,0.3481921743437345,0.27913250268627915
20260908T074322Z_1057297f,NEW12,BTC,depth_imbalance_l1,1000,0.9,0.9438838233787522,2019,0.36216116835846823,0.0,0.45121347201584944,0.4120282155713372
20260908T074322Z_1057297f,NEW12,BTC,depth_imbalance_l1,2000,0.9,0.9438838233787522,1461,0.4651068653906985,0.24116281091890457,0.5626283367556468,0.6000933999887741
20260908T074322Z_1057297f,NEW12,BTC,depth_imbalance_l1,5000,0.9,0.9438838233787522,932,0.6137608012329828,0.45949342131423876,0.6394849785407726,0.9446971406359793
20260908T074322Z_1057297f,NEW12,BTC,depth_imbalance_l1,10000,0.9,0.9438838233787522,622,0.7167319134869238,0.5461056269817632,0.6463022508038585,1.399039348197666
20260908T074322Z_1057297f,NEW12,BTC,depth_imbalance_l1,30000,0.9,0.9438838233787522,281,0.8903687806724152,0.8628636795937616,0.6298932384341637,2.4541393041759663
20260908T074322Z_1057297f,NEW12,BTC,depth_imbalance_l1,100,0.95,0.9823550120126909,1171,0.1630447350186501,0.0,0.2493595217762596,0.1733557502772171
20260908T074322Z_1057297f,NEW12,BTC,depth_imbalance_l1,200,0.95,0.9823550120126909,1171,0.23631051180230137,0.0,0.34244235695986336,0.24950209888183553
20260908T074322Z_1057297f,NEW12,BTC,depth_imbalance_l1,500,0.95,0.9823550120126909,1171,0.3317667164577948,0.0,0.4363791631084543,0.35213846746682465
20260908T074322Z_1057297f,NEW12,BTC,depth_imbalance_l1,1000,0.95,0.9823550120126909,1171,0.42771013319991746,0.12702388747731774,0.5277540563620837,0.4800127751258137
20260908T074322Z_1057297f,NEW12,BTC,depth_imbalance_l1,2000,0.95,0.9823550120126909,903,0.5592230623684183,0.39511006682979577,0.6400885935769657,0.6677945536296477
20260908T074322Z_1057297f,NEW12,BTC,depth_imbalance_l1,5000,0.95,0.9823550120126909,631,0.6998369954146596,0.558712067100231,0.6973058637083994,1.0322035690344158
20260908T074322Z_1057297f,NEW12,BTC,depth_imbalance_l1,10000,0.95,0.9823550120126909,475,0.799374726414227,0.6478218261340984,0.6968421052631579,1.4028267036731477
20260908T074322Z_1057297f,NEW12,BTC,depth_imbalance_l1,30000,0.95,0.9823550120126909,243,0.862192424278013,0.8500634058483669,0.6378600823045267,2.462638364134733
20260908T074322Z_1057297f,NEW12,BTC,depth_imbalance_l5,100,0.8,0.859026229055241,3338,0.07655056275909397,0.0,0.1201318154583583,0.08130455744803995
20260908T074322Z_1057297f,NEW12,BTC,depth_imbalance_l5,200,0.8,0.859026229055241,3338,0.11494232338790358,0.0,0.1719592570401438,0.12705346440062157
20260908T074322Z_1057297f,NEW12,BTC,depth_imbalance_l5,500,0.8,0.859026229055241,3338,0.17761750317106031,0.0,0.2516476932294787,0.20323184670753103
20260908T074322Z_1057297f,NEW12,BTC,depth_imbalance_l5,1000,0.8,0.859026229055241,3337,0.26647736682221945,0.0,0.3497153131555289,0.325199689676698
20260908T074322Z_1057297f,NEW12,BTC,depth_imbalance_l5,2000,0.8,0.859026229055241,2174,0.3783121533121675,0.0,0.4797608095676173,0.5128331962474985
20260908T074322Z_1057297f,NEW12,BTC,depth_imbalance_l5,5000,0.8,0.859026229055241,1209,0.5226668554693997,0.3696445357936895,0.5905707196029777,0.8787798399574034
20260908T074322Z_1057297f,NEW12,BTC,depth_imbalance_l5,10000,0.8,0.859026229055241,749,0.5881898179028453,0.4567893167117809,0.6114819759679573,1.3001267409457038
20260908T074322Z_1057297f,NEW12,BTC,depth_imbalance_l5,30000,0.8,0.859026229055241,311,0.23273234314093819,0.17785693823269,0.5241157556270096,2.2718183053932344
20260908T074322Z_1057297f,NEW12,BTC,depth_imbalance_l5,100,0.9,0.936741357784372,2023,0.12085931855551622,0.0,0.1819080573405833,0.12841181515612057
20260908T074322Z_1057297f,NEW12,BTC,depth_imbalance_l5,200,0.9,0.936741357784372,2023,0.1711790826108581,0.0,0.24518042511122096,0.18409646605605717
20260908T074322Z_1057297f,NEW12,BTC,depth_imbalance_l5,500,0.9,0.936741357784372,2023,0.2481700002693494,0.0,0.33168561542263963,0.2783063183332808
20260908T074322Z_1057297f,NEW12,BTC,depth_imbalance_l5,1000,0.9,0.936741357784372,2023,0.357171605251166,0.0,0.4364804745427583,0.41436322381813345
20260908T074322Z_1057297f,NEW12,BTC,depth_imbalance_l5,2000,0.9,0.936741357784372,1452,0.46432038492928834,0.2553241606295664,0.553030303030303,0.5920345017116322
20260908T074322Z_1057297f,NEW12,BTC,depth_imbalance_l5,5000,0.9,0.936741357784372,920,0.6299855338043577,0.4955826447916589,0.6456521739130435,0.937631371799957
20260908T074322Z_1057297f,NEW12,BTC,depth_imbalance_l5,10000,0.9,0.936741357784372,612,0.7466182977542539,0.5926073412998445,0.6552287581699346,1.4091084707774773
20260908T074322Z_1057297f,NEW12,BTC,depth_imbalance_l5,30000,0.9,0.936741357784372,276,1.0121789234793392,0.9976571701364456,0.6413043478260869,2.4463042042187735
20260908T074322Z_1057297f,NEW12,BTC,depth_imbalance_l5,100,0.95,0.9752898400326442,1194,0.1642261081697389,0.0,0.2370184254606365,0.17433850253136532
20260908T074322Z_1057297f,NEW12,BTC,depth_imbalance_l5,200,0.95,0.9752898400326442,1194,0.23721435356194231,0.0,0.3224455611390285,0.251428012400417
20260908T074322Z_1057297f,NEW12,BTC,depth_imbalance_l5,500,0.95,0.9752898400326442,1194,0.3394767591791239,0.0,0.4296482412060301,0.36750725017340563
20260908T074322Z_1057297f,NEW12,BTC,depth_imbalance_l5,1000,0.95,0.9752898400326442,1194,0.44105466516682384,0.14017507105112958,0.5159128978224455,0.49097454685694086
20260908T074322Z_1057297f,NEW12,BTC,depth_imbalance_l5,2000,0.95,0.9752898400326442,910,0.5583529606374414,0.4451573860519975,0.6230769230769231,0.6829798746698164
20260908T074322Z_1057297f,NEW12,BTC,depth_imbalance_l5,5000,0.95,0.9752898400326442,642,0.7120463329519393,0.5725412969798116,0.6947040498442367,1.03857816027665
20260908T074322Z_1057297f,NEW12,BTC,depth_imbalance_l5,10000,0.95,0.9752898400326442,471,0.7235484571663531,0.6468399648151824,0.6751592356687898,1.4565242402258114
20260908T074322Z_1057297f,NEW12,BTC,depth_imbalance_l5,30000,0.95,0.9752898400326442,243,0.911100999728632,0.8507207318730892,0.6502057613168725,2.3327978098270106
20260908T074322Z_1057297f,NEW12,BTC,external_ofi,100,0.8,0.06837603446266301,6234,0.05566069627774422,0.0,0.08068655758742381,0.05910535354541539
20260908T074322Z_1057297f,NEW12,BTC,external_ofi,200,0.8,0.06837603446266301,6234,0.07753359112245821,0.0,0.11405197305101059,0.08815567572299074
20260908T074322Z_1057297f,NEW12,BTC,external_ofi,500,0.8,0.06837603446266301,6234,0.10590837089444279,0.0,0.15976900866217517,0.14339749456463993
20260908T074322Z_1057297f,NEW12,BTC,external_ofi,1000,0.8,0.06837603446266301,6234,0.13325436315396275,0.0,0.2173564324671158,0.23513972186928114
20260908T074322Z_1057297f,NEW12,BTC,external_ofi,2000,0.8,0.06837603446266301,3898,0.17678811487373328,0.0,0.29040533606977936,0.38122171466609583
20260908T074322Z_1057297f,NEW12,BTC,external_ofi,5000,0.8,0.06837603446266301,1856,0.27263489657485546,0.0,0.4089439655172414,0.7240494786602573
20260908T074322Z_1057297f,NEW12,BTC,external_ofi,10000,0.8,0.06837603446266301,998,0.28217648793853145,0.0,0.49198396793587174,1.1484816458632492
20260908T074322Z_1057297f,NEW12,BTC,external_ofi,30000,0.8,0.06837603446266301,351,0.3089078665449837,0.11468247925749964,0.50997150997151,2.263493925818014
20260908T074322Z_1057297f,NEW12,BTC,external_ofi,100,0.9,0.20448001355156414,4122,0.10140865536095446,0.0,0.13755458515283842,0.1043408430430406
20260908T074322Z_1057297f,NEW12,BTC,external_ofi,200,0.9,0.20448001355156414,4122,0.13518116544189152,0.0,0.1819505094614265,0.1451619836860608
20260908T074322Z_1057297f,NEW12,BTC,external_ofi,500,0.9,0.20448001355156414,4122,0.17824988648278633,0.0,0.2438136826783115,0.2077641165586223
20260908T074322Z_1057297f,NEW12,BTC,external_ofi,1000,0.9,0.20448001355156414,4121,0.21902432351467024,0.0,0.30696432904634796,0.3131734877821157
20260908T074322Z_1057297f,NEW12,BTC,external_ofi,2000,0.9,0.20448001355156414,2873,0.2740433688946422,0.0,0.38009049773755654,0.46140231044222196
20260908T074322Z_1057297f,NEW12,BTC,external_ofi,5000,0.9,0.20448001355156414,1561,0.3709372821443523,0.0,0.48046124279308133,0.789212299786009
20260908T074322Z_1057297f,NEW12,BTC,external_ofi,10000,0.9,0.20448001355156414,906,0.3354861372366803,0.1080312572165898,0.5154525386313465,1.2108800584143955
20260908T074322Z_1057297f,NEW12,BTC,external_ofi,30000,0.9,0.20448001355156414,338,0.2756457228712529,0.3755318838050137,0.5621301775147929,2.287780142169838
20260908T074322Z_1057297f,NEW12,BTC,external_ofi,100,0.95,0.45805526422589754,2530,0.17271283122277747,0.0,0.2300395256916996,0.178586546993267
20260908T074322Z_1057297f,NEW12,BTC,external_ofi,200,0.95,0.45805526422589754,2530,0.21742238879253534,0.0,0.2818181818181818,0.23369280180315055
20260908T074322Z_1057297f,NEW12,BTC,external_ofi,500,0.95,0.45805526422589754,2530,0.2706520839065351,0.0,0.3533596837944664,0.3178226435451817
20260908T074322Z_1057297f,NEW12,BTC,external_ofi,1000,0.95,0.45805526422589754,2530,0.32121336762897823,0.0,0.4106719367588933,0.4331180205772211
20260908T074322Z_1057297f,NEW12,BTC,external_ofi,2000,0.95,0.45805526422589754,1959,0.37383304206056484,0.0,0.47371107708014293,0.5750765339588149
20260908T074322Z_1057297f,NEW12,BTC,external_ofi,5000,0.95,0.45805526422589754,1227,0.4452960113352006,0.22936086683245094,0.5525672371638142,0.9214444739326833
20260908T074322Z_1057297f,NEW12,BTC,external_ofi,10000,0.95,0.45805526422589754,759,0.368194133023737,0.2554084332029305,0.5612648221343873,1.28658951553689
20260908T074322Z_1057297f,NEW12,BTC,external_ofi,30000,0.95,0.45805526422589754,315,0.4640429546818245,0.33142487840698287,0.5523809523809524,2.292656737684238
20260908T074322Z_1057297f,NEW12,BTC,external_trade_flow,100,0.8,1.0,9377,0.008315483973462805,0.0,0.02175535885677722,0.01830898984703909
20260908T074322Z_1057297f,NEW12,BTC,external_trade_flow,200,0.8,1.0,9377,0.012090483943467352,0.0,0.035512424016209874,0.036152926601270736
20260908T074322Z_1057297f,NEW12,BTC,external_trade_flow,500,0.8,1.0,9377,0.020187416321887384,0.0,0.06995840887277381,0.08134019450557763
20260908T074322Z_1057297f,NEW12,BTC,external_trade_flow,1000,0.8,1.0,9376,0.03262788871951208,0.0,0.11977389078498293,0.16509809672393805
20260908T074322Z_1057297f,NEW12,BTC,external_trade_flow,2000,0.8,1.0,5024,0.040290361109513284,0.0,0.18889331210191082,0.30871265776771245
20260908T074322Z_1057297f,NEW12,BTC,external_trade_flow,5000,0.8,1.0,2095,0.08209992074293698,0.0,0.3341288782816229,0.6653565852435257
20260908T074322Z_1057297f,NEW12,BTC,external_trade_flow,10000,0.8,1.0,1062,0.10956982404936254,0.0,0.4171374764595104,1.1141639055527037
20260908T074322Z_1057297f,NEW12,BTC,external_trade_flow,30000,0.8,1.0,358,-0.2682520807496232,0.0,0.46368715083798884,2.3256623371113254
20260908T074322Z_1057297f,NEW12,BTC,external_trade_flow,100,0.9,1.0,9377,0.008315483973462805,0.0,0.02175535885677722,0.01830898984703909
20260908T074322Z_1057297f,NEW12,BTC,external_trade_flow,200,0.9,1.0,9377,0.012090483943467352,0.0,0.035512424016209874,0.036152926601270736
20260908T074322Z_1057297f,NEW12,BTC,external_trade_flow,500,0.9,1.0,9377,0.020187416321887384,0.0,0.06995840887277381,0.08134019450557763
20260908T074322Z_1057297f,NEW12,BTC,external_trade_flow,1000,0.9,1.0,9376,0.03262788871951208,0.0,0.11977389078498293,0.16509809672393805
20260908T074322Z_1057297f,NEW12,BTC,external_trade_flow,2000,0.9,1.0,5024,0.040290361109513284,0.0,0.18889331210191082,0.30871265776771245
20260908T074322Z_1057297f,NEW12,BTC,external_trade_flow,5000,0.9,1.0,2095,0.08209992074293698,0.0,0.3341288782816229,0.6653565852435257
20260908T074322Z_1057297f,NEW12,BTC,external_trade_flow,10000,0.9,1.0,1062,0.10956982404936254,0.0,0.4171374764595104,1.1141639055527037
20260908T074322Z_1057297f,NEW12,BTC,external_trade_flow,30000,0.9,1.0,358,-0.2682520807496232,0.0,0.46368715083798884,2.3256623371113254
20260908T074322Z_1057297f,NEW12,BTC,external_trade_flow,100,0.95,1.0,9377,0.008315483973462805,0.0,0.02175535885677722,0.01830898984703909
20260908T074322Z_1057297f,NEW12,BTC,external_trade_flow,200,0.95,1.0,9377,0.012090483943467352,0.0,0.035512424016209874,0.036152926601270736
20260908T074322Z_1057297f,NEW12,BTC,external_trade_flow,500,0.95,1.0,9377,0.020187416321887384,0.0,0.06995840887277381,0.08134019450557763
20260908T074322Z_1057297f,NEW12,BTC,external_trade_flow,1000,0.95,1.0,9376,0.03262788871951208,0.0,0.11977389078498293,0.16509809672393805
20260908T074322Z_1057297f,NEW12,BTC,external_trade_flow,2000,0.95,1.0,5024,0.040290361109513284,0.0,0.18889331210191082,0.30871265776771245
20260908T074322Z_1057297f,NEW12,BTC,external_trade_flow,5000,0.95,1.0,2095,0.08209992074293698,0.0,0.3341288782816229,0.6653565852435257
20260908T074322Z_1057297f,NEW12,BTC,external_trade_flow,10000,0.95,1.0,1062,0.10956982404936254,0.0,0.4171374764595104,1.1141639055527037
20260908T074322Z_1057297f,NEW12,BTC,external_trade_flow,30000,0.95,1.0,358,-0.2682520807496232,0.0,0.46368715083798884,2.3256623371113254
20260908T074322Z_1057297f,NEW12,BTC,fair_accel_100ms,100,0.8,7.706198004812751e-07,4095,0.08709627700428293,0.0,0.1199023199023199,0.0996875589133996
20260908T074322Z_1057297f,NEW12,BTC,fair_accel_100ms,200,0.8,7.706198004812751e-07,4095,0.11149679591505862,0.0,0.15335775335775337,0.13689987047081514
20260908T074322Z_1057297f,NEW12,BTC,fair_accel_100ms,500,0.8,7.706198004812751e-07,4095,0.1439124582853329,0.0,0.2126984126984127,0.21078973336441958
20260908T074322Z_1057297f,NEW12,BTC,fair_accel_100ms,1000,0.8,7.706198004812751e-07,4095,0.17642511718638762,0.0,0.27472527472527475,0.307589484072247
20260908T074322Z_1057297f,NEW12,BTC,fair_accel_100ms,2000,0.8,7.706198004812751e-07,2759,0.24780897066407095,0.0,0.37767306995288147,0.4742787098253123
20260908T074322Z_1057297f,NEW12,BTC,fair_accel_100ms,5000,0.8,7.706198004812751e-07,1500,0.3212889835803419,0.0,0.4806666666666667,0.8077709504585743
20260908T074322Z_1057297f,NEW12,BTC,fair_accel_100ms,10000,0.8,7.706198004812751e-07,870,0.3377664062490847,0.26778801461069257,0.5586206896551724,1.2074390855862327
20260908T074322Z_1057297f,NEW12,BTC,fair_accel_100ms,30000,0.8,7.706198004812751e-07,333,0.31810857446157603,0.2552646743680942,0.5345345345345346,2.21892996168485
20260908T074322Z_1057297f,NEW12,BTC,fair_accel_100ms,100,0.9,0.01277385880607223,2961,0.13293111826288015,0.0,0.1729145558932793,0.1463664117837677
20260908T074322Z_1057297f,NEW12,BTC,fair_accel_100ms,200,0.9,0.01277385880607223,2961,0.16754357180547683,0.0,0.2171563660925363,0.19648646526551491
20260908T074322Z_1057297f,NEW12,BTC,fair_accel_100ms,500,0.9,0.01277385880607223,2961,0.20486600738919356,0.0,0.2789598108747045,0.27657084848146024
20260908T074322Z_1057297f,NEW12,BTC,fair_accel_100ms,1000,0.9,0.01277385880607223,2961,0.24600387744768645,0.0,0.34515366430260047,0.3844545425392033
20260908T074322Z_1057297f,NEW12,BTC,fair_accel_100ms,2000,0.9,0.01277385880607223,2220,0.29124655537809063,0.0,0.4238738738738739,0.531096702423684
20260908T074322Z_1057297f,NEW12,BTC,fair_accel_100ms,5000,0.9,0.01277385880607223,1318,0.3813072461371078,0.12759165702647124,0.5189681335356601,0.8723569500678803
20260908T074322Z_1057297f,NEW12,BTC,fair_accel_100ms,10000,0.9,0.01277385880607223,807,0.37009660027063646,0.2676859126449216,0.550185873605948,1.2475604668214142
20260908T074322Z_1057297f,NEW12,BTC,fair_accel_100ms,30000,0.9,0.01277385880607223,321,0.4846211426425753,0.31868061127982017,0.5451713395638629,2.277195667377862
20260908T074322Z_1057297f,NEW12,BTC,fair_accel_100ms,100,0.95,0.15725564062247058,1961,0.18769319387730593,0.0,0.239673635900051,0.2108171302367415
20260908T074322Z_1057297f,NEW12,BTC,fair_accel_100ms,200,0.95,0.15725564062247058,1961,0.2291390833483936,0.0,0.2865884752677206,0.2666114923962791
20260908T074322Z_1057297f,NEW12,BTC,fair_accel_100ms,500,0.95,0.15725564062247058,1961,0.27192557147353724,0.0,0.3447220805711372,0.35410285198644387
20260908T074322Z_1057297f,NEW12,BTC,fair_accel_100ms,1000,0.95,0.15725564062247058,1961,0.3208498364519002,0.0,0.4110147883732789,0.4671196357276569
20260908T074322Z_1057297f,NEW12,BTC,fair_accel_100ms,2000,0.95,0.15725564062247058,1574,0.37586543614484863,0.0,0.4866581956797967,0.621288622853878
20260908T074322Z_1057297f,NEW12,BTC,fair_accel_100ms,5000,0.95,0.15725564062247058,1043,0.42044430008023387,0.22850715640121422,0.5532118887823586,0.9661045970190391
20260908T074322Z_1057297f,NEW12,BTC,fair_accel_100ms,10000,0.95,0.15725564062247058,677,0.44565300708113853,0.3559576181610957,0.5760709010339734,1.376288440205131
20260908T074322Z_1057297f,NEW12,BTC,fair_accel_100ms,30000,0.95,0.15725564062247058,295,0.5281555224143717,0.5106016866451846,0.5694915254237288,2.4066315926152004
20260908T074322Z_1057297f,NEW12,BTC,fair_gap_reversion,100,0.8,0.44233179334707284,2665,0.08324762460094534,0.0,0.08292682926829269,0.10247533560094545
20260908T074322Z_1057297f,NEW12,BTC,fair_gap_reversion,200,0.8,0.44233179334707284,2665,0.11178414344169453,0.0,0.11407129455909944,0.13842119336160816
20260908T074322Z_1057297f,NEW12,BTC,fair_gap_reversion,500,0.8,0.44233179334707284,2665,0.13787622279038558,0.0,0.16097560975609757,0.2019161945224727
20260908T074322Z_1057297f,NEW12,BTC,fair_gap_reversion,1000,0.8,0.44233179334707284,2665,0.1681477479384984,0.0,0.21951219512195122,0.28778140786211237
20260908T074322Z_1057297f,NEW12,BTC,fair_gap_reversion,2000,0.8,0.44233179334707284,1612,0.24729052096258528,0.0,0.3281637717121588,0.48774059149557303
20260908T074322Z_1057297f,NEW12,BTC,fair_gap_reversion,5000,0.8,0.44233179334707284,914,0.30571569752643946,0.0,0.44638949671772427,0.8905664446928533
20260908T074322Z_1057297f,NEW12,BTC,fair_gap_reversion,10000,0.8,0.44233179334707284,597,0.31117150355079787,0.10163356906067733,0.5209380234505863,1.3121450466334015
20260908T074322Z_1057297f,NEW12,BTC,fair_gap_reversion,30000,0.8,0.44233179334707284,277,0.13601441956533614,0.15307596586078276,0.5234657039711191,2.338269437660494
20260908T074322Z_1057297f,NEW12,BTC,fair_gap_reversion,100,0.9,0.5664244756906633,1443,0.1396895834000121,0.0,0.11850311850311851,0.15918671884832167
20260908T074322Z_1057297f,NEW12,BTC,fair_gap_reversion,200,0.9,0.5664244756906633,1443,0.1764211976535434,0.0,0.1573111573111573,0.20633081588347668
20260908T074322Z_1057297f,NEW12,BTC,fair_gap_reversion,500,0.9,0.5664244756906633,1443,0.20202839799283825,0.0,0.20443520443520444,0.2760034165038277
20260908T074322Z_1057297f,NEW12,BTC,fair_gap_reversion,1000,0.9,0.5664244756906633,1443,0.24856011087711244,0.0,0.27165627165627165,0.38493748021690327
20260908T074322Z_1057297f,NEW12,BTC,fair_gap_reversion,2000,0.9,0.5664244756906633,936,0.3620185519342256,0.0,0.38247863247863245,0.6151883583282634
20260908T074322Z_1057297f,NEW12,BTC,fair_gap_reversion,5000,0.9,0.5664244756906633,584,0.47480510682575233,0.13963387966997587,0.5171232876712328,1.055225477054799
20260908T074322Z_1057297f,NEW12,BTC,fair_gap_reversion,10000,0.9,0.5664244756906633,423,0.5580294224736627,0.370348376501628,0.574468085106383,1.4626760737170483
20260908T074322Z_1057297f,NEW12,BTC,fair_gap_reversion,30000,0.9,0.5664244756906633,232,0.8855876592382779,0.7128864431504844,0.646551724137931,2.557531595620081
20260908T074322Z_1057297f,NEW12,BTC,fair_gap_reversion,100,0.95,0.6716911487860687,803,0.2262197769608595,0.0,0.16811955168119552,0.2582354380946572
20260908T074322Z_1057297f,NEW12,BTC,fair_gap_reversion,200,0.95,0.6716911487860687,803,0.2717681924093474,0.0,0.20298879202988793,0.32585155299722524
20260908T074322Z_1057297f,NEW12,BTC,fair_gap_reversion,500,0.95,0.6716911487860687,803,0.30311779808679684,0.0,0.25404732254047324,0.3928730988397672
20260908T074322Z_1057297f,NEW12,BTC,fair_gap_reversion,1000,0.95,0.6716911487860687,803,0.36179983320440673,0.0,0.3287671232876712,0.5005098586852121
20260908T074322Z_1057297f,NEW12,BTC,fair_gap_reversion,2000,0.95,0.6716911487860687,553,0.5026290755825863,0.0,0.4412296564195298,0.7527702388639114
20260908T074322Z_1057297f,NEW12,BTC,fair_gap_reversion,5000,0.95,0.6716911487860687,379,0.5809907165352315,0.38103149034740547,0.5593667546174143,1.2616236954279305
20260908T074322Z_1057297f,NEW12,BTC,fair_gap_reversion,10000,0.95,0.6716911487860687,296,0.6957601236123953,0.5364300789834076,0.5912162162162162,1.7165163681730473
20260908T074322Z_1057297f,NEW12,BTC,fair_gap_reversion,30000,0.95,0.6716911487860687,181,1.1331934524114016,1.0830295010866298,0.6685082872928176,2.7261803453184617
20260908T074322Z_1057297f,NEW12,BTC,leader_gap_1000ms,100,0.8,0.19493390370431957,2994,0.07619844445729641,0.0,0.10420841683366733,0.1132005699537813
20260908T074322Z_1057297f,NEW12,BTC,leader_gap_1000ms,200,0.8,0.19493390370431957,2994,0.0965548533107913,0.0,0.13393453573814296,0.15726690989253267
20260908T074322Z_1057297f,NEW12,BTC,leader_gap_1000ms,500,0.8,0.19493390370431957,2994,0.11443056552993103,0.0,0.18336673346693386,0.2371051265032491
20260908T074322Z_1057297f,NEW12,BTC,leader_gap_1000ms,1000,0.8,0.19493390370431957,2994,0.1345585687246303,0.0,0.24649298597194388,0.3414816377321881
20260908T074322Z_1057297f,NEW12,BTC,leader_gap_1000ms,2000,0.8,0.19493390370431957,2031,0.1559063999385517,0.0,0.3308714918759232,0.5114225415727127
20260908T074322Z_1057297f,NEW12,BTC,leader_gap_1000ms,5000,0.8,0.19493390370431957,1240,0.16143712713763905,0.0,0.42983870967741933,0.8745280438820227
20260908T074322Z_1057297f,NEW12,BTC,leader_gap_1000ms,10000,0.8,0.19493390370431957,762,0.1337269796209055,0.0,0.46062992125984253,1.2878286248580755
20260908T074322Z_1057297f,NEW12,BTC,leader_gap_1000ms,30000,0.8,0.19493390370431957,313,-0.016130370383018428,0.0,0.48881789137380194,2.2922028074174774
20260908T074322Z_1057297f,NEW12,BTC,leader_gap_1000ms,100,0.9,0.40253463729935485,1803,0.11612180737863051,0.0,0.13477537437603992,0.1624795614292525
20260908T074322Z_1057297f,NEW12,BTC,leader_gap_1000ms,200,0.9,0.40253463729935485,1803,0.15024718504281628,0.0,0.1719356627842485,0.21739014772682158
20260908T074322Z_1057297f,NEW12,BTC,leader_gap_1000ms,500,0.9,0.40253463729935485,1803,0.1671320959549086,0.0,0.22240709927897948,0.29593583988332334
20260908T074322Z_1057297f,NEW12,BTC,leader_gap_1000ms,1000,0.9,0.40253463729935485,1803,0.1807121438252361,0.0,0.2789794786466999,0.403813131356536
20260908T074322Z_1057297f,NEW12,BTC,leader_gap_1000ms,2000,0.9,0.40253463729935485,1344,0.19640831098172926,0.0,0.3474702380952381,0.5725046482150099
20260908T074322Z_1057297f,NEW12,BTC,leader_gap_1000ms,5000,0.9,0.40253463729935485,905,0.2621151239966615,0.0,0.4685082872928177,0.9832711987183764
20260908T074322Z_1057297f,NEW12,BTC,leader_gap_1000ms,10000,0.9,0.40253463729935485,622,0.2677156110486471,0.02550833793357743,0.5064308681672026,1.363621067279815
20260908T074322Z_1057297f,NEW12,BTC,leader_gap_1000ms,30000,0.9,0.40253463729935485,282,0.046680442013715163,0.1399749764618985,0.5212765957446809,2.342623317944017
20260908T074322Z_1057297f,NEW12,BTC,leader_gap_1000ms,100,0.95,0.5861118054474607,1072,0.1699475755076265,0.0,0.15578358208955223,0.21942858596027737
20260908T074322Z_1057297f,NEW12,BTC,leader_gap_1000ms,200,0.95,0.5861118054474607,1072,0.21126465800341956,0.0,0.20055970149253732,0.28339056481498526
20260908T074322Z_1057297f,NEW12,BTC,leader_gap_1000ms,500,0.95,0.5861118054474607,1072,0.2381941557391345,0.0,0.25,0.3707897639836721
20260908T074322Z_1057297f,NEW12,BTC,leader_gap_1000ms,1000,0.95,0.5861118054474607,1072,0.2367979014831475,0.0,0.2994402985074627,0.47209403448850473
20260908T074322Z_1057297f,NEW12,BTC,leader_gap_1000ms,2000,0.95,0.5861118054474607,855,0.28289671984390086,0.0,0.36608187134502923,0.6370198892916419
20260908T074322Z_1057297f,NEW12,BTC,leader_gap_1000ms,5000,0.95,0.5861118054474607,638,0.3382883314901106,0.0,0.46394984326018807,1.0237353990367968
20260908T074322Z_1057297f,NEW12,BTC,leader_gap_1000ms,10000,0.95,0.5861118054474607,471,0.4240178027804376,0.19134861868552733,0.5392781316348195,1.442154185492751
20260908T074322Z_1057297f,NEW12,BTC,leader_gap_1000ms,30000,0.95,0.5861118054474607,242,0.6202273698412931,0.46563915757580343,0.5743801652892562,2.5461686405672785
20260908T074322Z_1057297f,NEW12,BTC,leader_gap_100ms,100,0.8,0.0005969854405813417,4260,0.06172874695075483,0.0,0.09530516431924882,0.10060259686527627
20260908T074322Z_1057297f,NEW12,BTC,leader_gap_100ms,200,0.8,0.0005969854405813417,4260,0.07160897531923435,0.0,0.11830985915492957,0.13573713084572148
20260908T074322Z_1057297f,NEW12,BTC,leader_gap_100ms,500,0.8,0.0005969854405813417,4260,0.08545394406268961,0.0,0.16338028169014085,0.2027654507466264
20260908T074322Z_1057297f,NEW12,BTC,leader_gap_100ms,1000,0.8,0.0005969854405813417,4260,0.09649842172087435,0.0,0.21690140845070421,0.29616103038277747
20260908T074322Z_1057297f,NEW12,BTC,leader_gap_100ms,2000,0.8,0.0005969854405813417,2818,0.13176397181234992,0.0,0.3016323633782825,0.46494419821970295
20260908T074322Z_1057297f,NEW12,BTC,leader_gap_100ms,5000,0.8,0.0005969854405813417,1512,0.14974662007748346,0.0,0.39880952380952384,0.803475009169339
20260908T074322Z_1057297f,NEW12,BTC,leader_gap_100ms,10000,0.8,0.0005969854405813417,876,0.20185548429279096,0.0,0.4817351598173516,1.2129475512058194
20260908T074322Z_1057297f,NEW12,BTC,leader_gap_100ms,30000,0.8,0.0005969854405813417,333,0.11731354901967653,0.14026863994764938,0.5105105105105106,2.2290996577326254
20260908T074322Z_1057297f,NEW12,BTC,leader_gap_100ms,100,0.9,0.000884102170785001,3546,0.08104665866061579,0.0,0.12069937958262832,0.12428886499112822
20260908T074322Z_1057297f,NEW12,BTC,leader_gap_100ms,200,0.9,0.000884102170785001,3546,0.09574679989487671,0.0,0.15031020868584322,0.16684200909366756
20260908T074322Z_1057297f,NEW12,BTC,leader_gap_100ms,500,0.9,0.000884102170785001,3546,0.11645157348304903,0.0,0.20191765369430345,0.2396405304324714
20260908T074322Z_1057297f,NEW12,BTC,leader_gap_100ms,1000,0.9,0.000884102170785001,3546,0.13458377259319793,0.0,0.2611393119007332,0.33969804610930326
20260908T074322Z_1057297f,NEW12,BTC,leader_gap_100ms,2000,0.9,0.000884102170785001,2545,0.16710946320899467,0.0,0.33713163064833007,0.4974728313354231
20260908T074322Z_1057297f,NEW12,BTC,leader_gap_100ms,5000,0.9,0.000884102170785001,1446,0.19477857395179862,0.0,0.4266943291839557,0.8247426276316265
20260908T074322Z_1057297f,NEW12,BTC,leader_gap_100ms,10000,0.9,0.000884102170785001,852,0.1754463511442038,0.0,0.49061032863849763,1.2366098583779574
20260908T074322Z_1057297f,NEW12,BTC,leader_gap_100ms,30000,0.9,0.000884102170785001,328,0.06819732212672318,0.0,0.49390243902439024,2.2447070228009514
20260908T074322Z_1057297f,NEW12,BTC,leader_gap_100ms,100,0.95,0.10694600590959001,2623,0.108661533312603,0.0,0.1517346549752192,0.15582318647023777
20260908T074322Z_1057297f,NEW12,BTC,leader_gap_100ms,200,0.95,0.10694600590959001,2623,0.13154892210777122,0.0,0.18566526877621045,0.2049917993951095
20260908T074322Z_1057297f,NEW12,BTC,leader_gap_100ms,500,0.95,0.10694600590959001,2623,0.14830274897477647,0.0,0.2321768966831872,0.2834945259224456
20260908T074322Z_1057297f,NEW12,BTC,leader_gap_100ms,1000,0.95,0.10694600590959001,2623,0.16977720478521324,0.0,0.29012581014105987,0.39433128209017143
20260908T074322Z_1057297f,NEW12,BTC,leader_gap_100ms,2000,0.95,0.10694600590959001,2007,0.1867970292226017,0.0,0.3487792725460887,0.5452464996009365
20260908T074322Z_1057297f,NEW12,BTC,leader_gap_100ms,5000,0.95,0.10694600590959001,1242,0.20831049005982227,0.0,0.42995169082125606,0.8773000745013904
20260908T074322Z_1057297f,NEW12,BTC,leader_gap_100ms,10000,0.95,0.10694600590959001,768,0.15850208381772465,0.0,0.484375,1.27324776670798
20260908T074322Z_1057297f,NEW12,BTC,leader_gap_100ms,30000,0.95,0.10694600590959001,314,0.13902865196600664,0.0190750069894996,0.5031847133757962,2.399892059397425
20260908T074322Z_1057297f,NEW12,BTC,leader_gap_200ms,100,0.8,0.0013664343255907615,4057,0.06561099163692735,0.0,0.10007394626571359,0.10070656939607281
20260908T074322Z_1057297f,NEW12,BTC,leader_gap_200ms,200,0.8,0.0013664343255907615,4057,0.07983648118641044,0.0,0.12768055213211732,0.13850804380893195
20260908T074322Z_1057297f,NEW12,BTC,leader_gap_200ms,500,0.8,0.0013664343255907615,4057,0.1034272889702491,0.0,0.17796401281735272,0.21223459308585294
20260908T074322Z_1057297f,NEW12,BTC,leader_gap_200ms,1000,0.8,0.0013664343255907615,4057,0.12101085697234608,0.0,0.23687453783583928,0.31202236837476305
20260908T074322Z_1057297f,NEW12,BTC,leader_gap_200ms,2000,0.8,0.0013664343255907615,2747,0.1529023418493606,0.0,0.3130688023298143,0.47818446019163746
20260908T074322Z_1057297f,NEW12,BTC,leader_gap_200ms,5000,0.8,0.0013664343255907615,1492,0.16244034511681202,0.0,0.4061662198391421,0.8130272513997469
20260908T074322Z_1057297f,NEW12,BTC,leader_gap_200ms,10000,0.8,0.0013664343255907615,870,0.14161619498347147,0.0,0.4735632183908046,1.2072123053238346
20260908T074322Z_1057297f,NEW12,BTC,leader_gap_200ms,30000,0.8,0.0013664343255907615,332,-0.04450814493389955,0.0,0.49698795180722893,2.2268817350856693
20260908T074322Z_1057297f,NEW12,BTC,leader_gap_200ms,100,0.9,0.058755202014831434,3047,0.09497965718844333,0.0,0.13357400722021662,0.14077451514966782
20260908T074322Z_1057297f,NEW12,BTC,leader_gap_200ms,200,0.9,0.058755202014831434,3047,0.11432905308621255,0.0,0.16967509025270758,0.18612369827098083
20260908T074322Z_1057297f,NEW12,BTC,leader_gap_200ms,500,0.9,0.058755202014831434,3047,0.13425446578276104,0.0,0.22021660649819494,0.26217037830612056
20260908T074322Z_1057297f,NEW12,BTC,leader_gap_200ms,1000,0.9,0.058755202014831434,3047,0.1528777346987265,0.0,0.28224483098129305,0.36984992342221135
20260908T074322Z_1057297f,NEW12,BTC,leader_gap_200ms,2000,0.9,0.058755202014831434,2260,0.18043229391430124,0.0,0.34469026548672566,0.5309604946630156
20260908T074322Z_1057297f,NEW12,BTC,leader_gap_200ms,5000,0.9,0.058755202014831434,1342,0.22906750431988332,0.0,0.4366616989567809,0.8577669570224137
20260908T074322Z_1057297f,NEW12,BTC,leader_gap_200ms,10000,0.9,0.058755202014831434,816,0.17995748804632905,0.0,0.48161764705882354,1.2290282497633689
20260908T074322Z_1057297f,NEW12,BTC,leader_gap_200ms,30000,0.9,0.058755202014831434,320,0.3069468519546793,0.08283501551409334,0.515625,2.309282686579036
20260908T074322Z_1057297f,NEW12,BTC,leader_gap_200ms,100,0.95,0.24030881146724375,1957,0.12134502924084867,0.0,0.1538068472151252,0.18078721795507122
20260908T074322Z_1057297f,NEW12,BTC,leader_gap_200ms,200,0.95,0.24030881146724375,1957,0.14696138459465075,0.0,0.18753193663771078,0.23403370396999074
20260908T074322Z_1057297f,NEW12,BTC,leader_gap_200ms,500,0.95,0.24030881146724375,1957,0.16058613354112825,0.0,0.23300970873786409,0.3163682005093435
20260908T074322Z_1057297f,NEW12,BTC,leader_gap_200ms,1000,0.95,0.24030881146724375,1957,0.17598359163287491,0.0,0.2897291773122126,0.42166774563693155
20260908T074322Z_1057297f,NEW12,BTC,leader_gap_200ms,2000,0.95,0.24030881146724375,1586,0.18337855171658346,0.0,0.34867591424968475,0.5719340550861913
20260908T074322Z_1057297f,NEW12,BTC,leader_gap_200ms,5000,0.95,0.24030881146724375,1063,0.1671492168344822,0.0,0.41862652869238004,0.9152529260104636
20260908T074322Z_1057297f,NEW12,BTC,leader_gap_200ms,10000,0.95,0.24030881146724375,695,0.1481622343998952,0.0,0.4719424460431655,1.3203885339254298
20260908T074322Z_1057297f,NEW12,BTC,leader_gap_200ms,30000,0.95,0.24030881146724375,297,0.07689600975697962,0.0,0.4882154882154882,2.3588416981510276
20260908T074322Z_1057297f,NEW12,BTC,leader_gap_500ms,100,0.8,0.04824661353489962,3444,0.07300950482103359,0.0,0.11120789779326365,0.11541944514190335
20260908T074322Z_1057297f,NEW12,BTC,leader_gap_500ms,200,0.8,0.04824661353489962,3444,0.08817039497979517,0.0,0.14314750290360045,0.1571141442068657
20260908T074322Z_1057297f,NEW12,BTC,leader_gap_500ms,500,0.8,0.04824661353489962,3444,0.10992838630575712,0.0,0.19279907084785133,0.23312795649167536
20260908T074322Z_1057297f,NEW12,BTC,leader_gap_500ms,1000,0.8,0.04824661353489962,3444,0.13142781547719617,0.0,0.25493612078977934,0.34184592161088984
20260908T074322Z_1057297f,NEW12,BTC,leader_gap_500ms,2000,0.8,0.04824661353489962,2437,0.1705322942214024,0.0,0.3397620024620435,0.5112834454770516
20260908T074322Z_1057297f,NEW12,BTC,leader_gap_500ms,5000,0.8,0.04824661353489962,1401,0.2104982501215555,0.0,0.42755174875089225,0.839544745312556
20260908T074322Z_1057297f,NEW12,BTC,leader_gap_500ms,10000,0.8,0.04824661353489962,833,0.22318313710582285,0.0,0.49459783913565425,1.2303898803720696
20260908T074322Z_1057297f,NEW12,BTC,leader_gap_500ms,30000,0.8,0.04824661353489962,326,0.016895427862086348,0.0,0.4938650306748466,2.2640731337910087
20260908T074322Z_1057297f,NEW12,BTC,leader_gap_500ms,100,0.9,0.24573344901105793,2152,0.11077178377160195,0.0,0.1421933085501859,0.15901693556253643
20260908T074322Z_1057297f,NEW12,BTC,leader_gap_500ms,200,0.9,0.24573344901105793,2152,0.13740040395560607,0.0,0.17890334572490707,0.2140147012321637
20260908T074322Z_1057297f,NEW12,BTC,leader_gap_500ms,500,0.9,0.24573344901105793,2152,0.1558651194244156,0.0,0.22490706319702602,0.3010812252260697
20260908T074322Z_1057297f,NEW12,BTC,leader_gap_500ms,1000,0.9,0.24573344901105793,2152,0.1593901090933341,0.0,0.2788104089219331,0.4057469934613914
20260908T074322Z_1057297f,NEW12,BTC,leader_gap_500ms,2000,0.9,0.24573344901105793,1668,0.17108683160704558,0.0,0.34952038369304556,0.5614131513744474
20260908T074322Z_1057297f,NEW12,BTC,leader_gap_500ms,5000,0.9,0.24573344901105793,1088,0.172200249219099,0.0,0.4264705882352941,0.9204368758326503
20260908T074322Z_1057297f,NEW12,BTC,leader_gap_500ms,10000,0.9,0.24573344901105793,707,0.125731580199644,0.0,0.4794908062234795,1.3204224848859578
20260908T074322Z_1057297f,NEW12,BTC,leader_gap_500ms,30000,0.9,0.24573344901105793,300,-0.06251090712998678,0.0,0.4766666666666667,2.3565356569736906
20260908T074322Z_1057297f,NEW12,BTC,leader_gap_500ms,100,0.95,0.445793449669371,1330,0.16228626842965924,0.0,0.16165413533834586,0.21032933427296968
20260908T074322Z_1057297f,NEW12,BTC,leader_gap_500ms,200,0.95,0.445793449669371,1330,0.19455628228259023,0.0,0.20075187969924813,0.27505429637365886
20260908T074322Z_1057297f,NEW12,BTC,leader_gap_500ms,500,0.95,0.445793449669371,1330,0.21017008560699968,0.0,0.24210526315789474,0.3459757629283204
20260908T074322Z_1057297f,NEW12,BTC,leader_gap_500ms,1000,0.95,0.445793449669371,1330,0.22355866974426386,0.0,0.2962406015037594,0.46356838472050216
20260908T074322Z_1057297f,NEW12,BTC,leader_gap_500ms,2000,0.95,0.445793449669371,1113,0.18178881318406914,0.0,0.34052111410601976,0.6076325882881081
20260908T074322Z_1057297f,NEW12,BTC,leader_gap_500ms,5000,0.95,0.445793449669371,788,0.21706499293458453,0.0,0.44543147208121825,1.0061401931355372
20260908T074322Z_1057297f,NEW12,BTC,leader_gap_500ms,10000,0.95,0.445793449669371,563,0.20704402141934578,0.0,0.4866785079928952,1.3800643825476027
20260908T074322Z_1057297f,NEW12,BTC,leader_gap_500ms,30000,0.95,0.445793449669371,268,0.05827434076369084,0.1335990304468515,0.5186567164179104,2.3597772885325883
20260908T074322Z_1057297f,NEW12,ETH,bitget_ofi,100,0.8,0.41087915561220795,4403,0.08030181464095361,0.0,0.14285714285714285,0.10053117206285105
20260908T074322Z_1057297f,NEW12,ETH,bitget_ofi,200,0.8,0.41087915561220795,4403,0.11914503795852126,0.0,0.1971383147853736,0.15657731339898065
20260908T074322Z_1057297f,NEW12,ETH,bitget_ofi,500,0.8,0.41087915561220795,4403,0.1638852350727791,0.0,0.2861685214626391,0.267193061213412
20260908T074322Z_1057297f,NEW12,ETH,bitget_ofi,1000,0.8,0.41087915561220795,4403,0.203609781855404,0.0,0.36997501703384056,0.4152217546907236
20260908T074322Z_1057297f,NEW12,ETH,bitget_ofi,2000,0.8,0.41087915561220795,3007,0.22685710964143682,0.0,0.4439640838044563,0.6382666639116708
20260908T074322Z_1057297f,NEW12,ETH,bitget_ofi,5000,0.8,0.41087915561220795,1604,0.2318145463273357,0.08074251059642101,0.5193266832917706,1.0947630659289191
20260908T074322Z_1057297f,NEW12,ETH,bitget_ofi,10000,0.8,0.41087915561220795,910,0.28483794364086384,0.20060221622597574,0.5351648351648352,1.6425238020098476
20260908T074322Z_1057297f,NEW12,ETH,bitget_ofi,30000,0.8,0.41087915561220795,338,0.4296793779843384,0.46282058869195897,0.5502958579881657,3.144606917456509
20260908T074322Z_1057297f,NEW12,ETH,bitget_ofi,100,0.9,0.8877965029682245,2924,0.1039672587077023,0.0,0.18023255813953487,0.12855436929851113
20260908T074322Z_1057297f,NEW12,ETH,bitget_ofi,200,0.9,0.8877965029682245,2924,0.15214296602429025,0.0,0.2390560875512996,0.19546542321945162
20260908T074322Z_1057297f,NEW12,ETH,bitget_ofi,500,0.9,0.8877965029682245,2924,0.20232299339213494,0.0,0.3279753761969904,0.3137907260279369
20260908T074322Z_1057297f,NEW12,ETH,bitget_ofi,1000,0.9,0.8877965029682245,2923,0.2422225731750778,0.0,0.39616832021895315,0.45843569338290624
20260908T074322Z_1057297f,NEW12,ETH,bitget_ofi,2000,0.9,0.8877965029682245,2209,0.2710724503628595,0.0,0.46763241285649615,0.6676097163497098
20260908T074322Z_1057297f,NEW12,ETH,bitget_ofi,5000,0.9,0.8877965029682245,1331,0.3600639742732306,0.2009246552647781,0.546205860255447,1.128081743756609
20260908T074322Z_1057297f,NEW12,ETH,bitget_ofi,10000,0.9,0.8877965029682245,810,0.4635487724308246,0.281800348921335,0.5567901234567901,1.6856747577993398
20260908T074322Z_1057297f,NEW12,ETH,bitget_ofi,30000,0.9,0.8877965029682245,325,0.6377626490073194,0.2408898470962484,0.5230769230769231,3.0344769413138155
20260908T074322Z_1057297f,NEW12,ETH,bitget_ofi,100,0.95,1.1895890469651267,1776,0.12120579167108828,0.0,0.21283783783783783,0.15170919557236512
20260908T074322Z_1057297f,NEW12,ETH,bitget_ofi,200,0.95,1.1895890469651267,1776,0.16848361791594982,0.0,0.2713963963963964,0.2265468753068968
20260908T074322Z_1057297f,NEW12,ETH,bitget_ofi,500,0.95,1.1895890469651267,1776,0.21938501732104626,0.0,0.3552927927927928,0.35822362172049216
20260908T074322Z_1057297f,NEW12,ETH,bitget_ofi,1000,0.95,1.1895890469651267,1775,0.2589351112714217,0.0,0.4180281690140845,0.5072227986103655
20260908T074322Z_1057297f,NEW12,ETH,bitget_ofi,2000,0.95,1.1895890469651267,1467,0.281119070418273,0.0,0.48261758691206547,0.7175742711538152
20260908T074322Z_1057297f,NEW12,ETH,bitget_ofi,5000,0.95,1.1895890469651267,1012,0.3147551097636449,0.20181879343050824,0.5484189723320159,1.1828939407325878
20260908T074322Z_1057297f,NEW12,ETH,bitget_ofi,10000,0.95,1.1895890469651267,669,0.4365939485521579,0.20048155670027157,0.5396113602391629,1.739744741389344
20260908T074322Z_1057297f,NEW12,ETH,bitget_ofi,30000,0.95,1.1895890469651267,293,0.8057204670629358,0.8840187492342721,0.552901023890785,2.9972663535683046
20260908T074322Z_1057297f,NEW12,ETH,bitget_trade_flow,100,0.8,1.0,5192,0.09260446037648755,0.0,0.12942989214175654,0.11329931153675996
20260908T074322Z_1057297f,NEW12,ETH,bitget_trade_flow,200,0.8,1.0,5192,0.11440801250809576,0.0,0.1729583975346687,0.16332421744767042
20260908T074322Z_1057297f,NEW12,ETH,bitget_trade_flow,500,0.8,1.0,5192,0.1398116099050462,0.0,0.23863636363636365,0.268479201353315
20260908T074322Z_1057297f,NEW12,ETH,bitget_trade_flow,1000,0.8,1.0,5192,0.15879888733887967,0.0,0.30431432973805855,0.40235164904045545
20260908T074322Z_1057297f,NEW12,ETH,bitget_trade_flow,2000,0.8,1.0,3463,0.1782837371930509,0.0,0.3840600635287323,0.6133874970402912
20260908T074322Z_1057297f,NEW12,ETH,bitget_trade_flow,5000,0.8,1.0,1743,0.1812006207571287,0.0,0.4624211130235227,1.0636742452167132
20260908T074322Z_1057297f,NEW12,ETH,bitget_trade_flow,10000,0.8,1.0,962,0.17096330314708474,0.06050347204467066,0.5103950103950103,1.6258905525415157
20260908T074322Z_1057297f,NEW12,ETH,bitget_trade_flow,30000,0.8,1.0,346,0.23955139930856925,0.0,0.4884393063583815,2.9151530158785204
20260908T074322Z_1057297f,NEW12,ETH,bitget_trade_flow,100,0.9,1.0,5192,0.09260446037648755,0.0,0.12942989214175654,0.11329931153675996
20260908T074322Z_1057297f,NEW12,ETH,bitget_trade_flow,200,0.9,1.0,5192,0.11440801250809576,0.0,0.1729583975346687,0.16332421744767042
20260908T074322Z_1057297f,NEW12,ETH,bitget_trade_flow,500,0.9,1.0,5192,0.1398116099050462,0.0,0.23863636363636365,0.268479201353315
20260908T074322Z_1057297f,NEW12,ETH,bitget_trade_flow,1000,0.9,1.0,5192,0.15879888733887967,0.0,0.30431432973805855,0.40235164904045545
20260908T074322Z_1057297f,NEW12,ETH,bitget_trade_flow,2000,0.9,1.0,3463,0.1782837371930509,0.0,0.3840600635287323,0.6133874970402912
20260908T074322Z_1057297f,NEW12,ETH,bitget_trade_flow,5000,0.9,1.0,1743,0.1812006207571287,0.0,0.4624211130235227,1.0636742452167132
20260908T074322Z_1057297f,NEW12,ETH,bitget_trade_flow,10000,0.9,1.0,962,0.17096330314708474,0.06050347204467066,0.5103950103950103,1.6258905525415157
20260908T074322Z_1057297f,NEW12,ETH,bitget_trade_flow,30000,0.9,1.0,346,0.23955139930856925,0.0,0.4884393063583815,2.9151530158785204
20260908T074322Z_1057297f,NEW12,ETH,bitget_trade_flow,100,0.95,1.0,5192,0.09260446037648755,0.0,0.12942989214175654,0.11329931153675996
20260908T074322Z_1057297f,NEW12,ETH,bitget_trade_flow,200,0.95,1.0,5192,0.11440801250809576,0.0,0.1729583975346687,0.16332421744767042
20260908T074322Z_1057297f,NEW12,ETH,bitget_trade_flow,500,0.95,1.0,5192,0.1398116099050462,0.0,0.23863636363636365,0.268479201353315
20260908T074322Z_1057297f,NEW12,ETH,bitget_trade_flow,1000,0.95,1.0,5192,0.15879888733887967,0.0,0.30431432973805855,0.40235164904045545
20260908T074322Z_1057297f,NEW12,ETH,bitget_trade_flow,2000,0.95,1.0,3463,0.1782837371930509,0.0,0.3840600635287323,0.6133874970402912
20260908T074322Z_1057297f,NEW12,ETH,bitget_trade_flow,5000,0.95,1.0,1743,0.1812006207571287,0.0,0.4624211130235227,1.0636742452167132
20260908T074322Z_1057297f,NEW12,ETH,bitget_trade_flow,10000,0.95,1.0,962,0.17096330314708474,0.06050347204467066,0.5103950103950103,1.6258905525415157
20260908T074322Z_1057297f,NEW12,ETH,bitget_trade_flow,30000,0.95,1.0,346,0.23955139930856925,0.0,0.4884393063583815,2.9151530158785204
20260908T074322Z_1057297f,NEW12,ETH,depth_imbalance_l1,100,0.8,0.8203423397934645,3672,0.10585364488767768,0.0,0.16122004357298475,0.11295098563421682
20260908T074322Z_1057297f,NEW12,ETH,depth_imbalance_l1,200,0.8,0.8203423397934645,3672,0.16191198509835059,0.0,0.22685185185185186,0.17282617385420837
20260908T074322Z_1057297f,NEW12,ETH,depth_imbalance_l1,500,0.8,0.8203423397934645,3672,0.25624755592045684,0.0,0.34449891067538124,0.2996711373674357
20260908T074322Z_1057297f,NEW12,ETH,depth_imbalance_l1,1000,0.8,0.8203423397934645,3671,0.3496261114906143,0.0,0.43966221737946065,0.45887065809758115
20260908T074322Z_1057297f,NEW12,ETH,depth_imbalance_l1,2000,0.8,0.8203423397934645,2476,0.4607474746493021,0.20178824818861685,0.552907915993538,0.6983191529030698
20260908T074322Z_1057297f,NEW12,ETH,depth_imbalance_l1,5000,0.8,0.8203423397934645,1370,0.5728063583989901,0.4412567000194878,0.6364963503649635,1.1788273365760813
20260908T074322Z_1057297f,NEW12,ETH,depth_imbalance_l1,10000,0.8,0.8203423397934645,821,0.564180666818895,0.5222068461308016,0.6187576126674786,1.6534449884953097
20260908T074322Z_1057297f,NEW12,ETH,depth_imbalance_l1,30000,0.8,0.8203423397934645,327,0.6645366913886523,0.843293905995468,0.5871559633027523,3.047474221540966
20260908T074322Z_1057297f,NEW12,ETH,depth_imbalance_l1,100,0.9,0.9264064472084601,2273,0.13599864252834606,0.0,0.20413550373955125,0.1485922919158855
20260908T074322Z_1057297f,NEW12,ETH,depth_imbalance_l1,200,0.9,0.9264064472084601,2273,0.20321190963084523,0.0,0.27628684557853056,0.22640329607664383
20260908T074322Z_1057297f,NEW12,ETH,depth_imbalance_l1,500,0.9,0.9264064472084601,2273,0.3183069901263268,0.0,0.40123185217773866,0.36400206383482503
20260908T074322Z_1057297f,NEW12,ETH,depth_imbalance_l1,1000,0.9,0.9264064472084601,2272,0.42161864711997343,0.0,0.49383802816901406,0.5217269350891347
20260908T074322Z_1057297f,NEW12,ETH,depth_imbalance_l1,2000,0.9,0.9264064472084601,1683,0.5324283257260033,0.32277391905921604,0.6024955436720143,0.7662721233429685
20260908T074322Z_1057297f,NEW12,ETH,depth_imbalance_l1,5000,0.9,0.9264064472084601,1070,0.7459626923121394,0.5647199446151552,0.6626168224299065,1.26825398023025
20260908T074322Z_1057297f,NEW12,ETH,depth_imbalance_l1,10000,0.9,0.9264064472084601,688,0.6530171618733103,0.6011838245845169,0.6191860465116279,1.7471486269386574
20260908T074322Z_1057297f,NEW12,ETH,depth_imbalance_l1,30000,0.9,0.9264064472084601,304,0.5515011572022303,0.7259486696248318,0.5789473684210527,2.906482812740896
20260908T074322Z_1057297f,NEW12,ETH,depth_imbalance_l1,100,0.95,0.9802818605213816,1300,0.17614497521502184,0.0,0.23,0.19352136216822866
20260908T074322Z_1057297f,NEW12,ETH,depth_imbalance_l1,200,0.95,0.9802818605213816,1300,0.24897984869711476,0.0,0.30230769230769233,0.2731632912078982
20260908T074322Z_1057297f,NEW12,ETH,depth_imbalance_l1,500,0.95,0.9802818605213816,1300,0.3695896041646559,0.0,0.43846153846153846,0.41528452812969086
20260908T074322Z_1057297f,NEW12,ETH,depth_imbalance_l1,1000,0.95,0.9802818605213816,1300,0.465530248446287,0.12115949661994918,0.5330769230769231,0.5784474393040674
20260908T074322Z_1057297f,NEW12,ETH,depth_imbalance_l1,2000,0.95,0.9802818605213816,1025,0.5696154518126825,0.40159110395121544,0.624390243902439,0.8360316636998305
20260908T074322Z_1057297f,NEW12,ETH,depth_imbalance_l1,5000,0.95,0.9802818605213816,722,0.7548567587633914,0.6069127544355846,0.667590027700831,1.3536401916484646
20260908T074322Z_1057297f,NEW12,ETH,depth_imbalance_l1,10000,0.95,0.9802818605213816,517,0.887703741806306,0.809472446567927,0.6750483558994197,1.8324296027226539
20260908T074322Z_1057297f,NEW12,ETH,depth_imbalance_l1,30000,0.95,0.9802818605213816,254,0.6419789902471937,0.6461757143244595,0.6023622047244095,3.016678117143019
20260908T074322Z_1057297f,NEW12,ETH,depth_imbalance_l5,100,0.8,0.706566848401009,3744,0.08880736137426734,0.0,0.14449786324786323,0.10086840700179336
20260908T074322Z_1057297f,NEW12,ETH,depth_imbalance_l5,200,0.8,0.706566848401009,3744,0.1402527808333326,0.0,0.2064636752136752,0.16449340663698336
20260908T074322Z_1057297f,NEW12,ETH,depth_imbalance_l5,500,0.8,0.706566848401009,3744,0.22450126226622588,0.0,0.31036324786324787,0.2817650370920736
20260908T074322Z_1057297f,NEW12,ETH,depth_imbalance_l5,1000,0.8,0.706566848401009,3743,0.2870007288006148,0.0,0.3967405824205183,0.42493848568592996
20260908T074322Z_1057297f,NEW12,ETH,depth_imbalance_l5,2000,0.8,0.706566848401009,2494,0.37653262631093254,0.040352357004169725,0.5076182838813151,0.6573060245918172
20260908T074322Z_1057297f,NEW12,ETH,depth_imbalance_l5,5000,0.8,0.706566848401009,1378,0.49094047460978435,0.36208502556756006,0.5820029027576198,1.1567936700733088
20260908T074322Z_1057297f,NEW12,ETH,depth_imbalance_l5,10000,0.8,0.706566848401009,835,0.470153582495518,0.3209223307798492,0.5580838323353293,1.6926481079201807
20260908T074322Z_1057297f,NEW12,ETH,depth_imbalance_l5,30000,0.8,0.706566848401009,325,0.47420294821864417,0.7670213130983594,0.5846153846153846,2.988707563439895
20260908T074322Z_1057297f,NEW12,ETH,depth_imbalance_l5,100,0.9,0.8348234044436577,2215,0.12275445933084805,0.0,0.18239277652370203,0.14107293581774888
20260908T074322Z_1057297f,NEW12,ETH,depth_imbalance_l5,200,0.9,0.8348234044436577,2215,0.19250175967366664,0.0,0.2510158013544018,0.21951419763940774
20260908T074322Z_1057297f,NEW12,ETH,depth_imbalance_l5,500,0.9,0.8348234044436577,2215,0.27867405330667405,0.0,0.35395033860045144,0.3443099940998346
20260908T074322Z_1057297f,NEW12,ETH,depth_imbalance_l5,1000,0.9,0.8348234044436577,2214,0.36654260918833026,0.0,0.43902439024390244,0.49314053250025425
20260908T074322Z_1057297f,NEW12,ETH,depth_imbalance_l5,2000,0.9,0.8348234044436577,1603,0.4683407703752303,0.20179231938088904,0.5464753587024329,0.7400632054136236
20260908T074322Z_1057297f,NEW12,ETH,depth_imbalance_l5,5000,0.9,0.8348234044436577,1008,0.6272360659041158,0.4856205756881282,0.6220238095238095,1.2196011852331856
20260908T074322Z_1057297f,NEW12,ETH,depth_imbalance_l5,10000,0.9,0.8348234044436577,663,0.6811480013278528,0.4855812711312968,0.6048265460030166,1.7553882083537666
20260908T074322Z_1057297f,NEW12,ETH,depth_imbalance_l5,30000,0.9,0.8348234044436577,296,0.7695284110303282,1.0301329697126604,0.6148648648648649,3.0598586647921833
20260908T074322Z_1057297f,NEW12,ETH,depth_imbalance_l5,100,0.95,0.9083549599101366,1273,0.14936996068465205,0.0,0.20031421838177532,0.170977194800854
20260908T074322Z_1057297f,NEW12,ETH,depth_imbalance_l5,200,0.95,0.9083549599101366,1273,0.23053883171054257,0.0,0.2835820895522388,0.2595941287603731
20260908T074322Z_1057297f,NEW12,ETH,depth_imbalance_l5,500,0.95,0.9083549599101366,1273,0.3410467731325783,0.0,0.39984289080911234,0.40767143228378
20260908T074322Z_1057297f,NEW12,ETH,depth_imbalance_l5,1000,0.95,0.9083549599101366,1272,0.4401380171565724,0.0,0.485062893081761,0.5703713655068576
20260908T074322Z_1057297f,NEW12,ETH,depth_imbalance_l5,2000,0.95,0.9083549599101366,984,0.5845319619036701,0.3238263325228141,0.5945121951219512,0.8445012119242085
20260908T074322Z_1057297f,NEW12,ETH,depth_imbalance_l5,5000,0.95,0.9083549599101366,702,0.740761471040238,0.5660139975294243,0.6509971509971509,1.3160404603637361
20260908T074322Z_1057297f,NEW12,ETH,depth_imbalance_l5,10000,0.95,0.9083549599101366,496,0.8603143907998079,0.7041816146402535,0.6391129032258065,1.8481238377952827
20260908T074322Z_1057297f,NEW12,ETH,depth_imbalance_l5,30000,0.95,0.9083549599101366,252,1.176819266431621,0.9274904127581918,0.623015873015873,3.052604604827083
20260908T074322Z_1057297f,NEW12,ETH,external_ofi,100,0.8,0.12177590453951623,6267,0.08530352197494646,0.0,0.1302058401148875,0.09729274323673562
20260908T074322Z_1057297f,NEW12,ETH,external_ofi,200,0.8,0.12177590453951623,6267,0.11583549172360903,0.0,0.17967129408010213,0.145243250469805
20260908T074322Z_1057297f,NEW12,ETH,external_ofi,500,0.8,0.12177590453951623,6267,0.16874446459082704,0.0,0.26216690601563747,0.25449887529742315
20260908T074322Z_1057297f,NEW12,ETH,external_ofi,1000,0.8,0.12177590453951623,6267,0.1965322221392248,0.0,0.3347694271581299,0.39592990047533066
20260908T074322Z_1057297f,NEW12,ETH,external_ofi,2000,0.8,0.12177590453951623,3895,0.23989585015392953,0.0,0.4154043645699615,0.6058741331743135
20260908T074322Z_1057297f,NEW12,ETH,external_ofi,5000,0.8,0.12177590453951623,1849,0.27524711789906087,0.0,0.49540292049756623,1.0768800241420926
20260908T074322Z_1057297f,NEW12,ETH,external_ofi,10000,0.8,0.12177590453951623,998,0.2675005550997739,0.20156088947786976,0.5420841683366734,1.6155701097369035
20260908T074322Z_1057297f,NEW12,ETH,external_ofi,30000,0.8,0.12177590453951623,349,0.23206872970511136,0.5645149908983793,0.5530085959885387,3.065838437442585
20260908T074322Z_1057297f,NEW12,ETH,external_ofi,100,0.9,0.33725035991600094,4273,0.15656669616644908,0.0,0.21109290896325766,0.16711265156109759
20260908T074322Z_1057297f,NEW12,ETH,external_ofi,200,0.9,0.33725035991600094,4273,0.20394110390983156,0.0,0.27006786800842497,0.22990085309016609
20260908T074322Z_1057297f,NEW12,ETH,external_ofi,500,0.9,0.33725035991600094,4273,0.27189107293008447,0.0,0.3501053124268664,0.3438701821801621
20260908T074322Z_1057297f,NEW12,ETH,external_ofi,1000,0.9,0.33725035991600094,4272,0.31129849222500566,0.0,0.41596441947565543,0.48140396098816635
20260908T074322Z_1057297f,NEW12,ETH,external_ofi,2000,0.9,0.33725035991600094,2961,0.33107307488125237,0.0,0.4819317798041202,0.6916956703499839
20260908T074322Z_1057297f,NEW12,ETH,external_ofi,5000,0.9,0.33725035991600094,1592,0.41054856780129695,0.24070094495343142,0.5552763819095478,1.1484013262098152
20260908T074322Z_1057297f,NEW12,ETH,external_ofi,10000,0.9,0.33725035991600094,909,0.4108088203871834,0.3632496311989364,0.5720572057205721,1.6873092680055832
20260908T074322Z_1057297f,NEW12,ETH,external_ofi,30000,0.9,0.33725035991600094,340,0.298059260420552,0.221628794492279,0.5323529411764706,2.9603729243833037
20260908T074322Z_1057297f,NEW12,ETH,external_ofi,100,0.95,0.6994253496229655,2704,0.2426327749691955,0.0,0.2895710059171598,0.2655198750614292
20260908T074322Z_1057297f,NEW12,ETH,external_ofi,200,0.95,0.6994253496229655,2704,0.2851131871367039,0.0,0.3431952662721893,0.3373370240702411
20260908T074322Z_1057297f,NEW12,ETH,external_ofi,500,0.95,0.6994253496229655,2704,0.3424981513126837,0.0,0.4245562130177515,0.4528265480830739
20260908T074322Z_1057297f,NEW12,ETH,external_ofi,1000,0.95,0.6994253496229655,2703,0.37696789546315185,0.0,0.48131705512393635,0.6037825155667225
20260908T074322Z_1057297f,NEW12,ETH,external_ofi,2000,0.95,0.6994253496229655,2083,0.4331048140379655,0.16180149787770048,0.5448871819491119,0.8082562365426985
20260908T074322Z_1057297f,NEW12,ETH,external_ofi,5000,0.95,0.6994253496229655,1283,0.5427630501945498,0.3639164690405483,0.6009353078721746,1.247000898403779
20260908T074322Z_1057297f,NEW12,ETH,external_ofi,10000,0.95,0.6994253496229655,793,0.5022082612707351,0.5234368865969508,0.6002522068095839,1.794957324155229
20260908T074322Z_1057297f,NEW12,ETH,external_ofi,30000,0.95,0.6994253496229655,320,0.14976899974430619,0.20163982119125734,0.515625,3.1139469125175645
20260908T074322Z_1057297f,NEW12,ETH,external_trade_flow,100,0.8,1.0,9368,0.012865063491275275,0.0,0.034265584970111014,0.03148099165840959
20260908T074322Z_1057297f,NEW12,ETH,external_trade_flow,200,0.8,1.0,9368,0.01864609667682633,0.0,0.06084543125533732,0.06732940100660895
20260908T074322Z_1057297f,NEW12,ETH,external_trade_flow,500,0.8,1.0,9368,0.034501161772283725,0.0,0.12446626814688301,0.156902283216568
20260908T074322Z_1057297f,NEW12,ETH,external_trade_flow,1000,0.8,1.0,9367,0.046257608119888,0.0,0.202412725525782,0.2906970137348461
20260908T074322Z_1057297f,NEW12,ETH,external_trade_flow,2000,0.8,1.0,5014,0.0698364931594304,0.0,0.3005584363781412,0.5104563215626885
20260908T074322Z_1057297f,NEW12,ETH,external_trade_flow,5000,0.8,1.0,2092,0.006842799319114615,0.0,0.4134799235181644,0.9936000399113741
20260908T074322Z_1057297f,NEW12,ETH,external_trade_flow,10000,0.8,1.0,1062,0.22188913585425338,0.040427728256742235,0.5103578154425612,1.57196379553668
20260908T074322Z_1057297f,NEW12,ETH,external_trade_flow,30000,0.8,1.0,358,0.2983417651127565,0.24087669567240955,0.5279329608938548,3.013043755977603
20260908T074322Z_1057297f,NEW12,ETH,external_trade_flow,100,0.9,1.0,9368,0.012865063491275275,0.0,0.034265584970111014,0.03148099165840959
20260908T074322Z_1057297f,NEW12,ETH,external_trade_flow,200,0.9,1.0,9368,0.01864609667682633,0.0,0.06084543125533732,0.06732940100660895
20260908T074322Z_1057297f,NEW12,ETH,external_trade_flow,500,0.9,1.0,9368,0.034501161772283725,0.0,0.12446626814688301,0.156902283216568
20260908T074322Z_1057297f,NEW12,ETH,external_trade_flow,1000,0.9,1.0,9367,0.046257608119888,0.0,0.202412725525782,0.2906970137348461
20260908T074322Z_1057297f,NEW12,ETH,external_trade_flow,2000,0.9,1.0,5014,0.0698364931594304,0.0,0.3005584363781412,0.5104563215626885
20260908T074322Z_1057297f,NEW12,ETH,external_trade_flow,5000,0.9,1.0,2092,0.006842799319114615,0.0,0.4134799235181644,0.9936000399113741
20260908T074322Z_1057297f,NEW12,ETH,external_trade_flow,10000,0.9,1.0,1062,0.22188913585425338,0.040427728256742235,0.5103578154425612,1.57196379553668
20260908T074322Z_1057297f,NEW12,ETH,external_trade_flow,30000,0.9,1.0,358,0.2983417651127565,0.24087669567240955,0.5279329608938548,3.013043755977603
20260908T074322Z_1057297f,NEW12,ETH,external_trade_flow,100,0.95,1.0,9368,0.012865063491275275,0.0,0.034265584970111014,0.03148099165840959
20260908T074322Z_1057297f,NEW12,ETH,external_trade_flow,200,0.95,1.0,9368,0.01864609667682633,0.0,0.06084543125533732,0.06732940100660895
20260908T074322Z_1057297f,NEW12,ETH,external_trade_flow,500,0.95,1.0,9368,0.034501161772283725,0.0,0.12446626814688301,0.156902283216568
20260908T074322Z_1057297f,NEW12,ETH,external_trade_flow,1000,0.95,1.0,9367,0.046257608119888,0.0,0.202412725525782,0.2906970137348461
20260908T074322Z_1057297f,NEW12,ETH,external_trade_flow,2000,0.95,1.0,5014,0.0698364931594304,0.0,0.3005584363781412,0.5104563215626885
20260908T074322Z_1057297f,NEW12,ETH,external_trade_flow,5000,0.95,1.0,2092,0.006842799319114615,0.0,0.4134799235181644,0.9936000399113741
20260908T074322Z_1057297f,NEW12,ETH,external_trade_flow,10000,0.95,1.0,1062,0.22188913585425338,0.040427728256742235,0.5103578154425612,1.57196379553668
20260908T074322Z_1057297f,NEW12,ETH,external_trade_flow,30000,0.95,1.0,358,0.2983417651127565,0.24087669567240955,0.5279329608938548,3.013043755977603
20260908T074322Z_1057297f,NEW12,ETH,fair_accel_100ms,100,0.8,1.2000221790947032e-06,5049,0.09646228800687152,0.0,0.13804713804713806,0.12141994982004127
20260908T074322Z_1057297f,NEW12,ETH,fair_accel_100ms,200,0.8,1.2000221790947032e-06,5049,0.12466226480171023,0.0,0.18577936224995048,0.17399228664530914
20260908T074322Z_1057297f,NEW12,ETH,fair_accel_100ms,500,0.8,1.2000221790947032e-06,5049,0.16752842304262494,0.0,0.2650029708853238,0.2941609746502699
20260908T074322Z_1057297f,NEW12,ETH,fair_accel_100ms,1000,0.8,1.2000221790947032e-06,5048,0.1994844290995941,0.0,0.3355784469096672,0.42766580837403784
20260908T074322Z_1057297f,NEW12,ETH,fair_accel_100ms,2000,0.8,1.2000221790947032e-06,3333,0.23408010789999897,0.0,0.41914191419141916,0.6388456037343231
20260908T074322Z_1057297f,NEW12,ETH,fair_accel_100ms,5000,0.8,1.2000221790947032e-06,1723,0.3195652935145073,0.0,0.497968659315148,1.1086235713950245
20260908T074322Z_1057297f,NEW12,ETH,fair_accel_100ms,10000,0.8,1.2000221790947032e-06,946,0.1945202303815738,0.040457247838521226,0.5105708245243129,1.6338590915828521
20260908T074322Z_1057297f,NEW12,ETH,fair_accel_100ms,30000,0.8,1.2000221790947032e-06,343,0.40065992706623144,0.28247846606155314,0.5335276967930029,3.0192447963348843
20260908T074322Z_1057297f,NEW12,ETH,fair_accel_100ms,100,0.9,0.13422806140460336,3298,0.16517988398408573,0.0,0.19981807155852033,0.18960752798956904
20260908T074322Z_1057297f,NEW12,ETH,fair_accel_100ms,200,0.9,0.13422806140460336,3298,0.19937664667255528,0.0,0.2501516070345664,0.25710207474909896
20260908T074322Z_1057297f,NEW12,ETH,fair_accel_100ms,500,0.9,0.13422806140460336,3298,0.24247406525351634,0.0,0.3317161916312917,0.375474681159229
20260908T074322Z_1057297f,NEW12,ETH,fair_accel_100ms,1000,0.9,0.13422806140460336,3297,0.27540868100384347,0.0,0.3976342129208371,0.5214901406529427
20260908T074322Z_1057297f,NEW12,ETH,fair_accel_100ms,2000,0.9,0.13422806140460336,2417,0.302560494806606,0.0,0.4625568887050062,0.7323899301313892
20260908T074322Z_1057297f,NEW12,ETH,fair_accel_100ms,5000,0.9,0.13422806140460336,1410,0.3670089828510712,0.16131048760414934,0.5354609929078015,1.1857604344622104
20260908T074322Z_1057297f,NEW12,ETH,fair_accel_100ms,10000,0.9,0.13422806140460336,842,0.4313023752700001,0.3611325438290791,0.5700712589073634,1.713991991414317
20260908T074322Z_1057297f,NEW12,ETH,fair_accel_100ms,30000,0.9,0.13422806140460336,327,0.8890726483134233,0.7265168562020641,0.599388379204893,2.9827556461215545
20260908T074322Z_1057297f,NEW12,ETH,fair_accel_100ms,100,0.95,0.2817167368241897,2048,0.23992703369506868,0.0,0.263671875,0.2710139483401419
20260908T074322Z_1057297f,NEW12,ETH,fair_accel_100ms,200,0.95,0.2817167368241897,2048,0.28577540706067117,0.0,0.32666015625,0.3611341494680651
20260908T074322Z_1057297f,NEW12,ETH,fair_accel_100ms,500,0.95,0.2817167368241897,2048,0.32547138791074454,0.0,0.40185546875,0.4835074292672167
20260908T074322Z_1057297f,NEW12,ETH,fair_accel_100ms,1000,0.95,0.2817167368241897,2047,0.34459897273489976,0.0,0.45774303859306303,0.6482876423841953
20260908T074322Z_1057297f,NEW12,ETH,fair_accel_100ms,2000,0.95,0.2817167368241897,1644,0.362909724841443,0.08027003221666718,0.5079075425790754,0.860303797662535
20260908T074322Z_1057297f,NEW12,ETH,fair_accel_100ms,5000,0.95,0.2817167368241897,1079,0.4198445789581154,0.28248644569517367,0.5542168674698795,1.3215084034379345
20260908T074322Z_1057297f,NEW12,ETH,fair_accel_100ms,10000,0.95,0.2817167368241897,708,0.5034342229482945,0.3630549361532953,0.5649717514124294,1.826742940665223
20260908T074322Z_1057297f,NEW12,ETH,fair_accel_100ms,30000,0.95,0.2817167368241897,300,0.30371182891881043,0.12057626041062086,0.5133333333333333,3.152474252585706
20260908T074322Z_1057297f,NEW12,ETH,fair_gap_reversion,100,0.8,0.48769995966635454,2982,0.09423357056715499,0.0,0.10362173038229376,0.12293677008405277
20260908T074322Z_1057297f,NEW12,ETH,fair_gap_reversion,200,0.8,0.48769995966635454,2982,0.1189331428824386,0.0,0.1441985244802146,0.1801130564302164
20260908T074322Z_1057297f,NEW12,ETH,fair_gap_reversion,500,0.8,0.48769995966635454,2982,0.16134601837617724,0.0,0.22803487592219987,0.3040637609512006
20260908T074322Z_1057297f,NEW12,ETH,fair_gap_reversion,1000,0.8,0.48769995966635454,2981,0.2214449400204696,0.0,0.32069775243206977,0.45766545748096543
20260908T074322Z_1057297f,NEW12,ETH,fair_gap_reversion,2000,0.8,0.48769995966635454,1899,0.31527605093730643,0.0,0.43601895734597157,0.7447356710069237
20260908T074322Z_1057297f,NEW12,ETH,fair_gap_reversion,5000,0.8,0.48769995966635454,1107,0.4168252657071825,0.24088307736147563,0.5356820234869015,1.2657972005753921
20260908T074322Z_1057297f,NEW12,ETH,fair_gap_reversion,10000,0.8,0.48769995966635454,713,0.528964120341508,0.40484108975058497,0.5624123422159888,1.8425301429209957
20260908T074322Z_1057297f,NEW12,ETH,fair_gap_reversion,30000,0.8,0.48769995966635454,298,0.19650267080351935,0.18119597461729864,0.5234899328859061,3.036077789132764
20260908T074322Z_1057297f,NEW12,ETH,fair_gap_reversion,100,0.9,0.6319911648082769,1715,0.1690013169761857,0.0,0.14985422740524781,0.1997749605013244
20260908T074322Z_1057297f,NEW12,ETH,fair_gap_reversion,200,0.9,0.6319911648082769,1715,0.21440147709963056,0.0,0.19591836734693877,0.2673091904229029
20260908T074322Z_1057297f,NEW12,ETH,fair_gap_reversion,500,0.9,0.6319911648082769,1715,0.27053324160805203,0.0,0.287463556851312,0.38859490937952357
20260908T074322Z_1057297f,NEW12,ETH,fair_gap_reversion,1000,0.9,0.6319911648082769,1714,0.3383303163801676,0.0,0.38506417736289383,0.5525531446642225
20260908T074322Z_1057297f,NEW12,ETH,fair_gap_reversion,2000,0.9,0.6319911648082769,1186,0.4658208694553125,0.0,0.49325463743676223,0.8494359619436309
20260908T074322Z_1057297f,NEW12,ETH,fair_gap_reversion,5000,0.9,0.6319911648082769,790,0.6345532686745183,0.40418706379163893,0.579746835443038,1.3882651747353019
20260908T074322Z_1057297f,NEW12,ETH,fair_gap_reversion,10000,0.9,0.6319911648082769,551,0.656984597525219,0.5214799601271913,0.5934664246823956,1.9493006827496955
20260908T074322Z_1057297f,NEW12,ETH,fair_gap_reversion,30000,0.9,0.6319911648082769,266,0.7618469887852359,0.7451314409051557,0.5939849624060151,3.0377616583880545
20260908T074322Z_1057297f,NEW12,ETH,fair_gap_reversion,100,0.95,0.7721220111102096,973,0.27310007077221515,0.0,0.20863309352517986,0.3052338541381016
20260908T074322Z_1057297f,NEW12,ETH,fair_gap_reversion,200,0.95,0.7721220111102096,973,0.3537061586542046,0.0,0.26618705035971224,0.3965100251070932
20260908T074322Z_1057297f,NEW12,ETH,fair_gap_reversion,500,0.95,0.7721220111102096,973,0.4245290193390196,0.0,0.35765673175745116,0.5231297065880199
20260908T074322Z_1057297f,NEW12,ETH,fair_gap_reversion,1000,0.95,0.7721220111102096,973,0.5033889832979357,0.0,0.45323741007194246,0.6997268310798656
20260908T074322Z_1057297f,NEW12,ETH,fair_gap_reversion,2000,0.95,0.7721220111102096,723,0.6530576704159635,0.3608899546292399,0.5615491009681881,1.022770453904439
20260908T074322Z_1057297f,NEW12,ETH,fair_gap_reversion,5000,0.95,0.7721220111102096,521,0.900136790680282,0.6460613475622878,0.6257197696737045,1.525792964596053
20260908T074322Z_1057297f,NEW12,ETH,fair_gap_reversion,10000,0.95,0.7721220111102096,396,0.9825263542171762,0.7452352310921562,0.6287878787878788,2.170639738181226
20260908T074322Z_1057297f,NEW12,ETH,fair_gap_reversion,30000,0.95,0.7721220111102096,221,1.4269669560460707,1.0894850569032055,0.6425339366515838,3.2561531237763512
20260908T074322Z_1057297f,NEW12,ETH,leader_gap_1000ms,100,0.8,0.35148028094451433,3479,0.09612353496042904,0.0,0.11440068985340615,0.1417256956804787
20260908T074322Z_1057297f,NEW12,ETH,leader_gap_1000ms,200,0.8,0.35148028094451433,3479,0.11798779875282883,0.0,0.15579189422247772,0.2003823241727123
20260908T074322Z_1057297f,NEW12,ETH,leader_gap_1000ms,500,0.8,0.35148028094451433,3479,0.13563917208066031,0.0,0.2311008910606496,0.3189540362836523
20260908T074322Z_1057297f,NEW12,ETH,leader_gap_1000ms,1000,0.8,0.35148028094451433,3478,0.15470929788846594,0.0,0.31426106958021854,0.4814536465185846
20260908T074322Z_1057297f,NEW12,ETH,leader_gap_1000ms,2000,0.8,0.35148028094451433,2365,0.16435001706615057,0.0,0.3974630021141649,0.7182693232560682
20260908T074322Z_1057297f,NEW12,ETH,leader_gap_1000ms,5000,0.8,0.35148028094451433,1352,0.29630243621358954,0.08029581346935544,0.5118343195266272,1.2103335753694442
20260908T074322Z_1057297f,NEW12,ETH,leader_gap_1000ms,10000,0.8,0.35148028094451433,830,0.3071551234847225,0.2810122092689049,0.5385542168674698,1.703232110533735
20260908T074322Z_1057297f,NEW12,ETH,leader_gap_1000ms,30000,0.8,0.35148028094451433,326,-0.05110254770843534,0.060372628711835574,0.50920245398773,2.94552171725126
20260908T074322Z_1057297f,NEW12,ETH,leader_gap_1000ms,100,0.9,0.5499530608429961,2168,0.1349677354155291,0.0,0.1416051660516605,0.18307779788060333
20260908T074322Z_1057297f,NEW12,ETH,leader_gap_1000ms,200,0.9,0.5499530608429961,2168,0.1652642542464549,0.0,0.19142066420664205,0.2504853912434863
20260908T074322Z_1057297f,NEW12,ETH,leader_gap_1000ms,500,0.9,0.5499530608429961,2168,0.19967873537460323,0.0,0.27121771217712176,0.3934994664568278
20260908T074322Z_1057297f,NEW12,ETH,leader_gap_1000ms,1000,0.9,0.5499530608429961,2167,0.22182493543761397,0.0,0.3553299492385787,0.566203687239676
20260908T074322Z_1057297f,NEW12,ETH,leader_gap_1000ms,2000,0.9,0.5499530608429961,1577,0.3252168654252332,0.0,0.4654407102092581,0.8149045744095321
20260908T074322Z_1057297f,NEW12,ETH,leader_gap_1000ms,5000,0.9,0.5499530608429961,1025,0.4397737265350521,0.24190865932194328,0.5424390243902439,1.2886942597937023
20260908T074322Z_1057297f,NEW12,ETH,leader_gap_1000ms,10000,0.9,0.5499530608429961,677,0.4570264312796005,0.40139283313145313,0.5553914327917282,1.8167138895501522
20260908T074322Z_1057297f,NEW12,ETH,leader_gap_1000ms,30000,0.9,0.5499530608429961,297,0.5716512140257006,0.6460900447624596,0.5589225589225589,3.1496968161024816
20260908T074322Z_1057297f,NEW12,ETH,leader_gap_1000ms,100,0.95,0.7320072031248307,1292,0.19069383291140696,0.0,0.16640866873065016,0.23886498534468575
20260908T074322Z_1057297f,NEW12,ETH,leader_gap_1000ms,200,0.95,0.7320072031248307,1292,0.2290192900173769,0.0,0.21904024767801858,0.3057601783990705
20260908T074322Z_1057297f,NEW12,ETH,leader_gap_1000ms,500,0.95,0.7320072031248307,1292,0.2570922336787237,0.0,0.2979876160990712,0.4504072528595563
20260908T074322Z_1057297f,NEW12,ETH,leader_gap_1000ms,1000,0.95,0.7320072031248307,1291,0.29073013724807883,0.0,0.3919442292796282,0.6535710398361274
20260908T074322Z_1057297f,NEW12,ETH,leader_gap_1000ms,2000,0.95,0.7320072031248307,982,0.3950417057312996,0.0,0.48676171079429736,0.9301803841055719
20260908T074322Z_1057297f,NEW12,ETH,leader_gap_1000ms,5000,0.95,0.7320072031248307,738,0.4303709529545136,0.20203108637983913,0.5433604336043361,1.3465583170540263
20260908T074322Z_1057297f,NEW12,ETH,leader_gap_1000ms,10000,0.95,0.7320072031248307,522,0.6619593748346787,0.6018295950249719,0.60727969348659,1.9723619552170157
20260908T074322Z_1057297f,NEW12,ETH,leader_gap_1000ms,30000,0.95,0.7320072031248307,259,1.1720607230530944,1.0096910143553295,0.6023166023166023,3.260621575889841
20260908T074322Z_1057297f,NEW12,ETH,leader_gap_100ms,100,0.8,0.0007440932778105507,5194,0.05598126162856889,0.0,0.10512129380053908,0.11884453585226772
20260908T074322Z_1057297f,NEW12,ETH,leader_gap_100ms,200,0.8,0.0007440932778105507,5194,0.0664175828235995,0.0,0.14208702348864075,0.17204225547439161
20260908T074322Z_1057297f,NEW12,ETH,leader_gap_100ms,500,0.8,0.0007440932778105507,5194,0.0857929971544991,0.0,0.21062764728532923,0.2895749069923055
20260908T074322Z_1057297f,NEW12,ETH,leader_gap_100ms,1000,0.8,0.0007440932778105507,5193,0.10816893800865003,0.0,0.275948392066243,0.4297525083133719
20260908T074322Z_1057297f,NEW12,ETH,leader_gap_100ms,2000,0.8,0.0007440932778105507,3376,0.09613593658684787,0.0,0.34863744075829384,0.6377587255279846
20260908T074322Z_1057297f,NEW12,ETH,leader_gap_100ms,5000,0.8,0.0007440932778105507,1715,0.1816858078214577,0.0,0.46355685131195334,1.1147451090250458
20260908T074322Z_1057297f,NEW12,ETH,leader_gap_100ms,10000,0.8,0.0007440932778105507,944,0.10839215751551051,0.02006786953501205,0.5,1.645996064889633
20260908T074322Z_1057297f,NEW12,ETH,leader_gap_100ms,30000,0.8,0.0007440932778105507,343,0.333468368382432,0.36163386178844625,0.5306122448979592,3.039095056017728
20260908T074322Z_1057297f,NEW12,ETH,leader_gap_100ms,100,0.9,0.06736152181489587,4297,0.08470207503977602,0.0,0.1293925994880149,0.14682104196598916
20260908T074322Z_1057297f,NEW12,ETH,leader_gap_100ms,200,0.9,0.06736152181489587,4297,0.10101499908877248,0.0,0.17244589248312778,0.20828258021360077
20260908T074322Z_1057297f,NEW12,ETH,leader_gap_100ms,500,0.9,0.06736152181489587,4297,0.12317096685676644,0.0,0.24296020479404234,0.3258096218012328
20260908T074322Z_1057297f,NEW12,ETH,leader_gap_100ms,1000,0.9,0.06736152181489587,4296,0.15753344748541784,0.0,0.31028864059590316,0.4672303002281246
20260908T074322Z_1057297f,NEW12,ETH,leader_gap_100ms,2000,0.9,0.06736152181489587,2979,0.16142208936877397,0.0,0.37361530715005037,0.6667392875820025
20260908T074322Z_1057297f,NEW12,ETH,leader_gap_100ms,5000,0.9,0.06736152181489587,1609,0.2710530038631949,0.0,0.47607209446861404,1.13010270042436
20260908T074322Z_1057297f,NEW12,ETH,leader_gap_100ms,10000,0.9,0.06736152181489587,905,0.27037205128577824,0.2018029071737537,0.5314917127071823,1.682096625769969
20260908T074322Z_1057297f,NEW12,ETH,leader_gap_100ms,30000,0.9,0.06736152181489587,340,0.24214809000241166,0.1609595449181267,0.5088235294117647,2.9754347581413887
20260908T074322Z_1057297f,NEW12,ETH,leader_gap_100ms,100,0.95,0.2683676826445814,2870,0.1247390110450769,0.0,0.14634146341463414,0.18798861401181058
20260908T074322Z_1057297f,NEW12,ETH,leader_gap_100ms,200,0.95,0.2683676826445814,2870,0.14133686999481412,0.0,0.18710801393728224,0.2512113981452832
20260908T074322Z_1057297f,NEW12,ETH,leader_gap_100ms,500,0.95,0.2683676826445814,2870,0.16004141268885141,0.0,0.26097560975609757,0.3753916348188957
20260908T074322Z_1057297f,NEW12,ETH,leader_gap_100ms,1000,0.95,0.2683676826445814,2869,0.19322616011359095,0.0,0.33705123736493553,0.5271365800499531
20260908T074322Z_1057297f,NEW12,ETH,leader_gap_100ms,2000,0.95,0.2683676826445814,2179,0.17025930988446725,0.0,0.3928407526388252,0.7449337561639665
20260908T074322Z_1057297f,NEW12,ETH,leader_gap_100ms,5000,0.95,0.2683676826445814,1309,0.24444404643124082,0.0,0.4881588999236058,1.1825344536354092
20260908T074322Z_1057297f,NEW12,ETH,leader_gap_100ms,10000,0.95,0.2683676826445814,803,0.16588037207139983,0.08080824405731768,0.5105853051058531,1.6760978508673106
20260908T074322Z_1057297f,NEW12,ETH,leader_gap_100ms,30000,0.95,0.2683676826445814,324,0.09633261722740849,0.060372628711835574,0.5061728395061729,2.9398170862413475
20260908T074322Z_1057297f,NEW12,ETH,leader_gap_200ms,100,0.8,0.0028712394210853487,5016,0.06798048862935341,0.0,0.11543062200956938,0.1278357258228738
20260908T074322Z_1057297f,NEW12,ETH,leader_gap_200ms,200,0.8,0.0028712394210853487,5016,0.08359230124445642,0.0,0.15370813397129188,0.18035649439038234
20260908T074322Z_1057297f,NEW12,ETH,leader_gap_200ms,500,0.8,0.0028712394210853487,5016,0.11118476833412112,0.0,0.22527910685805422,0.29944539777550194
20260908T074322Z_1057297f,NEW12,ETH,leader_gap_200ms,1000,0.8,0.0028712394210853487,5015,0.13831115428050345,0.0,0.29551345962113656,0.43521825269607245
20260908T074322Z_1057297f,NEW12,ETH,leader_gap_200ms,2000,0.8,0.0028712394210853487,3329,0.13752919537974634,0.0,0.371583057975368,0.6425513950705584
20260908T074322Z_1057297f,NEW12,ETH,leader_gap_200ms,5000,0.8,0.0028712394210853487,1716,0.2146532234967891,0.0,0.4772727272727273,1.1123787399673808
20260908T074322Z_1057297f,NEW12,ETH,leader_gap_200ms,10000,0.8,0.0028712394210853487,944,0.15547798200147042,0.040421304213222875,0.5116525423728814,1.6419422460029638
20260908T074322Z_1057297f,NEW12,ETH,leader_gap_200ms,30000,0.8,0.0028712394210853487,343,0.40598669391527514,0.40398735519531215,0.5539358600583091,2.9986294707820296
20260908T074322Z_1057297f,NEW12,ETH,leader_gap_200ms,100,0.9,0.21501368250989406,3415,0.10527005960327027,0.0,0.13674963396778916,0.16320362561251175
20260908T074322Z_1057297f,NEW12,ETH,leader_gap_200ms,200,0.9,0.21501368250989406,3415,0.12387580178440678,0.0,0.17423133235724744,0.22463753419432025
20260908T074322Z_1057297f,NEW12,ETH,leader_gap_200ms,500,0.9,0.21501368250989406,3415,0.14553806963098656,0.0,0.24978038067349928,0.348442329131418
20260908T074322Z_1057297f,NEW12,ETH,leader_gap_200ms,1000,0.9,0.21501368250989406,3414,0.16946706774645787,0.0,0.3242530755711775,0.49678658821369726
20260908T074322Z_1057297f,NEW12,ETH,leader_gap_200ms,2000,0.9,0.21501368250989406,2473,0.16677249634710606,0.0,0.3906186817630408,0.713219079846964
20260908T074322Z_1057297f,NEW12,ETH,leader_gap_200ms,5000,0.9,0.21501368250989406,1426,0.28789763936756385,0.0,0.49789621318373073,1.1794516556658274
20260908T074322Z_1057297f,NEW12,ETH,leader_gap_200ms,10000,0.9,0.21501368250989406,848,0.2573989419456233,0.20086333284097257,0.5283018867924528,1.669902703276346
20260908T074322Z_1057297f,NEW12,ETH,leader_gap_200ms,30000,0.9,0.21501368250989406,330,-0.13213183915851034,-0.08033017817599131,0.48484848484848486,2.869247140115047
20260908T074322Z_1057297f,NEW12,ETH,leader_gap_200ms,100,0.95,0.4291178095566034,2191,0.15471442075618594,0.0,0.1542674577818348,0.20265982877568842
20260908T074322Z_1057297f,NEW12,ETH,leader_gap_200ms,200,0.95,0.4291178095566034,2191,0.175695604409423,0.0,0.19990871748060246,0.27041537888046363
20260908T074322Z_1057297f,NEW12,ETH,leader_gap_200ms,500,0.95,0.4291178095566034,2191,0.1965395819135158,0.0,0.2820629849383843,0.39744959560580784
20260908T074322Z_1057297f,NEW12,ETH,leader_gap_200ms,1000,0.95,0.4291178095566034,2190,0.22478010002158869,0.0,0.36575342465753424,0.5678415224775152
20260908T074322Z_1057297f,NEW12,ETH,leader_gap_200ms,2000,0.95,0.4291178095566034,1730,0.26395215971735414,0.0,0.4369942196531792,0.8041690310331543
20260908T074322Z_1057297f,NEW12,ETH,leader_gap_200ms,5000,0.95,0.4291178095566034,1115,0.36025222554387343,0.16175700458309628,0.5336322869955157,1.2841249002081383
20260908T074322Z_1057297f,NEW12,ETH,leader_gap_200ms,10000,0.95,0.4291178095566034,724,0.36261410680060996,0.30265389849570834,0.5455801104972375,1.7737892390069487
20260908T074322Z_1057297f,NEW12,ETH,leader_gap_200ms,30000,0.95,0.4291178095566034,307,0.27747854786089693,0.4451125628956998,0.5570032573289903,2.950441274435176
20260908T074322Z_1057297f,NEW12,ETH,leader_gap_500ms,100,0.8,0.20243594289495564,3908,0.08819148975767646,0.0,0.11924257932446264,0.14442437641425587
20260908T074322Z_1057297f,NEW12,ETH,leader_gap_500ms,200,0.8,0.20243594289495564,3908,0.10949554178439808,0.0,0.15992835209825998,0.20355166653781862
20260908T074322Z_1057297f,NEW12,ETH,leader_gap_500ms,500,0.8,0.20243594289495564,3908,0.1334928009500648,0.0,0.23490276356192427,0.32175444353378074
20260908T074322Z_1057297f,NEW12,ETH,leader_gap_500ms,1000,0.8,0.20243594289495564,3907,0.16258897711780848,0.0,0.31046839006910676,0.47370299427174306
20260908T074322Z_1057297f,NEW12,ETH,leader_gap_500ms,2000,0.8,0.20243594289495564,2724,0.14160885745466906,0.0,0.3762848751835536,0.6921970294883844
20260908T074322Z_1057297f,NEW12,ETH,leader_gap_500ms,5000,0.8,0.20243594289495564,1492,0.2749973017435025,0.0,0.49195710455764075,1.1685016102258292
20260908T074322Z_1057297f,NEW12,ETH,leader_gap_500ms,10000,0.8,0.20243594289495564,875,0.2004486942277049,0.16186631865422463,0.5245714285714286,1.6893033626207288
20260908T074322Z_1057297f,NEW12,ETH,leader_gap_500ms,30000,0.8,0.20243594289495564,333,0.06323145602362601,0.08028662324299773,0.5075075075075075,3.1048323397819355
20260908T074322Z_1057297f,NEW12,ETH,leader_gap_500ms,100,0.9,0.41879113671745344,2451,0.13972964655550732,0.0,0.1448388412892697,0.18225336545416568
20260908T074322Z_1057297f,NEW12,ETH,leader_gap_500ms,200,0.9,0.41879113671745344,2451,0.16505636426302037,0.0,0.1905344757241942,0.24720771832213553
20260908T074322Z_1057297f,NEW12,ETH,leader_gap_500ms,500,0.9,0.41879113671745344,2451,0.18886604387803682,0.0,0.2733578131374949,0.38276762766901196
20260908T074322Z_1057297f,NEW12,ETH,leader_gap_500ms,1000,0.9,0.41879113671745344,2450,0.2343387308674875,0.0,0.3640816326530612,0.5519484750588443
20260908T074322Z_1057297f,NEW12,ETH,leader_gap_500ms,2000,0.9,0.41879113671745344,1879,0.28426104987696227,0.0,0.4411921234699308,0.7848231739454423
20260908T074322Z_1057297f,NEW12,ETH,leader_gap_500ms,5000,0.9,0.41879113671745344,1175,0.3959717688722124,0.2022003441459752,0.5421276595744681,1.2691886986492777
20260908T074322Z_1057297f,NEW12,ETH,leader_gap_500ms,10000,0.9,0.41879113671745344,749,0.46025366373662435,0.401093380555384,0.5660881174899867,1.7926434862916232
20260908T074322Z_1057297f,NEW12,ETH,leader_gap_500ms,30000,0.9,0.41879113671745344,312,0.35310882938086186,0.5440299393733028,0.5737179487179487,3.044843263187944
20260908T074322Z_1057297f,NEW12,ETH,leader_gap_500ms,100,0.95,0.607367307059712,1499,0.18893178235851207,0.0,0.17011340893929286,0.23540264330986882
20260908T074322Z_1057297f,NEW12,ETH,leader_gap_500ms,200,0.95,0.607367307059712,1499,0.22672435881383748,0.0,0.22815210140093395,0.3083678850954906
20260908T074322Z_1057297f,NEW12,ETH,leader_gap_500ms,500,0.95,0.607367307059712,1499,0.2653309259767084,0.0,0.31954636424282856,0.44801623525035983
20260908T074322Z_1057297f,NEW12,ETH,leader_gap_500ms,1000,0.95,0.607367307059712,1498,0.303442876714276,0.0,0.40787716955941256,0.6310903260452456
20260908T074322Z_1057297f,NEW12,ETH,leader_gap_500ms,2000,0.95,0.607367307059712,1235,0.38676694322456046,0.0,0.49068825910931174,0.8883553627319425
20260908T074322Z_1057297f,NEW12,ETH,leader_gap_500ms,5000,0.95,0.607367307059712,873,0.48957611602432605,0.28067980649471025,0.5544100801832761,1.3230045609789758
20260908T074322Z_1057297f,NEW12,ETH,leader_gap_500ms,10000,0.95,0.607367307059712,599,0.541450891297832,0.4033486000776243,0.5859766277128547,1.885646767264241
20260908T074322Z_1057297f,NEW12,ETH,leader_gap_500ms,30000,0.95,0.607367307059712,275,0.8216874107227692,0.8080824405698461,0.5636363636363636,3.2243207991785616
20260908T120838Z_3cfee030,NEW12,BTC,bitget_ofi,100,0.8,0.32505407354001453,5173,0.10563030808286503,0.0,0.17514015078291126,0.12535758032645192
20260908T120838Z_3cfee030,NEW12,BTC,bitget_ofi,200,0.8,0.32505407354001453,5173,0.15674306367807453,0.0,0.2406727237579741,0.20100206661479056
20260908T120838Z_3cfee030,NEW12,BTC,bitget_ofi,500,0.8,0.32505407354001453,5173,0.21001014689867642,0.0,0.33365551904117535,0.3441993445343108
20260908T120838Z_3cfee030,NEW12,BTC,bitget_ofi,1000,0.8,0.32505407354001453,5173,0.2511175590039355,0.0,0.40228107481152137,0.5279614780789776
20260908T120838Z_3cfee030,NEW12,BTC,bitget_ofi,2000,0.8,0.32505407354001453,3334,0.30767841822678643,0.0,0.47420515896820636,0.7616303432319783
20260908T120838Z_3cfee030,NEW12,BTC,bitget_ofi,5000,0.8,0.32505407354001453,1685,0.3241146693539774,0.025509569595572046,0.5074183976261127,1.2703650479507007
20260908T120838Z_3cfee030,NEW12,BTC,bitget_ofi,10000,0.8,0.32505407354001453,936,0.29213308554502737,0.172145746873964,0.5299145299145299,1.8441334719629636
20260908T120838Z_3cfee030,NEW12,BTC,bitget_ofi,30000,0.8,0.32505407354001453,342,0.44544113992902357,0.42053905638161915,0.5321637426900585,3.0789264626219675
20260908T120838Z_3cfee030,NEW12,BTC,bitget_ofi,100,0.9,0.9612212399294187,3673,0.1509923681889575,0.0,0.2395861693438606,0.16928552847773687
20260908T120838Z_3cfee030,NEW12,BTC,bitget_ofi,200,0.9,0.9612212399294187,3673,0.2170138128870061,0.0,0.31690716035937927,0.26478028081798693
20260908T120838Z_3cfee030,NEW12,BTC,bitget_ofi,500,0.9,0.9612212399294187,3673,0.2805839491392988,0.0,0.4203648243942282,0.42801095040300957
20260908T120838Z_3cfee030,NEW12,BTC,bitget_ofi,1000,0.9,0.9612212399294187,3673,0.32419556964907376,0.0,0.47726653961339505,0.6109250193799991
20260908T120838Z_3cfee030,NEW12,BTC,bitget_ofi,2000,0.9,0.9612212399294187,2561,0.37613573123162736,0.11546744106860629,0.5329949238578681,0.8530793315697232
20260908T120838Z_3cfee030,NEW12,BTC,bitget_ofi,5000,0.9,0.9612212399294187,1410,0.4390297593138574,0.2806038363073471,0.5723404255319149,1.3516873932299363
20260908T120838Z_3cfee030,NEW12,BTC,bitget_ofi,10000,0.9,0.9612212399294187,846,0.49926759822315503,0.15310360315989868,0.5354609929078015,1.9192492634313472
20260908T120838Z_3cfee030,NEW12,BTC,bitget_ofi,30000,0.9,0.9612212399294187,323,0.46412234600438285,0.20515148193123167,0.5325077399380805,3.2499590109781167
20260908T120838Z_3cfee030,NEW12,BTC,bitget_ofi,100,0.95,1.546985009197651,2406,0.16464680876805063,0.0,0.2684954280964256,0.18834228545344645
20260908T120838Z_3cfee030,NEW12,BTC,bitget_ofi,200,0.95,1.546985009197651,2406,0.22636918041274712,0.0,0.3408146300914381,0.284713679661669
20260908T120838Z_3cfee030,NEW12,BTC,bitget_ofi,500,0.95,1.546985009197651,2406,0.28394954144233725,0.0,0.43557772236076475,0.45261954102584145
20260908T120838Z_3cfee030,NEW12,BTC,bitget_ofi,1000,0.95,1.546985009197651,2406,0.30861023605593624,0.0,0.485453034081463,0.6423267803861799
20260908T120838Z_3cfee030,NEW12,BTC,bitget_ofi,2000,0.95,1.546985009197651,1822,0.3482715027487773,0.134393623727469,0.5373216245883644,0.9186803138834785
20260908T120838Z_3cfee030,NEW12,BTC,bitget_ofi,5000,0.95,1.546985009197651,1130,0.3293061127082092,0.19110020946289108,0.5451327433628319,1.435475945026727
20260908T120838Z_3cfee030,NEW12,BTC,bitget_ofi,10000,0.95,1.546985009197651,704,0.35000090088338925,0.16623581041375068,0.53125,1.9904365862079307
20260908T120838Z_3cfee030,NEW12,BTC,bitget_ofi,30000,0.95,1.546985009197651,302,0.17646221594052092,0.43378686767292507,0.5364238410596026,3.495532340110054
20260908T120838Z_3cfee030,NEW12,BTC,bitget_trade_flow,100,0.8,1.0,7141,0.05433077783757515,0.0,0.09564486766559305,0.0857605670862712
20260908T120838Z_3cfee030,NEW12,BTC,bitget_trade_flow,200,0.8,1.0,7141,0.06632055160802203,0.0,0.13499509872566867,0.1432650804848286
20260908T120838Z_3cfee030,NEW12,BTC,bitget_trade_flow,500,0.8,1.0,7141,0.08592871350965058,0.0,0.206133594734631,0.26914321418137876
20260908T120838Z_3cfee030,NEW12,BTC,bitget_trade_flow,1000,0.8,1.0,7141,0.10312517643626136,0.0,0.28091303738972134,0.4359904508095999
20260908T120838Z_3cfee030,NEW12,BTC,bitget_trade_flow,2000,0.8,1.0,4238,0.10364183843844928,0.0,0.34237848041529023,0.6678753925278742
20260908T120838Z_3cfee030,NEW12,BTC,bitget_trade_flow,5000,0.8,1.0,1942,0.11262754701152626,0.0,0.4356333676622039,1.170126699137508
20260908T120838Z_3cfee030,NEW12,BTC,bitget_trade_flow,10000,0.8,1.0,1020,0.16936160366327377,0.0,0.4676470588235294,1.756775857320902
20260908T120838Z_3cfee030,NEW12,BTC,bitget_trade_flow,30000,0.8,1.0,352,0.35607232603552896,0.39548989182902616,0.5340909090909091,3.0655322445275135
20260908T120838Z_3cfee030,NEW12,BTC,bitget_trade_flow,100,0.9,1.0,7141,0.05433077783757515,0.0,0.09564486766559305,0.0857605670862712
20260908T120838Z_3cfee030,NEW12,BTC,bitget_trade_flow,200,0.9,1.0,7141,0.06632055160802203,0.0,0.13499509872566867,0.1432650804848286
20260908T120838Z_3cfee030,NEW12,BTC,bitget_trade_flow,500,0.9,1.0,7141,0.08592871350965058,0.0,0.206133594734631,0.26914321418137876
20260908T120838Z_3cfee030,NEW12,BTC,bitget_trade_flow,1000,0.9,1.0,7141,0.10312517643626136,0.0,0.28091303738972134,0.4359904508095999
20260908T120838Z_3cfee030,NEW12,BTC,bitget_trade_flow,2000,0.9,1.0,4238,0.10364183843844928,0.0,0.34237848041529023,0.6678753925278742
20260908T120838Z_3cfee030,NEW12,BTC,bitget_trade_flow,5000,0.9,1.0,1942,0.11262754701152626,0.0,0.4356333676622039,1.170126699137508
20260908T120838Z_3cfee030,NEW12,BTC,bitget_trade_flow,10000,0.9,1.0,1020,0.16936160366327377,0.0,0.4676470588235294,1.756775857320902
20260908T120838Z_3cfee030,NEW12,BTC,bitget_trade_flow,30000,0.9,1.0,352,0.35607232603552896,0.39548989182902616,0.5340909090909091,3.0655322445275135
20260908T120838Z_3cfee030,NEW12,BTC,bitget_trade_flow,100,0.95,1.0,7141,0.05433077783757515,0.0,0.09564486766559305,0.0857605670862712
20260908T120838Z_3cfee030,NEW12,BTC,bitget_trade_flow,200,0.95,1.0,7141,0.06632055160802203,0.0,0.13499509872566867,0.1432650804848286
20260908T120838Z_3cfee030,NEW12,BTC,bitget_trade_flow,500,0.95,1.0,7141,0.08592871350965058,0.0,0.206133594734631,0.26914321418137876
20260908T120838Z_3cfee030,NEW12,BTC,bitget_trade_flow,1000,0.95,1.0,7141,0.10312517643626136,0.0,0.28091303738972134,0.4359904508095999
20260908T120838Z_3cfee030,NEW12,BTC,bitget_trade_flow,2000,0.95,1.0,4238,0.10364183843844928,0.0,0.34237848041529023,0.6678753925278742
20260908T120838Z_3cfee030,NEW12,BTC,bitget_trade_flow,5000,0.95,1.0,1942,0.11262754701152626,0.0,0.4356333676622039,1.170126699137508
20260908T120838Z_3cfee030,NEW12,BTC,bitget_trade_flow,10000,0.95,1.0,1020,0.16936160366327377,0.0,0.4676470588235294,1.756775857320902
20260908T120838Z_3cfee030,NEW12,BTC,bitget_trade_flow,30000,0.95,1.0,352,0.35607232603552896,0.39548989182902616,0.5340909090909091,3.0655322445275135
20260908T120838Z_3cfee030,NEW12,BTC,depth_imbalance_l1,100,0.8,0.9120550330468051,4152,0.18378687698906182,0.0,0.2837186897880539,0.18745290530847458
20260908T120838Z_3cfee030,NEW12,BTC,depth_imbalance_l1,200,0.8,0.9120550330468051,4152,0.2702972482790453,0.0,0.3627167630057804,0.283613999254332
20260908T120838Z_3cfee030,NEW12,BTC,depth_imbalance_l1,500,0.8,0.9120550330468051,4152,0.36388603200985037,0.0,0.45640655105973027,0.43493774251461886
20260908T120838Z_3cfee030,NEW12,BTC,depth_imbalance_l1,1000,0.8,0.9120550330468051,4151,0.4366690611932657,0.07658301886426244,0.5230065044567574,0.606857903422752
20260908T120838Z_3cfee030,NEW12,BTC,depth_imbalance_l1,2000,0.8,0.9120550330468051,2709,0.5129605522513547,0.29350342920508865,0.584717607973422,0.874509672077639
20260908T120838Z_3cfee030,NEW12,BTC,depth_imbalance_l1,5000,0.8,0.9120550330468051,1452,0.6117271771417618,0.4469055049077797,0.6074380165289256,1.3697537300860885
20260908T120838Z_3cfee030,NEW12,BTC,depth_imbalance_l1,10000,0.8,0.9120550330468051,850,0.6798792048470252,0.47805350681828784,0.611764705882353,1.8955128738319378
20260908T120838Z_3cfee030,NEW12,BTC,depth_imbalance_l1,30000,0.8,0.9120550330468051,328,0.7245162743938413,0.6769726227812134,0.5701219512195121,3.2230641837815512
20260908T120838Z_3cfee030,NEW12,BTC,depth_imbalance_l1,100,0.9,0.9730135220331289,2678,0.25343126003760835,0.0,0.3849887976101568,0.25665367311471377
20260908T120838Z_3cfee030,NEW12,BTC,depth_imbalance_l1,200,0.9,0.9730135220331289,2678,0.3508632139030082,0.0,0.46676624346527257,0.3616052319897809
20260908T120838Z_3cfee030,NEW12,BTC,depth_imbalance_l1,500,0.9,0.9730135220331289,2678,0.45534389262627745,0.19231071361425212,0.5612397311426438,0.5159778821725035
20260908T120838Z_3cfee030,NEW12,BTC,depth_imbalance_l1,1000,0.9,0.9730135220331289,2677,0.5359773438661155,0.35743897527362734,0.61524094135226,0.6936116488736281
20260908T120838Z_3cfee030,NEW12,BTC,depth_imbalance_l1,2000,0.9,0.9730135220331289,1929,0.6221627460994693,0.4972165435424003,0.6656298600311042,0.9537324630122809
20260908T120838Z_3cfee030,NEW12,BTC,depth_imbalance_l1,5000,0.9,0.9730135220331289,1175,0.667731876326271,0.5877906928442034,0.654468085106383,1.4574647827328133
20260908T120838Z_3cfee030,NEW12,BTC,depth_imbalance_l1,10000,0.9,0.9730135220331289,741,0.6387601218210625,0.6248481714576926,0.6396761133603239,1.9753780566748496
20260908T120838Z_3cfee030,NEW12,BTC,depth_imbalance_l1,30000,0.9,0.9730135220331289,307,0.43584851350749626,0.790821874387948,0.5895765472312704,3.432583886708203
20260908T120838Z_3cfee030,NEW12,BTC,depth_imbalance_l1,100,0.95,0.9925593243062073,1660,0.29868201259910576,0.0,0.45963855421686745,0.3015630301671994
20260908T120838Z_3cfee030,NEW12,BTC,depth_imbalance_l1,200,0.95,0.9925593243062073,1660,0.40595877170160033,0.1284958124847524,0.5481927710843374,0.4190093832002623
20260908T120838Z_3cfee030,NEW12,BTC,depth_imbalance_l1,500,0.95,0.9925593243062073,1660,0.5236206970414644,0.38297375415774493,0.6457831325301204,0.5903622838832652
20260908T120838Z_3cfee030,NEW12,BTC,depth_imbalance_l1,1000,0.95,0.9925593243062073,1659,0.5918293773966156,0.48520352691761026,0.6847498493068114,0.7617574899446627
20260908T120838Z_3cfee030,NEW12,BTC,depth_imbalance_l1,2000,0.95,0.9925593243062073,1288,0.6831090056735964,0.5693566812919881,0.7041925465838509,1.0368571911895348
20260908T120838Z_3cfee030,NEW12,BTC,depth_imbalance_l1,5000,0.95,0.9925593243062073,879,0.8494304798167047,0.7022691593383534,0.6780432309442548,1.5823922053498496
20260908T120838Z_3cfee030,NEW12,BTC,depth_imbalance_l1,10000,0.95,0.9925593243062073,594,0.711669666155973,0.7903463365921404,0.6582491582491582,2.0707000289398714
20260908T120838Z_3cfee030,NEW12,BTC,depth_imbalance_l1,30000,0.95,0.9925593243062073,277,0.7279862573512564,0.6242749969564976,0.5740072202166066,3.4453881159753137
20260908T120838Z_3cfee030,NEW12,BTC,depth_imbalance_l5,100,0.8,0.9132545165406205,4083,0.18145259037523218,0.0,0.27357335292676954,0.18534518566105074
20260908T120838Z_3cfee030,NEW12,BTC,depth_imbalance_l5,200,0.8,0.9132545165406205,4083,0.2682728276658425,0.0,0.3570903747244673,0.283841962486966
20260908T120838Z_3cfee030,NEW12,BTC,depth_imbalance_l5,500,0.8,0.9132545165406205,4083,0.3685215917016083,0.0,0.4582414891011511,0.4397212211046992
20260908T120838Z_3cfee030,NEW12,BTC,depth_imbalance_l5,1000,0.8,0.9132545165406205,4082,0.434676046974206,0.07714431878691475,0.5188633023027928,0.6160892350362899
20260908T120838Z_3cfee030,NEW12,BTC,depth_imbalance_l5,2000,0.8,0.9132545165406205,2659,0.5064965374493542,0.30641068607173416,0.5799172621286198,0.8859302081268661
20260908T120838Z_3cfee030,NEW12,BTC,depth_imbalance_l5,5000,0.8,0.9132545165406205,1428,0.6403340971584418,0.4973043114353537,0.615546218487395,1.3983633332124379
20260908T120838Z_3cfee030,NEW12,BTC,depth_imbalance_l5,10000,0.8,0.9132545165406205,837,0.7183593648048718,0.6127846017456307,0.6224611708482676,1.935263738440413
20260908T120838Z_3cfee030,NEW12,BTC,depth_imbalance_l5,30000,0.8,0.9132545165406205,323,0.8259211511814981,0.810878123087555,0.5789473684210527,3.4267010519717744
20260908T120838Z_3cfee030,NEW12,BTC,depth_imbalance_l5,100,0.9,0.9669712538821893,2685,0.2556088060302825,0.0,0.37579143389199254,0.25947196592673455
20260908T120838Z_3cfee030,NEW12,BTC,depth_imbalance_l5,200,0.9,0.9669712538821893,2685,0.35194353230759984,0.0,0.45400372439478587,0.36691171812520795
20260908T120838Z_3cfee030,NEW12,BTC,depth_imbalance_l5,500,0.9,0.9669712538821893,2685,0.4615391609454858,0.2313548848986713,0.5515828677839851,0.5243719577007369
20260908T120838Z_3cfee030,NEW12,BTC,depth_imbalance_l5,1000,0.9,0.9669712538821893,2684,0.5439661931522621,0.38362608165587453,0.6020864381520119,0.7047666239698299
20260908T120838Z_3cfee030,NEW12,BTC,depth_imbalance_l5,2000,0.9,0.9669712538821893,1922,0.6349339655714026,0.5242145953343602,0.6529656607700313,0.9770647870650748
20260908T120838Z_3cfee030,NEW12,BTC,depth_imbalance_l5,5000,0.9,0.9669712538821893,1158,0.6983041543545283,0.5989741630652023,0.6459412780656304,1.4821224920431713
20260908T120838Z_3cfee030,NEW12,BTC,depth_imbalance_l5,10000,0.9,0.9669712538821893,723,0.5458649600571891,0.6127846017456307,0.627939142461964,1.9787708902093903
20260908T120838Z_3cfee030,NEW12,BTC,depth_imbalance_l5,30000,0.9,0.9669712538821893,305,0.9040338234191342,0.8666543890611944,0.5934426229508196,3.3029508311222635
20260908T120838Z_3cfee030,NEW12,BTC,depth_imbalance_l5,100,0.95,0.9895286067629073,1696,0.3258749506666789,0.0,0.45047169811320753,0.3290716632293655
20260908T120838Z_3cfee030,NEW12,BTC,depth_imbalance_l5,200,0.95,0.9895286067629073,1696,0.4363585736186443,0.18491044702584336,0.5347877358490566,0.44642208423821245
20260908T120838Z_3cfee030,NEW12,BTC,depth_imbalance_l5,500,0.95,0.9895286067629073,1696,0.5408680709667373,0.42063374220746574,0.6303066037735849,0.6072350484443959
20260908T120838Z_3cfee030,NEW12,BTC,depth_imbalance_l5,1000,0.95,0.9895286067629073,1695,0.6279266316440564,0.5490951741560224,0.6772861356932154,0.7825288027075706
20260908T120838Z_3cfee030,NEW12,BTC,depth_imbalance_l5,2000,0.95,0.9895286067629073,1329,0.7358257976062657,0.6519342313415777,0.7125658389766741,1.0444789931410725
20260908T120838Z_3cfee030,NEW12,BTC,depth_imbalance_l5,5000,0.95,0.9895286067629073,893,0.8200549670839342,0.7712087218569863,0.6797312430011199,1.5743914121143099
20260908T120838Z_3cfee030,NEW12,BTC,depth_imbalance_l5,10000,0.95,0.9895286067629073,604,0.9045325019830844,0.9188433148349384,0.6920529801324503,2.0739732806852715
20260908T120838Z_3cfee030,NEW12,BTC,depth_imbalance_l5,30000,0.95,0.9895286067629073,276,0.8557691968920428,0.8935731320608431,0.6159420289855072,3.3840381415417404
20260908T120838Z_3cfee030,NEW12,BTC,external_ofi,100,0.8,0.21834063929425668,5562,0.13815512506619532,0.0,0.20640057533261416,0.15266952998995867
20260908T120838Z_3cfee030,NEW12,BTC,external_ofi,200,0.8,0.21834063929425668,5562,0.20132121143171092,0.0,0.2736425746134484,0.23875442388277196
20260908T120838Z_3cfee030,NEW12,BTC,external_ofi,500,0.8,0.21834063929425668,5562,0.26664915119593785,0.0,0.370190578928443,0.3823809634316947
20260908T120838Z_3cfee030,NEW12,BTC,external_ofi,1000,0.8,0.21834063929425668,5562,0.31318689221204626,0.0,0.4442646530025171,0.5525540965966624
20260908T120838Z_3cfee030,NEW12,BTC,external_ofi,2000,0.8,0.21834063929425668,3509,0.3423984323883927,0.0,0.4804787688800228,0.7992457054064614
20260908T120838Z_3cfee030,NEW12,BTC,external_ofi,5000,0.8,0.21834063929425668,1729,0.4174549442379769,0.16554952573244464,0.5361480624638519,1.2795173331741299
20260908T120838Z_3cfee030,NEW12,BTC,external_ofi,10000,0.8,0.21834063929425668,959,0.4542629168411703,0.3318457708478828,0.5516162669447341,1.7746054725097644
20260908T120838Z_3cfee030,NEW12,BTC,external_ofi,30000,0.8,0.21834063929425668,343,0.7590071164585708,0.43414055811208385,0.5597667638483965,3.2078529220562
20260908T120838Z_3cfee030,NEW12,BTC,external_ofi,100,0.9,0.5615458333306813,3725,0.23254768509196277,0.0,0.3170469798657718,0.2437040554079011
20260908T120838Z_3cfee030,NEW12,BTC,external_ofi,200,0.9,0.5615458333306813,3725,0.30765214348095504,0.0,0.38711409395973156,0.3456155441600411
20260908T120838Z_3cfee030,NEW12,BTC,external_ofi,500,0.9,0.5615458333306813,3725,0.3750353212521849,0.0,0.47570469798657716,0.4965745671705459
20260908T120838Z_3cfee030,NEW12,BTC,external_ofi,1000,0.9,0.5615458333306813,3725,0.42607780734575607,0.11585822300430593,0.5307382550335571,0.6838606059403718
20260908T120838Z_3cfee030,NEW12,BTC,external_ofi,2000,0.9,0.5615458333306813,2582,0.4881107811648292,0.2563019686402379,0.5646785437645236,0.9261621387534815
20260908T120838Z_3cfee030,NEW12,BTC,external_ofi,5000,0.9,0.5615458333306813,1426,0.5260515829201984,0.39885607988621175,0.5918653576437588,1.4115841378857699
20260908T120838Z_3cfee030,NEW12,BTC,external_ofi,10000,0.9,0.5615458333306813,841,0.6899686982152355,0.5490839555755134,0.5957193816884662,1.9494139976605191
20260908T120838Z_3cfee030,NEW12,BTC,external_ofi,30000,0.9,0.5615458333306813,326,0.5787135291589869,0.6826138662774373,0.5736196319018405,3.2896361425574416
20260908T120838Z_3cfee030,NEW12,BTC,external_ofi,100,0.95,1.2362747839873545,2480,0.32648667465500025,0.0,0.4104838709677419,0.34134762199054547
20260908T120838Z_3cfee030,NEW12,BTC,external_ofi,200,0.95,1.2362747839873545,2480,0.4118481193157231,0.0,0.4786290322580645,0.4595445441399986
20260908T120838Z_3cfee030,NEW12,BTC,external_ofi,500,0.95,1.2362747839873545,2480,0.4854536843214955,0.23111517216067856,0.5540322580645162,0.6218709538881233
20260908T120838Z_3cfee030,NEW12,BTC,external_ofi,1000,0.95,1.2362747839873545,2480,0.5300378319994419,0.35195195430326454,0.6,0.7953551343677501
20260908T120838Z_3cfee030,NEW12,BTC,external_ofi,2000,0.95,1.2362747839873545,1870,0.5449304574625748,0.42099572391485207,0.6133689839572193,1.030862323576139
20260908T120838Z_3cfee030,NEW12,BTC,external_ofi,5000,0.95,1.2362747839873545,1152,0.579099380303776,0.5055926033853408,0.6223958333333334,1.506948489496182
20260908T120838Z_3cfee030,NEW12,BTC,external_ofi,10000,0.95,1.2362747839873545,728,0.7584198404030348,0.663331190082217,0.625,2.0375006275684213
20260908T120838Z_3cfee030,NEW12,BTC,external_ofi,30000,0.95,1.2362747839873545,307,0.6136278556386842,0.5239894511976928,0.5635179153094463,3.2519142323229078
20260908T120838Z_3cfee030,NEW12,BTC,external_trade_flow,100,0.8,1.0,9165,0.018372633890110793,0.0,0.04757228587015821,0.03786308078377046
20260908T120838Z_3cfee030,NEW12,BTC,external_trade_flow,200,0.8,1.0,9164,0.027733556269115216,0.0,0.07824094281972938,0.07890814296450065
20260908T120838Z_3cfee030,NEW12,BTC,external_trade_flow,500,0.8,1.0,9164,0.042841839738928925,0.0,0.14666084679179398,0.18801030752234085
20260908T120838Z_3cfee030,NEW12,BTC,external_trade_flow,1000,0.8,1.0,9164,0.04844694627562758,0.0,0.21759057180270625,0.3383956283986589
20260908T120838Z_3cfee030,NEW12,BTC,external_trade_flow,2000,0.8,1.0,4918,0.053178043992433935,0.0,0.30195201301342006,0.593276628343663
20260908T120838Z_3cfee030,NEW12,BTC,external_trade_flow,5000,0.8,1.0,2079,0.021330100117233342,0.0,0.39105339105339104,1.1147399082020415
20260908T120838Z_3cfee030,NEW12,BTC,external_trade_flow,10000,0.8,1.0,1057,0.03223045343185012,0.0,0.45789971617786185,1.7195016805663754
20260908T120838Z_3cfee030,NEW12,BTC,external_trade_flow,30000,0.8,1.0,357,0.07442299368985768,0.05102877193685629,0.5098039215686274,3.044157129181551
20260908T120838Z_3cfee030,NEW12,BTC,external_trade_flow,100,0.9,1.0,9165,0.018372633890110793,0.0,0.04757228587015821,0.03786308078377046
20260908T120838Z_3cfee030,NEW12,BTC,external_trade_flow,200,0.9,1.0,9164,0.027733556269115216,0.0,0.07824094281972938,0.07890814296450065
20260908T120838Z_3cfee030,NEW12,BTC,external_trade_flow,500,0.9,1.0,9164,0.042841839738928925,0.0,0.14666084679179398,0.18801030752234085
20260908T120838Z_3cfee030,NEW12,BTC,external_trade_flow,1000,0.9,1.0,9164,0.04844694627562758,0.0,0.21759057180270625,0.3383956283986589
20260908T120838Z_3cfee030,NEW12,BTC,external_trade_flow,2000,0.9,1.0,4918,0.053178043992433935,0.0,0.30195201301342006,0.593276628343663
20260908T120838Z_3cfee030,NEW12,BTC,external_trade_flow,5000,0.9,1.0,2079,0.021330100117233342,0.0,0.39105339105339104,1.1147399082020415
20260908T120838Z_3cfee030,NEW12,BTC,external_trade_flow,10000,0.9,1.0,1057,0.03223045343185012,0.0,0.45789971617786185,1.7195016805663754
20260908T120838Z_3cfee030,NEW12,BTC,external_trade_flow,30000,0.9,1.0,357,0.07442299368985768,0.05102877193685629,0.5098039215686274,3.044157129181551
20260908T120838Z_3cfee030,NEW12,BTC,external_trade_flow,100,0.95,1.0,9165,0.018372633890110793,0.0,0.04757228587015821,0.03786308078377046
20260908T120838Z_3cfee030,NEW12,BTC,external_trade_flow,200,0.95,1.0,9164,0.027733556269115216,0.0,0.07824094281972938,0.07890814296450065
20260908T120838Z_3cfee030,NEW12,BTC,external_trade_flow,500,0.95,1.0,9164,0.042841839738928925,0.0,0.14666084679179398,0.18801030752234085
20260908T120838Z_3cfee030,NEW12,BTC,external_trade_flow,1000,0.95,1.0,9164,0.04844694627562758,0.0,0.21759057180270625,0.3383956283986589
20260908T120838Z_3cfee030,NEW12,BTC,external_trade_flow,2000,0.95,1.0,4918,0.053178043992433935,0.0,0.30195201301342006,0.593276628343663
20260908T120838Z_3cfee030,NEW12,BTC,external_trade_flow,5000,0.95,1.0,2079,0.021330100117233342,0.0,0.39105339105339104,1.1147399082020415
20260908T120838Z_3cfee030,NEW12,BTC,external_trade_flow,10000,0.95,1.0,1057,0.03223045343185012,0.0,0.45789971617786185,1.7195016805663754
20260908T120838Z_3cfee030,NEW12,BTC,external_trade_flow,30000,0.95,1.0,357,0.07442299368985768,0.05102877193685629,0.5098039215686274,3.044157129181551
20260908T120838Z_3cfee030,NEW12,BTC,fair_accel_100ms,100,0.8,0.01288530557939497,4514,0.1556389551986683,0.0,0.22042534337616304,0.18361133749236191
20260908T120838Z_3cfee030,NEW12,BTC,fair_accel_100ms,200,0.8,0.01288530557939497,4514,0.2057327511216224,0.0,0.281346920691183,0.2710930129269618
20260908T120838Z_3cfee030,NEW12,BTC,fair_accel_100ms,500,0.8,0.01288530557939497,4514,0.2505468658791399,0.0,0.3673017279574657,0.4243755916052865
20260908T120838Z_3cfee030,NEW12,BTC,fair_accel_100ms,1000,0.8,0.01288530557939497,4514,0.2694912823286435,0.0,0.4328754984492689,0.6008825637691562
20260908T120838Z_3cfee030,NEW12,BTC,fair_accel_100ms,2000,0.8,0.01288530557939497,2971,0.29204302295997514,0.0,0.47627061595422415,0.8400454183600587
20260908T120838Z_3cfee030,NEW12,BTC,fair_accel_100ms,5000,0.8,0.01288530557939497,1569,0.34499656721096555,0.11585956533277653,0.5264499681325685,1.3189042747396815
20260908T120838Z_3cfee030,NEW12,BTC,fair_accel_100ms,10000,0.8,0.01288530557939497,891,0.5068837388188163,0.34661043875061637,0.5645342312008979,1.7749661695552972
20260908T120838Z_3cfee030,NEW12,BTC,fair_accel_100ms,30000,0.8,0.01288530557939497,333,0.6390962302213485,0.6649926754909163,0.5735735735735735,3.4168183844726814
20260908T120838Z_3cfee030,NEW12,BTC,fair_accel_100ms,100,0.9,0.17896221783193494,3215,0.23223272546731133,0.0,0.3020217729393468,0.2570960231489135
20260908T120838Z_3cfee030,NEW12,BTC,fair_accel_100ms,200,0.9,0.17896221783193494,3215,0.2968851233179893,0.0,0.359253499222395,0.35260520806332846
20260908T120838Z_3cfee030,NEW12,BTC,fair_accel_100ms,500,0.9,0.17896221783193494,3215,0.3398690179259584,0.0,0.4370139968895801,0.4998222358037421
20260908T120838Z_3cfee030,NEW12,BTC,fair_accel_100ms,1000,0.9,0.17896221783193494,3215,0.3843768426552015,0.0,0.4976671850699845,0.6938811753071815
20260908T120838Z_3cfee030,NEW12,BTC,fair_accel_100ms,2000,0.9,0.17896221783193494,2286,0.38490122154249384,0.14041797591457517,0.5358705161854768,0.9521204643898996
20260908T120838Z_3cfee030,NEW12,BTC,fair_accel_100ms,5000,0.9,0.17896221783193494,1308,0.47557747973129977,0.3824117556083806,0.5840978593272171,1.406664111881159
20260908T120838Z_3cfee030,NEW12,BTC,fair_accel_100ms,10000,0.9,0.17896221783193494,794,0.653328971846709,0.5375308119454081,0.5906801007556675,1.9125512055627851
20260908T120838Z_3cfee030,NEW12,BTC,fair_accel_100ms,30000,0.9,0.17896221783193494,318,0.6494428536447807,0.7469584814423502,0.5849056603773585,3.3137123335659187
20260908T120838Z_3cfee030,NEW12,BTC,fair_accel_100ms,100,0.95,0.33561655706213206,2137,0.3007069316326288,0.0,0.3696771174543753,0.3304845413570654
20260908T120838Z_3cfee030,NEW12,BTC,fair_accel_100ms,200,0.95,0.33561655706213206,2137,0.372385889101892,0.0,0.42957416939635,0.44448049202772266
20260908T120838Z_3cfee030,NEW12,BTC,fair_accel_100ms,500,0.95,0.33561655706213206,2137,0.4198778104305937,0.025726765032763055,0.5100608329433786,0.6072455355790521
20260908T120838Z_3cfee030,NEW12,BTC,fair_accel_100ms,1000,0.95,0.33561655706213206,2137,0.4653754295041437,0.23163742565834866,0.5545156761815629,0.7970434336075267
20260908T120838Z_3cfee030,NEW12,BTC,fair_accel_100ms,2000,0.95,0.33561655706213206,1660,0.4661389830085321,0.332627461877566,0.5704819277108434,1.048948025738204
20260908T120838Z_3cfee030,NEW12,BTC,fair_accel_100ms,5000,0.95,0.33561655706213206,1052,0.5605125976722245,0.48556250873854623,0.6064638783269962,1.5112042074525691
20260908T120838Z_3cfee030,NEW12,BTC,fair_accel_100ms,10000,0.95,0.33561655706213206,685,0.6407632612881496,0.5862624684316309,0.5941605839416059,2.08381619460438
20260908T120838Z_3cfee030,NEW12,BTC,fair_accel_100ms,30000,0.95,0.33561655706213206,292,0.5322083852058358,0.33859282792148004,0.5513698630136986,3.262312345935401
20260908T120838Z_3cfee030,NEW12,BTC,fair_gap_reversion,100,0.8,0.4445754207982325,3317,0.12493108123729896,0.0,0.1383780524570395,0.1627893943452564
20260908T120838Z_3cfee030,NEW12,BTC,fair_gap_reversion,200,0.8,0.4445754207982325,3317,0.15891153173348205,0.0,0.19023213747362075,0.2366545408648757
20260908T120838Z_3cfee030,NEW12,BTC,fair_gap_reversion,500,0.8,0.4445754207982325,3316,0.21107189654600467,0.0,0.2750301568154403,0.37269611975257166
20260908T120838Z_3cfee030,NEW12,BTC,fair_gap_reversion,1000,0.8,0.4445754207982325,3316,0.26076598276177987,0.0,0.3597708082026538,0.5514950660267522
20260908T120838Z_3cfee030,NEW12,BTC,fair_gap_reversion,2000,0.8,0.4445754207982325,2152,0.33062731661501377,0.0,0.46933085501858735,0.847926406216115
20260908T120838Z_3cfee030,NEW12,BTC,fair_gap_reversion,5000,0.8,0.4445754207982325,1208,0.3517283834648971,0.09013237331878532,0.5223509933774835,1.358367844614887
20260908T120838Z_3cfee030,NEW12,BTC,fair_gap_reversion,10000,0.8,0.4445754207982325,744,0.41745198544400447,0.19842065888397986,0.5309139784946236,1.9266085075233532
20260908T120838Z_3cfee030,NEW12,BTC,fair_gap_reversion,30000,0.8,0.4445754207982325,304,0.5876568235323505,0.4528645567458689,0.5394736842105263,3.2512497707453543
20260908T120838Z_3cfee030,NEW12,BTC,fair_gap_reversion,100,0.9,0.5699971443053898,1958,0.19191128402794927,0.0,0.18488253319713993,0.22398032154283518
20260908T120838Z_3cfee030,NEW12,BTC,fair_gap_reversion,200,0.9,0.5699971443053898,1957,0.2390459678968653,0.0,0.24271844660194175,0.31149553209006486
20260908T120838Z_3cfee030,NEW12,BTC,fair_gap_reversion,500,0.9,0.5699971443053898,1957,0.30350264796899934,0.0,0.33367399080224835,0.4634947421836662
20260908T120838Z_3cfee030,NEW12,BTC,fair_gap_reversion,1000,0.9,0.5699971443053898,1957,0.36416335833822056,0.0,0.42054164537557487,0.6559613898723257
20260908T120838Z_3cfee030,NEW12,BTC,fair_gap_reversion,2000,0.9,0.5699971443053898,1400,0.4404194580479383,0.1414362568658012,0.5257142857142857,0.9614585893782301
20260908T120838Z_3cfee030,NEW12,BTC,fair_gap_reversion,5000,0.9,0.5699971443053898,895,0.45799399059910256,0.25559121763052417,0.5631284916201117,1.4348177018915125
20260908T120838Z_3cfee030,NEW12,BTC,fair_gap_reversion,10000,0.9,0.5699971443053898,593,0.4811843270694095,0.31866070728581164,0.5615514333895447,2.068748078714634
20260908T120838Z_3cfee030,NEW12,BTC,fair_gap_reversion,30000,0.9,0.5699971443053898,273,0.5437718488218123,0.7009945838598597,0.5457875457875457,3.517012423707419
20260908T120838Z_3cfee030,NEW12,BTC,fair_gap_reversion,100,0.95,0.6847119225199537,1161,0.28050431539719656,0.0,0.24031007751937986,0.3071127913348893
20260908T120838Z_3cfee030,NEW12,BTC,fair_gap_reversion,200,0.95,0.6847119225199537,1161,0.32953530606184295,0.0,0.2954349698535745,0.39523057730599714
20260908T120838Z_3cfee030,NEW12,BTC,fair_gap_reversion,500,0.95,0.6847119225199537,1161,0.3973796693756406,0.0,0.39104220499569337,0.5585701183165953
20260908T120838Z_3cfee030,NEW12,BTC,fair_gap_reversion,1000,0.95,0.6847119225199537,1161,0.47600275004526355,0.0,0.48664944013781225,0.7447962630431333
20260908T120838Z_3cfee030,NEW12,BTC,fair_gap_reversion,2000,0.95,0.6847119225199537,896,0.5597372570510819,0.3720290699038564,0.5915178571428571,1.0647386070443807
20260908T120838Z_3cfee030,NEW12,BTC,fair_gap_reversion,5000,0.95,0.6847119225199537,628,0.5104944889201496,0.408802459295754,0.6035031847133758,1.5532007184064331
20260908T120838Z_3cfee030,NEW12,BTC,fair_gap_reversion,10000,0.95,0.6847119225199537,452,0.46887528725331834,0.31875682647286574,0.5663716814159292,2.158630321105669
20260908T120838Z_3cfee030,NEW12,BTC,fair_gap_reversion,30000,0.95,0.6847119225199537,236,0.30091714956724214,0.5486455524267297,0.5296610169491526,3.6124841011576008
20260908T120838Z_3cfee030,NEW12,BTC,leader_gap_1000ms,100,0.8,0.3777083028871501,3680,0.08051690320577738,0.0,0.1279891304347826,0.14599532162637674
20260908T120838Z_3cfee030,NEW12,BTC,leader_gap_1000ms,200,0.8,0.3777083028871501,3680,0.10400549991468303,0.0,0.18342391304347827,0.23193818738395744
20260908T120838Z_3cfee030,NEW12,BTC,leader_gap_1000ms,500,0.8,0.3777083028871501,3680,0.14315884830297088,0.0,0.2779891304347826,0.4080042444743875
20260908T120838Z_3cfee030,NEW12,BTC,leader_gap_1000ms,1000,0.8,0.3777083028871501,3680,0.19144962966511378,0.0,0.3717391304347826,0.6212326179621703
20260908T120838Z_3cfee030,NEW12,BTC,leader_gap_1000ms,2000,0.8,0.3777083028871501,2450,0.17388173757075706,0.0,0.43755102040816324,0.8766383984741744
20260908T120838Z_3cfee030,NEW12,BTC,leader_gap_1000ms,5000,0.8,0.3777083028871501,1336,0.25407237436008806,0.07659054857611647,0.5104790419161677,1.3854175717364405
20260908T120838Z_3cfee030,NEW12,BTC,leader_gap_1000ms,10000,0.8,0.3777083028871501,788,0.23018132521232,0.21768366166963204,0.5355329949238579,1.9391124557452821
20260908T120838Z_3cfee030,NEW12,BTC,leader_gap_1000ms,30000,0.8,0.3777083028871501,314,0.29846551803591537,0.0,0.47770700636942676,3.2475381569142914
20260908T120838Z_3cfee030,NEW12,BTC,leader_gap_1000ms,100,0.9,0.5796484434413774,2364,0.11959195888446236,0.0,0.14974619289340102,0.1742037502400249
20260908T120838Z_3cfee030,NEW12,BTC,leader_gap_1000ms,200,0.9,0.5796484434413774,2364,0.15275779422285046,0.0,0.21192893401015228,0.26930633637188384
20260908T120838Z_3cfee030,NEW12,BTC,leader_gap_1000ms,500,0.9,0.5796484434413774,2364,0.2059117443598545,0.0,0.31006768189509304,0.4497275026465981
20260908T120838Z_3cfee030,NEW12,BTC,leader_gap_1000ms,1000,0.9,0.5796484434413774,2364,0.26379663869693093,0.0,0.4010152284263959,0.655238581049162
20260908T120838Z_3cfee030,NEW12,BTC,leader_gap_1000ms,2000,0.9,0.5796484434413774,1714,0.3185856825078708,0.0,0.4918319719953326,0.9517952803488472
20260908T120838Z_3cfee030,NEW12,BTC,leader_gap_1000ms,5000,0.9,0.5796484434413774,1042,0.3835702507317201,0.3334061025850321,0.5767754318618042,1.4601140172112903
20260908T120838Z_3cfee030,NEW12,BTC,leader_gap_1000ms,10000,0.9,0.5796484434413774,665,0.4327668478815303,0.38329081999410874,0.5654135338345865,2.064071355394897
20260908T120838Z_3cfee030,NEW12,BTC,leader_gap_1000ms,30000,0.9,0.5796484434413774,288,0.632279162891489,0.3455162306248427,0.5347222222222222,3.6290455917676576
20260908T120838Z_3cfee030,NEW12,BTC,leader_gap_1000ms,100,0.95,0.7536152150975405,1484,0.16338550374596664,0.0,0.1765498652291105,0.20868336997986825
20260908T120838Z_3cfee030,NEW12,BTC,leader_gap_1000ms,200,0.95,0.7536152150975405,1484,0.20946332008010154,0.0,0.24191374663072776,0.3101012621242723
20260908T120838Z_3cfee030,NEW12,BTC,leader_gap_1000ms,500,0.95,0.7536152150975405,1484,0.26748773906164364,0.0,0.34097035040431267,0.5047112631940138
20260908T120838Z_3cfee030,NEW12,BTC,leader_gap_1000ms,1000,0.95,0.7536152150975405,1484,0.3374827336097735,0.0,0.44272237196765496,0.7101288115070548
20260908T120838Z_3cfee030,NEW12,BTC,leader_gap_1000ms,2000,0.95,0.7536152150975405,1138,0.3871721263032466,0.12808473651482188,0.5202108963093146,1.012228927173098
20260908T120838Z_3cfee030,NEW12,BTC,leader_gap_1000ms,5000,0.95,0.7536152150975405,776,0.35071848935309713,0.274795416084217,0.5592783505154639,1.5229547976083633
20260908T120838Z_3cfee030,NEW12,BTC,leader_gap_1000ms,10000,0.95,0.7536152150975405,542,0.31510719468901294,0.30697437235938096,0.5424354243542435,2.085312294978147
20260908T120838Z_3cfee030,NEW12,BTC,leader_gap_1000ms,30000,0.95,0.7536152150975405,257,0.41577624772811045,0.638057446864515,0.5603112840466926,3.5948026896421146
20260908T120838Z_3cfee030,NEW12,BTC,leader_gap_100ms,100,0.8,0.0008051114943701956,5102,0.0813315350443633,0.0,0.1528812230497844,0.16015608229357556
20260908T120838Z_3cfee030,NEW12,BTC,leader_gap_100ms,200,0.8,0.0008051114943701956,5102,0.10025638146032802,0.0,0.19835358682869464,0.2415919377771998
20260908T120838Z_3cfee030,NEW12,BTC,leader_gap_100ms,500,0.8,0.0008051114943701956,5102,0.12358096576320984,0.0,0.28106624852998824,0.3938017475504547
20260908T120838Z_3cfee030,NEW12,BTC,leader_gap_100ms,1000,0.8,0.0008051114943701956,5102,0.14321470008080026,0.0,0.3516268130145041,0.5659868210652367
20260908T120838Z_3cfee030,NEW12,BTC,leader_gap_100ms,2000,0.8,0.0008051114943701956,3263,0.14538388812027309,0.0,0.40698743487588107,0.8070515900573022
20260908T120838Z_3cfee030,NEW12,BTC,leader_gap_100ms,5000,0.8,0.0008051114943701956,1653,0.09995619591457984,0.0,0.46098003629764067,1.2773124088887478
20260908T120838Z_3cfee030,NEW12,BTC,leader_gap_100ms,10000,0.8,0.0008051114943701956,926,0.2506456964354005,0.1915987039846634,0.5345572354211663,1.7870426098092047
20260908T120838Z_3cfee030,NEW12,BTC,leader_gap_100ms,30000,0.8,0.0008051114943701956,338,0.06735876752813993,0.01914964104010597,0.5,3.2103543387781244
20260908T120838Z_3cfee030,NEW12,BTC,leader_gap_100ms,100,0.9,0.14926038113481185,3971,0.10754002039012053,0.0,0.17300428103752202,0.19646497812288874
20260908T120838Z_3cfee030,NEW12,BTC,leader_gap_100ms,200,0.9,0.14926038113481185,3971,0.12655035920443028,0.0,0.21782926215059178,0.2882971549062692
20260908T120838Z_3cfee030,NEW12,BTC,leader_gap_100ms,500,0.9,0.14926038113481185,3971,0.1431502819415872,0.0,0.29312515739108536,0.4374602400312947
20260908T120838Z_3cfee030,NEW12,BTC,leader_gap_100ms,1000,0.9,0.14926038113481185,3971,0.16275784639693822,0.0,0.3699320070511206,0.6111236795570609
20260908T120838Z_3cfee030,NEW12,BTC,leader_gap_100ms,2000,0.9,0.14926038113481185,2731,0.21003642083462773,0.0,0.4262175027462468,0.8646863145166824
20260908T120838Z_3cfee030,NEW12,BTC,leader_gap_100ms,5000,0.9,0.14926038113481185,1483,0.16460168076306714,0.0,0.47741065407956845,1.316486221942822
20260908T120838Z_3cfee030,NEW12,BTC,leader_gap_100ms,10000,0.9,0.14926038113481185,860,0.22077605881691392,0.1279395939329797,0.513953488372093,1.8676064781559072
20260908T120838Z_3cfee030,NEW12,BTC,leader_gap_100ms,30000,0.9,0.14926038113481185,328,0.017883386308674445,0.0,0.4878048780487805,3.133922079884991
20260908T120838Z_3cfee030,NEW12,BTC,leader_gap_100ms,100,0.95,0.3331482530319383,2782,0.13002068114170504,0.0,0.17828900071890727,0.21620668422931447
20260908T120838Z_3cfee030,NEW12,BTC,leader_gap_100ms,200,0.95,0.3331482530319383,2782,0.15311192647983596,0.0,0.22286125089863407,0.31323980885285796
20260908T120838Z_3cfee030,NEW12,BTC,leader_gap_100ms,500,0.95,0.3331482530319383,2782,0.16956709469732179,0.0,0.301941049604601,0.48008155091205845
20260908T120838Z_3cfee030,NEW12,BTC,leader_gap_100ms,1000,0.95,0.3331482530319383,2782,0.18666628049845332,0.0,0.3756290438533429,0.6596171645078351
20260908T120838Z_3cfee030,NEW12,BTC,leader_gap_100ms,2000,0.95,0.3331482530319383,2070,0.2340650672514461,0.0,0.4400966183574879,0.915504740491817
20260908T120838Z_3cfee030,NEW12,BTC,leader_gap_100ms,5000,0.95,0.3331482530319383,1219,0.20096709535584223,0.0,0.49302707136997537,1.4190028718790144
20260908T120838Z_3cfee030,NEW12,BTC,leader_gap_100ms,10000,0.95,0.3331482530319383,760,0.1706232805975056,0.04468831942883167,0.506578947368421,1.9273223041617573
20260908T120838Z_3cfee030,NEW12,BTC,leader_gap_100ms,30000,0.95,0.3331482530319383,310,0.3718026211190432,0.0,0.49032258064516127,3.3212097387886668
20260908T120838Z_3cfee030,NEW12,BTC,leader_gap_200ms,100,0.8,0.07159202303305971,4713,0.08517339957839289,0.0,0.15404201145767027,0.16565137560662285
20260908T120838Z_3cfee030,NEW12,BTC,leader_gap_200ms,200,0.8,0.07159202303305971,4713,0.10026251461099357,0.0,0.19838743899851474,0.24826658895067158
20260908T120838Z_3cfee030,NEW12,BTC,leader_gap_200ms,500,0.8,0.07159202303305971,4713,0.11889676453928785,0.0,0.2802885635476342,0.40113162689927845
20260908T120838Z_3cfee030,NEW12,BTC,leader_gap_200ms,1000,0.8,0.07159202303305971,4713,0.14023721483723844,0.0,0.35794610651389774,0.5847655712264255
20260908T120838Z_3cfee030,NEW12,BTC,leader_gap_200ms,2000,0.8,0.07159202303305971,3083,0.15218509300430927,0.0,0.4086928316574765,0.8164343729339804
20260908T120838Z_3cfee030,NEW12,BTC,leader_gap_200ms,5000,0.8,0.07159202303305971,1593,0.16338696421811927,0.0,0.4620213433772756,1.3053027129198356
20260908T120838Z_3cfee030,NEW12,BTC,leader_gap_200ms,10000,0.8,0.07159202303305971,905,0.1746792630429924,0.10277604521657935,0.5149171270718232,1.7752586921597022
20260908T120838Z_3cfee030,NEW12,BTC,leader_gap_200ms,30000,0.8,0.07159202303305971,336,0.3004308191458071,0.15947328733778576,0.5178571428571429,3.0417028890460474
20260908T120838Z_3cfee030,NEW12,BTC,leader_gap_200ms,100,0.9,0.274379729249622,3377,0.12404042119741604,0.0,0.17263843648208468,0.1960410221542477
20260908T120838Z_3cfee030,NEW12,BTC,leader_gap_200ms,200,0.9,0.274379729249622,3377,0.15147647922336774,0.0,0.2194255256144507,0.2911374916533438
20260908T120838Z_3cfee030,NEW12,BTC,leader_gap_200ms,500,0.9,0.274379729249622,3377,0.16728307667357692,0.0,0.2996742671009772,0.4509235286191535
20260908T120838Z_3cfee030,NEW12,BTC,leader_gap_200ms,1000,0.9,0.274379729249622,3377,0.1889147735516343,0.0,0.3790346461356233,0.6343774322732467
20260908T120838Z_3cfee030,NEW12,BTC,leader_gap_200ms,2000,0.9,0.274379729249622,2398,0.18915259252441996,0.0,0.43077564637197663,0.8956467186809447
20260908T120838Z_3cfee030,NEW12,BTC,leader_gap_200ms,5000,0.9,0.274379729249622,1346,0.18274355393979208,0.0,0.4866270430906389,1.3366862123279992
20260908T120838Z_3cfee030,NEW12,BTC,leader_gap_200ms,10000,0.9,0.274379729249622,813,0.21321161127233806,0.06382064866139459,0.5079950799507995,1.8738689593749873
20260908T120838Z_3cfee030,NEW12,BTC,leader_gap_200ms,30000,0.9,0.274379729249622,318,0.2171842509889186,0.0,0.4779874213836478,3.1814620903161757
20260908T120838Z_3cfee030,NEW12,BTC,leader_gap_200ms,100,0.95,0.47718908132448146,2238,0.16098071831248514,0.0,0.18141197497765862,0.21726960988093924
20260908T120838Z_3cfee030,NEW12,BTC,leader_gap_200ms,200,0.95,0.47718908132448146,2238,0.19256473321129597,0.0,0.24084003574620197,0.3178138384092371
20260908T120838Z_3cfee030,NEW12,BTC,leader_gap_200ms,500,0.95,0.47718908132448146,2238,0.22750466865881758,0.0,0.3266309204647006,0.4843748252474976
20260908T120838Z_3cfee030,NEW12,BTC,leader_gap_200ms,1000,0.95,0.47718908132448146,2238,0.24822436543945275,0.0,0.4061662198391421,0.6850642338917637
20260908T120838Z_3cfee030,NEW12,BTC,leader_gap_200ms,2000,0.95,0.47718908132448146,1716,0.3049940808055646,0.0,0.48543123543123545,0.9557137159518904
20260908T120838Z_3cfee030,NEW12,BTC,leader_gap_200ms,5000,0.95,0.47718908132448146,1061,0.3244377700652224,0.2548743119190622,0.5438265786993403,1.484149497826973
20260908T120838Z_3cfee030,NEW12,BTC,leader_gap_200ms,10000,0.95,0.47718908132448146,694,0.31501241266660407,0.21692458404887205,0.5273775216138329,2.003231490351697
20260908T120838Z_3cfee030,NEW12,BTC,leader_gap_200ms,30000,0.95,0.47718908132448146,292,0.42515730262150414,0.4476386095275675,0.541095890410959,3.502539125681673
20260908T120838Z_3cfee030,NEW12,BTC,leader_gap_500ms,100,0.8,0.2458453294647272,3957,0.09637926763100363,0.0,0.15491533990396766,0.16211688456689552
20260908T120838Z_3cfee030,NEW12,BTC,leader_gap_500ms,200,0.8,0.2458453294647272,3957,0.11950334600947467,0.0,0.19888804649987366,0.24723277752239153
20260908T120838Z_3cfee030,NEW12,BTC,leader_gap_500ms,500,0.8,0.2458453294647272,3957,0.13988052481425395,0.0,0.28430629264594387,0.41416624191125245
20260908T120838Z_3cfee030,NEW12,BTC,leader_gap_500ms,1000,0.8,0.2458453294647272,3957,0.17141775395239742,0.0,0.3702299722011625,0.6085537512203489
20260908T120838Z_3cfee030,NEW12,BTC,leader_gap_500ms,2000,0.8,0.2458453294647272,2693,0.17128281985941027,0.0,0.42109171927218714,0.8533036167248106
20260908T120838Z_3cfee030,NEW12,BTC,leader_gap_500ms,5000,0.8,0.2458453294647272,1443,0.16659807900683932,0.0,0.4802494802494803,1.3379255219863204
20260908T120838Z_3cfee030,NEW12,BTC,leader_gap_500ms,10000,0.8,0.2458453294647272,846,0.3387303362282701,0.1720886961475987,0.524822695035461,1.8698840665920942
20260908T120838Z_3cfee030,NEW12,BTC,leader_gap_500ms,30000,0.8,0.2458453294647272,324,0.35045930881317855,0.0,0.48148148148148145,3.1904646675872232
20260908T120838Z_3cfee030,NEW12,BTC,leader_gap_500ms,100,0.9,0.4628411283647568,2639,0.12548785890923556,0.0,0.15839333080712392,0.18737812732764364
20260908T120838Z_3cfee030,NEW12,BTC,leader_gap_500ms,200,0.9,0.4628411283647568,2639,0.1573788916461479,0.0,0.2152330428192497,0.2737166100714124
20260908T120838Z_3cfee030,NEW12,BTC,leader_gap_500ms,500,0.9,0.4628411283647568,2639,0.20245311733748467,0.0,0.31943918150814704,0.4503927779006388
20260908T120838Z_3cfee030,NEW12,BTC,leader_gap_500ms,1000,0.9,0.4628411283647568,2639,0.24129228621136284,0.0,0.4065934065934066,0.6639334020911808
20260908T120838Z_3cfee030,NEW12,BTC,leader_gap_500ms,2000,0.9,0.4628411283647568,1921,0.26719923842956933,0.0,0.4799583550234253,0.9217944790572511
20260908T120838Z_3cfee030,NEW12,BTC,leader_gap_500ms,5000,0.9,0.4628411283647568,1161,0.2183115290471244,0.12775446613710884,0.5211024978466839,1.4236549610858107
20260908T120838Z_3cfee030,NEW12,BTC,leader_gap_500ms,10000,0.9,0.4628411283647568,724,0.18851305499717966,0.21069787466299061,0.5234806629834254,1.979014244014644
20260908T120838Z_3cfee030,NEW12,BTC,leader_gap_500ms,30000,0.9,0.4628411283647568,303,0.26131559174023555,0.16570166689544585,0.5082508250825083,3.5096893113684824
20260908T120838Z_3cfee030,NEW12,BTC,leader_gap_500ms,100,0.95,0.6512499444043331,1669,0.16841483635099125,0.0,0.18274415817855003,0.2210580450142162
20260908T120838Z_3cfee030,NEW12,BTC,leader_gap_500ms,200,0.95,0.6512499444043331,1669,0.19880773997078946,0.0,0.2372678250449371,0.30633592868795434
20260908T120838Z_3cfee030,NEW12,BTC,leader_gap_500ms,500,0.95,0.6512499444043331,1669,0.25353125123341397,0.0,0.3397243858597963,0.48305376510372783
20260908T120838Z_3cfee030,NEW12,BTC,leader_gap_500ms,1000,0.95,0.6512499444043331,1669,0.28960114759997174,0.0,0.42061114439784303,0.6908897088235137
20260908T120838Z_3cfee030,NEW12,BTC,leader_gap_500ms,2000,0.95,0.6512499444043331,1329,0.3363307759450826,0.0,0.49360421369450713,0.9828392701308354
20260908T120838Z_3cfee030,NEW12,BTC,leader_gap_500ms,5000,0.95,0.6512499444043331,894,0.35592688526224503,0.27467453769469685,0.5615212527964206,1.4711537111729156
20260908T120838Z_3cfee030,NEW12,BTC,leader_gap_500ms,10000,0.95,0.6512499444043331,598,0.29828515390282706,0.34481320933588133,0.5484949832775919,2.083460679336488
20260908T120838Z_3cfee030,NEW12,BTC,leader_gap_500ms,30000,0.95,0.6512499444043331,274,0.24918644544921786,0.24919038547177585,0.5255474452554745,3.538684974423907
20260908T120838Z_3cfee030,NEW12,ETH,bitget_ofi,100,0.8,0.797139936919687,4875,0.14167944407605365,0.0,0.23692307692307693,0.1900284376761509
20260908T120838Z_3cfee030,NEW12,ETH,bitget_ofi,200,0.8,0.797139936919687,4875,0.1813068942498429,0.0,0.310974358974359,0.28632105796879803
20260908T120838Z_3cfee030,NEW12,ETH,bitget_ofi,500,0.8,0.797139936919687,4874,0.2124941690913987,0.0,0.4099302421009438,0.5139805389673564
20260908T120838Z_3cfee030,NEW12,ETH,bitget_ofi,1000,0.8,0.797139936919687,4874,0.24264556273232263,0.0,0.4755847353303242,0.7733890039893017
20260908T120838Z_3cfee030,NEW12,ETH,bitget_ofi,2000,0.8,0.797139936919687,3178,0.26606062077640896,0.04038755901714097,0.5066079295154186,1.060566964956212
20260908T120838Z_3cfee030,NEW12,ETH,bitget_ofi,5000,0.8,0.797139936919687,1633,0.190729384028961,0.08071627623618127,0.5205143906919779,1.6449734695597542
20260908T120838Z_3cfee030,NEW12,ETH,bitget_ofi,10000,0.8,0.797139936919687,907,0.379135517180382,0.28317094827867706,0.5490628445424476,2.37298073193544
20260908T120838Z_3cfee030,NEW12,ETH,bitget_ofi,30000,0.8,0.797139936919687,338,0.4320696452551741,0.3852388828079478,0.5325443786982249,3.96369532938051
20260908T120838Z_3cfee030,NEW12,ETH,bitget_ofi,100,0.9,1.2960019633420952,3336,0.16881599517191553,0.0,0.2841726618705036,0.2320067044892017
20260908T120838Z_3cfee030,NEW12,ETH,bitget_ofi,200,0.9,1.2960019633420952,3336,0.21139404763692476,0.0,0.35851318944844124,0.3377030380305796
20260908T120838Z_3cfee030,NEW12,ETH,bitget_ofi,500,0.9,1.2960019633420952,3336,0.23159809717489283,0.0,0.454136690647482,0.578380776511501
20260908T120838Z_3cfee030,NEW12,ETH,bitget_ofi,1000,0.9,1.2960019633420952,3336,0.21193730380837497,0.04024460695473131,0.500599520383693,0.8341348457928505
20260908T120838Z_3cfee030,NEW12,ETH,bitget_ofi,2000,0.9,1.2960019633420952,2332,0.25923497237953375,0.12200828098163363,0.5377358490566038,1.1537250696110142
20260908T120838Z_3cfee030,NEW12,ETH,bitget_ofi,5000,0.9,1.2960019633420952,1332,0.21875699850807379,0.16158206491090343,0.5322822822822822,1.7380642021350579
20260908T120838Z_3cfee030,NEW12,ETH,bitget_ofi,10000,0.9,1.2960019633420952,783,0.1867783975405437,0.2426060744520342,0.5312899106002554,2.5203224418211407
20260908T120838Z_3cfee030,NEW12,ETH,bitget_ofi,30000,0.9,1.2960019633420952,316,0.14380226995589884,0.040575329796621595,0.5031645569620253,4.061877679195685
20260908T120838Z_3cfee030,NEW12,ETH,bitget_ofi,100,0.95,1.9538479055227818,2056,0.18881320617781935,0.0,0.32830739299610895,0.2738265118949043
20260908T120838Z_3cfee030,NEW12,ETH,bitget_ofi,200,0.95,1.9538479055227818,2056,0.2372430865334082,0.0,0.4066147859922179,0.3915565583662374
20260908T120838Z_3cfee030,NEW12,ETH,bitget_ofi,500,0.95,1.9538479055227818,2056,0.2624235683459439,0.04024460695473131,0.5009727626459144,0.6811810167529897
20260908T120838Z_3cfee030,NEW12,ETH,bitget_ofi,1000,0.95,1.9538479055227818,2056,0.25393500326545554,0.12105878264667691,0.5374513618677043,0.9436828591282928
20260908T120838Z_3cfee030,NEW12,ETH,bitget_ofi,2000,0.95,1.9538479055227818,1563,0.21783272658985176,0.12263343028173779,0.5438259756877799,1.2765029878101586
20260908T120838Z_3cfee030,NEW12,ETH,bitget_ofi,5000,0.95,1.9538479055227818,995,0.19322369206683884,0.12071875949315469,0.5236180904522613,1.8941409304017158
20260908T120838Z_3cfee030,NEW12,ETH,bitget_ofi,10000,0.95,1.9538479055227818,641,0.1364121713902579,0.12120208225052664,0.5117004680187207,2.6269379373700987
20260908T120838Z_3cfee030,NEW12,ETH,bitget_ofi,30000,0.95,1.9538479055227818,278,0.48168525901339576,0.262259197468806,0.5287769784172662,4.188743485345517
20260908T120838Z_3cfee030,NEW12,ETH,bitget_trade_flow,100,0.8,1.0,6338,0.08164248400637053,0.0,0.1517828968128747,0.15504075496938763
20260908T120838Z_3cfee030,NEW12,ETH,bitget_trade_flow,200,0.8,1.0,6338,0.10783732210315478,0.0,0.21315872514988957,0.2454925388422843
20260908T120838Z_3cfee030,NEW12,ETH,bitget_trade_flow,500,0.8,1.0,6338,0.10777511705838493,0.0,0.30388135058378035,0.45250866563638537
20260908T120838Z_3cfee030,NEW12,ETH,bitget_trade_flow,1000,0.8,1.0,6338,0.10851728459346563,0.0,0.3769327863679394,0.6894659526751801
20260908T120838Z_3cfee030,NEW12,ETH,bitget_trade_flow,2000,0.8,1.0,3907,0.1017886368973702,0.0,0.4220629639109291,0.985660130449108
20260908T120838Z_3cfee030,NEW12,ETH,bitget_trade_flow,5000,0.8,1.0,1854,0.14916813497077167,0.0,0.4848975188781014,1.5467661880316685
20260908T120838Z_3cfee030,NEW12,ETH,bitget_trade_flow,10000,0.8,1.0,996,0.0630030086943236,0.040434264009237,0.5050200803212851,2.2383912096053464
20260908T120838Z_3cfee030,NEW12,ETH,bitget_trade_flow,30000,0.8,1.0,349,-0.41696707353452644,-0.12138254721349995,0.47564469914040114,3.9149066000151245
20260908T120838Z_3cfee030,NEW12,ETH,bitget_trade_flow,100,0.9,1.0,6338,0.08164248400637053,0.0,0.1517828968128747,0.15504075496938763
20260908T120838Z_3cfee030,NEW12,ETH,bitget_trade_flow,200,0.9,1.0,6338,0.10783732210315478,0.0,0.21315872514988957,0.2454925388422843
20260908T120838Z_3cfee030,NEW12,ETH,bitget_trade_flow,500,0.9,1.0,6338,0.10777511705838493,0.0,0.30388135058378035,0.45250866563638537
20260908T120838Z_3cfee030,NEW12,ETH,bitget_trade_flow,1000,0.9,1.0,6338,0.10851728459346563,0.0,0.3769327863679394,0.6894659526751801
20260908T120838Z_3cfee030,NEW12,ETH,bitget_trade_flow,2000,0.9,1.0,3907,0.1017886368973702,0.0,0.4220629639109291,0.985660130449108
20260908T120838Z_3cfee030,NEW12,ETH,bitget_trade_flow,5000,0.9,1.0,1854,0.14916813497077167,0.0,0.4848975188781014,1.5467661880316685
20260908T120838Z_3cfee030,NEW12,ETH,bitget_trade_flow,10000,0.9,1.0,996,0.0630030086943236,0.040434264009237,0.5050200803212851,2.2383912096053464
20260908T120838Z_3cfee030,NEW12,ETH,bitget_trade_flow,30000,0.9,1.0,349,-0.41696707353452644,-0.12138254721349995,0.47564469914040114,3.9149066000151245
20260908T120838Z_3cfee030,NEW12,ETH,bitget_trade_flow,100,0.95,1.0,6338,0.08164248400637053,0.0,0.1517828968128747,0.15504075496938763
20260908T120838Z_3cfee030,NEW12,ETH,bitget_trade_flow,200,0.95,1.0,6338,0.10783732210315478,0.0,0.21315872514988957,0.2454925388422843
20260908T120838Z_3cfee030,NEW12,ETH,bitget_trade_flow,500,0.95,1.0,6338,0.10777511705838493,0.0,0.30388135058378035,0.45250866563638537
20260908T120838Z_3cfee030,NEW12,ETH,bitget_trade_flow,1000,0.95,1.0,6338,0.10851728459346563,0.0,0.3769327863679394,0.6894659526751801
20260908T120838Z_3cfee030,NEW12,ETH,bitget_trade_flow,2000,0.95,1.0,3907,0.1017886368973702,0.0,0.4220629639109291,0.985660130449108
20260908T120838Z_3cfee030,NEW12,ETH,bitget_trade_flow,5000,0.95,1.0,1854,0.14916813497077167,0.0,0.4848975188781014,1.5467661880316685
20260908T120838Z_3cfee030,NEW12,ETH,bitget_trade_flow,10000,0.95,1.0,996,0.0630030086943236,0.040434264009237,0.5050200803212851,2.2383912096053464
20260908T120838Z_3cfee030,NEW12,ETH,bitget_trade_flow,30000,0.95,1.0,349,-0.41696707353452644,-0.12138254721349995,0.47564469914040114,3.9149066000151245
20260908T120838Z_3cfee030,NEW12,ETH,depth_imbalance_l1,100,0.8,0.8563290205183415,4468,0.19636853820578162,0.0,0.2909579230080573,0.21836215561599964
20260908T120838Z_3cfee030,NEW12,ETH,depth_imbalance_l1,200,0.8,0.8563290205183415,4468,0.27424982753259985,0.0,0.37041181736794987,0.3286990016683265
20260908T120838Z_3cfee030,NEW12,ETH,depth_imbalance_l1,500,0.8,0.8563290205183415,4468,0.3410626880039324,0.0,0.4518800358102059,0.516156237107989
20260908T120838Z_3cfee030,NEW12,ETH,depth_imbalance_l1,1000,0.8,0.8563290205183415,4468,0.3925268791431888,0.040662473635988405,0.5116383169203222,0.7472623942916214
20260908T120838Z_3cfee030,NEW12,ETH,depth_imbalance_l1,2000,0.8,0.8563290205183415,2922,0.4310858274268406,0.16292490506053525,0.5479123887748117,1.0592630574134865
20260908T120838Z_3cfee030,NEW12,ETH,depth_imbalance_l1,5000,0.8,0.8563290205183415,1555,0.48263367063124607,0.36365619942801963,0.5781350482315113,1.6678028270237564
20260908T120838Z_3cfee030,NEW12,ETH,depth_imbalance_l1,10000,0.8,0.8563290205183415,893,0.5286450188895585,0.40402163131947333,0.5699888017917133,2.2774049453065746
20260908T120838Z_3cfee030,NEW12,ETH,depth_imbalance_l1,30000,0.8,0.8563290205183415,335,1.017012953896704,0.9754095195901868,0.6059701492537314,4.159746739922435
20260908T120838Z_3cfee030,NEW12,ETH,depth_imbalance_l1,100,0.9,0.9412442364014865,2938,0.25928753558784084,0.0,0.3441116405718176,0.28172280276460054
20260908T120838Z_3cfee030,NEW12,ETH,depth_imbalance_l1,200,0.9,0.9412442364014865,2938,0.36024926142922525,0.0,0.42920353982300885,0.4075251446918067
20260908T120838Z_3cfee030,NEW12,ETH,depth_imbalance_l1,500,0.9,0.9412442364014865,2938,0.44490941781445065,0.04061771504249023,0.510211027910143,0.6051426712571801
20260908T120838Z_3cfee030,NEW12,ETH,depth_imbalance_l1,1000,0.9,0.9412442364014865,2938,0.49844744177016215,0.24203796813559997,0.5558202859087815,0.8098633163758553
20260908T120838Z_3cfee030,NEW12,ETH,depth_imbalance_l1,2000,0.9,0.9412442364014865,2103,0.545628147436097,0.36317927133988626,0.5910603899191631,1.1593490754481064
20260908T120838Z_3cfee030,NEW12,ETH,depth_imbalance_l1,5000,0.9,0.9412442364014865,1259,0.669736015009983,0.5255784900937144,0.6131850675138999,1.7240511788470256
20260908T120838Z_3cfee030,NEW12,ETH,depth_imbalance_l1,10000,0.9,0.9412442364014865,759,0.7236203760207959,0.6469861565172597,0.5994729907773386,2.486244745760342
20260908T120838Z_3cfee030,NEW12,ETH,depth_imbalance_l1,30000,0.9,0.9412442364014865,317,0.23970555572271016,0.40500669273746404,0.5299684542586751,3.930391165548145
20260908T120838Z_3cfee030,NEW12,ETH,depth_imbalance_l1,100,0.95,0.9801504722266688,1759,0.3055608236279602,0.0,0.39454235361000567,0.3369191866253868
20260908T120838Z_3cfee030,NEW12,ETH,depth_imbalance_l1,200,0.95,0.9801504722266688,1759,0.4196600637707972,0.0,0.4661739624786811,0.4762786114588683
20260908T120838Z_3cfee030,NEW12,ETH,depth_imbalance_l1,500,0.95,0.9801504722266688,1759,0.5047803602723898,0.1630533367835696,0.5406480955088119,0.6659248878517368
20260908T120838Z_3cfee030,NEW12,ETH,depth_imbalance_l1,1000,0.95,0.9801504722266688,1759,0.5537122580760435,0.3221409487452753,0.5855599772598067,0.8533353434084556
20260908T120838Z_3cfee030,NEW12,ETH,depth_imbalance_l1,2000,0.95,0.9801504722266688,1385,0.5548870077738882,0.4441779376807009,0.6036101083032491,1.1939704773395932
20260908T120838Z_3cfee030,NEW12,ETH,depth_imbalance_l1,5000,0.95,0.9801504722266688,937,0.620144687245654,0.4856048511925337,0.6019210245464247,1.7942242884043234
20260908T120838Z_3cfee030,NEW12,ETH,depth_imbalance_l1,10000,0.95,0.9801504722266688,629,0.6413853462079024,0.5306068305421796,0.589825119236884,2.4654750269508794
20260908T120838Z_3cfee030,NEW12,ETH,depth_imbalance_l1,30000,0.95,0.9801504722266688,288,-0.048932185571804836,0.48318325447382904,0.5416666666666666,4.2085483188413555
20260908T120838Z_3cfee030,NEW12,ETH,depth_imbalance_l5,100,0.8,0.7654264076391175,4340,0.17940930075109435,0.0,0.2490783410138249,0.2026579822145635
20260908T120838Z_3cfee030,NEW12,ETH,depth_imbalance_l5,200,0.8,0.7654264076391175,4340,0.24685136151138873,0.0,0.3262672811059908,0.3023573057042409
20260908T120838Z_3cfee030,NEW12,ETH,depth_imbalance_l5,500,0.8,0.7654264076391175,4340,0.31676267425316007,0.0,0.41013824884792627,0.49267784068862647
20260908T120838Z_3cfee030,NEW12,ETH,depth_imbalance_l5,1000,0.8,0.7654264076391175,4340,0.3566646811571551,0.0,0.4790322580645161,0.7270066862684094
20260908T120838Z_3cfee030,NEW12,ETH,depth_imbalance_l5,2000,0.8,0.7654264076391175,2857,0.4348230173082845,0.1213707613789694,0.5337766888344417,1.0324794407453672
20260908T120838Z_3cfee030,NEW12,ETH,depth_imbalance_l5,5000,0.8,0.7654264076391175,1502,0.4988687955689841,0.3228414091593912,0.5679094540612517,1.6765340378612028
20260908T120838Z_3cfee030,NEW12,ETH,depth_imbalance_l5,10000,0.8,0.7654264076391175,874,0.6705038430424209,0.6075740181921141,0.5812356979405034,2.4297240487462752
20260908T120838Z_3cfee030,NEW12,ETH,depth_imbalance_l5,30000,0.8,0.7654264076391175,332,1.1646069637957779,0.9706343048726529,0.5963855421686747,4.050311007687178
20260908T120838Z_3cfee030,NEW12,ETH,depth_imbalance_l5,100,0.9,0.8726142920550378,2766,0.2334701900229378,0.0,0.301879971077368,0.25434052596011664
20260908T120838Z_3cfee030,NEW12,ETH,depth_imbalance_l5,200,0.9,0.8726142920550378,2766,0.3261985526414666,0.0,0.37888647866955893,0.375994662727306
20260908T120838Z_3cfee030,NEW12,ETH,depth_imbalance_l5,500,0.9,0.8726142920550378,2766,0.38737923270196195,0.0,0.46203904555314534,0.5722218225067353
20260908T120838Z_3cfee030,NEW12,ETH,depth_imbalance_l5,1000,0.9,0.8726142920550378,2766,0.4285146790609044,0.1212116407517394,0.5213304410701374,0.7997894125323547
20260908T120838Z_3cfee030,NEW12,ETH,depth_imbalance_l5,2000,0.9,0.8726142920550378,1998,0.5013544448797699,0.26353683749813506,0.5570570570570571,1.138234719371249
20260908T120838Z_3cfee030,NEW12,ETH,depth_imbalance_l5,5000,0.9,0.8726142920550378,1194,0.6315006659453418,0.4852219649398304,0.6013400335008375,1.7817540806062413
20260908T120838Z_3cfee030,NEW12,ETH,depth_imbalance_l5,10000,0.9,0.8726142920550378,759,0.78565939827466,0.6879012335692103,0.6152832674571805,2.4528193502921787
20260908T120838Z_3cfee030,NEW12,ETH,depth_imbalance_l5,30000,0.9,0.8726142920550378,316,0.8700424810121209,0.9509188991330131,0.6012658227848101,4.004394757407372
20260908T120838Z_3cfee030,NEW12,ETH,depth_imbalance_l5,100,0.95,0.9332101747903935,1644,0.2946306203740358,0.0,0.33941605839416056,0.3233774640383946
20260908T120838Z_3cfee030,NEW12,ETH,depth_imbalance_l5,200,0.95,0.9332101747903935,1644,0.39812447113493205,0.0,0.41849148418491483,0.4561146533750029
20260908T120838Z_3cfee030,NEW12,ETH,depth_imbalance_l5,500,0.95,0.9332101747903935,1644,0.4618805818319953,0.04021903374451519,0.5012165450121655,0.6504274688801778
20260908T120838Z_3cfee030,NEW12,ETH,depth_imbalance_l5,1000,0.95,0.9332101747903935,1644,0.5276668460661394,0.2445226921526933,0.5638686131386861,0.85518429353324
20260908T120838Z_3cfee030,NEW12,ETH,depth_imbalance_l5,2000,0.95,0.9332101747903935,1293,0.6055230590559706,0.4043434574185767,0.60015467904099,1.2169651695847001
20260908T120838Z_3cfee030,NEW12,ETH,depth_imbalance_l5,5000,0.95,0.9332101747903935,873,0.7160900076021246,0.5226582398076829,0.6082474226804123,1.7931660592123742
20260908T120838Z_3cfee030,NEW12,ETH,depth_imbalance_l5,10000,0.95,0.9332101747903935,576,0.9999312675329458,0.7278802063515055,0.6163194444444444,2.587013683026924
20260908T120838Z_3cfee030,NEW12,ETH,depth_imbalance_l5,30000,0.95,0.9332101747903935,275,1.0630593582923418,1.0126315661562746,0.5927272727272728,4.2008508931641515
20260908T120838Z_3cfee030,NEW12,ETH,external_ofi,100,0.8,0.33177660001031434,5699,0.1833964475421611,0.0,0.2598701526583611,0.22307176038557378
20260908T120838Z_3cfee030,NEW12,ETH,external_ofi,200,0.8,0.33177660001031434,5699,0.23344505985997102,0.0,0.3298824355150026,0.3249634501525053
20260908T120838Z_3cfee030,NEW12,ETH,external_ofi,500,0.8,0.33177660001031434,5698,0.26534733797951304,0.0,0.41874341874341875,0.5395013784172281
20260908T120838Z_3cfee030,NEW12,ETH,external_ofi,1000,0.8,0.33177660001031434,5698,0.2992420249720468,0.0,0.4857844857844858,0.7665759561093919
20260908T120838Z_3cfee030,NEW12,ETH,external_ofi,2000,0.8,0.33177660001031434,3573,0.30528817777613987,0.04031485904776311,0.5040582143856703,1.065344838180393
20260908T120838Z_3cfee030,NEW12,ETH,external_ofi,5000,0.8,0.33177660001031434,1764,0.3212954702224985,0.12073722429839506,0.5238095238095238,1.6210870960949209
20260908T120838Z_3cfee030,NEW12,ETH,external_ofi,10000,0.8,0.33177660001031434,959,0.26381532792609025,0.20205081578072992,0.5380604796663191,2.3495414900624123
20260908T120838Z_3cfee030,NEW12,ETH,external_ofi,30000,0.8,0.33177660001031434,344,0.2452818852839808,0.06047149543886299,0.5087209302325582,4.127055917430269
20260908T120838Z_3cfee030,NEW12,ETH,external_ofi,100,0.9,0.7355918625487297,3884,0.26357816649282756,0.0,0.34449021627188464,0.32453878024527555
20260908T120838Z_3cfee030,NEW12,ETH,external_ofi,200,0.9,0.7355918625487297,3884,0.3256986370005394,0.0,0.41168898043254376,0.4521116346407393
20260908T120838Z_3cfee030,NEW12,ETH,external_ofi,500,0.9,0.7355918625487297,3884,0.3461748504413994,0.0,0.4837796086508754,0.6621573118686784
20260908T120838Z_3cfee030,NEW12,ETH,external_ofi,1000,0.9,0.7355918625487297,3884,0.3609928000578668,0.16110647958811342,0.5388774459320288,0.9124649229716081
20260908T120838Z_3cfee030,NEW12,ETH,external_ofi,2000,0.9,0.7355918625487297,2684,0.39149346908140187,0.20172068526058684,0.5461997019374069,1.194339593700184
20260908T120838Z_3cfee030,NEW12,ETH,external_ofi,5000,0.9,0.7355918625487297,1469,0.48895584295458255,0.36839724684489816,0.5745405037440435,1.7603363100182483
20260908T120838Z_3cfee030,NEW12,ETH,external_ofi,10000,0.9,0.7355918625487297,855,0.4243667486251345,0.4447490301462409,0.5578947368421052,2.458105711403716
20260908T120838Z_3cfee030,NEW12,ETH,external_ofi,30000,0.9,0.7355918625487297,329,0.7811758131859202,0.7285104591825409,0.5683890577507599,3.9710471760884256
20260908T120838Z_3cfee030,NEW12,ETH,external_ofi,100,0.95,1.4249383733040182,2591,0.37597024064484835,0.0,0.4098803550752605,0.44039775463489317
20260908T120838Z_3cfee030,NEW12,ETH,external_ofi,200,0.95,1.4249383733040182,2591,0.4507091528536595,0.0,0.475106136626785,0.5799455689174171
20260908T120838Z_3cfee030,NEW12,ETH,external_ofi,500,0.95,1.4249383733040182,2591,0.44917871811057025,0.12136339639479132,0.5306831339251254,0.7838374098147516
20260908T120838Z_3cfee030,NEW12,ETH,external_ofi,1000,0.95,1.4249383733040182,2591,0.4349934810677223,0.24205211785699454,0.558857583944423,1.009351372317507
20260908T120838Z_3cfee030,NEW12,ETH,external_ofi,2000,0.95,1.4249383733040182,1931,0.4595691467336901,0.32661393212451983,0.5706887622993267,1.290886616953062
20260908T120838Z_3cfee030,NEW12,ETH,external_ofi,5000,0.95,1.4249383733040182,1184,0.4814709063409621,0.4464076118754212,0.5827702702702703,1.8470073178993167
20260908T120838Z_3cfee030,NEW12,ETH,external_ofi,10000,0.95,1.4249383733040182,742,0.6326511451026872,0.5253254199799606,0.5714285714285714,2.5584231118262695
20260908T120838Z_3cfee030,NEW12,ETH,external_ofi,30000,0.95,1.4249383733040182,310,1.2368814518868143,1.1129941192838944,0.603225806451613,4.398356142984733
20260908T120838Z_3cfee030,NEW12,ETH,external_trade_flow,100,0.8,1.0,9054,0.020132503429690262,0.0,0.06472277446432516,0.06350251924374908
20260908T120838Z_3cfee030,NEW12,ETH,external_trade_flow,200,0.8,1.0,9054,0.02640059973881838,0.0,0.10647227744643252,0.12788735180524755
20260908T120838Z_3cfee030,NEW12,ETH,external_trade_flow,500,0.8,1.0,9054,0.03392572890850135,0.0,0.19284294234592445,0.2751758295386207
20260908T120838Z_3cfee030,NEW12,ETH,external_trade_flow,1000,0.8,1.0,9053,0.03924963134182962,0.0,0.27670385507566553,0.4831087260746049
20260908T120838Z_3cfee030,NEW12,ETH,external_trade_flow,2000,0.8,1.0,4904,0.04408836912620156,0.0,0.3629690048939641,0.8022591266375105
20260908T120838Z_3cfee030,NEW12,ETH,external_trade_flow,5000,0.8,1.0,2066,0.07724876485953425,0.0,0.45837366892545983,1.415894601265597
20260908T120838Z_3cfee030,NEW12,ETH,external_trade_flow,10000,0.8,1.0,1054,-0.01253881120022004,0.0,0.47722960151802657,2.1750545019138428
20260908T120838Z_3cfee030,NEW12,ETH,external_trade_flow,30000,0.8,1.0,357,-0.1268729384687434,-0.08092137072868155,0.4733893557422969,3.896442299340436
20260908T120838Z_3cfee030,NEW12,ETH,external_trade_flow,100,0.9,1.0,9054,0.020132503429690262,0.0,0.06472277446432516,0.06350251924374908
20260908T120838Z_3cfee030,NEW12,ETH,external_trade_flow,200,0.9,1.0,9054,0.02640059973881838,0.0,0.10647227744643252,0.12788735180524755
20260908T120838Z_3cfee030,NEW12,ETH,external_trade_flow,500,0.9,1.0,9054,0.03392572890850135,0.0,0.19284294234592445,0.2751758295386207
20260908T120838Z_3cfee030,NEW12,ETH,external_trade_flow,1000,0.9,1.0,9053,0.03924963134182962,0.0,0.27670385507566553,0.4831087260746049
20260908T120838Z_3cfee030,NEW12,ETH,external_trade_flow,2000,0.9,1.0,4904,0.04408836912620156,0.0,0.3629690048939641,0.8022591266375105
20260908T120838Z_3cfee030,NEW12,ETH,external_trade_flow,5000,0.9,1.0,2066,0.07724876485953425,0.0,0.45837366892545983,1.415894601265597
20260908T120838Z_3cfee030,NEW12,ETH,external_trade_flow,10000,0.9,1.0,1054,-0.01253881120022004,0.0,0.47722960151802657,2.1750545019138428
20260908T120838Z_3cfee030,NEW12,ETH,external_trade_flow,30000,0.9,1.0,357,-0.1268729384687434,-0.08092137072868155,0.4733893557422969,3.896442299340436
20260908T120838Z_3cfee030,NEW12,ETH,external_trade_flow,100,0.95,1.0,9054,0.020132503429690262,0.0,0.06472277446432516,0.06350251924374908
20260908T120838Z_3cfee030,NEW12,ETH,external_trade_flow,200,0.95,1.0,9054,0.02640059973881838,0.0,0.10647227744643252,0.12788735180524755
20260908T120838Z_3cfee030,NEW12,ETH,external_trade_flow,500,0.95,1.0,9054,0.03392572890850135,0.0,0.19284294234592445,0.2751758295386207
20260908T120838Z_3cfee030,NEW12,ETH,external_trade_flow,1000,0.95,1.0,9053,0.03924963134182962,0.0,0.27670385507566553,0.4831087260746049
20260908T120838Z_3cfee030,NEW12,ETH,external_trade_flow,2000,0.95,1.0,4904,0.04408836912620156,0.0,0.3629690048939641,0.8022591266375105
20260908T120838Z_3cfee030,NEW12,ETH,external_trade_flow,5000,0.95,1.0,2066,0.07724876485953425,0.0,0.45837366892545983,1.415894601265597
20260908T120838Z_3cfee030,NEW12,ETH,external_trade_flow,10000,0.95,1.0,1054,-0.01253881120022004,0.0,0.47722960151802657,2.1750545019138428
20260908T120838Z_3cfee030,NEW12,ETH,external_trade_flow,30000,0.95,1.0,357,-0.1268729384687434,-0.08092137072868155,0.4733893557422969,3.896442299340436
20260908T120838Z_3cfee030,NEW12,ETH,fair_accel_100ms,100,0.8,0.10881081828642111,4853,0.16216737749501497,0.0,0.23119719760972593,0.22274327029483182
20260908T120838Z_3cfee030,NEW12,ETH,fair_accel_100ms,200,0.8,0.10881081828642111,4853,0.2020340481048856,0.0,0.29940243148567897,0.3326934580719659
20260908T120838Z_3cfee030,NEW12,ETH,fair_accel_100ms,500,0.8,0.10881081828642111,4853,0.21971588644294784,0.0,0.3910982897177004,0.5599963621057621
20260908T120838Z_3cfee030,NEW12,ETH,fair_accel_100ms,1000,0.8,0.10881081828642111,4853,0.23374496247461163,0.0,0.4597156398104265,0.8176314008632767
20260908T120838Z_3cfee030,NEW12,ETH,fair_accel_100ms,2000,0.8,0.10881081828642111,3162,0.245166000938392,0.0,0.4946236559139785,1.0887534027446577
20260908T120838Z_3cfee030,NEW12,ETH,fair_accel_100ms,5000,0.8,0.10881081828642111,1611,0.24413067066340421,0.12145773574445684,0.5282433271260087,1.675525634595925
20260908T120838Z_3cfee030,NEW12,ETH,fair_accel_100ms,10000,0.8,0.10881081828642111,903,0.3800243397602289,0.28245111073799123,0.5459579180509413,2.2948694164965038
20260908T120838Z_3cfee030,NEW12,ETH,fair_accel_100ms,30000,0.8,0.10881081828642111,337,0.3034025504085602,0.2427336665511426,0.5281899109792285,3.9954788313536485
20260908T120838Z_3cfee030,NEW12,ETH,fair_accel_100ms,100,0.9,0.27267021493157395,3301,0.24719152584260135,0.0,0.311420781581339,0.32613310506508814
20260908T120838Z_3cfee030,NEW12,ETH,fair_accel_100ms,200,0.9,0.27267021493157395,3301,0.28603605053233233,0.0,0.37685549833383825,0.45047979918692255
20260908T120838Z_3cfee030,NEW12,ETH,fair_accel_100ms,500,0.9,0.27267021493157395,3301,0.2764791527673284,0.0,0.45107543168736747,0.6782072609810963
20260908T120838Z_3cfee030,NEW12,ETH,fair_accel_100ms,1000,0.9,0.27267021493157395,3301,0.2860794139790208,0.04041718619784973,0.5046955468039988,0.9455011598391695
20260908T120838Z_3cfee030,NEW12,ETH,fair_accel_100ms,2000,0.9,0.27267021493157395,2312,0.32434522532514914,0.08156229013567273,0.527681660899654,1.237426861231709
20260908T120838Z_3cfee030,NEW12,ETH,fair_accel_100ms,5000,0.9,0.27267021493157395,1316,0.310926461790755,0.32219888767504035,0.5509118541033434,1.8251344793746387
20260908T120838Z_3cfee030,NEW12,ETH,fair_accel_100ms,10000,0.9,0.27267021493157395,805,0.28744278948740926,0.28224270049892475,0.5391304347826087,2.4276847005172857
20260908T120838Z_3cfee030,NEW12,ETH,fair_accel_100ms,30000,0.9,0.27267021493157395,318,0.6167724971529389,0.6874144668495008,0.5723270440251572,4.22044479399108
20260908T120838Z_3cfee030,NEW12,ETH,fair_accel_100ms,100,0.95,0.4856191110494689,2166,0.33771122924496705,0.0,0.37534626038781166,0.43342374410808576
20260908T120838Z_3cfee030,NEW12,ETH,fair_accel_100ms,200,0.95,0.4856191110494689,2166,0.3813887669519404,0.0,0.43490304709141275,0.5711211099010955
20260908T120838Z_3cfee030,NEW12,ETH,fair_accel_100ms,500,0.95,0.4856191110494689,2166,0.37190209625718307,0.04057185333028457,0.5078485687903971,0.7989685288017332
20260908T120838Z_3cfee030,NEW12,ETH,fair_accel_100ms,1000,0.95,0.4856191110494689,2166,0.3755552623134851,0.18227435301387818,0.543859649122807,1.0704677712517323
20260908T120838Z_3cfee030,NEW12,ETH,fair_accel_100ms,2000,0.95,0.4856191110494689,1636,0.39332601888898994,0.24401998775902545,0.5623471882640587,1.3751200694320262
20260908T120838Z_3cfee030,NEW12,ETH,fair_accel_100ms,5000,0.95,0.4856191110494689,1026,0.5304894263776607,0.40438924717389746,0.5789473684210527,1.9784527414303406
20260908T120838Z_3cfee030,NEW12,ETH,fair_accel_100ms,10000,0.95,0.4856191110494689,662,0.4273135744845078,0.40345128944074826,0.552870090634441,2.581372720177308
20260908T120838Z_3cfee030,NEW12,ETH,fair_accel_100ms,30000,0.95,0.4856191110494689,290,-0.025881246915416954,0.22245957197686295,0.5206896551724138,4.354471949275893
20260908T120838Z_3cfee030,NEW12,ETH,fair_gap_reversion,100,0.8,0.48501164134728847,3749,0.12922803342541364,0.0,0.15470792211256335,0.21597293561174072
20260908T120838Z_3cfee030,NEW12,ETH,fair_gap_reversion,200,0.8,0.48501164134728847,3749,0.15082024686840623,0.0,0.2131234995998933,0.3281957115561526
20260908T120838Z_3cfee030,NEW12,ETH,fair_gap_reversion,500,0.8,0.48501164134728847,3749,0.18842506089655414,0.0,0.3219525206721792,0.5385389546410483
20260908T120838Z_3cfee030,NEW12,ETH,fair_gap_reversion,1000,0.8,0.48501164134728847,3749,0.21465859811098117,0.0,0.40144038410242733,0.7813490228685197
20260908T120838Z_3cfee030,NEW12,ETH,fair_gap_reversion,2000,0.8,0.48501164134728847,2444,0.22626100289840306,0.0,0.45499181669394434,1.1273356707394335
20260908T120838Z_3cfee030,NEW12,ETH,fair_gap_reversion,5000,0.8,0.48501164134728847,1320,0.27448136028003123,0.08166919602592415,0.5159090909090909,1.784500345539042
20260908T120838Z_3cfee030,NEW12,ETH,fair_gap_reversion,10000,0.8,0.48501164134728847,788,0.1454817549767577,0.04042298612783046,0.5038071065989848,2.438106881273919
20260908T120838Z_3cfee030,NEW12,ETH,fair_gap_reversion,30000,0.8,0.48501164134728847,318,0.012408305329315758,-0.20231652706370618,0.48742138364779874,4.0641479753356045
20260908T120838Z_3cfee030,NEW12,ETH,fair_gap_reversion,100,0.9,0.6359042357151345,2302,0.21295648522952054,0.0,0.20243266724587317,0.30159954944684353
20260908T120838Z_3cfee030,NEW12,ETH,fair_gap_reversion,200,0.9,0.6359042357151345,2302,0.2386573163635993,0.0,0.26498696785403997,0.4242629038504778
20260908T120838Z_3cfee030,NEW12,ETH,fair_gap_reversion,500,0.9,0.6359042357151345,2302,0.276864736784908,0.0,0.37532580364900087,0.647686802694163
20260908T120838Z_3cfee030,NEW12,ETH,fair_gap_reversion,1000,0.9,0.6359042357151345,2302,0.32147461593260374,0.0,0.4474370112945265,0.9210858228829443
20260908T120838Z_3cfee030,NEW12,ETH,fair_gap_reversion,2000,0.9,0.6359042357151345,1648,0.3797078178036216,0.0407850685313349,0.5066747572815534,1.2722696179008106
20260908T120838Z_3cfee030,NEW12,ETH,fair_gap_reversion,5000,0.9,0.6359042357151345,1016,0.43060733731776724,0.3640357398149163,0.5531496062992126,1.8834312239613624
20260908T120838Z_3cfee030,NEW12,ETH,fair_gap_reversion,10000,0.9,0.6359042357151345,658,0.37254895926829923,0.40469310881641185,0.5516717325227963,2.568766953567382
20260908T120838Z_3cfee030,NEW12,ETH,fair_gap_reversion,30000,0.9,0.6359042357151345,283,0.7205316610460933,0.8487609101148763,0.5759717314487632,4.495761057452483
20260908T120838Z_3cfee030,NEW12,ETH,fair_gap_reversion,100,0.95,0.7711478298889625,1406,0.32780802023216843,0.0,0.2624466571834993,0.40356582233226435
20260908T120838Z_3cfee030,NEW12,ETH,fair_gap_reversion,200,0.95,0.7711478298889625,1406,0.36157816111200586,0.0,0.32432432432432434,0.5366806371763209
20260908T120838Z_3cfee030,NEW12,ETH,fair_gap_reversion,500,0.95,0.7711478298889625,1406,0.42147303695296073,0.0,0.4388335704125178,0.7793955175527124
20260908T120838Z_3cfee030,NEW12,ETH,fair_gap_reversion,1000,0.95,0.7711478298889625,1406,0.4672302216399829,0.0,0.49431009957325744,1.060421020643087
20260908T120838Z_3cfee030,NEW12,ETH,fair_gap_reversion,2000,0.95,0.7711478298889625,1075,0.5081901153557357,0.2834587638367303,0.5441860465116279,1.4188848398720095
20260908T120838Z_3cfee030,NEW12,ETH,fair_gap_reversion,5000,0.95,0.7711478298889625,731,0.5476977799543282,0.48609268572308295,0.5896032831737346,2.070008232898677
20260908T120838Z_3cfee030,NEW12,ETH,fair_gap_reversion,10000,0.95,0.7711478298889625,509,0.5648199453209732,0.4854398388332015,0.581532416502947,2.8049509720939825
20260908T120838Z_3cfee030,NEW12,ETH,fair_gap_reversion,30000,0.95,0.7711478298889625,245,0.34775210419319436,0.16177532238703662,0.5183673469387755,4.497596813950206
20260908T120838Z_3cfee030,NEW12,ETH,leader_gap_1000ms,100,0.8,0.45568758245989427,4291,0.09210733367424763,0.0,0.15124679561873688,0.19838767275663396
20260908T120838Z_3cfee030,NEW12,ETH,leader_gap_1000ms,200,0.8,0.45568758245989427,4291,0.1083585576060368,0.0,0.2199953390817991,0.3117269384967184
20260908T120838Z_3cfee030,NEW12,ETH,leader_gap_1000ms,500,0.8,0.45568758245989427,4291,0.14779794403609228,0.0,0.3318573759030529,0.5531160729528543
20260908T120838Z_3cfee030,NEW12,ETH,leader_gap_1000ms,1000,0.8,0.45568758245989427,4291,0.1713234332961786,0.0,0.4192495921696574,0.8134102569170184
20260908T120838Z_3cfee030,NEW12,ETH,leader_gap_1000ms,2000,0.8,0.45568758245989427,2738,0.18838270346793282,0.0,0.4554419284149014,1.1605355044557302
20260908T120838Z_3cfee030,NEW12,ETH,leader_gap_1000ms,5000,0.8,0.45568758245989427,1441,0.14762599379134644,0.0,0.48369188063844554,1.727198480863198
20260908T120838Z_3cfee030,NEW12,ETH,leader_gap_1000ms,10000,0.8,0.45568758245989427,834,0.06469343892952108,0.12132194493474913,0.5167865707434053,2.317234411338418
20260908T120838Z_3cfee030,NEW12,ETH,leader_gap_1000ms,30000,0.8,0.45568758245989427,324,0.3194907134974564,0.38498701921296785,0.5370370370370371,3.954923542330205
20260908T120838Z_3cfee030,NEW12,ETH,leader_gap_1000ms,100,0.9,0.6536135266761192,2904,0.12813958513181117,0.0,0.1797520661157025,0.24390737208291025
20260908T120838Z_3cfee030,NEW12,ETH,leader_gap_1000ms,200,0.9,0.6536135266761192,2904,0.1465819614032414,0.0,0.2427685950413223,0.3638952225240198
20260908T120838Z_3cfee030,NEW12,ETH,leader_gap_1000ms,500,0.9,0.6536135266761192,2904,0.18891576484529599,0.0,0.3650137741046832,0.6251202922184506
20260908T120838Z_3cfee030,NEW12,ETH,leader_gap_1000ms,1000,0.9,0.6536135266761192,2904,0.2229766972674175,0.0,0.45179063360881544,0.9353125600364631
20260908T120838Z_3cfee030,NEW12,ETH,leader_gap_1000ms,2000,0.9,0.6536135266761192,1986,0.2703685681478152,0.0,0.49244712990936557,1.291077152771542
20260908T120838Z_3cfee030,NEW12,ETH,leader_gap_1000ms,5000,0.9,0.6536135266761192,1148,0.2431721615539796,0.12102483886611282,0.514808362369338,1.924270962856834
20260908T120838Z_3cfee030,NEW12,ETH,leader_gap_1000ms,10000,0.9,0.6536135266761192,723,0.2708225643610802,0.2420765324928631,0.5283540802213001,2.5146775130331154
20260908T120838Z_3cfee030,NEW12,ETH,leader_gap_1000ms,30000,0.9,0.6536135266761192,300,0.7363738047228747,0.6872691357173721,0.5666666666666667,4.18584327603988
20260908T120838Z_3cfee030,NEW12,ETH,leader_gap_1000ms,100,0.95,0.8338364225320382,1850,0.1720540815020566,0.0,0.18756756756756757,0.2883877135074008
20260908T120838Z_3cfee030,NEW12,ETH,leader_gap_1000ms,200,0.95,0.8338364225320382,1850,0.20703818232387963,0.0,0.267027027027027,0.4239150228234622
20260908T120838Z_3cfee030,NEW12,ETH,leader_gap_1000ms,500,0.95,0.8338364225320382,1850,0.2565159938433609,0.0,0.4010810810810811,0.6960161735156576
20260908T120838Z_3cfee030,NEW12,ETH,leader_gap_1000ms,1000,0.95,0.8338364225320382,1850,0.28082424691034014,0.0,0.4751351351351351,1.0117331194087473
20260908T120838Z_3cfee030,NEW12,ETH,leader_gap_1000ms,2000,0.95,0.8338364225320382,1341,0.43021144182177956,0.20233862988217055,0.5384041759880686,1.3810090430785147
20260908T120838Z_3cfee030,NEW12,ETH,leader_gap_1000ms,5000,0.95,0.8338364225320382,880,0.2793735106073538,0.3624662919482491,0.5511363636363636,1.9606962209437395
20260908T120838Z_3cfee030,NEW12,ETH,leader_gap_1000ms,10000,0.95,0.8338364225320382,595,0.5932077320944658,0.4897209610765785,0.5781512605042017,2.699905548379734
20260908T120838Z_3cfee030,NEW12,ETH,leader_gap_1000ms,30000,0.95,0.8338364225320382,264,0.017577118952258077,0.20175166797975486,0.5265151515151515,4.431694311796921
20260908T120838Z_3cfee030,NEW12,ETH,leader_gap_100ms,100,0.8,0.06148693732011679,5706,0.06720398541853176,0.0,0.14773922187171398,0.1909705461829068
20260908T120838Z_3cfee030,NEW12,ETH,leader_gap_100ms,200,0.8,0.06148693732011679,5706,0.08258651098774922,0.0,0.20750087627059235,0.29944894387052073
20260908T120838Z_3cfee030,NEW12,ETH,leader_gap_100ms,500,0.8,0.06148693732011679,5706,0.10985599236833504,0.0,0.31090080616894494,0.5106730312396206
20260908T120838Z_3cfee030,NEW12,ETH,leader_gap_100ms,1000,0.8,0.06148693732011679,5706,0.1312139809065539,0.0,0.39256922537679634,0.7501365814249361
20260908T120838Z_3cfee030,NEW12,ETH,leader_gap_100ms,2000,0.8,0.06148693732011679,3591,0.145628771448221,0.0,0.43664717348927873,1.0313475335735631
20260908T120838Z_3cfee030,NEW12,ETH,leader_gap_100ms,5000,0.8,0.06148693732011679,1766,0.10700061945259748,0.0,0.4762174405436014,1.5777642261620892
20260908T120838Z_3cfee030,NEW12,ETH,leader_gap_100ms,10000,0.8,0.06148693732011679,959,0.21878011620109666,0.040258540344728644,0.5015641293013556,2.3276915737696964
20260908T120838Z_3cfee030,NEW12,ETH,leader_gap_100ms,30000,0.8,0.06148693732011679,343,-0.21612326391285372,-0.04043222043614847,0.4839650145772595,3.835739447645954
20260908T120838Z_3cfee030,NEW12,ETH,leader_gap_100ms,100,0.9,0.2821139708379739,4154,0.10698701161578077,0.0,0.16754935002407317,0.24477459158599188
20260908T120838Z_3cfee030,NEW12,ETH,leader_gap_100ms,200,0.9,0.2821139708379739,4154,0.11550375065811298,0.0,0.22580645161290322,0.36279038323837465
20260908T120838Z_3cfee030,NEW12,ETH,leader_gap_100ms,500,0.9,0.2821139708379739,4154,0.13182857755673544,0.0,0.3247472315840154,0.5769790109716888
20260908T120838Z_3cfee030,NEW12,ETH,leader_gap_100ms,1000,0.9,0.2821139708379739,4154,0.16970469381916298,0.0,0.4138180067404911,0.8474647591041629
20260908T120838Z_3cfee030,NEW12,ETH,leader_gap_100ms,2000,0.9,0.2821139708379739,2822,0.2017656878465634,0.0,0.45818568391211906,1.1228405644276918
20260908T120838Z_3cfee030,NEW12,ETH,leader_gap_100ms,5000,0.9,0.2821139708379739,1497,0.12695522216248162,0.0,0.47695390781563124,1.6968251406715864
20260908T120838Z_3cfee030,NEW12,ETH,leader_gap_100ms,10000,0.9,0.2821139708379739,877,0.14321187594292842,0.08093839980460871,0.508551881413911,2.3421599030521656
20260908T120838Z_3cfee030,NEW12,ETH,leader_gap_100ms,30000,0.9,0.2821139708379739,327,0.01792646586499548,-0.08098559468594502,0.4831804281345566,4.020051898200775
20260908T120838Z_3cfee030,NEW12,ETH,leader_gap_100ms,100,0.95,0.49085532622067807,2755,0.16055436902686337,0.0,0.19600725952813067,0.2984067449836709
20260908T120838Z_3cfee030,NEW12,ETH,leader_gap_100ms,200,0.95,0.49085532622067807,2755,0.16453216994633976,0.0,0.25480943738656986,0.42283341145115305
20260908T120838Z_3cfee030,NEW12,ETH,leader_gap_100ms,500,0.95,0.49085532622067807,2755,0.18415007309258039,0.0,0.36696914700544464,0.6619079682777063
20260908T120838Z_3cfee030,NEW12,ETH,leader_gap_100ms,1000,0.95,0.49085532622067807,2755,0.20931046158102018,0.0,0.4453720508166969,0.9197446426205547
20260908T120838Z_3cfee030,NEW12,ETH,leader_gap_100ms,2000,0.95,0.49085532622067807,2047,0.19648431229505717,0.0,0.4670249145090376,1.2364731634355588
20260908T120838Z_3cfee030,NEW12,ETH,leader_gap_100ms,5000,0.95,0.49085532622067807,1197,0.1313650178677723,0.0,0.4928989139515455,1.8388822762231574
20260908T120838Z_3cfee030,NEW12,ETH,leader_gap_100ms,10000,0.95,0.49085532622067807,749,0.04283342012636472,0.0,0.4886515353805073,2.421970757673695
20260908T120838Z_3cfee030,NEW12,ETH,leader_gap_100ms,30000,0.95,0.49085532622067807,309,-0.341752503454409,-0.040495093005521454,0.48220064724919093,3.961935612224785
20260908T120838Z_3cfee030,NEW12,ETH,leader_gap_200ms,100,0.8,0.1898819508559906,5043,0.07143926745459098,0.0,0.148720999405116,0.20649435140463904
20260908T120838Z_3cfee030,NEW12,ETH,leader_gap_200ms,200,0.8,0.1898819508559906,5043,0.07878693973321815,0.0,0.21098552448939123,0.32501018924424446
20260908T120838Z_3cfee030,NEW12,ETH,leader_gap_200ms,500,0.8,0.1898819508559906,5043,0.10271910004978332,0.0,0.3121158040848701,0.5431575628823435
20260908T120838Z_3cfee030,NEW12,ETH,leader_gap_200ms,1000,0.8,0.1898819508559906,5043,0.12384156110047954,0.0,0.40095181439619276,0.7874821663529548
20260908T120838Z_3cfee030,NEW12,ETH,leader_gap_200ms,2000,0.8,0.1898819508559906,3255,0.16352110210004123,0.0,0.4519201228878648,1.0695122092502645
20260908T120838Z_3cfee030,NEW12,ETH,leader_gap_200ms,5000,0.8,0.1898819508559906,1652,0.08641932006995434,0.0,0.4763922518159806,1.638271583693797
20260908T120838Z_3cfee030,NEW12,ETH,leader_gap_200ms,10000,0.8,0.1898819508559906,919,0.18307857655505033,0.12145773574445684,0.5201305767138193,2.3016200536003018
20260908T120838Z_3cfee030,NEW12,ETH,leader_gap_200ms,30000,0.8,0.1898819508559906,338,0.5327135887151406,0.506132444617613,0.5473372781065089,4.188673490464801
20260908T120838Z_3cfee030,NEW12,ETH,leader_gap_200ms,100,0.9,0.41650812127261383,3523,0.123199875603108,0.0,0.1791087141640647,0.2540489352768752
20260908T120838Z_3cfee030,NEW12,ETH,leader_gap_200ms,200,0.9,0.41650812127261383,3523,0.1381122873905023,0.0,0.24325858643201817,0.380824307918637
20260908T120838Z_3cfee030,NEW12,ETH,leader_gap_200ms,500,0.9,0.41650812127261383,3523,0.14190173208689258,0.0,0.3448765256883338,0.6089580114490508
20260908T120838Z_3cfee030,NEW12,ETH,leader_gap_200ms,1000,0.9,0.41650812127261383,3523,0.2003450536070466,0.0,0.441101334090264,0.8692763939600424
20260908T120838Z_3cfee030,NEW12,ETH,leader_gap_200ms,2000,0.9,0.41650812127261383,2481,0.20048452615348414,0.0,0.4687625957275292,1.1831191127689848
20260908T120838Z_3cfee030,NEW12,ETH,leader_gap_200ms,5000,0.9,0.41650812127261383,1353,0.14152884039316838,0.0,0.4789356984478936,1.728483970916208
20260908T120838Z_3cfee030,NEW12,ETH,leader_gap_200ms,10000,0.9,0.41650812127261383,816,0.06718318485421641,0.08072443804352236,0.5061274509803921,2.4128365507621807
20260908T120838Z_3cfee030,NEW12,ETH,leader_gap_200ms,30000,0.9,0.41650812127261383,318,0.18728241433988102,-0.04040380755354622,0.49056603773584906,4.1493181461766255
20260908T120838Z_3cfee030,NEW12,ETH,leader_gap_200ms,100,0.95,0.6215252732549499,2297,0.18866681841202695,0.0,0.21201567261645624,0.314211737396955
20260908T120838Z_3cfee030,NEW12,ETH,leader_gap_200ms,200,0.95,0.6215252732549499,2297,0.2105259476478589,0.0,0.282107096212451,0.44385309974293924
20260908T120838Z_3cfee030,NEW12,ETH,leader_gap_200ms,500,0.95,0.6215252732549499,2297,0.26457400067297365,0.0,0.40574662603395734,0.6988936040799568
20260908T120838Z_3cfee030,NEW12,ETH,leader_gap_200ms,1000,0.95,0.6215252732549499,2297,0.2713896459426926,0.0,0.47322594688724423,0.9608660561529526
20260908T120838Z_3cfee030,NEW12,ETH,leader_gap_200ms,2000,0.95,0.6215252732549499,1741,0.2536107110279679,0.040443339890394725,0.5031591039632395,1.286978146850762
20260908T120838Z_3cfee030,NEW12,ETH,leader_gap_200ms,5000,0.95,0.6215252732549499,1083,0.21608059140883312,0.12101678301013052,0.5161588180978762,1.8544395647930756
20260908T120838Z_3cfee030,NEW12,ETH,leader_gap_200ms,10000,0.95,0.6215252732549499,687,0.31132313466701594,0.2020728634322122,0.5225618631732168,2.5102657928672154
20260908T120838Z_3cfee030,NEW12,ETH,leader_gap_200ms,30000,0.95,0.6215252732549499,295,0.06053030580693742,0.16182178970813865,0.5152542372881356,4.139400273374527
20260908T120838Z_3cfee030,NEW12,ETH,leader_gap_500ms,100,0.8,0.3624417119693846,4406,0.09167768167428712,0.0,0.14934180662732638,0.21055936875086576
20260908T120838Z_3cfee030,NEW12,ETH,leader_gap_500ms,200,0.8,0.3624417119693846,4406,0.10494332185438178,0.0,0.2085792101679528,0.3258343431689478
20260908T120838Z_3cfee030,NEW12,ETH,leader_gap_500ms,500,0.8,0.3624417119693846,4406,0.12120458491807429,0.0,0.3200181570585565,0.5594229267478952
20260908T120838Z_3cfee030,NEW12,ETH,leader_gap_500ms,1000,0.8,0.3624417119693846,4406,0.13635435781998487,0.0,0.41103041307308213,0.817432083634309
20260908T120838Z_3cfee030,NEW12,ETH,leader_gap_500ms,2000,0.8,0.3624417119693846,2907,0.19800570635843404,0.0,0.45614035087719296,1.1271162787412634
20260908T120838Z_3cfee030,NEW12,ETH,leader_gap_500ms,5000,0.8,0.3624417119693846,1512,0.1289186530638404,0.0,0.47685185185185186,1.6655528357564358
20260908T120838Z_3cfee030,NEW12,ETH,leader_gap_500ms,10000,0.8,0.3624417119693846,873,0.03757420470551332,0.0,0.4936998854524628,2.3475062048137114
20260908T120838Z_3cfee030,NEW12,ETH,leader_gap_500ms,30000,0.8,0.3624417119693846,329,0.13298076061987327,0.08087065345607769,0.5106382978723404,4.000239746110393
20260908T120838Z_3cfee030,NEW12,ETH,leader_gap_500ms,100,0.9,0.5701165606400139,2924,0.13318696757611975,0.0,0.17578659370725033,0.26755557244677425
20260908T120838Z_3cfee030,NEW12,ETH,leader_gap_500ms,200,0.9,0.5701165606400139,2924,0.1481708455667941,0.0,0.2414500683994528,0.39804960825045177
20260908T120838Z_3cfee030,NEW12,ETH,leader_gap_500ms,500,0.9,0.5701165606400139,2924,0.18204288856185974,0.0,0.3765389876880985,0.6401224453612084
20260908T120838Z_3cfee030,NEW12,ETH,leader_gap_500ms,1000,0.9,0.5701165606400139,2924,0.20050439883643936,0.0,0.45348837209302323,0.9174127251682346
20260908T120838Z_3cfee030,NEW12,ETH,leader_gap_500ms,2000,0.9,0.5701165606400139,2104,0.29828214492433436,0.04050223759155536,0.5080798479087453,1.2468169113969296
20260908T120838Z_3cfee030,NEW12,ETH,leader_gap_500ms,5000,0.9,0.5701165606400139,1208,0.24745737010384788,0.040409766325355534,0.5033112582781457,1.859439158283974
20260908T120838Z_3cfee030,NEW12,ETH,leader_gap_500ms,10000,0.9,0.5701165606400139,751,0.34027915935018926,0.2453531142476706,0.5339547270306259,2.4465015362478693
20260908T120838Z_3cfee030,NEW12,ETH,leader_gap_500ms,30000,0.9,0.5701165606400139,309,-0.06960853872069721,0.16182178970813865,0.517799352750809,4.028299822473212
20260908T120838Z_3cfee030,NEW12,ETH,leader_gap_500ms,100,0.95,0.7637628159055281,1901,0.20787936064455992,0.0,0.20936349289847447,0.33369283966301194
20260908T120838Z_3cfee030,NEW12,ETH,leader_gap_500ms,200,0.95,0.7637628159055281,1901,0.2546963850954503,0.0,0.2877432930036823,0.4717327235715472
20260908T120838Z_3cfee030,NEW12,ETH,leader_gap_500ms,500,0.95,0.7637628159055281,1901,0.283962371658575,0.0,0.4213571804313519,0.7246821049008091
20260908T120838Z_3cfee030,NEW12,ETH,leader_gap_500ms,1000,0.95,0.7637628159055281,1901,0.30373904117258715,0.0,0.49132035770647026,1.020732574295444
20260908T120838Z_3cfee030,NEW12,ETH,leader_gap_500ms,2000,0.95,0.7637628159055281,1454,0.4059770789470595,0.24422742618102067,0.5440165061898212,1.3799661378078838
20260908T120838Z_3cfee030,NEW12,ETH,leader_gap_500ms,5000,0.95,0.7637628159055281,947,0.40745681410713797,0.4030852142278274,0.5596620908130939,1.9850256658525325
20260908T120838Z_3cfee030,NEW12,ETH,leader_gap_500ms,10000,0.95,0.7637628159055281,625,0.34117358368258976,0.4450549339396481,0.5568,2.6540709956779125
20260908T120838Z_3cfee030,NEW12,ETH,leader_gap_500ms,30000,0.95,0.7637628159055281,277,0.9782009406242828,0.9310327379452588,0.592057761732852,4.491599915306153
20260909T171030Z_1952d031,NEW12,BTC,bitget_ofi,100,0.8,0.14269991456158512,4251,0.05926882227006108,0.0,0.1058574453069866,0.06713952144635743
20260909T171030Z_1952d031,NEW12,BTC,bitget_ofi,200,0.8,0.14269991456158512,4251,0.08549814787619404,0.0,0.1413784991766643,0.09943927041551419
20260909T171030Z_1952d031,NEW12,BTC,bitget_ofi,500,0.8,0.14269991456158512,4250,0.12145025236477648,0.0,0.19788235294117648,0.15942337289517391
20260909T171030Z_1952d031,NEW12,BTC,bitget_ofi,1000,0.8,0.14269991456158512,4250,0.15316593005945464,0.0,0.2585882352941177,0.2398100369037042
20260909T171030Z_1952d031,NEW12,BTC,bitget_ofi,2000,0.8,0.14269991456158512,2905,0.2083057239447749,0.0,0.3387263339070568,0.3788701324719303
20260909T171030Z_1952d031,NEW12,BTC,bitget_ofi,5000,0.8,0.14269991456158512,1574,0.24928156937805276,0.0,0.43456162642947904,0.708576863933723
20260909T171030Z_1952d031,NEW12,BTC,bitget_ofi,10000,0.8,0.14269991456158512,899,0.307304216642085,0.03807379590048399,0.5105672969966629,1.1161095337799893
20260909T171030Z_1952d031,NEW12,BTC,bitget_ofi,30000,0.8,0.14269991456158512,334,0.4113651311237079,0.5347654552290138,0.5898203592814372,2.0585842589232697
20260909T171030Z_1952d031,NEW12,BTC,bitget_ofi,100,0.9,0.564773399845981,2860,0.08130263411414103,0.0,0.1479020979020979,0.09022770227783129
20260909T171030Z_1952d031,NEW12,BTC,bitget_ofi,200,0.9,0.564773399845981,2860,0.12026878763840662,0.0,0.1965034965034965,0.1379473182758563
20260909T171030Z_1952d031,NEW12,BTC,bitget_ofi,500,0.9,0.564773399845981,2859,0.1665064053861714,0.0,0.2577824414130815,0.20666756574949874
20260909T171030Z_1952d031,NEW12,BTC,bitget_ofi,1000,0.9,0.564773399845981,2859,0.20509044261708329,0.0,0.3210912906610703,0.2877143526813708
20260909T171030Z_1952d031,NEW12,BTC,bitget_ofi,2000,0.9,0.564773399845981,2147,0.2608311027195982,0.0,0.39636702375407545,0.4383737606083746
20260909T171030Z_1952d031,NEW12,BTC,bitget_ofi,5000,0.9,0.564773399845981,1298,0.3225335226794532,0.012694543961577764,0.50231124807396,0.7492023811795198
20260909T171030Z_1952d031,NEW12,BTC,bitget_ofi,10000,0.9,0.564773399845981,807,0.433577871546865,0.24134845190815213,0.5675340768277571,1.1229746471651891
20260909T171030Z_1952d031,NEW12,BTC,bitget_ofi,30000,0.9,0.564773399845981,324,0.17296689144216634,0.22917165246993942,0.5401234567901234,2.0705935022694706
20260909T171030Z_1952d031,NEW12,BTC,bitget_ofi,100,0.95,1.04106801907373,1876,0.10429712236918307,0.0,0.1871002132196162,0.11698622579641703
20260909T171030Z_1952d031,NEW12,BTC,bitget_ofi,200,0.95,1.04106801907373,1876,0.14765651837938848,0.0,0.23933901918976547,0.17340145657532843
20260909T171030Z_1952d031,NEW12,BTC,bitget_ofi,500,0.95,1.04106801907373,1875,0.19476040485155663,0.0,0.3002666666666667,0.24765164827195404
20260909T171030Z_1952d031,NEW12,BTC,bitget_ofi,1000,0.95,1.04106801907373,1875,0.22920478383810008,0.0,0.3568,0.32785440515885556
20260909T171030Z_1952d031,NEW12,BTC,bitget_ofi,2000,0.95,1.04106801907373,1562,0.2725341262938139,0.0,0.41229193341869397,0.4629617904419469
20260909T171030Z_1952d031,NEW12,BTC,bitget_ofi,5000,0.95,1.04106801907373,1052,0.33852348079094097,0.01274928848604695,0.5095057034220533,0.7761316789275297
20260909T171030Z_1952d031,NEW12,BTC,bitget_ofi,10000,0.95,1.04106801907373,694,0.4071127354859031,0.30458400120281226,0.5878962536023055,1.0873116051796308
20260909T171030Z_1952d031,NEW12,BTC,bitget_ofi,30000,0.95,1.04106801907373,302,0.012757915838845276,0.13978509366685543,0.5264900662251656,2.0295429629700887
20260909T171030Z_1952d031,NEW12,BTC,bitget_trade_flow,100,0.8,1.0,4987,0.061281975515210876,0.0,0.10026067776218167,0.07014296776801299
20260909T171030Z_1952d031,NEW12,BTC,bitget_trade_flow,200,0.8,1.0,4987,0.07803281860735382,0.0,0.12592741126930018,0.09862061930484226
20260909T171030Z_1952d031,NEW12,BTC,bitget_trade_flow,500,0.8,1.0,4986,0.095908619293023,0.0,0.16787003610108303,0.15854071706446302
20260909T171030Z_1952d031,NEW12,BTC,bitget_trade_flow,1000,0.8,1.0,4986,0.11593254475311893,0.0,0.21881267549137584,0.2416345422157915
20260909T171030Z_1952d031,NEW12,BTC,bitget_trade_flow,2000,0.8,1.0,3382,0.12676347749218592,0.0,0.271732702542874,0.37124517693543185
20260909T171030Z_1952d031,NEW12,BTC,bitget_trade_flow,5000,0.8,1.0,1742,0.1896195440832175,0.0,0.38920780711825487,0.7033848498601015
20260909T171030Z_1952d031,NEW12,BTC,bitget_trade_flow,10000,0.8,1.0,956,0.24018540434017513,0.0,0.4696652719665272,1.1270059537642294
20260909T171030Z_1952d031,NEW12,BTC,bitget_trade_flow,30000,0.8,1.0,346,0.24761959856457952,0.24759426513032423,0.5520231213872833,2.1043865445821885
20260909T171030Z_1952d031,NEW12,BTC,bitget_trade_flow,100,0.9,1.0,4987,0.061281975515210876,0.0,0.10026067776218167,0.07014296776801299
20260909T171030Z_1952d031,NEW12,BTC,bitget_trade_flow,200,0.9,1.0,4987,0.07803281860735382,0.0,0.12592741126930018,0.09862061930484226
20260909T171030Z_1952d031,NEW12,BTC,bitget_trade_flow,500,0.9,1.0,4986,0.095908619293023,0.0,0.16787003610108303,0.15854071706446302
20260909T171030Z_1952d031,NEW12,BTC,bitget_trade_flow,1000,0.9,1.0,4986,0.11593254475311893,0.0,0.21881267549137584,0.2416345422157915
20260909T171030Z_1952d031,NEW12,BTC,bitget_trade_flow,2000,0.9,1.0,3382,0.12676347749218592,0.0,0.271732702542874,0.37124517693543185
20260909T171030Z_1952d031,NEW12,BTC,bitget_trade_flow,5000,0.9,1.0,1742,0.1896195440832175,0.0,0.38920780711825487,0.7033848498601015
20260909T171030Z_1952d031,NEW12,BTC,bitget_trade_flow,10000,0.9,1.0,956,0.24018540434017513,0.0,0.4696652719665272,1.1270059537642294
20260909T171030Z_1952d031,NEW12,BTC,bitget_trade_flow,30000,0.9,1.0,346,0.24761959856457952,0.24759426513032423,0.5520231213872833,2.1043865445821885
20260909T171030Z_1952d031,NEW12,BTC,bitget_trade_flow,100,0.95,1.0,4987,0.061281975515210876,0.0,0.10026067776218167,0.07014296776801299
20260909T171030Z_1952d031,NEW12,BTC,bitget_trade_flow,200,0.95,1.0,4987,0.07803281860735382,0.0,0.12592741126930018,0.09862061930484226
20260909T171030Z_1952d031,NEW12,BTC,bitget_trade_flow,500,0.95,1.0,4986,0.095908619293023,0.0,0.16787003610108303,0.15854071706446302
20260909T171030Z_1952d031,NEW12,BTC,bitget_trade_flow,1000,0.95,1.0,4986,0.11593254475311893,0.0,0.21881267549137584,0.2416345422157915
20260909T171030Z_1952d031,NEW12,BTC,bitget_trade_flow,2000,0.95,1.0,3382,0.12676347749218592,0.0,0.271732702542874,0.37124517693543185
20260909T171030Z_1952d031,NEW12,BTC,bitget_trade_flow,5000,0.95,1.0,1742,0.1896195440832175,0.0,0.38920780711825487,0.7033848498601015
20260909T171030Z_1952d031,NEW12,BTC,bitget_trade_flow,10000,0.95,1.0,956,0.24018540434017513,0.0,0.4696652719665272,1.1270059537642294
20260909T171030Z_1952d031,NEW12,BTC,bitget_trade_flow,30000,0.95,1.0,346,0.24761959856457952,0.24759426513032423,0.5520231213872833,2.1043865445821885
20260909T171030Z_1952d031,NEW12,BTC,depth_imbalance_l1,100,0.8,0.9197724610976261,3291,0.07891064644928683,0.0,0.13521725919173502,0.0835613111291362
20260909T171030Z_1952d031,NEW12,BTC,depth_imbalance_l1,200,0.8,0.9197724610976261,3291,0.11896648193816235,0.0,0.18626557277423275,0.1252400763375183
20260909T171030Z_1952d031,NEW12,BTC,depth_imbalance_l1,500,0.8,0.9197724610976261,3291,0.1903446205986974,0.0,0.2695229413552112,0.20788882907842218
20260909T171030Z_1952d031,NEW12,BTC,depth_imbalance_l1,1000,0.8,0.9197724610976261,3291,0.2710046055775397,0.0,0.3527803099361896,0.30759807014145313
20260909T171030Z_1952d031,NEW12,BTC,depth_imbalance_l1,2000,0.8,0.9197724610976261,2126,0.38657363868930555,0.0,0.4727187206020696,0.49499289532076984
20260909T171030Z_1952d031,NEW12,BTC,depth_imbalance_l1,5000,0.8,0.9197724610976261,1228,0.5287841966440244,0.2549207678903542,0.5773615635179153,0.8057160845659822
20260909T171030Z_1952d031,NEW12,BTC,depth_imbalance_l1,10000,0.8,0.9197724610976261,750,0.5559285433617367,0.4348693743722043,0.616,1.2017274888806388
20260909T171030Z_1952d031,NEW12,BTC,depth_imbalance_l1,30000,0.8,0.9197724610976261,311,0.8695346627823377,0.7108398636446189,0.6302250803858521,2.204923441507664
20260909T171030Z_1952d031,NEW12,BTC,depth_imbalance_l1,100,0.9,0.9718306318310089,1952,0.11740603245402466,0.0,0.19313524590163936,0.12379219198920717
20260909T171030Z_1952d031,NEW12,BTC,depth_imbalance_l1,200,0.9,0.9718306318310089,1952,0.16900944292058276,0.0,0.24795081967213115,0.17822947959376512
20260909T171030Z_1952d031,NEW12,BTC,depth_imbalance_l1,500,0.9,0.9718306318310089,1952,0.24910873159518704,0.0,0.33350409836065575,0.2646401983269333
20260909T171030Z_1952d031,NEW12,BTC,depth_imbalance_l1,1000,0.9,0.9718306318310089,1952,0.3324218956221404,0.0,0.42315573770491804,0.3718272635413299
20260909T171030Z_1952d031,NEW12,BTC,depth_imbalance_l1,2000,0.9,0.9718306318310089,1370,0.4577779771788628,0.15251848213937436,0.5408759124087591,0.5628423693168274
20260909T171030Z_1952d031,NEW12,BTC,depth_imbalance_l1,5000,0.9,0.9718306318310089,891,0.6642671913404428,0.44552757147431343,0.6520763187429854,0.8726360524791081
20260909T171030Z_1952d031,NEW12,BTC,depth_imbalance_l1,10000,0.9,0.9718306318310089,608,0.797149964275537,0.6577248995098817,0.6858552631578947,1.2382385733788128
20260909T171030Z_1952d031,NEW12,BTC,depth_imbalance_l1,30000,0.9,0.9718306318310089,283,0.7927417721317053,0.6744268167380163,0.6360424028268551,2.03185752589157
20260909T171030Z_1952d031,NEW12,BTC,depth_imbalance_l1,100,0.95,0.9913150570999009,1117,0.15736330758245032,0.0,0.25335720680393914,0.15966334218870282
20260909T171030Z_1952d031,NEW12,BTC,depth_imbalance_l1,200,0.95,0.9913150570999009,1117,0.21916847678687185,0.0,0.3142345568487019,0.22208264356066168
20260909T171030Z_1952d031,NEW12,BTC,depth_imbalance_l1,500,0.95,0.9913150570999009,1117,0.31140261907932254,0.0,0.40376007162041183,0.3191211377818313
20260909T171030Z_1952d031,NEW12,BTC,depth_imbalance_l1,1000,0.95,0.9913150570999009,1117,0.39395056555265157,0.0,0.4879140555058192,0.415692466305657
20260909T171030Z_1952d031,NEW12,BTC,depth_imbalance_l1,2000,0.95,0.9913150570999009,853,0.5446448361475043,0.3171608773167023,0.6072684642438453,0.6018424143345965
20260909T171030Z_1952d031,NEW12,BTC,depth_imbalance_l1,5000,0.95,0.9913150570999009,627,0.753128600939791,0.5237812663883012,0.7017543859649122,0.9121483999413372
20260909T171030Z_1952d031,NEW12,BTC,depth_imbalance_l1,10000,0.95,0.9913150570999009,471,0.8858791238721894,0.7505449401490338,0.7176220806794055,1.2832782507953941
20260909T171030Z_1952d031,NEW12,BTC,depth_imbalance_l1,30000,0.95,0.9913150570999009,247,0.7684146053094291,0.7259116718316694,0.6153846153846154,2.1625242975461583
20260909T171030Z_1952d031,NEW12,BTC,depth_imbalance_l5,100,0.8,0.9184395707633861,3288,0.07330275891093667,0.0,0.12560827250608272,0.07660211560073697
20260909T171030Z_1952d031,NEW12,BTC,depth_imbalance_l5,200,0.8,0.9184395707633861,3288,0.11635728168991419,0.0,0.17913625304136252,0.12346268930663823
20260909T171030Z_1952d031,NEW12,BTC,depth_imbalance_l5,500,0.8,0.9184395707633861,3288,0.1879034559806538,0.0,0.25760340632603407,0.2063269824583951
20260909T171030Z_1952d031,NEW12,BTC,depth_imbalance_l5,1000,0.8,0.9184395707633861,3288,0.26575163558402826,0.0,0.3424574209245742,0.3044016704796355
20260909T171030Z_1952d031,NEW12,BTC,depth_imbalance_l5,2000,0.8,0.9184395707633861,2114,0.37811751828260814,0.0,0.4555345316934721,0.4883194324525505
20260909T171030Z_1952d031,NEW12,BTC,depth_imbalance_l5,5000,0.8,0.9184395707633861,1215,0.5215601358937978,0.2801914216843393,0.5695473251028806,0.8138590449828276
20260909T171030Z_1952d031,NEW12,BTC,depth_imbalance_l5,10000,0.8,0.9184395707633861,750,0.5832554234335109,0.40788287691106984,0.6066666666666667,1.1779728384763775
20260909T171030Z_1952d031,NEW12,BTC,depth_imbalance_l5,30000,0.8,0.9184395707633861,311,0.566778893805249,0.5344908878845978,0.5884244372990354,2.162540678202186
20260909T171030Z_1952d031,NEW12,BTC,depth_imbalance_l5,100,0.9,0.9660914272049739,1979,0.12119362741295771,0.0,0.1955533097524002,0.127143868492695
20260909T171030Z_1952d031,NEW12,BTC,depth_imbalance_l5,200,0.9,0.9660914272049739,1979,0.17388885336093493,0.0,0.25063163213744316,0.18267276070900632
20260909T171030Z_1952d031,NEW12,BTC,depth_imbalance_l5,500,0.9,0.9660914272049739,1979,0.25123233432136916,0.0,0.3324911571500758,0.26849648892887856
20260909T171030Z_1952d031,NEW12,BTC,depth_imbalance_l5,1000,0.9,0.9660914272049739,1979,0.33987471738060404,0.0,0.41384537645275393,0.3756186504719676
20260909T171030Z_1952d031,NEW12,BTC,depth_imbalance_l5,2000,0.9,0.9660914272049739,1402,0.4786853045026309,0.15915369160790505,0.5285306704707561,0.5653315834660758
20260909T171030Z_1952d031,NEW12,BTC,depth_imbalance_l5,5000,0.9,0.9660914272049739,907,0.6516106431119703,0.4593849473577549,0.6549062844542448,0.8762102045693088
20260909T171030Z_1952d031,NEW12,BTC,depth_imbalance_l5,10000,0.9,0.9660914272049739,615,0.7369037751137462,0.6229084102160609,0.6536585365853659,1.2163200320591545
20260909T171030Z_1952d031,NEW12,BTC,depth_imbalance_l5,30000,0.9,0.9660914272049739,282,0.9314409678331508,0.7833165050918911,0.6560283687943262,2.1218352204996287
20260909T171030Z_1952d031,NEW12,BTC,depth_imbalance_l5,100,0.95,0.9887331995054573,1145,0.1547286295265123,0.0,0.23842794759825328,0.1590240377680205
20260909T171030Z_1952d031,NEW12,BTC,depth_imbalance_l5,200,0.95,0.9887331995054573,1145,0.21567329374484423,0.0,0.2986899563318777,0.22417731340802133
20260909T171030Z_1952d031,NEW12,BTC,depth_imbalance_l5,500,0.95,0.9887331995054573,1145,0.31038120736724517,0.0,0.38777292576419214,0.323813221833059
20260909T171030Z_1952d031,NEW12,BTC,depth_imbalance_l5,1000,0.95,0.9887331995054573,1145,0.3997417222709374,0.0,0.4733624454148472,0.43128980750855445
20260909T171030Z_1952d031,NEW12,BTC,depth_imbalance_l5,2000,0.95,0.9887331995054573,882,0.541521073637822,0.3057558584768083,0.590702947845805,0.6240577821778229
20260909T171030Z_1952d031,NEW12,BTC,depth_imbalance_l5,5000,0.95,0.9887331995054573,638,0.7452368585863632,0.5489956537513274,0.6880877742946708,0.9216658807609142
20260909T171030Z_1952d031,NEW12,BTC,depth_imbalance_l5,10000,0.95,0.9887331995054573,472,0.8184090264963245,0.7362611503908267,0.6991525423728814,1.2733110845571671
20260909T171030Z_1952d031,NEW12,BTC,depth_imbalance_l5,30000,0.95,0.9887331995054573,244,0.7688792236344472,0.6934631419774906,0.6270491803278688,2.118149860885078
20260909T171030Z_1952d031,NEW12,BTC,external_ofi,100,0.8,0.058809366790506364,6040,0.054722062545042416,0.0,0.08774834437086093,0.057342113652806406
20260909T171030Z_1952d031,NEW12,BTC,external_ofi,200,0.8,0.058809366790506364,6040,0.07994593858796596,0.0,0.1216887417218543,0.08778117235901906
20260909T171030Z_1952d031,NEW12,BTC,external_ofi,500,0.8,0.058809366790506364,6039,0.1143193335603722,0.0,0.17436661698956782,0.15065552119019662
20260909T171030Z_1952d031,NEW12,BTC,external_ofi,1000,0.8,0.058809366790506364,6039,0.15345081314582393,0.0,0.23596621957277694,0.23609724372523572
20260909T171030Z_1952d031,NEW12,BTC,external_ofi,2000,0.8,0.058809366790506364,3800,0.20029738138821096,0.0,0.31026315789473685,0.3762400976136767
20260909T171030Z_1952d031,NEW12,BTC,external_ofi,5000,0.8,0.058809366790506364,1835,0.23575249157095068,0.0,0.4125340599455041,0.7018817953070463
20260909T171030Z_1952d031,NEW12,BTC,external_ofi,10000,0.8,0.058809366790506364,990,0.30004177295925505,0.006346607263063575,0.5,1.1105777369850462
20260909T171030Z_1952d031,NEW12,BTC,external_ofi,30000,0.8,0.058809366790506364,348,0.1851822022442484,0.02546984434803612,0.5114942528735632,2.0419017478409716
20260909T171030Z_1952d031,NEW12,BTC,external_ofi,100,0.9,0.18163826646400472,3880,0.11003343648707867,0.0,0.16494845360824742,0.11308697386594257
20260909T171030Z_1952d031,NEW12,BTC,external_ofi,200,0.9,0.18163826646400472,3880,0.151599050296076,0.0,0.211340206185567,0.16049480421428636
20260909T171030Z_1952d031,NEW12,BTC,external_ofi,500,0.9,0.18163826646400472,3880,0.1973777469252934,0.0,0.26958762886597937,0.2318052609596286
20260909T171030Z_1952d031,NEW12,BTC,external_ofi,1000,0.9,0.18163826646400472,3879,0.24815936458714227,0.0,0.3395204949729312,0.3212957103315639
20260909T171030Z_1952d031,NEW12,BTC,external_ofi,2000,0.9,0.18163826646400472,2741,0.3102138116132396,0.0,0.4045968624589566,0.462533573238681
20260909T171030Z_1952d031,NEW12,BTC,external_ofi,5000,0.9,0.18163826646400472,1533,0.35573970845109765,0.0,0.4957599478147423,0.7657551411823524
20260909T171030Z_1952d031,NEW12,BTC,external_ofi,10000,0.9,0.18163826646400472,880,0.47697228366541294,0.2608852086949387,0.5693181818181818,1.163275786404482
20260909T171030Z_1952d031,NEW12,BTC,external_ofi,30000,0.9,0.18163826646400472,339,0.3146871894251311,0.2039618310911706,0.5368731563421829,2.070339560499762
20260909T171030Z_1952d031,NEW12,BTC,external_ofi,100,0.95,0.427428463662583,2376,0.19707303004295737,0.0,0.2777777777777778,0.20510713799580477
20260909T171030Z_1952d031,NEW12,BTC,external_ofi,200,0.95,0.427428463662583,2376,0.2628561808905315,0.0,0.34385521885521886,0.2794787833013016
20260909T171030Z_1952d031,NEW12,BTC,external_ofi,500,0.95,0.427428463662583,2376,0.3242293844818533,0.0,0.4036195286195286,0.36150214831251076
20260909T171030Z_1952d031,NEW12,BTC,external_ofi,1000,0.95,0.427428463662583,2375,0.386998758006557,0.0,0.4673684210526316,0.45170484112841547
20260909T171030Z_1952d031,NEW12,BTC,external_ofi,2000,0.95,0.427428463662583,1858,0.4460786345625644,0.025452708377615707,0.5139935414424112,0.5897247070477839
20260909T171030Z_1952d031,NEW12,BTC,external_ofi,5000,0.95,0.427428463662583,1183,0.5600974676165267,0.34354139005987605,0.5984784446322908,0.8947058652788624
20260909T171030Z_1952d031,NEW12,BTC,external_ofi,10000,0.95,0.427428463662583,751,0.6373230919409602,0.469646552888614,0.6364846870838882,1.2495312650383152
20260909T171030Z_1952d031,NEW12,BTC,external_ofi,30000,0.95,0.427428463662583,312,0.48168792100852287,0.5546724268007397,0.6121794871794872,2.1575672246525928
20260909T171030Z_1952d031,NEW12,BTC,external_trade_flow,100,0.8,1.0,9158,0.010490316453277285,0.0,0.022712382616291767,0.016145768409408907
20260909T171030Z_1952d031,NEW12,BTC,external_trade_flow,200,0.8,1.0,9158,0.016612007151448418,0.0,0.040074252020091725,0.035961001155790345
20260909T171030Z_1952d031,NEW12,BTC,external_trade_flow,500,0.8,1.0,9158,0.02460059857707465,0.0,0.07457960253330422,0.08355823065960515
20260909T171030Z_1952d031,NEW12,BTC,external_trade_flow,1000,0.8,1.0,9158,0.03334057253788767,0.0,0.12459052194802359,0.16550594437397415
20260909T171030Z_1952d031,NEW12,BTC,external_trade_flow,2000,0.8,1.0,4962,0.046884899078836355,0.0,0.19226118500604594,0.3002060087902571
20260909T171030Z_1952d031,NEW12,BTC,external_trade_flow,5000,0.8,1.0,2084,0.07014314749339147,0.0,0.32389635316698656,0.6432301053162208
20260909T171030Z_1952d031,NEW12,BTC,external_trade_flow,10000,0.8,1.0,1060,0.050373795202015126,0.0,0.40943396226415096,1.0633611818129187
20260909T171030Z_1952d031,NEW12,BTC,external_trade_flow,30000,0.8,1.0,357,0.21114078225858823,0.12749873616879626,0.5154061624649859,2.036562955842739
20260909T171030Z_1952d031,NEW12,BTC,external_trade_flow,100,0.9,1.0,9158,0.010490316453277285,0.0,0.022712382616291767,0.016145768409408907
20260909T171030Z_1952d031,NEW12,BTC,external_trade_flow,200,0.9,1.0,9158,0.016612007151448418,0.0,0.040074252020091725,0.035961001155790345
20260909T171030Z_1952d031,NEW12,BTC,external_trade_flow,500,0.9,1.0,9158,0.02460059857707465,0.0,0.07457960253330422,0.08355823065960515
20260909T171030Z_1952d031,NEW12,BTC,external_trade_flow,1000,0.9,1.0,9158,0.03334057253788767,0.0,0.12459052194802359,0.16550594437397415
20260909T171030Z_1952d031,NEW12,BTC,external_trade_flow,2000,0.9,1.0,4962,0.046884899078836355,0.0,0.19226118500604594,0.3002060087902571
20260909T171030Z_1952d031,NEW12,BTC,external_trade_flow,5000,0.9,1.0,2084,0.07014314749339147,0.0,0.32389635316698656,0.6432301053162208
20260909T171030Z_1952d031,NEW12,BTC,external_trade_flow,10000,0.9,1.0,1060,0.050373795202015126,0.0,0.40943396226415096,1.0633611818129187
20260909T171030Z_1952d031,NEW12,BTC,external_trade_flow,30000,0.9,1.0,357,0.21114078225858823,0.12749873616879626,0.5154061624649859,2.036562955842739
20260909T171030Z_1952d031,NEW12,BTC,external_trade_flow,100,0.95,1.0,9158,0.010490316453277285,0.0,0.022712382616291767,0.016145768409408907
20260909T171030Z_1952d031,NEW12,BTC,external_trade_flow,200,0.95,1.0,9158,0.016612007151448418,0.0,0.040074252020091725,0.035961001155790345
20260909T171030Z_1952d031,NEW12,BTC,external_trade_flow,500,0.95,1.0,9158,0.02460059857707465,0.0,0.07457960253330422,0.08355823065960515
20260909T171030Z_1952d031,NEW12,BTC,external_trade_flow,1000,0.95,1.0,9158,0.03334057253788767,0.0,0.12459052194802359,0.16550594437397415
20260909T171030Z_1952d031,NEW12,BTC,external_trade_flow,2000,0.95,1.0,4962,0.046884899078836355,0.0,0.19226118500604594,0.3002060087902571
20260909T171030Z_1952d031,NEW12,BTC,external_trade_flow,5000,0.95,1.0,2084,0.07014314749339147,0.0,0.32389635316698656,0.6432301053162208
20260909T171030Z_1952d031,NEW12,BTC,external_trade_flow,10000,0.95,1.0,1060,0.050373795202015126,0.0,0.40943396226415096,1.0633611818129187
20260909T171030Z_1952d031,NEW12,BTC,external_trade_flow,30000,0.95,1.0,357,0.21114078225858823,0.12749873616879626,0.5154061624649859,2.036562955842739
20260909T171030Z_1952d031,NEW12,BTC,fair_accel_100ms,100,0.8,7.404627547240437e-07,3911,0.09270235295426228,0.0,0.13398107900792636,0.10325239906213589
20260909T171030Z_1952d031,NEW12,BTC,fair_accel_100ms,200,0.8,7.404627547240437e-07,3911,0.12417968846806214,0.0,0.1695218614165175,0.1430605912716262
20260909T171030Z_1952d031,NEW12,BTC,fair_accel_100ms,500,0.8,7.404627547240437e-07,3910,0.16118696036787802,0.0,0.22071611253196932,0.2106030057126932
20260909T171030Z_1952d031,NEW12,BTC,fair_accel_100ms,1000,0.8,7.404627547240437e-07,3910,0.19697127133879147,0.0,0.28823529411764703,0.30505263090709284
20260909T171030Z_1952d031,NEW12,BTC,fair_accel_100ms,2000,0.8,7.404627547240437e-07,2639,0.27092797925922046,0.0,0.37514209928003034,0.46001561592039636
20260909T171030Z_1952d031,NEW12,BTC,fair_accel_100ms,5000,0.8,7.404627547240437e-07,1452,0.40012889202139196,0.0,0.49173553719008267,0.7742002607190862
20260909T171030Z_1952d031,NEW12,BTC,fair_accel_100ms,10000,0.8,7.404627547240437e-07,850,0.5270111019246714,0.25483003148973893,0.5541176470588235,1.151533866060499
20260909T171030Z_1952d031,NEW12,BTC,fair_accel_100ms,30000,0.8,7.404627547240437e-07,330,0.4091122632582983,0.3509535334789149,0.5909090909090909,2.1067680789053718
20260909T171030Z_1952d031,NEW12,BTC,fair_accel_100ms,100,0.9,0.004249491902948879,2785,0.14165198164109255,0.0,0.19461400359066428,0.15581085638629938
20260909T171030Z_1952d031,NEW12,BTC,fair_accel_100ms,200,0.9,0.004249491902948879,2785,0.1885747798556389,0.0,0.24201077199281867,0.20961534414573188
20260909T171030Z_1952d031,NEW12,BTC,fair_accel_100ms,500,0.9,0.004249491902948879,2784,0.23049913908754788,0.0,0.2941810344827586,0.28346912623108844
20260909T171030Z_1952d031,NEW12,BTC,fair_accel_100ms,1000,0.9,0.004249491902948879,2784,0.2749070940880065,0.0,0.3624281609195402,0.38547184365289966
20260909T171030Z_1952d031,NEW12,BTC,fair_accel_100ms,2000,0.9,0.004249491902948879,2114,0.32198152344837366,0.0,0.4195837275307474,0.521363172122873
20260909T171030Z_1952d031,NEW12,BTC,fair_accel_100ms,5000,0.9,0.004249491902948879,1270,0.4581511128590365,0.025427343641193367,0.5118110236220472,0.8215362308806525
20260909T171030Z_1952d031,NEW12,BTC,fair_accel_100ms,10000,0.9,0.004249491902948879,779,0.52032570998402,0.3187285535521944,0.582798459563543,1.180873651040326
20260909T171030Z_1952d031,NEW12,BTC,fair_accel_100ms,30000,0.9,0.004249491902948879,316,0.3239888935773578,0.22929438434682314,0.5316455696202531,2.197210086172666
20260909T171030Z_1952d031,NEW12,BTC,fair_accel_100ms,100,0.95,0.14847017320945818,1861,0.21215669747746044,0.0,0.2686727565824825,0.2257806332681153
20260909T171030Z_1952d031,NEW12,BTC,fair_accel_100ms,200,0.95,0.14847017320945818,1861,0.26989601229032656,0.0,0.32670607200429874,0.29549395401357087
20260909T171030Z_1952d031,NEW12,BTC,fair_accel_100ms,500,0.95,0.14847017320945818,1860,0.32135960882130893,0.0,0.38010752688172045,0.37530891122474574
20260909T171030Z_1952d031,NEW12,BTC,fair_accel_100ms,1000,0.95,0.14847017320945818,1860,0.3791534838808733,0.0,0.4403225806451613,0.4762394114740199
20260909T171030Z_1952d031,NEW12,BTC,fair_accel_100ms,2000,0.95,0.14847017320945818,1508,0.42435659884964566,0.0,0.4960212201591512,0.6268287494214919
20260909T171030Z_1952d031,NEW12,BTC,fair_accel_100ms,5000,0.95,0.14847017320945818,1002,0.5664480964665191,0.3574138428996676,0.5838323353293413,0.939139786663446
20260909T171030Z_1952d031,NEW12,BTC,fair_accel_100ms,10000,0.95,0.14847017320945818,662,0.6123900596781933,0.47001763279708175,0.6268882175226587,1.2873454589111941
20260909T171030Z_1952d031,NEW12,BTC,fair_accel_100ms,30000,0.95,0.14847017320945818,297,0.4269297562468298,0.4185169661075072,0.569023569023569,2.2194716157430663
20260909T171030Z_1952d031,NEW12,BTC,fair_gap_reversion,100,0.8,0.4195810769886954,2659,0.08288454301893543,0.0,0.08875517111696127,0.102296095065789
20260909T171030Z_1952d031,NEW12,BTC,fair_gap_reversion,200,0.8,0.4195810769886954,2659,0.10440238616889244,0.0,0.11282437006393381,0.1350716429741022
20260909T171030Z_1952d031,NEW12,BTC,fair_gap_reversion,500,0.8,0.4195810769886954,2659,0.13104266302509152,0.0,0.15795411808950732,0.20070153779756517
20260909T171030Z_1952d031,NEW12,BTC,fair_gap_reversion,1000,0.8,0.4195810769886954,2659,0.15389827219768507,0.0,0.2132380594208349,0.2873572637525265
20260909T171030Z_1952d031,NEW12,BTC,fair_gap_reversion,2000,0.8,0.4195810769886954,1617,0.23757473460615744,0.0,0.3277674706246135,0.48372154235707715
20260909T171030Z_1952d031,NEW12,BTC,fair_gap_reversion,5000,0.8,0.4195810769886954,898,0.37851485613053387,0.0,0.4888641425389755,0.8822269805077267
20260909T171030Z_1952d031,NEW12,BTC,fair_gap_reversion,10000,0.8,0.4195810769886954,587,0.4437225413204106,0.2300635550578356,0.5434412265758092,1.2600089833340062
20260909T171030Z_1952d031,NEW12,BTC,fair_gap_reversion,30000,0.8,0.4195810769886954,273,0.690411299531718,0.5204323650542797,0.5824175824175825,2.152082091891663
20260909T171030Z_1952d031,NEW12,BTC,fair_gap_reversion,100,0.9,0.5536377785602121,1471,0.12253248646962137,0.0,0.1142080217539089,0.14901088249575462
20260909T171030Z_1952d031,NEW12,BTC,fair_gap_reversion,200,0.9,0.5536377785602121,1471,0.15017973915938282,0.0,0.14751869476546567,0.18825091224608856
20260909T171030Z_1952d031,NEW12,BTC,fair_gap_reversion,500,0.9,0.5536377785602121,1470,0.17925932214534032,0.0,0.19319727891156463,0.25639836344985
20260909T171030Z_1952d031,NEW12,BTC,fair_gap_reversion,1000,0.9,0.5536377785602121,1470,0.21482957543654752,0.0,0.24557823129251702,0.3456459019096311
20260909T171030Z_1952d031,NEW12,BTC,fair_gap_reversion,2000,0.9,0.5536377785602121,950,0.3223250247085299,0.0,0.36526315789473685,0.5573758859589241
20260909T171030Z_1952d031,NEW12,BTC,fair_gap_reversion,5000,0.9,0.5536377785602121,582,0.484702218970387,0.0952546899385398,0.5189003436426117,0.9656456000387053
20260909T171030Z_1952d031,NEW12,BTC,fair_gap_reversion,10000,0.9,0.5536377785602121,417,0.4970731525770852,0.4445401264141502,0.5683453237410072,1.3997276133188996
20260909T171030Z_1952d031,NEW12,BTC,fair_gap_reversion,30000,0.9,0.5536377785602121,229,0.5063026107566674,0.2796546773198294,0.5633187772925764,2.1933963298802768
20260909T171030Z_1952d031,NEW12,BTC,fair_gap_reversion,100,0.95,0.6783699409997901,806,0.20214056403879563,0.0,0.17369727047146402,0.2287112762287518
20260909T171030Z_1952d031,NEW12,BTC,fair_gap_reversion,200,0.95,0.6783699409997901,806,0.24041892728751837,0.0,0.21339950372208435,0.27957833498517665
20260909T171030Z_1952d031,NEW12,BTC,fair_gap_reversion,500,0.95,0.6783699409997901,805,0.26766148555355745,0.0,0.2546583850931677,0.3470475508056374
20260909T171030Z_1952d031,NEW12,BTC,fair_gap_reversion,1000,0.95,0.6783699409997901,805,0.3086312502521815,0.0,0.2968944099378882,0.44336376723700505
20260909T171030Z_1952d031,NEW12,BTC,fair_gap_reversion,2000,0.95,0.6783699409997901,553,0.4484814482733597,0.0,0.4213381555153707,0.6628698539767646
20260909T171030Z_1952d031,NEW12,BTC,fair_gap_reversion,5000,0.95,0.6783699409997901,374,0.6912203260776456,0.44433686182066,0.5828877005347594,1.1090167491192386
20260909T171030Z_1952d031,NEW12,BTC,fair_gap_reversion,10000,0.95,0.6783699409997901,287,0.6991532656780681,0.6391544753281408,0.6132404181184669,1.49145230674652
20260909T171030Z_1952d031,NEW12,BTC,fair_gap_reversion,30000,0.95,0.6783699409997901,178,0.5701617431244488,0.5273639867831026,0.5842696629213483,2.198770483337091
20260909T171030Z_1952d031,NEW12,BTC,leader_gap_1000ms,100,0.8,0.17241357459745726,2985,0.07871527155720452,0.0,0.11155778894472362,0.12298508217192056
20260909T171030Z_1952d031,NEW12,BTC,leader_gap_1000ms,200,0.8,0.17241357459745726,2985,0.0938720732539916,0.0,0.13802345058626467,0.16461145737610924
20260909T171030Z_1952d031,NEW12,BTC,leader_gap_1000ms,500,0.8,0.17241357459745726,2984,0.10939551492733206,0.0,0.1846514745308311,0.23811479416063738
20260909T171030Z_1952d031,NEW12,BTC,leader_gap_1000ms,1000,0.8,0.17241357459745726,2984,0.13329728619055395,0.0,0.24966487935656836,0.340735982902809
20260909T171030Z_1952d031,NEW12,BTC,leader_gap_1000ms,2000,0.8,0.17241357459745726,2015,0.14628434009680483,0.0,0.32853598014888336,0.5201177702781037
20260909T171030Z_1952d031,NEW12,BTC,leader_gap_1000ms,5000,0.8,0.17241357459745726,1198,0.17473770268814412,0.0,0.4248747913188648,0.8706754311033164
20260909T171030Z_1952d031,NEW12,BTC,leader_gap_1000ms,10000,0.8,0.17241357459745726,742,0.20233016598025066,0.0,0.4743935309973046,1.2260268287274947
20260909T171030Z_1952d031,NEW12,BTC,leader_gap_1000ms,30000,0.8,0.17241357459745726,313,0.4769109427434379,0.30578565572092486,0.5431309904153354,2.150233741670506
20260909T171030Z_1952d031,NEW12,BTC,leader_gap_1000ms,100,0.9,0.3756117030924154,1820,0.11411076864965064,0.0,0.13681318681318683,0.16598609732800293
20260909T171030Z_1952d031,NEW12,BTC,leader_gap_1000ms,200,0.9,0.3756117030924154,1820,0.13327649978876982,0.0,0.16923076923076924,0.20976460786576137
20260909T171030Z_1952d031,NEW12,BTC,leader_gap_1000ms,500,0.9,0.3756117030924154,1819,0.1538077112328794,0.0,0.21385376580538756,0.283128841834265
20260909T171030Z_1952d031,NEW12,BTC,leader_gap_1000ms,1000,0.9,0.3756117030924154,1819,0.18017309283028365,0.0,0.27047828477185265,0.38954807427854976
20260909T171030Z_1952d031,NEW12,BTC,leader_gap_1000ms,2000,0.9,0.3756117030924154,1361,0.21168650533235386,0.0,0.3556208670095518,0.5531761918444471
20260909T171030Z_1952d031,NEW12,BTC,leader_gap_1000ms,5000,0.9,0.3756117030924154,919,0.28274864470604216,0.0,0.4689880304678999,0.8960978732101076
20260909T171030Z_1952d031,NEW12,BTC,leader_gap_1000ms,10000,0.9,0.3756117030924154,625,0.27530799784169524,0.0,0.4784,1.2887886711821341
20260909T171030Z_1952d031,NEW12,BTC,leader_gap_1000ms,30000,0.9,0.3756117030924154,282,0.47688929426734183,0.4702590444732868,0.5567375886524822,2.197064456212893
20260909T171030Z_1952d031,NEW12,BTC,leader_gap_1000ms,100,0.95,0.5528448807369629,1106,0.1541156773462276,0.0,0.15641952983725135,0.19839340883544113
20260909T171030Z_1952d031,NEW12,BTC,leader_gap_1000ms,200,0.95,0.5528448807369629,1106,0.18232030841358485,0.0,0.18806509945750452,0.2427871810142556
20260909T171030Z_1952d031,NEW12,BTC,leader_gap_1000ms,500,0.95,0.5528448807369629,1105,0.19720597766241224,0.0,0.22986425339366515,0.3161313757381596
20260909T171030Z_1952d031,NEW12,BTC,leader_gap_1000ms,1000,0.95,0.5528448807369629,1105,0.23071757771666832,0.0,0.29321266968325793,0.4290251755058406
20260909T171030Z_1952d031,NEW12,BTC,leader_gap_1000ms,2000,0.95,0.5528448807369629,883,0.27062855585978807,0.0,0.3793884484711212,0.591830133683642
20260909T171030Z_1952d031,NEW12,BTC,leader_gap_1000ms,5000,0.95,0.5528448807369629,671,0.39242419610348395,0.025431331273084723,0.5081967213114754,0.9311335876055887
20260909T171030Z_1952d031,NEW12,BTC,leader_gap_1000ms,10000,0.95,0.5528448807369629,498,0.37279756382761925,0.05095866144055883,0.5040160642570282,1.2518724101627705
20260909T171030Z_1952d031,NEW12,BTC,leader_gap_1000ms,30000,0.95,0.5528448807369629,257,0.5412226667900286,0.266920707391316,0.5603112840466926,2.136489759775996
20260909T171030Z_1952d031,NEW12,BTC,leader_gap_100ms,100,0.8,0.0005745472895963707,4062,0.05991467469343539,0.0,0.10216642048252092,0.10275609521565353
20260909T171030Z_1952d031,NEW12,BTC,leader_gap_100ms,200,0.8,0.0005745472895963707,4062,0.07095551590850724,0.0,0.12826193993106844,0.14218743356726934
20260909T171030Z_1952d031,NEW12,BTC,leader_gap_100ms,500,0.8,0.0005745472895963707,4062,0.07971364854758164,0.0,0.16223535204332842,0.2074272282067162
20260909T171030Z_1952d031,NEW12,BTC,leader_gap_100ms,1000,0.8,0.0005745472895963707,4062,0.07939920598893083,0.0,0.20925652387986213,0.2967545732901688
20260909T171030Z_1952d031,NEW12,BTC,leader_gap_100ms,2000,0.8,0.0005745472895963707,2686,0.10477592031283109,0.0,0.2926284437825763,0.4569731292018352
20260909T171030Z_1952d031,NEW12,BTC,leader_gap_100ms,5000,0.8,0.0005745472895963707,1466,0.16091159357189364,0.0,0.39495225102319237,0.7803791320391019
20260909T171030Z_1952d031,NEW12,BTC,leader_gap_100ms,10000,0.8,0.0005745472895963707,851,0.194157995786317,0.0,0.4712103407755582,1.1583547843712014
20260909T171030Z_1952d031,NEW12,BTC,leader_gap_100ms,30000,0.8,0.0005745472895963707,331,0.5635385480336648,0.5211037485786107,0.6132930513595166,2.120763959525185
20260909T171030Z_1952d031,NEW12,BTC,leader_gap_100ms,100,0.9,0.0008822367025225315,3349,0.08026574545116007,0.0,0.13048671245147805,0.13131695704014676
20260909T171030Z_1952d031,NEW12,BTC,leader_gap_100ms,200,0.9,0.0008822367025225315,3349,0.09530073328738892,0.0,0.16213795162735145,0.18029697055067884
20260909T171030Z_1952d031,NEW12,BTC,leader_gap_100ms,500,0.9,0.0008822367025225315,3348,0.11147762209925284,0.0,0.2013142174432497,0.24532506699291695
20260909T171030Z_1952d031,NEW12,BTC,leader_gap_100ms,1000,0.9,0.0008822367025225315,3348,0.12014442941989195,0.0,0.252389486260454,0.33798510187403
20260909T171030Z_1952d031,NEW12,BTC,leader_gap_100ms,2000,0.9,0.0008822367025225315,2413,0.15018430477781955,0.0,0.3257355988396187,0.48590506193159794
20260909T171030Z_1952d031,NEW12,BTC,leader_gap_100ms,5000,0.9,0.0008822367025225315,1402,0.21128216713121764,0.0,0.4108416547788873,0.8015788186210356
20260909T171030Z_1952d031,NEW12,BTC,leader_gap_100ms,10000,0.9,0.0008822367025225315,835,0.2534201763243874,0.0,0.49700598802395207,1.168547790975172
20260909T171030Z_1952d031,NEW12,BTC,leader_gap_100ms,30000,0.9,0.0008822367025225315,329,0.483394083864691,0.5208502053855035,0.6139817629179332,2.0752927489390935
20260909T171030Z_1952d031,NEW12,BTC,leader_gap_100ms,100,0.95,0.105867439686799,2429,0.11352144830995321,0.0,0.16385343762865376,0.17345450313274707
20260909T171030Z_1952d031,NEW12,BTC,leader_gap_100ms,200,0.95,0.105867439686799,2429,0.13814475936205287,0.0,0.19802387813915193,0.2296461968532778
20260909T171030Z_1952d031,NEW12,BTC,leader_gap_100ms,500,0.95,0.105867439686799,2428,0.15291392135528076,0.0,0.24052718286655683,0.3078040489910589
20260909T171030Z_1952d031,NEW12,BTC,leader_gap_100ms,1000,0.95,0.105867439686799,2428,0.16500636773286917,0.0,0.2883031301482702,0.4018338055428771
20260909T171030Z_1952d031,NEW12,BTC,leader_gap_100ms,2000,0.95,0.105867439686799,1890,0.19240086399963932,0.0,0.3603174603174603,0.5621582451104559
20260909T171030Z_1952d031,NEW12,BTC,leader_gap_100ms,5000,0.95,0.105867439686799,1183,0.2371971007909785,0.0,0.4370245139475909,0.8783024725399925
20260909T171030Z_1952d031,NEW12,BTC,leader_gap_100ms,10000,0.95,0.105867439686799,741,0.30448059315118253,0.025373481793433683,0.5060728744939271,1.2267537536321056
20260909T171030Z_1952d031,NEW12,BTC,leader_gap_100ms,30000,0.95,0.105867439686799,312,0.48932263063761045,0.41305093495369594,0.5673076923076923,2.1059985761727282
20260909T171030Z_1952d031,NEW12,BTC,leader_gap_200ms,100,0.8,0.0013146894949402203,3891,0.06287402868086252,0.0,0.10819840657928553,0.10865825953776699
20260909T171030Z_1952d031,NEW12,BTC,leader_gap_200ms,200,0.8,0.0013146894949402203,3891,0.07519033666633952,0.0,0.13595476741197635,0.1494547381892047
20260909T171030Z_1952d031,NEW12,BTC,leader_gap_200ms,500,0.8,0.0013146894949402203,3890,0.08870608230968773,0.0,0.17480719794344474,0.2188920556970489
20260909T171030Z_1952d031,NEW12,BTC,leader_gap_200ms,1000,0.8,0.0013146894949402203,3890,0.10227381911759759,0.0,0.22596401028277635,0.3096235742595066
20260909T171030Z_1952d031,NEW12,BTC,leader_gap_200ms,2000,0.8,0.0013146894949402203,2638,0.11075591100717078,0.0,0.30022744503411675,0.4640324700226379
20260909T171030Z_1952d031,NEW12,BTC,leader_gap_200ms,5000,0.8,0.0013146894949402203,1452,0.20586887220318917,0.0,0.40633608815426997,0.7833499785172343
20260909T171030Z_1952d031,NEW12,BTC,leader_gap_200ms,10000,0.8,0.0013146894949402203,850,0.18796479743847272,0.0,0.48,1.1538887302797665
20260909T171030Z_1952d031,NEW12,BTC,leader_gap_200ms,30000,0.8,0.0013146894949402203,330,0.5848217534565191,0.5027310420635533,0.6060606060606061,2.1140825711051687
20260909T171030Z_1952d031,NEW12,BTC,leader_gap_200ms,100,0.9,0.03438017531955583,2864,0.09567061959228265,0.0,0.14804469273743018,0.15239377444081062
20260909T171030Z_1952d031,NEW12,BTC,leader_gap_200ms,200,0.9,0.03438017531955583,2864,0.11494237810846633,0.0,0.17912011173184358,0.20304288231475046
20260909T171030Z_1952d031,NEW12,BTC,leader_gap_200ms,500,0.9,0.03438017531955583,2863,0.13171958734826292,0.0,0.21969961578763536,0.27685474512996483
20260909T171030Z_1952d031,NEW12,BTC,leader_gap_200ms,1000,0.9,0.03438017531955583,2863,0.1511457806412834,0.0,0.2773314704855047,0.3762507283032115
20260909T171030Z_1952d031,NEW12,BTC,leader_gap_200ms,2000,0.9,0.03438017531955583,2170,0.16582313310134733,0.0,0.3405529953917051,0.5204166503660367
20260909T171030Z_1952d031,NEW12,BTC,leader_gap_200ms,5000,0.9,0.03438017531955583,1298,0.2507628840527553,0.0,0.42449922958397535,0.841326127491256
20260909T171030Z_1952d031,NEW12,BTC,leader_gap_200ms,10000,0.9,0.03438017531955583,795,0.31380385192149174,0.012761800358696007,0.5044025157232704,1.1736667806992958
20260909T171030Z_1952d031,NEW12,BTC,leader_gap_200ms,30000,0.9,0.03438017531955583,319,0.38477890581082774,0.3694910006657448,0.5517241379310345,2.153454288564034
20260909T171030Z_1952d031,NEW12,BTC,leader_gap_200ms,100,0.95,0.22967615123635632,1938,0.13107265388154912,0.0,0.16821465428276575,0.19557885617021808
20260909T171030Z_1952d031,NEW12,BTC,leader_gap_200ms,200,0.95,0.22967615123635632,1938,0.15091285896619805,0.0,0.20072239422084623,0.2534193406662558
20260909T171030Z_1952d031,NEW12,BTC,leader_gap_200ms,500,0.95,0.22967615123635632,1937,0.16212803955146435,0.0,0.2462570986060919,0.3295901469838172
20260909T171030Z_1952d031,NEW12,BTC,leader_gap_200ms,1000,0.95,0.22967615123635632,1937,0.18186079955856824,0.0,0.2927207021166753,0.4203512559243596
20260909T171030Z_1952d031,NEW12,BTC,leader_gap_200ms,2000,0.95,0.22967615123635632,1559,0.18935184364050023,0.0,0.35728030788967285,0.5779004188828833
20260909T171030Z_1952d031,NEW12,BTC,leader_gap_200ms,5000,0.95,0.22967615123635632,1028,0.23745630849463464,0.0,0.46206225680933855,0.9051354347235513
20260909T171030Z_1952d031,NEW12,BTC,leader_gap_200ms,10000,0.95,0.22967615123635632,674,0.19383021182053556,0.0,0.4807121661721068,1.263988794721921
20260909T171030Z_1952d031,NEW12,BTC,leader_gap_200ms,30000,0.95,0.22967615123635632,296,0.32521033941631106,0.12096534479810739,0.5202702702702703,2.131873885238473
20260909T171030Z_1952d031,NEW12,BTC,leader_gap_500ms,100,0.8,0.013862772173217889,3305,0.07657273576728203,0.0,0.12405446293494705,0.12597375489799909
20260909T171030Z_1952d031,NEW12,BTC,leader_gap_500ms,200,0.8,0.013862772173217889,3305,0.09324052137742045,0.0,0.15279878971255673,0.17305707961272596
20260909T171030Z_1952d031,NEW12,BTC,leader_gap_500ms,500,0.8,0.013862772173217889,3304,0.10897671085149846,0.0,0.1937046004842615,0.24251840576350706
20260909T171030Z_1952d031,NEW12,BTC,leader_gap_500ms,1000,0.8,0.013862772173217889,3304,0.12779779122290247,0.0,0.25272397094430993,0.34281520882749233
20260909T171030Z_1952d031,NEW12,BTC,leader_gap_500ms,2000,0.8,0.013862772173217889,2378,0.16014979193214174,0.0,0.32380151387720774,0.49528265657753356
20260909T171030Z_1952d031,NEW12,BTC,leader_gap_500ms,5000,0.8,0.013862772173217889,1366,0.19847544268142872,0.0,0.41215226939970717,0.8134836594133144
20260909T171030Z_1952d031,NEW12,BTC,leader_gap_500ms,10000,0.8,0.013862772173217889,828,0.22854878042768484,0.0,0.4867149758454106,1.1698138154334017
20260909T171030Z_1952d031,NEW12,BTC,leader_gap_500ms,30000,0.8,0.013862772173217889,324,0.2099551480979355,0.24227695167633456,0.558641975308642,2.135511160570063
20260909T171030Z_1952d031,NEW12,BTC,leader_gap_500ms,100,0.9,0.22644056500928805,2129,0.11438475078939928,0.0,0.14889619539689997,0.17045591284701322
20260909T171030Z_1952d031,NEW12,BTC,leader_gap_500ms,200,0.9,0.22644056500928805,2129,0.1341975295909644,0.0,0.18224518553311414,0.22627793490374812
20260909T171030Z_1952d031,NEW12,BTC,leader_gap_500ms,500,0.9,0.22644056500928805,2128,0.14661685598504592,0.0,0.22838345864661655,0.3014649131985672
20260909T171030Z_1952d031,NEW12,BTC,leader_gap_500ms,1000,0.9,0.22644056500928805,2128,0.16881650012304605,0.0,0.28101503759398494,0.40140745818824897
20260909T171030Z_1952d031,NEW12,BTC,leader_gap_500ms,2000,0.9,0.22644056500928805,1671,0.18757279941250815,0.0,0.3500897666068223,0.5577526375930525
20260909T171030Z_1952d031,NEW12,BTC,leader_gap_500ms,5000,0.9,0.22644056500928805,1077,0.22890439265868395,0.0,0.4503249767873723,0.8925645029504169
20260909T171030Z_1952d031,NEW12,BTC,leader_gap_500ms,10000,0.9,0.22644056500928805,695,0.2692178968364363,0.0,0.4935251798561151,1.2360289432743883
20260909T171030Z_1952d031,NEW12,BTC,leader_gap_500ms,30000,0.9,0.22644056500928805,301,0.19994576880368242,0.17830703835208794,0.521594684385382,2.106734750683572
20260909T171030Z_1952d031,NEW12,BTC,leader_gap_500ms,100,0.95,0.4195200533621017,1350,0.1538470033599234,0.0,0.16518518518518518,0.20987067794633327
20260909T171030Z_1952d031,NEW12,BTC,leader_gap_500ms,200,0.95,0.4195200533621017,1350,0.18117156529951103,0.0,0.2,0.2622283339817363
20260909T171030Z_1952d031,NEW12,BTC,leader_gap_500ms,500,0.95,0.4195200533621017,1349,0.1980291327198475,0.0,0.24314306893995552,0.3429187288406655
20260909T171030Z_1952d031,NEW12,BTC,leader_gap_500ms,1000,0.95,0.4195200533621017,1349,0.2244578265415971,0.0,0.2972572275759822,0.43792145032761515
20260909T171030Z_1952d031,NEW12,BTC,leader_gap_500ms,2000,0.95,0.4195200533621017,1150,0.22932811017770094,0.0,0.3582608695652174,0.5881103725942054
20260909T171030Z_1952d031,NEW12,BTC,leader_gap_500ms,5000,0.95,0.4195200533621017,820,0.31440829730019976,0.0,0.48292682926829267,0.9248072974285456
20260909T171030Z_1952d031,NEW12,BTC,leader_gap_500ms,10000,0.95,0.4195200533621017,572,0.24058855270206903,0.0,0.4755244755244755,1.2755055045838883
20260909T171030Z_1952d031,NEW12,BTC,leader_gap_500ms,30000,0.95,0.4195200533621017,269,0.6524890356116,0.5087048945673356,0.5724907063197026,2.201141627740162
20260909T171030Z_1952d031,NEW12,ETH,bitget_ofi,100,0.8,0.410524197721494,4050,0.07548421168652812,0.0,0.13135802469135802,0.0954610087639007
20260909T171030Z_1952d031,NEW12,ETH,bitget_ofi,200,0.8,0.410524197721494,4050,0.11970119203551113,0.0,0.18691358024691357,0.1542649087102353
20260909T171030Z_1952d031,NEW12,ETH,bitget_ofi,500,0.8,0.410524197721494,4049,0.16418175526786954,0.0,0.26055816250926156,0.24043417302314332
20260909T171030Z_1952d031,NEW12,ETH,bitget_ofi,1000,0.8,0.410524197721494,4049,0.205728661805137,0.0,0.333909607310447,0.3615878278371583
20260909T171030Z_1952d031,NEW12,ETH,bitget_ofi,2000,0.8,0.410524197721494,2851,0.23731088051625188,0.0,0.4005612065941775,0.5653356450895313
20260909T171030Z_1952d031,NEW12,ETH,bitget_ofi,5000,0.8,0.410524197721494,1570,0.2812975046471545,0.06035626526568194,0.5165605095541401,0.9460920709868172
20260909T171030Z_1952d031,NEW12,ETH,bitget_ofi,10000,0.8,0.410524197721494,900,0.3509700649994094,0.2008007935855316,0.5422222222222223,1.4177992198543887
20260909T171030Z_1952d031,NEW12,ETH,bitget_ofi,30000,0.8,0.410524197721494,336,0.23167718070779622,0.48280075157891567,0.5476190476190477,2.6696534735327675
20260909T171030Z_1952d031,NEW12,ETH,bitget_ofi,100,0.9,0.8743715401075517,2611,0.10099989782761644,0.0,0.18077364994255074,0.1268442393207346
20260909T171030Z_1952d031,NEW12,ETH,bitget_ofi,200,0.9,0.8743715401075517,2611,0.14882195897491268,0.0,0.24779777862887784,0.19304279689414017
20260909T171030Z_1952d031,NEW12,ETH,bitget_ofi,500,0.9,0.8743715401075517,2610,0.1938140038116144,0.0,0.32413793103448274,0.28890154191113326
20260909T171030Z_1952d031,NEW12,ETH,bitget_ofi,1000,0.9,0.8743715401075517,2610,0.24072369128016205,0.0,0.39233716475095787,0.42224275148073065
20260909T171030Z_1952d031,NEW12,ETH,bitget_ofi,2000,0.9,0.8743715401075517,2017,0.2780181082719773,0.0,0.44719881011403073,0.6181092731519754
20260909T171030Z_1952d031,NEW12,ETH,bitget_ofi,5000,0.9,0.8743715401075517,1265,0.3272974101060205,0.12058919882429464,0.532806324110672,1.014269899193269
20260909T171030Z_1952d031,NEW12,ETH,bitget_ofi,10000,0.9,0.8743715401075517,776,0.4212658009253258,0.4008450305315048,0.5760309278350515,1.4583723578849803
20260909T171030Z_1952d031,NEW12,ETH,bitget_ofi,30000,0.9,0.8743715401075517,318,0.6063551158249894,0.5227861845119586,0.5786163522012578,2.605638178417417
20260909T171030Z_1952d031,NEW12,ETH,bitget_ofi,100,0.95,1.2139494784252907,1591,0.10025375496007465,0.0,0.2023884349465745,0.1471875055285702
20260909T171030Z_1952d031,NEW12,ETH,bitget_ofi,200,0.95,1.2139494784252907,1591,0.16110896925199528,0.0,0.2721558768070396,0.22794157510134572
20260909T171030Z_1952d031,NEW12,ETH,bitget_ofi,500,0.95,1.2139494784252907,1590,0.19705780040280285,0.0,0.33962264150943394,0.32597109530737206
20260909T171030Z_1952d031,NEW12,ETH,bitget_ofi,1000,0.95,1.2139494784252907,1590,0.24062535126970294,0.0,0.4037735849056604,0.46156146365269934
20260909T171030Z_1952d031,NEW12,ETH,bitget_ofi,2000,0.95,1.2139494784252907,1342,0.2838051849045481,0.0,0.46348733233979134,0.6278380597167045
20260909T171030Z_1952d031,NEW12,ETH,bitget_ofi,5000,0.95,1.2139494784252907,949,0.4027681470537964,0.20075604727498586,0.5500526870389885,1.0348729545857185
20260909T171030Z_1952d031,NEW12,ETH,bitget_ofi,10000,0.95,1.2139494784252907,636,0.4626940050695978,0.2819749960625284,0.5660377358490566,1.4708712765476444
20260909T171030Z_1952d031,NEW12,ETH,bitget_ofi,30000,0.95,1.2139494784252907,291,0.6689784933926681,0.40353578050988936,0.5498281786941581,2.5665433684681855
20260909T171030Z_1952d031,NEW12,ETH,bitget_trade_flow,100,0.8,1.0,4105,0.09099657594459723,0.0,0.13836784409257002,0.11797960904130017
20260909T171030Z_1952d031,NEW12,ETH,bitget_trade_flow,200,0.8,1.0,4105,0.11596160126780701,0.0,0.17685749086479902,0.1738034281262445
20260909T171030Z_1952d031,NEW12,ETH,bitget_trade_flow,500,0.8,1.0,4104,0.13238118791149536,0.0,0.23026315789473684,0.2583759142894109
20260909T171030Z_1952d031,NEW12,ETH,bitget_trade_flow,1000,0.8,1.0,4104,0.14822913178007027,0.0,0.2848440545808967,0.3827807169156899
20260909T171030Z_1952d031,NEW12,ETH,bitget_trade_flow,2000,0.8,1.0,2911,0.1633156113167184,0.0,0.35554792167639987,0.5736943811659553
20260909T171030Z_1952d031,NEW12,ETH,bitget_trade_flow,5000,0.8,1.0,1583,0.1604787781886029,0.0,0.4485154769425142,0.9646832347595078
20260909T171030Z_1952d031,NEW12,ETH,bitget_trade_flow,10000,0.8,1.0,914,0.16534063185011294,0.0,0.47921225382932164,1.4231112426178587
20260909T171030Z_1952d031,NEW12,ETH,bitget_trade_flow,30000,0.8,1.0,340,0.33538694751521625,0.06032235801589625,0.5088235294117647,2.586719278953373
20260909T171030Z_1952d031,NEW12,ETH,bitget_trade_flow,100,0.9,1.0,4105,0.09099657594459723,0.0,0.13836784409257002,0.11797960904130017
20260909T171030Z_1952d031,NEW12,ETH,bitget_trade_flow,200,0.9,1.0,4105,0.11596160126780701,0.0,0.17685749086479902,0.1738034281262445
20260909T171030Z_1952d031,NEW12,ETH,bitget_trade_flow,500,0.9,1.0,4104,0.13238118791149536,0.0,0.23026315789473684,0.2583759142894109
20260909T171030Z_1952d031,NEW12,ETH,bitget_trade_flow,1000,0.9,1.0,4104,0.14822913178007027,0.0,0.2848440545808967,0.3827807169156899
20260909T171030Z_1952d031,NEW12,ETH,bitget_trade_flow,2000,0.9,1.0,2911,0.1633156113167184,0.0,0.35554792167639987,0.5736943811659553
20260909T171030Z_1952d031,NEW12,ETH,bitget_trade_flow,5000,0.9,1.0,1583,0.1604787781886029,0.0,0.4485154769425142,0.9646832347595078
20260909T171030Z_1952d031,NEW12,ETH,bitget_trade_flow,10000,0.9,1.0,914,0.16534063185011294,0.0,0.47921225382932164,1.4231112426178587
20260909T171030Z_1952d031,NEW12,ETH,bitget_trade_flow,30000,0.9,1.0,340,0.33538694751521625,0.06032235801589625,0.5088235294117647,2.586719278953373
20260909T171030Z_1952d031,NEW12,ETH,bitget_trade_flow,100,0.95,1.0,4105,0.09099657594459723,0.0,0.13836784409257002,0.11797960904130017
20260909T171030Z_1952d031,NEW12,ETH,bitget_trade_flow,200,0.95,1.0,4105,0.11596160126780701,0.0,0.17685749086479902,0.1738034281262445
20260909T171030Z_1952d031,NEW12,ETH,bitget_trade_flow,500,0.95,1.0,4104,0.13238118791149536,0.0,0.23026315789473684,0.2583759142894109
20260909T171030Z_1952d031,NEW12,ETH,bitget_trade_flow,1000,0.95,1.0,4104,0.14822913178007027,0.0,0.2848440545808967,0.3827807169156899
20260909T171030Z_1952d031,NEW12,ETH,bitget_trade_flow,2000,0.95,1.0,2911,0.1633156113167184,0.0,0.35554792167639987,0.5736943811659553
20260909T171030Z_1952d031,NEW12,ETH,bitget_trade_flow,5000,0.95,1.0,1583,0.1604787781886029,0.0,0.4485154769425142,0.9646832347595078
20260909T171030Z_1952d031,NEW12,ETH,bitget_trade_flow,10000,0.95,1.0,914,0.16534063185011294,0.0,0.47921225382932164,1.4231112426178587
20260909T171030Z_1952d031,NEW12,ETH,bitget_trade_flow,30000,0.95,1.0,340,0.33538694751521625,0.06032235801589625,0.5088235294117647,2.586719278953373
20260909T171030Z_1952d031,NEW12,ETH,depth_imbalance_l1,100,0.8,0.8617164803285604,3445,0.09961169987569274,0.0,0.1462989840348331,0.10794551475297974
20260909T171030Z_1952d031,NEW12,ETH,depth_imbalance_l1,200,0.8,0.8617164803285604,3445,0.14862544680490863,0.0,0.2104499274310595,0.16603312173165857
20260909T171030Z_1952d031,NEW12,ETH,depth_imbalance_l1,500,0.8,0.8617164803285604,3445,0.22138988016497316,0.0,0.2899854862119013,0.26583840678645726
20260909T171030Z_1952d031,NEW12,ETH,depth_imbalance_l1,1000,0.8,0.8617164803285604,3445,0.31288720576752854,0.0,0.38142235123367196,0.3966182475557475
20260909T171030Z_1952d031,NEW12,ETH,depth_imbalance_l1,2000,0.8,0.8617164803285604,2289,0.423740702015466,0.0,0.4954128440366973,0.6151548707119802
20260909T171030Z_1952d031,NEW12,ETH,depth_imbalance_l1,5000,0.8,0.8617164803285604,1298,0.4561901344097423,0.36169418330178615,0.5970724191063174,1.0240725135249826
20260909T171030Z_1952d031,NEW12,ETH,depth_imbalance_l1,10000,0.8,0.8617164803285604,800,0.5181950065621096,0.5218991240019122,0.6075,1.478826757924938
20260909T171030Z_1952d031,NEW12,ETH,depth_imbalance_l1,30000,0.8,0.8617164803285604,318,0.45918014239714716,0.4634660516672495,0.5566037735849056,2.5440655830439973
20260909T171030Z_1952d031,NEW12,ETH,depth_imbalance_l1,100,0.9,0.9704948301675154,2000,0.12263971517577965,0.0,0.179,0.1385483023832923
20260909T171030Z_1952d031,NEW12,ETH,depth_imbalance_l1,200,0.9,0.9704948301675154,2000,0.17879578196516366,0.0,0.243,0.19460574683482224
20260909T171030Z_1952d031,NEW12,ETH,depth_imbalance_l1,500,0.9,0.9704948301675154,2000,0.2638465096597009,0.0,0.3365,0.3032181916174592
20260909T171030Z_1952d031,NEW12,ETH,depth_imbalance_l1,1000,0.9,0.9704948301675154,2000,0.36532658634992665,0.0,0.43,0.4493507966117937
20260909T171030Z_1952d031,NEW12,ETH,depth_imbalance_l1,2000,0.9,0.9704948301675154,1437,0.4840157286945992,0.2007447630703041,0.5421016005567154,0.6663733408995224
20260909T171030Z_1952d031,NEW12,ETH,depth_imbalance_l1,5000,0.9,0.9704948301675154,917,0.5951395911876073,0.5215301695171703,0.6412213740458015,1.0980395935578817
20260909T171030Z_1952d031,NEW12,ETH,depth_imbalance_l1,10000,0.9,0.9704948301675154,632,0.6023098969875973,0.5646629913913515,0.629746835443038,1.5092066020815982
20260909T171030Z_1952d031,NEW12,ETH,depth_imbalance_l1,30000,0.9,0.9704948301675154,287,0.45097388579818093,0.5237890902787257,0.5958188153310104,2.5906421097946226
20260909T171030Z_1952d031,NEW12,ETH,depth_imbalance_l1,100,0.95,0.9967927675057898,1074,0.13531792139419133,0.0,0.1908752327746741,0.1430477252147825
20260909T171030Z_1952d031,NEW12,ETH,depth_imbalance_l1,200,0.95,0.9967927675057898,1074,0.19477776185822318,0.0,0.25512104283054005,0.20513644409345652
20260909T171030Z_1952d031,NEW12,ETH,depth_imbalance_l1,500,0.95,0.9967927675057898,1074,0.2940043202054569,0.0,0.34916201117318435,0.32536769906012664
20260909T171030Z_1952d031,NEW12,ETH,depth_imbalance_l1,1000,0.95,0.9967927675057898,1074,0.4012438106238283,0.0,0.43947858472998136,0.4649633244949102
20260909T171030Z_1952d031,NEW12,ETH,depth_imbalance_l1,2000,0.95,0.9967927675057898,806,0.5126954084951617,0.20145896599155222,0.5471464019851117,0.6678179230477986
20260909T171030Z_1952d031,NEW12,ETH,depth_imbalance_l1,5000,0.95,0.9967927675057898,571,0.6197463883128603,0.5225216896742602,0.6444833625218914,1.0922775404209335
20260909T171030Z_1952d031,NEW12,ETH,depth_imbalance_l1,10000,0.95,0.9967927675057898,440,0.6582854624604647,0.6432110913517919,0.6681818181818182,1.5448628328099578
20260909T171030Z_1952d031,NEW12,ETH,depth_imbalance_l1,30000,0.95,0.9967927675057898,241,0.07563657081070482,0.5207801286322145,0.5767634854771784,2.6379235229055946
20260909T171030Z_1952d031,NEW12,ETH,depth_imbalance_l5,100,0.8,0.7110902285835369,3540,0.08611874643777134,0.0,0.1248587570621469,0.09406775876457402
20260909T171030Z_1952d031,NEW12,ETH,depth_imbalance_l5,200,0.8,0.7110902285835369,3540,0.12904617423074272,0.0,0.18022598870056497,0.14348405540346879
20260909T171030Z_1952d031,NEW12,ETH,depth_imbalance_l5,500,0.8,0.7110902285835369,3540,0.18924557280992518,0.0,0.26045197740112996,0.23700496455293238
20260909T171030Z_1952d031,NEW12,ETH,depth_imbalance_l5,1000,0.8,0.7110902285835369,3540,0.2623467623237574,0.0,0.35112994350282484,0.3749772925662974
20260909T171030Z_1952d031,NEW12,ETH,depth_imbalance_l5,2000,0.8,0.7110902285835369,2330,0.36072921200478525,0.0,0.45622317596566525,0.5884261469942784
20260909T171030Z_1952d031,NEW12,ETH,depth_imbalance_l5,5000,0.8,0.7110902285835369,1318,0.4822956120076706,0.3213677487939881,0.590288315629742,0.9797166218120198
20260909T171030Z_1952d031,NEW12,ETH,depth_imbalance_l5,10000,0.8,0.7110902285835369,808,0.4934913401027574,0.44149162823414745,0.5928217821782178,1.4098848179017969
20260909T171030Z_1952d031,NEW12,ETH,depth_imbalance_l5,30000,0.8,0.7110902285835369,318,0.29791697927869076,0.7024965081392498,0.60062893081761,2.5448044049370893
20260909T171030Z_1952d031,NEW12,ETH,depth_imbalance_l5,100,0.9,0.8403579699543491,2134,0.11800227892047217,0.0,0.16776007497656983,0.13195401700210324
20260909T171030Z_1952d031,NEW12,ETH,depth_imbalance_l5,200,0.9,0.8403579699543491,2134,0.16889602795047803,0.0,0.2310215557638238,0.1871184402766938
20260909T171030Z_1952d031,NEW12,ETH,depth_imbalance_l5,500,0.9,0.8403579699543491,2133,0.2405291798161427,0.0,0.3061415846225973,0.28816631090244665
20260909T171030Z_1952d031,NEW12,ETH,depth_imbalance_l5,1000,0.9,0.8403579699543491,2133,0.32465939367123875,0.0,0.4017815283638069,0.42586302759558164
20260909T171030Z_1952d031,NEW12,ETH,depth_imbalance_l5,2000,0.9,0.8403579699543491,1537,0.41626861145193456,0.0,0.4990240728692258,0.6428836601434256
20260909T171030Z_1952d031,NEW12,ETH,depth_imbalance_l5,5000,0.9,0.8403579699543491,986,0.5208680901550378,0.3623603553654098,0.6105476673427992,1.047900462633569
20260909T171030Z_1952d031,NEW12,ETH,depth_imbalance_l5,10000,0.9,0.8403579699543491,661,0.5461232322636332,0.5631366712588459,0.6217851739788199,1.5128015412419944
20260909T171030Z_1952d031,NEW12,ETH,depth_imbalance_l5,30000,0.9,0.8403579699543491,294,0.5183174086745347,0.40073735999457405,0.5850340136054422,2.4901325178218254
20260909T171030Z_1952d031,NEW12,ETH,depth_imbalance_l5,100,0.95,0.9202110121991427,1205,0.13808081605925554,0.0,0.1933609958506224,0.15532678970729552
20260909T171030Z_1952d031,NEW12,ETH,depth_imbalance_l5,200,0.95,0.9202110121991427,1205,0.20599136914464397,0.0,0.2713692946058091,0.22750725382590062
20260909T171030Z_1952d031,NEW12,ETH,depth_imbalance_l5,500,0.95,0.9202110121991427,1205,0.29862938802613154,0.0,0.36016597510373444,0.34211848883085855
20260909T171030Z_1952d031,NEW12,ETH,depth_imbalance_l5,1000,0.95,0.9202110121991427,1205,0.3965173168116897,0.0,0.4473029045643154,0.4920648041294232
20260909T171030Z_1952d031,NEW12,ETH,depth_imbalance_l5,2000,0.95,0.9202110121991427,925,0.4730807287802045,0.12078486002153888,0.5264864864864864,0.6923239148301643
20260909T171030Z_1952d031,NEW12,ETH,depth_imbalance_l5,5000,0.95,0.9202110121991427,661,0.6013486776656223,0.4851827218343985,0.6444780635400907,1.0851000751626116
20260909T171030Z_1952d031,NEW12,ETH,depth_imbalance_l5,10000,0.95,0.9202110121991427,481,0.6900053453424044,0.6818368685213017,0.6361746361746362,1.5393336065507135
20260909T171030Z_1952d031,NEW12,ETH,depth_imbalance_l5,30000,0.95,0.9202110121991427,247,0.5222279146133741,0.5666857585784335,0.5951417004048583,2.6079561607480084
20260909T171030Z_1952d031,NEW12,ETH,external_ofi,100,0.8,0.08731114510251169,6068,0.0806182888547709,0.0,0.11898483849703362,0.09122883734620735
20260909T171030Z_1952d031,NEW12,ETH,external_ofi,200,0.8,0.08731114510251169,6068,0.11687571010756705,0.0,0.16809492419248517,0.14045557565821806
20260909T171030Z_1952d031,NEW12,ETH,external_ofi,500,0.8,0.08731114510251169,6068,0.16090064670377552,0.0,0.238134475939354,0.2289091259826625
20260909T171030Z_1952d031,NEW12,ETH,external_ofi,1000,0.8,0.08731114510251169,6067,0.20976227789596788,0.0,0.31036756222185596,0.3470598058643334
20260909T171030Z_1952d031,NEW12,ETH,external_ofi,2000,0.8,0.08731114510251169,3808,0.24720662650563816,0.0,0.38813025210084034,0.5333900441484115
20260909T171030Z_1952d031,NEW12,ETH,external_ofi,5000,0.8,0.08731114510251169,1826,0.28882106081402636,0.0,0.48576122672508215,0.9483417587330266
20260909T171030Z_1952d031,NEW12,ETH,external_ofi,10000,0.8,0.08731114510251169,983,0.4147359214514017,0.24086857206895296,0.5473041709053916,1.3926115706257929
20260909T171030Z_1952d031,NEW12,ETH,external_ofi,30000,0.8,0.08731114510251169,349,0.4984010867577657,0.20145084901557198,0.5243553008595988,2.658316388964565
20260909T171030Z_1952d031,NEW12,ETH,external_ofi,100,0.9,0.26690464534958247,4001,0.13701273072328873,0.0,0.1989502624343914,0.15020532323734953
20260909T171030Z_1952d031,NEW12,ETH,external_ofi,200,0.9,0.26690464534958247,4001,0.19202514737463194,0.0,0.2616845788552862,0.21764020063159498
20260909T171030Z_1952d031,NEW12,ETH,external_ofi,500,0.9,0.26690464534958247,4001,0.24897103037562177,0.0,0.33916520869782557,0.31393520620141957
20260909T171030Z_1952d031,NEW12,ETH,external_ofi,1000,0.9,0.26690464534958247,4000,0.3060545828191849,0.0,0.402,0.44254548709840885
20260909T171030Z_1952d031,NEW12,ETH,external_ofi,2000,0.9,0.26690464534958247,2827,0.35745247950857145,0.0,0.45560665015917934,0.6247912971458818
20260909T171030Z_1952d031,NEW12,ETH,external_ofi,5000,0.9,0.26690464534958247,1569,0.4353430782068805,0.1614436289298915,0.5366475462077757,0.9879394104989481
20260909T171030Z_1952d031,NEW12,ETH,external_ofi,10000,0.9,0.26690464534958247,898,0.5585743636226163,0.4007469941463837,0.5835189309576837,1.5010723455018011
20260909T171030Z_1952d031,NEW12,ETH,external_ofi,30000,0.9,0.26690464534958247,334,0.4087963372397581,0.5222456589037971,0.5568862275449101,2.6984624998760385
20260909T171030Z_1952d031,NEW12,ETH,external_ofi,100,0.95,0.5702991535453404,2515,0.21939777816116796,0.0,0.29463220675944335,0.23568297277868488
20260909T171030Z_1952d031,NEW12,ETH,external_ofi,200,0.95,0.5702991535453404,2515,0.3018253359768111,0.0,0.3669980119284294,0.3348906556970085
20260909T171030Z_1952d031,NEW12,ETH,external_ofi,500,0.95,0.5702991535453404,2515,0.3604288980158692,0.0,0.4302186878727634,0.4349059450265114
20260909T171030Z_1952d031,NEW12,ETH,external_ofi,1000,0.95,0.5702991535453404,2514,0.4078160587340929,0.0,0.48727128082736676,0.556747339558605
20260909T171030Z_1952d031,NEW12,ETH,external_ofi,2000,0.95,0.5702991535453404,1944,0.46130100919974276,0.12057926278341569,0.5236625514403292,0.7431569853190503
20260909T171030Z_1952d031,NEW12,ETH,external_ofi,5000,0.95,0.5702991535453404,1227,0.5489959229783908,0.36209362534234124,0.5998370008149959,1.0959611641927252
20260909T171030Z_1952d031,NEW12,ETH,external_ofi,10000,0.95,0.5702991535453404,776,0.6610017103424568,0.5025902978039731,0.6069587628865979,1.5409529641246258
20260909T171030Z_1952d031,NEW12,ETH,external_ofi,30000,0.95,0.5702991535453404,314,0.513950639393585,0.5331129827612635,0.5764331210191083,2.71547676396911
20260909T171030Z_1952d031,NEW12,ETH,external_trade_flow,100,0.8,1.0,9255,0.01469117777979909,0.0,0.033711507293354946,0.03190483816739827
20260909T171030Z_1952d031,NEW12,ETH,external_trade_flow,200,0.8,1.0,9255,0.020900299223192444,0.0,0.05456509994597515,0.0607072525379399
20260909T171030Z_1952d031,NEW12,ETH,external_trade_flow,500,0.8,1.0,9255,0.02710409813331543,0.0,0.10513236088600757,0.14044473891056236
20260909T171030Z_1952d031,NEW12,ETH,external_trade_flow,1000,0.8,1.0,9254,0.04112381223416924,0.0,0.1687918737843095,0.24696915993986143
20260909T171030Z_1952d031,NEW12,ETH,external_trade_flow,2000,0.8,1.0,4984,0.0372776461144105,0.0,0.25020064205457465,0.4381287886352346
20260909T171030Z_1952d031,NEW12,ETH,external_trade_flow,5000,0.8,1.0,2091,0.06425019321408153,0.0,0.37589670014347204,0.8566309592514582
20260909T171030Z_1952d031,NEW12,ETH,external_trade_flow,10000,0.8,1.0,1062,0.1900515656041253,0.0,0.4905838041431262,1.338640465329226
20260909T171030Z_1952d031,NEW12,ETH,external_trade_flow,30000,0.8,1.0,357,-0.2743823488923652,-0.4010885543359599,0.4425770308123249,2.66484266149702
20260909T171030Z_1952d031,NEW12,ETH,external_trade_flow,100,0.9,1.0,9255,0.01469117777979909,0.0,0.033711507293354946,0.03190483816739827
20260909T171030Z_1952d031,NEW12,ETH,external_trade_flow,200,0.9,1.0,9255,0.020900299223192444,0.0,0.05456509994597515,0.0607072525379399
20260909T171030Z_1952d031,NEW12,ETH,external_trade_flow,500,0.9,1.0,9255,0.02710409813331543,0.0,0.10513236088600757,0.14044473891056236
20260909T171030Z_1952d031,NEW12,ETH,external_trade_flow,1000,0.9,1.0,9254,0.04112381223416924,0.0,0.1687918737843095,0.24696915993986143
20260909T171030Z_1952d031,NEW12,ETH,external_trade_flow,2000,0.9,1.0,4984,0.0372776461144105,0.0,0.25020064205457465,0.4381287886352346
20260909T171030Z_1952d031,NEW12,ETH,external_trade_flow,5000,0.9,1.0,2091,0.06425019321408153,0.0,0.37589670014347204,0.8566309592514582
20260909T171030Z_1952d031,NEW12,ETH,external_trade_flow,10000,0.9,1.0,1062,0.1900515656041253,0.0,0.4905838041431262,1.338640465329226
20260909T171030Z_1952d031,NEW12,ETH,external_trade_flow,30000,0.9,1.0,357,-0.2743823488923652,-0.4010885543359599,0.4425770308123249,2.66484266149702
20260909T171030Z_1952d031,NEW12,ETH,external_trade_flow,100,0.95,1.0,9255,0.01469117777979909,0.0,0.033711507293354946,0.03190483816739827
20260909T171030Z_1952d031,NEW12,ETH,external_trade_flow,200,0.95,1.0,9255,0.020900299223192444,0.0,0.05456509994597515,0.0607072525379399
20260909T171030Z_1952d031,NEW12,ETH,external_trade_flow,500,0.95,1.0,9255,0.02710409813331543,0.0,0.10513236088600757,0.14044473891056236
20260909T171030Z_1952d031,NEW12,ETH,external_trade_flow,1000,0.95,1.0,9254,0.04112381223416924,0.0,0.1687918737843095,0.24696915993986143
20260909T171030Z_1952d031,NEW12,ETH,external_trade_flow,2000,0.95,1.0,4984,0.0372776461144105,0.0,0.25020064205457465,0.4381287886352346
20260909T171030Z_1952d031,NEW12,ETH,external_trade_flow,5000,0.95,1.0,2091,0.06425019321408153,0.0,0.37589670014347204,0.8566309592514582
20260909T171030Z_1952d031,NEW12,ETH,external_trade_flow,10000,0.95,1.0,1062,0.1900515656041253,0.0,0.4905838041431262,1.338640465329226
20260909T171030Z_1952d031,NEW12,ETH,external_trade_flow,30000,0.95,1.0,357,-0.2743823488923652,-0.4010885543359599,0.4425770308123249,2.66484266149702
20260909T171030Z_1952d031,NEW12,ETH,fair_accel_100ms,100,0.8,9.561919353135234e-07,4513,0.1009422551129982,0.0,0.14491469089297584,0.12370574983194271
20260909T171030Z_1952d031,NEW12,ETH,fair_accel_100ms,200,0.8,9.561919353135234e-07,4513,0.12994187472743401,0.0,0.18524263239530245,0.17240536189481453
20260909T171030Z_1952d031,NEW12,ETH,fair_accel_100ms,500,0.8,9.561919353135234e-07,4513,0.17266421386603836,0.0,0.25437624639929096,0.26529212162631644
20260909T171030Z_1952d031,NEW12,ETH,fair_accel_100ms,1000,0.8,9.561919353135234e-07,4512,0.2081473030349989,0.0,0.32269503546099293,0.38819756412608714
20260909T171030Z_1952d031,NEW12,ETH,fair_accel_100ms,2000,0.8,9.561919353135234e-07,3050,0.2555924342583019,0.0,0.3918032786885246,0.5716957722629519
20260909T171030Z_1952d031,NEW12,ETH,fair_accel_100ms,5000,0.8,9.561919353135234e-07,1615,0.32079968015243493,0.040206096449946216,0.5040247678018576,0.9764938428527241
20260909T171030Z_1952d031,NEW12,ETH,fair_accel_100ms,10000,0.8,9.561919353135234e-07,907,0.4441153928237166,0.2404438593661684,0.5479603087100331,1.4597615650918374
20260909T171030Z_1952d031,NEW12,ETH,fair_accel_100ms,30000,0.8,9.561919353135234e-07,339,0.5138839801276643,0.5220327957045079,0.5486725663716814,2.63064188542744
20260909T171030Z_1952d031,NEW12,ETH,fair_accel_100ms,100,0.9,0.08318759051648891,3101,0.1605548579981349,0.0,0.21025475653015158,0.18062735455313095
20260909T171030Z_1952d031,NEW12,ETH,fair_accel_100ms,200,0.9,0.08318759051648891,3101,0.21004636854121447,0.0,0.26217349242179944,0.25028445985430353
20260909T171030Z_1952d031,NEW12,ETH,fair_accel_100ms,500,0.9,0.08318759051648891,3101,0.24668020219747605,0.0,0.3305385359561432,0.34503315973248233
20260909T171030Z_1952d031,NEW12,ETH,fair_accel_100ms,1000,0.9,0.08318759051648891,3100,0.278465045982211,0.0,0.3903225806451613,0.47118390597022514
20260909T171030Z_1952d031,NEW12,ETH,fair_accel_100ms,2000,0.9,0.08318759051648891,2293,0.3349464137608913,0.0,0.44657653728739644,0.6591190770439919
20260909T171030Z_1952d031,NEW12,ETH,fair_accel_100ms,5000,0.9,0.08318759051648891,1363,0.44845441587662505,0.20072300426221545,0.5465884079236977,1.0152662008977291
20260909T171030Z_1952d031,NEW12,ETH,fair_accel_100ms,10000,0.9,0.08318759051648891,818,0.4628622429710884,0.24160383614080239,0.5623471882640587,1.465528223291107
20260909T171030Z_1952d031,NEW12,ETH,fair_accel_100ms,30000,0.9,0.08318759051648891,325,0.2641006118230141,0.20145084901557198,0.5292307692307693,2.7633353247563814
20260909T171030Z_1952d031,NEW12,ETH,fair_accel_100ms,100,0.95,0.2278702706249106,2002,0.2279132056035751,0.0,0.2822177822177822,0.253317780027416
20260909T171030Z_1952d031,NEW12,ETH,fair_accel_100ms,200,0.95,0.2278702706249106,2002,0.2975276540135146,0.0,0.34415584415584416,0.345735075021975
20260909T171030Z_1952d031,NEW12,ETH,fair_accel_100ms,500,0.95,0.2278702706249106,2001,0.33467836176014654,0.0,0.4027986006996502,0.4452566123339595
20260909T171030Z_1952d031,NEW12,ETH,fair_accel_100ms,1000,0.95,0.2278702706249106,2001,0.35645763236409855,0.0,0.45377311344327836,0.5686984620971167
20260909T171030Z_1952d031,NEW12,ETH,fair_accel_100ms,2000,0.95,0.2278702706249106,1605,0.4403198371820247,0.04016201356371596,0.5046728971962616,0.7576643063905774
20260909T171030Z_1952d031,NEW12,ETH,fair_accel_100ms,5000,0.95,0.2278702706249106,1080,0.5071531213713687,0.241818966510432,0.5805555555555556,1.1031862475002083
20260909T171030Z_1952d031,NEW12,ETH,fair_accel_100ms,10000,0.95,0.2278702706249106,709,0.6206887997148651,0.4836145350362031,0.5867418899858956,1.5483899206517766
20260909T171030Z_1952d031,NEW12,ETH,fair_accel_100ms,30000,0.95,0.2278702706249106,305,0.47714520415595835,0.5213732972653151,0.5901639344262295,2.6183641537178413
20260909T171030Z_1952d031,NEW12,ETH,fair_gap_reversion,100,0.8,0.48036793381900367,2886,0.09263447474759468,0.0,0.10083160083160084,0.1297980013356283
20260909T171030Z_1952d031,NEW12,ETH,fair_gap_reversion,200,0.8,0.48036793381900367,2886,0.11297907237625414,0.0,0.13097713097713098,0.1843728954412219
20260909T171030Z_1952d031,NEW12,ETH,fair_gap_reversion,500,0.8,0.48036793381900367,2885,0.14073833324073584,0.0,0.1996533795493934,0.2703488091755561
20260909T171030Z_1952d031,NEW12,ETH,fair_gap_reversion,1000,0.8,0.48036793381900367,2885,0.17424141342120242,0.0,0.27902946273830154,0.393154501358578
20260909T171030Z_1952d031,NEW12,ETH,fair_gap_reversion,2000,0.8,0.48036793381900367,1829,0.2517902876423765,0.0,0.39748496446145437,0.6478137753291271
20260909T171030Z_1952d031,NEW12,ETH,fair_gap_reversion,5000,0.8,0.48036793381900367,1054,0.3247029463609048,0.08047852831205571,0.5161290322580645,1.0773139477650393
20260909T171030Z_1952d031,NEW12,ETH,fair_gap_reversion,10000,0.8,0.48036793381900367,683,0.3496994707688954,0.3614857062528287,0.5592972181551976,1.5478026561433162
20260909T171030Z_1952d031,NEW12,ETH,fair_gap_reversion,30000,0.8,0.48036793381900367,295,0.32412625052915567,0.44221194414495457,0.5559322033898305,2.658482679017893
20260909T171030Z_1952d031,NEW12,ETH,fair_gap_reversion,100,0.9,0.6277931502278732,1608,0.14558087284072857,0.0,0.13619402985074627,0.1921714572868395
20260909T171030Z_1952d031,NEW12,ETH,fair_gap_reversion,200,0.9,0.6277931502278732,1608,0.1737834848530843,0.0,0.1691542288557214,0.2545303652933854
20260909T171030Z_1952d031,NEW12,ETH,fair_gap_reversion,500,0.9,0.6277931502278732,1607,0.20971595361307546,0.0,0.24144368388301182,0.3353462820066825
20260909T171030Z_1952d031,NEW12,ETH,fair_gap_reversion,1000,0.9,0.6277931502278732,1607,0.25477778477723184,0.0,0.31611698817672684,0.4595027145712235
20260909T171030Z_1952d031,NEW12,ETH,fair_gap_reversion,2000,0.9,0.6277931502278732,1084,0.3554370318067156,0.0,0.4345018450184502,0.7269670976421412
20260909T171030Z_1952d031,NEW12,ETH,fair_gap_reversion,5000,0.9,0.6277931502278732,721,0.4501362503384928,0.28322021383031526,0.5644937586685159,1.1248027736277084
20260909T171030Z_1952d031,NEW12,ETH,fair_gap_reversion,10000,0.9,0.6277931502278732,502,0.33846798337715606,0.40361395971411085,0.5936254980079682,1.5642114420926738
20260909T171030Z_1952d031,NEW12,ETH,fair_gap_reversion,30000,0.9,0.6277931502278732,259,0.4777354804111098,0.6436779759544375,0.5945945945945946,2.725921707966718
20260909T171030Z_1952d031,NEW12,ETH,fair_gap_reversion,100,0.95,0.7709941127128639,889,0.23139388378959455,0.0,0.19572553430821146,0.28209879260911686
20260909T171030Z_1952d031,NEW12,ETH,fair_gap_reversion,200,0.95,0.7709941127128639,889,0.2570637795535035,0.0,0.23172103487064116,0.3503176960549215
20260909T171030Z_1952d031,NEW12,ETH,fair_gap_reversion,500,0.95,0.7709941127128639,889,0.30376842802596365,0.0,0.2992125984251969,0.42700550172025986
20260909T171030Z_1952d031,NEW12,ETH,fair_gap_reversion,1000,0.95,0.7709941127128639,889,0.3552310633106493,0.0,0.36220472440944884,0.5508622863293601
20260909T171030Z_1952d031,NEW12,ETH,fair_gap_reversion,2000,0.95,0.7709941127128639,635,0.44416709986738045,0.0,0.48661417322834644,0.8384551763373017
20260909T171030Z_1952d031,NEW12,ETH,fair_gap_reversion,5000,0.95,0.7709941127128639,447,0.5360780218021476,0.40333395850078446,0.5928411633109619,1.2037465902915043
20260909T171030Z_1952d031,NEW12,ETH,fair_gap_reversion,10000,0.95,0.7709941127128639,355,0.5820341073725175,0.522194260281772,0.6056338028169014,1.692991818699547
20260909T171030Z_1952d031,NEW12,ETH,fair_gap_reversion,30000,0.95,0.7709941127128639,208,0.7454068730766225,0.6052388963007083,0.5961538461538461,2.8445855946762792
20260909T171030Z_1952d031,NEW12,ETH,leader_gap_1000ms,100,0.8,0.30566316825914025,3289,0.07202323959974108,0.0,0.10975980541197933,0.12582806985356645
20260909T171030Z_1952d031,NEW12,ETH,leader_gap_1000ms,200,0.8,0.30566316825914025,3289,0.08024611382671924,0.0,0.144116752812405,0.18586849774688802
20260909T171030Z_1952d031,NEW12,ETH,leader_gap_1000ms,500,0.8,0.30566316825914025,3288,0.10019399914141103,0.0,0.21289537712895376,0.28807090173489336
20260909T171030Z_1952d031,NEW12,ETH,leader_gap_1000ms,1000,0.8,0.30566316825914025,3288,0.1250577193397029,0.0,0.2864963503649635,0.42455062729352777
20260909T171030Z_1952d031,NEW12,ETH,leader_gap_1000ms,2000,0.8,0.30566316825914025,2244,0.2016780507201943,0.0,0.3805704099821747,0.6469673194024569
20260909T171030Z_1952d031,NEW12,ETH,leader_gap_1000ms,5000,0.8,0.30566316825914025,1336,0.23289331596418592,0.0,0.49101796407185627,1.0278562645572697
20260909T171030Z_1952d031,NEW12,ETH,leader_gap_1000ms,10000,0.8,0.30566316825914025,814,0.1538949975435021,0.04020779401481267,0.5085995085995086,1.4519422226506877
20260909T171030Z_1952d031,NEW12,ETH,leader_gap_1000ms,30000,0.8,0.30566316825914025,325,0.4675242274439897,0.3617370613695492,0.5446153846153846,2.655274040316735
20260909T171030Z_1952d031,NEW12,ETH,leader_gap_1000ms,100,0.9,0.5270371694114174,2017,0.11131246164926055,0.0,0.1383242439266237,0.16703958546371814
20260909T171030Z_1952d031,NEW12,ETH,leader_gap_1000ms,200,0.9,0.5270371694114174,2017,0.131783908076239,0.0,0.1715418939018344,0.23105508437999756
20260909T171030Z_1952d031,NEW12,ETH,leader_gap_1000ms,500,0.9,0.5270371694114174,2016,0.15114087309112917,0.0,0.24503968253968253,0.3305651598522412
20260909T171030Z_1952d031,NEW12,ETH,leader_gap_1000ms,1000,0.9,0.5270371694114174,2016,0.17230345459394358,0.0,0.30952380952380953,0.46709415459289155
20260909T171030Z_1952d031,NEW12,ETH,leader_gap_1000ms,2000,0.9,0.5270371694114174,1525,0.2664915339187204,0.0,0.4242622950819672,0.7115800826891868
20260909T171030Z_1952d031,NEW12,ETH,leader_gap_1000ms,5000,0.9,0.5270371694114174,1006,0.30626246625194664,0.12046765937134829,0.5159045725646123,1.0914364256938556
20260909T171030Z_1952d031,NEW12,ETH,leader_gap_1000ms,10000,0.9,0.5270371694114174,679,0.31577043613609806,0.2007987775376474,0.5478645066273933,1.5311980864740649
20260909T171030Z_1952d031,NEW12,ETH,leader_gap_1000ms,30000,0.9,0.5270371694114174,297,0.18565400357438497,0.04011722252617034,0.5050505050505051,2.513572432325827
20260909T171030Z_1952d031,NEW12,ETH,leader_gap_1000ms,100,0.95,0.7247146543525471,1229,0.1751570042287321,0.0,0.16842961757526445,0.2327124037768138
20260909T171030Z_1952d031,NEW12,ETH,leader_gap_1000ms,200,0.95,0.7247146543525471,1229,0.19580798816897416,0.0,0.20341741253051263,0.31358065680852354
20260909T171030Z_1952d031,NEW12,ETH,leader_gap_1000ms,500,0.95,0.7247146543525471,1228,0.23951376560461127,0.0,0.2907166123778502,0.40681971738135286
20260909T171030Z_1952d031,NEW12,ETH,leader_gap_1000ms,1000,0.95,0.7247146543525471,1228,0.2575124967522288,0.0,0.3542345276872964,0.542926512089263
20260909T171030Z_1952d031,NEW12,ETH,leader_gap_1000ms,2000,0.95,0.7247146543525471,981,0.3306606605745461,0.0,0.4434250764525994,0.7708122011811014
20260909T171030Z_1952d031,NEW12,ETH,leader_gap_1000ms,5000,0.95,0.7247146543525471,720,0.4377347007150598,0.2010276473146666,0.5402777777777777,1.1472625009139794
20260909T171030Z_1952d031,NEW12,ETH,leader_gap_1000ms,10000,0.95,0.7247146543525471,529,0.4694711454779005,0.32131804662660635,0.5727788279773157,1.5417955909022774
20260909T171030Z_1952d031,NEW12,ETH,leader_gap_1000ms,30000,0.95,0.7247146543525471,258,0.23366911505567092,0.21145642615905125,0.5232558139534884,2.694317879902282
20260909T171030Z_1952d031,NEW12,ETH,leader_gap_100ms,100,0.8,0.0006891717266624652,4650,0.054094947238411,0.0,0.10731182795698925,0.12144185355963483
20260909T171030Z_1952d031,NEW12,ETH,leader_gap_100ms,200,0.8,0.0006891717266624652,4650,0.060015140984659196,0.0,0.13870967741935483,0.17165727862014116
20260909T171030Z_1952d031,NEW12,ETH,leader_gap_100ms,500,0.8,0.0006891717266624652,4650,0.07662347520018557,0.0,0.19268817204301075,0.2633815674943572
20260909T171030Z_1952d031,NEW12,ETH,leader_gap_100ms,1000,0.8,0.0006891717266624652,4649,0.08298933559562734,0.0,0.25424822542482256,0.38785934438649533
20260909T171030Z_1952d031,NEW12,ETH,leader_gap_100ms,2000,0.8,0.0006891717266624652,3086,0.12295374419342044,0.0,0.3402462734931951,0.576028512554723
20260909T171030Z_1952d031,NEW12,ETH,leader_gap_100ms,5000,0.8,0.0006891717266624652,1621,0.12662970528470474,0.0,0.4447871684145589,0.9775794844137505
20260909T171030Z_1952d031,NEW12,ETH,leader_gap_100ms,10000,0.8,0.0006891717266624652,911,0.24616697891108172,0.0811064542483031,0.5159165751920965,1.459275487095231
20260909T171030Z_1952d031,NEW12,ETH,leader_gap_100ms,30000,0.8,0.0006891717266624652,338,-0.2206530665775189,-0.14077167781623157,0.47633136094674555,2.63271101532244
20260909T171030Z_1952d031,NEW12,ETH,leader_gap_100ms,100,0.9,0.013777409214597197,4029,0.07312428150733674,0.0,0.13229089103996028,0.14553732610311768
20260909T171030Z_1952d031,NEW12,ETH,leader_gap_100ms,200,0.9,0.013777409214597197,4029,0.08533491425165612,0.0,0.16703896748572847,0.20273665740710703
20260909T171030Z_1952d031,NEW12,ETH,leader_gap_100ms,500,0.9,0.013777409214597197,4029,0.10877519929039846,0.0,0.22685529908165797,0.29321635571485843
20260909T171030Z_1952d031,NEW12,ETH,leader_gap_100ms,1000,0.9,0.013777409214597197,4028,0.12819100921780538,0.0,0.2929493545183714,0.4194707406502866
20260909T171030Z_1952d031,NEW12,ETH,leader_gap_100ms,2000,0.9,0.013777409214597197,2864,0.1395605023131339,0.0,0.35858938547486036,0.5935934126959908
20260909T171030Z_1952d031,NEW12,ETH,leader_gap_100ms,5000,0.9,0.013777409214597197,1564,0.17409538232464622,0.0,0.4686700767263427,0.9935648000188622
20260909T171030Z_1952d031,NEW12,ETH,leader_gap_100ms,10000,0.9,0.013777409214597197,892,0.31166492650831196,0.1607991718866053,0.531390134529148,1.4986537157525528
20260909T171030Z_1952d031,NEW12,ETH,leader_gap_100ms,30000,0.9,0.013777409214597197,337,-0.24960449521892852,-0.3215117482402441,0.4540059347181009,2.570735673114911
20260909T171030Z_1952d031,NEW12,ETH,leader_gap_100ms,100,0.95,0.21562521364793708,2744,0.10568364425719311,0.0,0.15014577259475217,0.18599538579087196
20260909T171030Z_1952d031,NEW12,ETH,leader_gap_100ms,200,0.95,0.21562521364793708,2744,0.12017497831776834,0.0,0.1869533527696793,0.2528691124906274
20260909T171030Z_1952d031,NEW12,ETH,leader_gap_100ms,500,0.95,0.21562521364793708,2743,0.13784239744342514,0.0,0.25082026977761573,0.355349422644267
20260909T171030Z_1952d031,NEW12,ETH,leader_gap_100ms,1000,0.95,0.21562521364793708,2743,0.14759430587610192,0.0,0.3102442581115567,0.4665742736114066
20260909T171030Z_1952d031,NEW12,ETH,leader_gap_100ms,2000,0.95,0.21562521364793708,2097,0.17376922187353197,0.0,0.38149737720553173,0.6647071250524657
20260909T171030Z_1952d031,NEW12,ETH,leader_gap_100ms,5000,0.95,0.21562521364793708,1293,0.14726401313622586,0.0,0.46249033255993816,1.0141939233373707
20260909T171030Z_1952d031,NEW12,ETH,leader_gap_100ms,10000,0.95,0.21562521364793708,801,0.15842478730596982,0.0,0.4918851435705368,1.4606380058258455
20260909T171030Z_1952d031,NEW12,ETH,leader_gap_100ms,30000,0.95,0.21562521364793708,325,0.3953447268101454,0.2409072567277626,0.5384615384615384,2.6489990602885602
20260909T171030Z_1952d031,NEW12,ETH,leader_gap_200ms,100,0.8,0.001790481613003776,4482,0.06059012343077946,0.0,0.11624274877286926,0.12844677982993244
20260909T171030Z_1952d031,NEW12,ETH,leader_gap_200ms,200,0.8,0.001790481613003776,4482,0.07301578030729623,0.0,0.15149486836233825,0.18160499521554813
20260909T171030Z_1952d031,NEW12,ETH,leader_gap_200ms,500,0.8,0.001790481613003776,4482,0.09591256898176516,0.0,0.20928157072735387,0.2709063582746513
20260909T171030Z_1952d031,NEW12,ETH,leader_gap_200ms,1000,0.8,0.001790481613003776,4481,0.11082166834064087,0.0,0.2749386297701406,0.39634018937409027
20260909T171030Z_1952d031,NEW12,ETH,leader_gap_200ms,2000,0.8,0.001790481613003776,3045,0.13698755696601472,0.0,0.3471264367816092,0.5783724730885719
20260909T171030Z_1952d031,NEW12,ETH,leader_gap_200ms,5000,0.8,0.001790481613003776,1612,0.1496651538787834,0.0,0.4596774193548387,0.9859900029478428
20260909T171030Z_1952d031,NEW12,ETH,leader_gap_200ms,10000,0.8,0.001790481613003776,910,0.30372594520974455,0.12103829321929993,0.5252747252747253,1.4634332826348067
20260909T171030Z_1952d031,NEW12,ETH,leader_gap_200ms,30000,0.8,0.001790481613003776,339,0.09068341967825394,0.0,0.48672566371681414,2.6198563508204264
20260909T171030Z_1952d031,NEW12,ETH,leader_gap_200ms,100,0.9,0.16406255127393063,3256,0.0889043782283951,0.0,0.13728501228501228,0.1635957995764076
20260909T171030Z_1952d031,NEW12,ETH,leader_gap_200ms,200,0.9,0.16406255127393063,3256,0.11168578773466235,0.0,0.1765970515970516,0.22929481271816884
20260909T171030Z_1952d031,NEW12,ETH,leader_gap_200ms,500,0.9,0.16406255127393063,3255,0.13362193776394898,0.0,0.2423963133640553,0.32809312952969844
20260909T171030Z_1952d031,NEW12,ETH,leader_gap_200ms,1000,0.9,0.16406255127393063,3255,0.15756675606271134,0.0,0.30721966205837176,0.44554431852377496
20260909T171030Z_1952d031,NEW12,ETH,leader_gap_200ms,2000,0.9,0.16406255127393063,2392,0.18313985942258915,0.0,0.3741638795986622,0.6404466753352122
20260909T171030Z_1952d031,NEW12,ETH,leader_gap_200ms,5000,0.9,0.16406255127393063,1409,0.20403780253705192,0.0,0.46983676366217175,0.9973482977015989
20260909T171030Z_1952d031,NEW12,ETH,leader_gap_200ms,10000,0.9,0.16406255127393063,842,0.2570928258256824,0.08012343379271147,0.5142517814726841,1.4444195897813301
20260909T171030Z_1952d031,NEW12,ETH,leader_gap_200ms,30000,0.9,0.16406255127393063,330,0.5111841683107253,0.4826735590918174,0.5878787878787879,2.7212185907643582
20260909T171030Z_1952d031,NEW12,ETH,leader_gap_200ms,100,0.95,0.37596186099639084,2158,0.12158211502263432,0.0,0.1556997219647822,0.19915302333895327
20260909T171030Z_1952d031,NEW12,ETH,leader_gap_200ms,200,0.95,0.37596186099639084,2158,0.1431495523741309,0.0,0.19416126042632068,0.2757671293866806
20260909T171030Z_1952d031,NEW12,ETH,leader_gap_200ms,500,0.95,0.37596186099639084,2157,0.16643252910715323,0.0,0.2633286972647195,0.373945747080993
20260909T171030Z_1952d031,NEW12,ETH,leader_gap_200ms,1000,0.95,0.37596186099639084,2157,0.17456022533405285,0.0,0.32081594807603153,0.49104621167170387
20260909T171030Z_1952d031,NEW12,ETH,leader_gap_200ms,2000,0.95,0.37596186099639084,1723,0.21995001467167108,0.0,0.3865351131746953,0.6996020226668367
20260909T171030Z_1952d031,NEW12,ETH,leader_gap_200ms,5000,0.95,0.37596186099639084,1120,0.2330321933573223,0.0,0.4857142857142857,1.0601399224828734
20260909T171030Z_1952d031,NEW12,ETH,leader_gap_200ms,10000,0.95,0.37596186099639084,741,0.16791890442976243,0.04034771662331238,0.5087719298245614,1.4397096063952473
20260909T171030Z_1952d031,NEW12,ETH,leader_gap_200ms,30000,0.95,0.37596186099639084,305,0.140285357002661,-0.08033919206673623,0.4885245901639344,2.6207663244307002
20260909T171030Z_1952d031,NEW12,ETH,leader_gap_500ms,100,0.8,0.1583324536864643,3711,0.07316391538071212,0.0,0.12045270816491511,0.1400399807776722
20260909T171030Z_1952d031,NEW12,ETH,leader_gap_500ms,200,0.8,0.1583324536864643,3711,0.09073024844415171,0.0,0.1579089194287254,0.20161757705658814
20260909T171030Z_1952d031,NEW12,ETH,leader_gap_500ms,500,0.8,0.1583324536864643,3710,0.11359157410377578,0.0,0.22506738544474394,0.2991576011354435
20260909T171030Z_1952d031,NEW12,ETH,leader_gap_500ms,1000,0.8,0.1583324536864643,3710,0.12890228208346582,0.0,0.29137466307277626,0.4195544670894042
20260909T171030Z_1952d031,NEW12,ETH,leader_gap_500ms,2000,0.8,0.1583324536864643,2625,0.18311104345082202,0.0,0.37066666666666664,0.6201756739526283
20260909T171030Z_1952d031,NEW12,ETH,leader_gap_500ms,5000,0.8,0.1583324536864643,1471,0.18702753631595517,0.0,0.4629503738953093,0.9881771916103043
20260909T171030Z_1952d031,NEW12,ETH,leader_gap_500ms,10000,0.8,0.1583324536864643,871,0.26726681526712986,0.12047926652325458,0.5269804822043628,1.46786612650086
20260909T171030Z_1952d031,NEW12,ETH,leader_gap_500ms,30000,0.8,0.1583324536864643,333,0.14435430535911223,0.241183244997778,0.5345345345345346,2.711880174158621
20260909T171030Z_1952d031,NEW12,ETH,leader_gap_500ms,100,0.9,0.3726144865280736,2398,0.10743107239926022,0.0,0.1451209341117598,0.17795085075275985
20260909T171030Z_1952d031,NEW12,ETH,leader_gap_500ms,200,0.9,0.3726144865280736,2398,0.12030818922671596,0.0,0.18223519599666388,0.2435278757724916
20260909T171030Z_1952d031,NEW12,ETH,leader_gap_500ms,500,0.9,0.3726144865280736,2397,0.1414197530194916,0.0,0.25156445556946183,0.3430609841178652
20260909T171030Z_1952d031,NEW12,ETH,leader_gap_500ms,1000,0.9,0.3726144865280736,2397,0.1567766860758995,0.0,0.3166458072590738,0.47907224257090275
20260909T171030Z_1952d031,NEW12,ETH,leader_gap_500ms,2000,0.9,0.3726144865280736,1861,0.20743818463179614,0.0,0.3858140784524449,0.6767176860695173
20260909T171030Z_1952d031,NEW12,ETH,leader_gap_500ms,5000,0.9,0.3726144865280736,1176,0.2419352163621846,0.0,0.483843537414966,1.045894277705139
20260909T171030Z_1952d031,NEW12,ETH,leader_gap_500ms,10000,0.9,0.3726144865280736,758,0.23258773467106597,0.12136458111711157,0.525065963060686,1.4480195284855648
20260909T171030Z_1952d031,NEW12,ETH,leader_gap_500ms,30000,0.9,0.3726144865280736,310,-0.07222402617258443,0.0,0.4967741935483871,2.7069158247460616
20260909T171030Z_1952d031,NEW12,ETH,leader_gap_500ms,100,0.95,0.5924406997813391,1472,0.1401105791851976,0.0,0.16236413043478262,0.2088068006636184
20260909T171030Z_1952d031,NEW12,ETH,leader_gap_500ms,200,0.95,0.5924406997813391,1472,0.16017977861841057,0.0,0.20244565217391305,0.28495721432667964
20260909T171030Z_1952d031,NEW12,ETH,leader_gap_500ms,500,0.95,0.5924406997813391,1471,0.19372491139987635,0.0,0.28144119646498983,0.37688469720208867
20260909T171030Z_1952d031,NEW12,ETH,leader_gap_500ms,1000,0.95,0.5924406997813391,1471,0.2193149302753639,0.0,0.3460231135282121,0.5167948690532544
20260909T171030Z_1952d031,NEW12,ETH,leader_gap_500ms,2000,0.95,0.5924406997813391,1228,0.251610811699838,0.0,0.4177524429967427,0.7327720554181075
20260909T171030Z_1952d031,NEW12,ETH,leader_gap_500ms,5000,0.95,0.5924406997813391,861,0.30149805109636685,0.12106757386498579,0.5238095238095238,1.137686424834569
20260909T171030Z_1952d031,NEW12,ETH,leader_gap_500ms,10000,0.95,0.5924406997813391,606,0.327638637364368,0.12079039105550304,0.5313531353135313,1.509806585085585
20260909T171030Z_1952d031,NEW12,ETH,leader_gap_500ms,30000,0.95,0.5924406997813391,277,0.1582444015212015,0.0401062816468567,0.5018050541516246,2.5878271608527483
