diagnostic_version,stratum,session_id,asset,feature,horizon_ms,q,dispersion_state,source_feature_column,component1_column,component2_column,alignment_column,grid_rows,quality_n,forward_eligible_n,overlap_spacing_steps,candidate_N,candidate_threshold,candidate_mean_signed_bps,candidate_hit_rate,candidate_mean_abs_move_v11,signal_finite_quality_n,signal_nonzero_quality_n,threshold_domain_n,threshold_crossing_n_before_forward,threshold_crossing_n_after_forward,accepted_n,overlap_dropped_n,component1_finite_quality_n,component2_finite_quality_n,derived_domain_n,derived_nonzero_n,gap_threshold_domain_n,confirmation_finite_quality_n,gap_event_domain_n,gap_threshold_crossing_n_pre_alignment,alignment_true_n_within_threshold_domain,gap_event_n_post_alignment_pre_forward,dispersion_quality_finite_n,disp_lo_v11,disp_hi_v11,fair_gap_accepted_n,accepted_state_n,probe_mam_all_forward_eligible,probe_mam_feature_finite_forward,probe_mam_threshold_crossing_forward,probe_mam_accepted_events,probe_disp_lo_accepted_events,probe_disp_hi_accepted_events,probe_state_n_using_event_tertiles,accepted_positions_count,accepted_positions_sha256,accepted_first_grid_pos,accepted_last_grid_pos
V1.2_STAGE1_DRAFT2,S1,20260905T073818Z_e44d99bd,BTC,bitget_ofi,100,0.9,,bitget_ofi_norm_l1,,,,215999,212899,212898,10,8894,0.017833921605052882,0.01245190511398283,0.019788621542613,0.003315487045808141,212899,82962,212899,21291,21291,8894,12397,,,,,,,,,,,,,,,,0.003315487045808141,0.003315487045808141,0.01313296558165768,0.01382413997672487,,,,8894,de83e096d71b3b41830987b57e6d6620fdb501e7ceba784d557b7d776e94fd44,15,215985
V1.2_STAGE1_DRAFT2,S1,20260905T073818Z_e44d99bd,BTC,bitget_ofi,200,0.9,,bitget_ofi_norm_l1,,,,215999,212899,212897,10,8894,0.017833921605052882,0.015299698083904729,0.024848212277940183,0.006564469661645541,212899,82962,212899,21291,21291,8894,12397,,,,,,,,,,,,,,,,0.006564469661645541,0.006564469661645541,0.019286461341961082,0.019750736789295613,,,,8894,de83e096d71b3b41830987b57e6d6620fdb501e7ceba784d557b7d776e94fd44,15,215985
V1.2_STAGE1_DRAFT2,S1,20260905T073818Z_e44d99bd,BTC,bitget_ofi,500,0.9,,bitget_ofi_norm_l1,,,,215999,212899,212894,10,8894,0.017833921605052882,0.01843891129770638,0.03474252304924668,0.01612687952364647,212899,82962,212899,21291,21291,8894,12397,,,,,,,,,,,,,,,,0.01612687952364647,0.01612687952364647,0.03458961819436599,0.032065740011273214,,,,8894,de83e096d71b3b41830987b57e6d6620fdb501e7ceba784d557b7d776e94fd44,15,215985
V1.2_STAGE1_DRAFT2,S1,20260905T073818Z_e44d99bd,BTC,bitget_ofi,1000,0.9,,bitget_ofi_norm_l1,,,,215999,212899,212889,10,8894,0.017833921605052882,0.02301285877872437,0.05048347200359793,0.031798698269454105,212899,82962,212899,21291,21291,8894,12397,,,,,,,,,,,,,,,,0.031798698269454105,0.031798698269454105,0.055912194265748755,0.05054820485185154,,,,8894,de83e096d71b3b41830987b57e6d6620fdb501e7ceba784d557b7d776e94fd44,15,215985
V1.2_STAGE1_DRAFT2,S1,20260905T073818Z_e44d99bd,BTC,bitget_ofi,2000,0.9,,bitget_ofi_norm_l1,,,,215999,212899,212879,20,6032,0.017833921605052882,0.02520046992118965,0.07609416445623342,0.06235203023630329,212899,82962,212899,21291,21290,6032,15258,,,,,,,,,,,,,,,,0.06235203023630329,0.06235203023630329,0.09666521519539675,0.08392367770683185,,,,6032,fa99fd8b62d7f85cb2c0f6d316af69bb4700d8a2eb77526645ba472fffe7c3b4,15,215967
V1.2_STAGE1_DRAFT2,S1,20260905T073818Z_e44d99bd,BTC,bitget_ofi,5000,0.9,,bitget_ofi_norm_l1,,,,215999,212899,212849,50,3170,0.017833921605052882,0.05513346165431393,0.13753943217665615,0.14906892401977953,212899,82962,212899,21291,21288,3170,18118,,,,,,,,,,,,,,,,0.14906892401977953,0.14906892401977953,0.20163149572937145,0.17562047891987964,,,,3170,16acd8e906688017c14432a01d2cb87cb3f1dc4e118e70f4259beb21e727314b,15,215946
V1.2_STAGE1_DRAFT2,S1,20260905T073818Z_e44d99bd,BTC,bitget_ofi,10000,0.9,,bitget_ofi_norm_l1,,,,215999,212899,212799,100,1815,0.017833921605052882,0.0719246904031977,0.19173553719008266,0.2790489962664973,212899,82962,212899,21291,21282,1815,19467,,,,,,,,,,,,,,,,0.2790489962664973,0.2790489962664973,0.350672137263795,0.30281242422025967,,,,1815,122dad17c927b0a69b87ac13c1630da50cc972fb06b038c9b338a64e6eed0932,15,215884
V1.2_STAGE1_DRAFT2,S1,20260905T073818Z_e44d99bd,BTC,bitget_ofi,30000,0.9,,bitget_ofi_norm_l1,,,,215999,212899,212605,300,674,0.017833921605052882,0.08882948227950277,0.3323442136498516,0.700490633335734,212899,82962,212899,21291,21249,674,20575,,,,,,,,,,,,,,,,0.700490633335734,0.700490633335734,0.8177908408485026,0.7324695861358449,,,,674,98dda33ca53c11fe64a2f6c6a45bbcb752da89c0d63ff26a6cdf94e21f75fa34,15,215485
V1.2_STAGE1_DRAFT2,S1,20260905T073818Z_e44d99bd,ETH,bitget_ofi,100,0.9,,bitget_ofi_norm_l1,,,,215999,212624,212623,10,8590,0.049350480223739605,0.01823388244443406,0.03259604190919674,0.007269698229746521,212624,56827,212624,21263,21263,8590,12673,,,,,,,,,,,,,,,,0.007269698229746521,0.007269698229746521,0.025039955708969913,0.025213289269570838,,,,8590,38dd0aba78722787ee7f6f3fe9526a1e0da22f237c29d952efa4b2416335d413,11,215967
V1.2_STAGE1_DRAFT2,S1,20260905T073818Z_e44d99bd,ETH,bitget_ofi,200,0.9,,bitget_ofi_norm_l1,,,,215999,212624,212622,10,8590,0.049350480223739605,0.021980573096539946,0.04563445867287544,0.01425184985809779,212624,56827,212624,21263,21263,8590,12673,,,,,,,,,,,,,,,,0.01425184985809779,0.01425184985809779,0.03783221129582633,0.036382725439971696,,,,8590,38dd0aba78722787ee7f6f3fe9526a1e0da22f237c29d952efa4b2416335d413,11,215967
V1.2_STAGE1_DRAFT2,S1,20260905T073818Z_e44d99bd,ETH,bitget_ofi,500,0.9,,bitget_ofi_norm_l1,,,,215999,212624,212619,10,8590,0.049350480223739605,0.032688370953029525,0.07427240977881257,0.03448295536778351,212624,56827,212624,21263,21263,8590,12673,,,,,,,,,,,,,,,,0.03448295536778351,0.03448295536778351,0.06894350905910417,0.06434732571957873,,,,8590,38dd0aba78722787ee7f6f3fe9526a1e0da22f237c29d952efa4b2416335d413,11,215967
V1.2_STAGE1_DRAFT2,S1,20260905T073818Z_e44d99bd,ETH,bitget_ofi,1000,0.9,,bitget_ofi_norm_l1,,,,215999,212624,212614,10,8590,0.049350480223739605,0.0409999516497632,0.10710128055878929,0.0668208154108578,212624,56827,212624,21263,21263,8590,12673,,,,,,,,,,,,,,,,0.0668208154108578,0.0668208154108578,0.11379923430556067,0.10625711457755603,,,,8590,38dd0aba78722787ee7f6f3fe9526a1e0da22f237c29d952efa4b2416335d413,11,215967
V1.2_STAGE1_DRAFT2,S1,20260905T073818Z_e44d99bd,ETH,bitget_ofi,2000,0.9,,bitget_ofi_norm_l1,,,,215999,212624,212604,20,5851,0.049350480223739605,0.0521927787073245,0.15552896940693897,0.12746193265993458,212624,56827,212624,21263,21263,5851,15412,,,,,,,,,,,,,,,,0.12746193265993458,0.12746193265993458,0.18654843208139335,0.1700380984969951,,,,5851,d9eb559d4d693d7078af475d2d51a14d89c571dd296048e55555d799a3d27214,11,215957
V1.2_STAGE1_DRAFT2,S1,20260905T073818Z_e44d99bd,ETH,bitget_ofi,5000,0.9,,bitget_ofi_norm_l1,,,,215999,212624,212574,50,3121,0.049350480223739605,0.10675975897041103,0.26722204421659723,0.28791548782525883,212624,56827,212624,21263,21256,3121,18135,,,,,,,,,,,,,,,,0.28791548782525883,0.28791548782525883,0.3774184608200198,0.33218795037859633,,,,3121,4286242dd10b5e43be5ce1e3990e50def2b5192b48b07b09bc0613ecc0a95c6c,11,215902
V1.2_STAGE1_DRAFT2,S1,20260905T073818Z_e44d99bd,ETH,bitget_ofi,10000,0.9,,bitget_ofi_norm_l1,,,,215999,212624,212524,100,1780,0.049350480223739605,0.09913709008060727,0.350561797752809,0.5060340739769245,212624,56827,212624,21263,21253,1780,19473,,,,,,,,,,,,,,,,0.5060340739769245,0.5060340739769245,0.6228348763525928,0.5601190467525473,,,,1780,0ccb5423b8635915e63e17a96bf3eea9fc15dc1e134042d715776ac7c0a92c91,11,215852
V1.2_STAGE1_DRAFT2,S1,20260905T073818Z_e44d99bd,ETH,bitget_ofi,30000,0.9,,bitget_ofi_norm_l1,,,,215999,212624,212324,300,670,0.049350480223739605,0.13442035981532263,0.4298507462686567,1.0880377359058049,212624,56827,212624,21263,21228,670,20558,,,,,,,,,,,,,,,,1.0880377359058049,1.0880377359058049,1.2721942686428052,1.1313763912363073,,,,670,3185d7923d76da24f5a464aac6396d324caef8565194401de5ee1c0d30767e7d,11,215596
V1.2_STAGE1_DRAFT2,S1,20260906T221530Z_db18dc51,BTC,bitget_ofi,100,0.9,,bitget_ofi_norm_l1,,,,107929,107911,107910,10,4387,0.22134373168426977,0.07610367937225478,0.1226350581262822,0.025885700585205236,107911,61116,107911,10792,10792,4387,6405,,,,,,,,,,,,,,,,0.025885700585205236,0.025885700585205236,0.0822512756640325,0.08917978926604885,,,,4387,31cbcdaa085f33f068d3ab43fbc6b254b00c240bb576b003ac57eade047d3a32,34,107918
V1.2_STAGE1_DRAFT2,S1,20260906T221530Z_db18dc51,BTC,bitget_ofi,200,0.9,,bitget_ofi_norm_l1,,,,107929,107911,107909,10,4387,0.22134373168426977,0.09726328061505671,0.16389332117620242,0.05084132227868865,107911,61116,107911,10792,10791,4387,6404,,,,,,,,,,,,,,,,0.05084132227868865,0.05084132227868865,0.12721811856648882,0.13085101618471162,,,,4387,31cbcdaa085f33f068d3ab43fbc6b254b00c240bb576b003ac57eade047d3a32,34,107918
V1.2_STAGE1_DRAFT2,S1,20260906T221530Z_db18dc51,BTC,bitget_ofi,500,0.9,,bitget_ofi_norm_l1,,,,107929,107911,107906,10,4387,0.22134373168426977,0.1358374834360901,0.2306815591520401,0.12100662112594131,107911,61116,107911,10792,10790,4387,6403,,,,,,,,,,,,,,,,0.12100662112594131,0.12100662112594131,0.22921274960813287,0.2215305139068393,,,,4387,31cbcdaa085f33f068d3ab43fbc6b254b00c240bb576b003ac57eade047d3a32,34,107918
V1.2_STAGE1_DRAFT2,S1,20260906T221530Z_db18dc51,BTC,bitget_ofi,1000,0.9,,bitget_ofi_norm_l1,,,,107929,107911,107901,10,4387,0.22134373168426977,0.17499414798260937,0.29655801230909506,0.22799615232611753,107911,61116,107911,10792,10788,4387,6401,,,,,,,,,,,,,,,,0.22799615232611753,0.22799615232611753,0.3622860217497032,0.3453199777591372,,,,4387,31cbcdaa085f33f068d3ab43fbc6b254b00c240bb576b003ac57eade047d3a32,34,107918
V1.2_STAGE1_DRAFT2,S1,20260906T221530Z_db18dc51,BTC,bitget_ofi,2000,0.9,,bitget_ofi_norm_l1,,,,107929,107911,107891,20,3026,0.22134373168426977,0.23141170573544512,0.3836748182419035,0.417064761433286,107911,61116,107911,10792,10787,3026,7761,,,,,,,,,,,,,,,,0.417064761433286,0.417064761433286,0.5730670270602705,0.5387768266143093,,,,3026,e6e3cdb2f18af148f838668dfc8ffea4fcef8a112f27e9225067ea34072eeebc,34,107899
V1.2_STAGE1_DRAFT2,S1,20260906T221530Z_db18dc51,BTC,bitget_ofi,5000,0.9,,bitget_ofi_norm_l1,,,,107929,107911,107861,50,1629,0.22134373168426977,0.25277953338347303,0.4696132596685083,0.8600560052220658,107911,61116,107911,10792,10786,1629,9157,,,,,,,,,,,,,,,,0.8600560052220658,0.8600560052220658,1.0450684743305527,0.9613422772285886,,,,1629,4bd2f35ea2f599f94c0cd956c0a45b26f0cd01d03b0356306d76e0e5a2a31a08,34,107832
V1.2_STAGE1_DRAFT2,S1,20260906T221530Z_db18dc51,BTC,bitget_ofi,10000,0.9,,bitget_ofi_norm_l1,,,,107929,107911,107811,100,919,0.22134373168426977,0.3221011977414404,0.5375408052230686,1.392866967725579,107911,61116,107911,10792,10784,919,9865,,,,,,,,,,,,,,,,1.392866967725579,1.392866967725579,1.6290220288881847,1.4919559301179681,,,,919,a6b24fff97ee135bbc61926bfa13030a7f0a083c8975c8c9b0816298a93549ad,34,107828
V1.2_STAGE1_DRAFT2,S1,20260906T221530Z_db18dc51,BTC,bitget_ofi,30000,0.9,,bitget_ofi_norm_l1,,,,107929,107911,107611,300,337,0.22134373168426977,0.0700950795330465,0.49258160237388726,2.6735153021791773,107911,61116,107911,10792,10761,337,10424,,,,,,,,,,,,,,,,2.6735153021791773,2.6735153021791773,2.941608463883115,2.693090436461146,,,,337,f52c3bc25310fc0532d6f22c4167cbed2028b70196f9a948b484731386022b35,34,107613
V1.2_STAGE1_DRAFT2,S1,20260906T221530Z_db18dc51,ETH,bitget_ofi,100,0.9,,bitget_ofi_norm_l1,,,,107929,107900,107899,10,4567,0.48380137139054075,0.11004466594950837,0.1850229910225531,0.04761401052667009,107900,53462,107900,10790,10790,4567,6223,,,,,,,,,,,,,,,,0.04761401052667009,0.04761401052667009,0.13597754064181292,0.13772577881810746,,,,4567,467d79844bafd8b0533fcbb790ab96b56ba678c8ddafde54d5be32e628c03033,15,107923
V1.2_STAGE1_DRAFT2,S1,20260906T221530Z_db18dc51,ETH,bitget_ofi,200,0.9,,bitget_ofi_norm_l1,,,,107929,107900,107898,10,4567,0.48380137139054075,0.14104619601254625,0.24107729362820232,0.09216753534366515,107900,53462,107900,10790,10790,4567,6223,,,,,,,,,,,,,,,,0.09216753534366515,0.09216753534366515,0.20635134762952054,0.20436517506008084,,,,4567,467d79844bafd8b0533fcbb790ab96b56ba678c8ddafde54d5be32e628c03033,15,107923
V1.2_STAGE1_DRAFT2,S1,20260906T221530Z_db18dc51,ETH,bitget_ofi,500,0.9,,bitget_ofi_norm_l1,,,,107929,107900,107895,10,4567,0.48380137139054075,0.18333624974715243,0.3295379899277425,0.2129992753729614,107900,53462,107900,10790,10790,4567,6223,,,,,,,,,,,,,,,,0.2129992753729614,0.2129992753729614,0.3639596163687408,0.348532772410143,,,,4567,467d79844bafd8b0533fcbb790ab96b56ba678c8ddafde54d5be32e628c03033,15,107923
V1.2_STAGE1_DRAFT2,S1,20260906T221530Z_db18dc51,ETH,bitget_ofi,1000,0.9,,bitget_ofi_norm_l1,,,,107929,107900,107890,10,4566,0.48380137139054075,0.22097677459148893,0.4102058694699956,0.38513689758440417,107900,53462,107900,10790,10788,4566,6222,,,,,,,,,,,,,,,,0.38513689758440417,0.38513689758440417,0.5576354781224758,0.5292221034297404,,,,4566,a5e51d4814aa2fcf0acaccb86a4bba2ce232192ba301badb7f84ab84faa02375,15,107912
V1.2_STAGE1_DRAFT2,S1,20260906T221530Z_db18dc51,ETH,bitget_ofi,2000,0.9,,bitget_ofi_norm_l1,,,,107929,107900,107880,20,3108,0.48380137139054075,0.2770499727670511,0.47425997425997424,0.6673613544132561,107900,53462,107900,10790,10785,3108,7677,,,,,,,,,,,,,,,,0.6673613544132561,0.6673613544132561,0.8653134057751637,0.8099100461744565,,,,3108,4c3856025993dff3c9d40b059b278c98bd399d69ae356f34073c88bef3cc87b8,15,107899
V1.2_STAGE1_DRAFT2,S1,20260906T221530Z_db18dc51,ETH,bitget_ofi,5000,0.9,,bitget_ofi_norm_l1,,,,107929,107900,107850,50,1639,0.48380137139054075,0.3552786123419178,0.5332519829164124,1.263839054758636,107900,53462,107900,10790,10784,1639,9145,,,,,,,,,,,,,,,,1.263839054758636,1.263839054758636,1.4983262396461436,1.348351208266056,,,,1639,dbc194883a1e50cf758b2a2cbc689ea04dd3e07ecb8f2c6b298c8ca7c3d357cb,15,107780
V1.2_STAGE1_DRAFT2,S1,20260906T221530Z_db18dc51,ETH,bitget_ofi,10000,0.9,,bitget_ofi_norm_l1,,,,107929,107900,107800,100,933,0.48380137139054075,0.4478300171769087,0.5498392282958199,1.9114548636719664,107900,53462,107900,10790,10783,933,9850,,,,,,,,,,,,,,,,1.9114548636719664,1.9114548636719664,2.2117849522697397,1.9367067098770034,,,,933,8700a97bbdf953cb6d072cc072bc7659d5681f5b6f3301b7d64385e783574cf1,15,107766
V1.2_STAGE1_DRAFT2,S1,20260906T221530Z_db18dc51,ETH,bitget_ofi,30000,0.9,,bitget_ofi_norm_l1,,,,107929,107900,107600,300,339,0.48380137139054075,0.23858592276663038,0.5103244837758112,3.5116533499350657,107900,53462,107900,10790,10756,339,10417,,,,,,,,,,,,,,,,3.5116533499350657,3.5116533499350657,3.9702005269696725,3.6205327118087838,,,,339,cd5c24f6d74be3e63b41907025e27a635efa11f56d788129758b04f42a6af27b,15,107338
V1.2_STAGE1_DRAFT2,S2,20260905T073818Z_e44d99bd,BTC,depth_imbalance_l1,100,0.9,,bitget_depth_imbalance_l1,,,,215999,212899,212898,10,2725,0.8775856745909232,0.03511537297453737,0.05174311926605504,0.003315487045808141,212899,212899,212899,21291,21291,2725,18566,,,,,,,,,,,,,,,,0.003315487045808141,0.003315487045808141,0.014022068967667868,0.03692277498322282,,,,2725,0441ee2ffff8e723eedd65a9c30eb1ee661be1529bb7ed5fd6c5db35e7890286,631,215937
V1.2_STAGE1_DRAFT2,S2,20260905T073818Z_e44d99bd,BTC,depth_imbalance_l1,200,0.9,,bitget_depth_imbalance_l1,,,,215999,212899,212897,10,2725,0.8775856745909232,0.04532743532146916,0.06972477064220184,0.006564469661645541,212899,212899,212899,21291,21291,2725,18566,,,,,,,,,,,,,,,,0.006564469661645541,0.006564469661645541,0.024326247084895412,0.049927543397656746,,,,2725,0441ee2ffff8e723eedd65a9c30eb1ee661be1529bb7ed5fd6c5db35e7890286,631,215937
V1.2_STAGE1_DRAFT2,S2,20260905T073818Z_e44d99bd,BTC,depth_imbalance_l1,500,0.9,,bitget_depth_imbalance_l1,,,,215999,212899,212894,10,2725,0.8775856745909232,0.0685085823054022,0.10825688073394496,0.01612687952364647,212899,212899,212899,21291,21291,2725,18566,,,,,,,,,,,,,,,,0.01612687952364647,0.01612687952364647,0.051919228958643954,0.07985466403162901,,,,2725,0441ee2ffff8e723eedd65a9c30eb1ee661be1529bb7ed5fd6c5db35e7890286,631,215937
V1.2_STAGE1_DRAFT2,S2,20260905T073818Z_e44d99bd,BTC,depth_imbalance_l1,1000,0.9,,bitget_depth_imbalance_l1,,,,215999,212899,212889,10,2725,0.8775856745909232,0.10277442078753823,0.1655045871559633,0.031798698269454105,212899,212899,212899,21291,21291,2725,18566,,,,,,,,,,,,,,,,0.031798698269454105,0.031798698269454105,0.09020619325326928,0.11956598945452605,,,,2725,0441ee2ffff8e723eedd65a9c30eb1ee661be1529bb7ed5fd6c5db35e7890286,631,215937
V1.2_STAGE1_DRAFT2,S2,20260905T073818Z_e44d99bd,BTC,depth_imbalance_l1,2000,0.9,,bitget_depth_imbalance_l1,,,,215999,212899,212879,20,1627,0.8775856745909232,0.17132026122990981,0.2636754763368162,0.06235203023630329,212899,212899,212899,21291,21291,1627,19664,,,,,,,,,,,,,,,,0.06235203023630329,0.06235203023630329,0.1533356128193714,0.20915460157166396,,,,1627,a50078694b8f16faa3ab7a9387280f8c4d0e4bb179b50d699f33b5146c5d0cf1,631,215927
V1.2_STAGE1_DRAFT2,S2,20260905T073818Z_e44d99bd,BTC,depth_imbalance_l1,5000,0.9,,bitget_depth_imbalance_l1,,,,215999,212899,212849,50,905,0.8775856745909232,0.3105248152033329,0.4220994475138122,0.14906892401977953,212899,212899,212899,21291,21291,905,20386,,,,,,,,,,,,,,,,0.14906892401977953,0.14906892401977953,0.30160332567278053,0.4002208117985473,,,,905,1f56b149ebc734981fa4e0991d676b6aeb028249658cfbc52ad0c0a8ea2eef6b,631,215934
V1.2_STAGE1_DRAFT2,S2,20260905T073818Z_e44d99bd,BTC,depth_imbalance_l1,10000,0.9,,bitget_depth_imbalance_l1,,,,215999,212899,212799,100,611,0.8775856745909232,0.45671069808551945,0.55810147299509,0.2790489962664973,212899,212899,212899,21291,21280,611,20669,,,,,,,,,,,,,,,,0.2790489962664973,0.2790489962664973,0.5052637950350422,0.6229400081914296,,,,611,94b2143574231e4476ebfc14ece528b8b4fa26fd1271c53581ca973dc7885eeb,631,215794
V1.2_STAGE1_DRAFT2,S2,20260905T073818Z_e44d99bd,BTC,depth_imbalance_l1,30000,0.9,,bitget_depth_imbalance_l1,,,,215999,212899,212605,300,340,0.8775856745909232,0.5971039880853956,0.65,0.700490633335734,212899,212899,212899,21291,21188,340,20848,,,,,,,,,,,,,,,,0.700490633335734,0.700490633335734,0.947749388643342,1.0302113734717149,,,,340,01b7910c7db05e69a477746159135b4b542439a4ae61698e8d19267d87695501,631,215485
V1.2_STAGE1_DRAFT2,S2,20260905T073818Z_e44d99bd,BTC,depth_imbalance_l5,100,0.9,,bitget_depth_imbalance_l5,,,,215999,212899,212898,10,2781,0.874325050746556,0.03034769062040665,0.04998202085580726,0.003315487045808141,212899,212898,212899,21297,21297,2781,18516,,,,,,,,,,,,,,,,0.003315487045808141,0.003315487045808141,0.013022797784829553,0.032118697622804296,,,,2781,6e78ae308a6d0e301dab3e17e1125d9ec4ee3993dc7f79adf9c488945702caab,631,215973
V1.2_STAGE1_DRAFT2,S2,20260905T073818Z_e44d99bd,BTC,depth_imbalance_l5,200,0.9,,bitget_depth_imbalance_l5,,,,215999,212899,212897,10,2781,0.874325050746556,0.03980698684153031,0.06580366774541532,0.006564469661645541,212899,212898,212899,21297,21297,2781,18516,,,,,,,,,,,,,,,,0.006564469661645541,0.006564469661645541,0.02267250685812855,0.04346595483076777,,,,2781,6e78ae308a6d0e301dab3e17e1125d9ec4ee3993dc7f79adf9c488945702caab,631,215973
V1.2_STAGE1_DRAFT2,S2,20260905T073818Z_e44d99bd,BTC,depth_imbalance_l5,500,0.9,,bitget_depth_imbalance_l5,,,,215999,212899,212894,10,2781,0.874325050746556,0.06507627529583974,0.10355987055016182,0.01612687952364647,212899,212898,212899,21297,21297,2781,18516,,,,,,,,,,,,,,,,0.01612687952364647,0.01612687952364647,0.048828248348871575,0.07423361353677241,,,,2781,6e78ae308a6d0e301dab3e17e1125d9ec4ee3993dc7f79adf9c488945702caab,631,215973
V1.2_STAGE1_DRAFT2,S2,20260905T073818Z_e44d99bd,BTC,depth_imbalance_l5,1000,0.9,,bitget_depth_imbalance_l5,,,,215999,212899,212889,10,2781,0.874325050746556,0.09845959665795902,0.15713772024451636,0.031798698269454105,212899,212898,212899,21297,21297,2781,18516,,,,,,,,,,,,,,,,0.031798698269454105,0.031798698269454105,0.08565937879400037,0.11215894100244322,,,,2781,6e78ae308a6d0e301dab3e17e1125d9ec4ee3993dc7f79adf9c488945702caab,631,215973
V1.2_STAGE1_DRAFT2,S2,20260905T073818Z_e44d99bd,BTC,depth_imbalance_l5,2000,0.9,,bitget_depth_imbalance_l5,,,,215999,212899,212879,20,1663,0.874325050746556,0.16560352763348044,0.25435959110042095,0.06235203023630329,212899,212898,212899,21297,21297,1663,19634,,,,,,,,,,,,,,,,0.06235203023630329,0.06235203023630329,0.14802582790745783,0.1956583763115965,,,,1663,5653abcf64716e7cedf01f6a5f37c6062c260289da94338edc59e213dfffbfbe,631,215967
V1.2_STAGE1_DRAFT2,S2,20260905T073818Z_e44d99bd,BTC,depth_imbalance_l5,5000,0.9,,bitget_depth_imbalance_l5,,,,215999,212899,212849,50,915,0.874325050746556,0.29474911078159927,0.4174863387978142,0.14906892401977953,212899,212898,212899,21297,21279,915,20364,,,,,,,,,,,,,,,,0.14906892401977953,0.14906892401977953,0.286319075232206,0.38487156719543336,,,,915,90821457ab245ae71f6ac5ffbfdc5d3e7ea4e75c09024e4de5ff0a8045d41112,631,215933
V1.2_STAGE1_DRAFT2,S2,20260905T073818Z_e44d99bd,BTC,depth_imbalance_l5,10000,0.9,,bitget_depth_imbalance_l5,,,,215999,212899,212799,100,620,0.874325050746556,0.4293712663845442,0.5451612903225806,0.2790489962664973,212899,212898,212899,21297,21257,620,20637,,,,,,,,,,,,,,,,0.2790489962664973,0.2790489962664973,0.4646484340438788,0.5970887264570119,,,,620,0e9747cfff1f5d9e1777e4b35b62136076c7eabefa107702cb91b77008912b12,631,215882
V1.2_STAGE1_DRAFT2,S2,20260905T073818Z_e44d99bd,BTC,depth_imbalance_l5,30000,0.9,,bitget_depth_imbalance_l5,,,,215999,212899,212605,300,342,0.874325050746556,0.6083523135944771,0.6432748538011696,0.700490633335734,212899,212898,212899,21297,21180,342,20838,,,,,,,,,,,,,,,,0.700490633335734,0.700490633335734,0.8574602258083323,1.0392933451180022,,,,342,6989fa743dbe22804493523d988c8d83a533847d1e9cf56d94e88ff02bb1d0b4,631,215485
V1.2_STAGE1_DRAFT2,S2,20260905T073818Z_e44d99bd,ETH,depth_imbalance_l1,100,0.9,,bitget_depth_imbalance_l1,,,,215999,212624,212623,10,2962,0.8711608351742323,0.04357185302207048,0.07359891964888589,0.007269698229746521,212624,212592,212624,21267,21267,2962,18305,,,,,,,,,,,,,,,,0.007269698229746521,0.007269698229746521,0.021304739774988257,0.050019352278872976,,,,2962,faed8c33d875702171205d000776252de575f6d582ca6348bd4f9d232427571a,200,215830
V1.2_STAGE1_DRAFT2,S2,20260905T073818Z_e44d99bd,ETH,depth_imbalance_l1,200,0.9,,bitget_depth_imbalance_l1,,,,215999,212624,212622,10,2962,0.8711608351742323,0.06296270346997311,0.10094530722484807,0.01425184985809779,212624,212592,212624,21267,21267,2962,18305,,,,,,,,,,,,,,,,0.01425184985809779,0.01425184985809779,0.036739401071906895,0.07006991750200933,,,,2962,faed8c33d875702171205d000776252de575f6d582ca6348bd4f9d232427571a,200,215830
V1.2_STAGE1_DRAFT2,S2,20260905T073818Z_e44d99bd,ETH,depth_imbalance_l1,500,0.9,,bitget_depth_imbalance_l1,,,,215999,212624,212619,10,2962,0.8711608351742323,0.10157581926275117,0.1586765698852127,0.03448295536778351,212624,212592,212624,21267,21267,2962,18305,,,,,,,,,,,,,,,,0.03448295536778351,0.03448295536778351,0.0764859071943646,0.11409879460111044,,,,2962,faed8c33d875702171205d000776252de575f6d582ca6348bd4f9d232427571a,200,215830
V1.2_STAGE1_DRAFT2,S2,20260905T073818Z_e44d99bd,ETH,depth_imbalance_l1,1000,0.9,,bitget_depth_imbalance_l1,,,,215999,212624,212614,10,2962,0.8711608351742323,0.14817182861400727,0.23160027008777853,0.0668208154108578,212624,212592,212624,21267,21267,2962,18305,,,,,,,,,,,,,,,,0.0668208154108578,0.0668208154108578,0.1329433685232574,0.1720220570297316,,,,2962,faed8c33d875702171205d000776252de575f6d582ca6348bd4f9d232427571a,200,215830
V1.2_STAGE1_DRAFT2,S2,20260905T073818Z_e44d99bd,ETH,depth_imbalance_l1,2000,0.9,,bitget_depth_imbalance_l1,,,,215999,212624,212604,20,1899,0.8711608351742323,0.23598846419981978,0.3565034228541338,0.12746193265993458,212624,212592,212624,21267,21267,1899,19368,,,,,,,,,,,,,,,,0.12746193265993458,0.12746193265993458,0.2246887391096891,0.2860030987743476,,,,1899,1cd81de764ac938688af746bc4208d8f3c8cef3c608ac85303e2c01fe35c94ad,200,215831
V1.2_STAGE1_DRAFT2,S2,20260905T073818Z_e44d99bd,ETH,depth_imbalance_l1,5000,0.9,,bitget_depth_imbalance_l1,,,,215999,212624,212574,50,1163,0.8711608351742323,0.3733381375270623,0.524505588993981,0.28791548782525883,212624,212592,212624,21267,21267,1163,20104,,,,,,,,,,,,,,,,0.28791548782525883,0.28791548782525883,0.4224310192895389,0.4891467088923464,,,,1163,86c06ab2c0953afe83505e22db4bdb91e047fbaea408bf832db3c779ad41b980,200,215830
V1.2_STAGE1_DRAFT2,S2,20260905T073818Z_e44d99bd,ETH,depth_imbalance_l1,10000,0.9,,bitget_depth_imbalance_l1,,,,215999,212624,212524,100,821,0.8711608351742323,0.4668643082803323,0.587088915956151,0.5060340739769245,212624,212592,212624,21267,21267,821,20446,,,,,,,,,,,,,,,,0.5060340739769245,0.5060340739769245,0.6386724483246221,0.7171014911998272,,,,821,e8e5145ef26e5f4c90a9c7255777f58ec49846af49d88d52b17767444e1f984e,200,215770
V1.2_STAGE1_DRAFT2,S2,20260905T073818Z_e44d99bd,ETH,depth_imbalance_l1,30000,0.9,,bitget_depth_imbalance_l1,,,,215999,212624,212324,300,444,0.8711608351742323,0.40698066705500713,0.5630630630630631,1.0880377359058049,212624,212592,212624,21267,21151,444,20707,,,,,,,,,,,,,,,,1.0880377359058049,1.0880377359058049,1.128136155810769,1.2860594999087676,,,,444,6ed292e515e387bce892c5a0c40ed11b0441fa9d07913c28164ae6c4cb92a303,200,215570
V1.2_STAGE1_DRAFT2,S2,20260905T073818Z_e44d99bd,ETH,depth_imbalance_l5,100,0.9,,bitget_depth_imbalance_l5,,,,215999,212624,212623,10,3095,0.7449066841720403,0.03111227689022819,0.05654281098546042,0.007269698229746521,212624,212622,212624,21263,21263,3095,18168,,,,,,,,,,,,,,,,0.007269698229746521,0.007269698229746521,0.015816017557369545,0.03542543764029148,,,,3095,d319a87294bb32f1fa4f60514cdc26fb86233218c698de0b493a0a660ddf2130,200,215963
V1.2_STAGE1_DRAFT2,S2,20260905T073818Z_e44d99bd,ETH,depth_imbalance_l5,200,0.9,,bitget_depth_imbalance_l5,,,,215999,212624,212622,10,3095,0.7449066841720403,0.047688406964777295,0.08239095315024232,0.01425184985809779,212624,212622,212624,21263,21263,3095,18168,,,,,,,,,,,,,,,,0.01425184985809779,0.01425184985809779,0.028331668671442184,0.05336892466307331,,,,3095,d319a87294bb32f1fa4f60514cdc26fb86233218c698de0b493a0a660ddf2130,200,215963
V1.2_STAGE1_DRAFT2,S2,20260905T073818Z_e44d99bd,ETH,depth_imbalance_l5,500,0.9,,bitget_depth_imbalance_l5,,,,215999,212624,212619,10,3095,0.7449066841720403,0.07352416357809584,0.12213247172859451,0.03448295536778351,212624,212622,212624,21263,21263,3095,18168,,,,,,,,,,,,,,,,0.03448295536778351,0.03448295536778351,0.06093498768565373,0.08473037777690239,,,,3095,d319a87294bb32f1fa4f60514cdc26fb86233218c698de0b493a0a660ddf2130,200,215963
V1.2_STAGE1_DRAFT2,S2,20260905T073818Z_e44d99bd,ETH,depth_imbalance_l5,1000,0.9,,bitget_depth_imbalance_l5,,,,215999,212624,212614,10,3095,0.7449066841720403,0.1121937229679657,0.18287560581583198,0.0668208154108578,212624,212622,212624,21263,21263,3095,18168,,,,,,,,,,,,,,,,0.0668208154108578,0.0668208154108578,0.10801212725386308,0.13289913639866335,,,,3095,d319a87294bb32f1fa4f60514cdc26fb86233218c698de0b493a0a660ddf2130,200,215963
V1.2_STAGE1_DRAFT2,S2,20260905T073818Z_e44d99bd,ETH,depth_imbalance_l5,2000,0.9,,bitget_depth_imbalance_l5,,,,215999,212624,212604,20,1992,0.7449066841720403,0.17998033659699883,0.29066265060240964,0.12746193265993458,212624,212622,212624,21263,21263,1992,19271,,,,,,,,,,,,,,,,0.12746193265993458,0.12746193265993458,0.18661706688991267,0.2332832637783086,,,,1992,2e1b5d89e4e544d2cc762f9890c98d3d50919e703c90007d143fd9bbc3a845b8,200,215963
V1.2_STAGE1_DRAFT2,S2,20260905T073818Z_e44d99bd,ETH,depth_imbalance_l5,5000,0.9,,bitget_depth_imbalance_l5,,,,215999,212624,212574,50,1198,0.7449066841720403,0.28483340149060066,0.4357262103505843,0.28791548782525883,212624,212622,212624,21263,21262,1198,20064,,,,,,,,,,,,,,,,0.28791548782525883,0.28791548782525883,0.36883075004173543,0.4184546626840395,,,,1198,52e8e976f1c7f829d4bf1845a94cd564030db89ec4c23aa45c8d98a8f56cfd67,200,215819
V1.2_STAGE1_DRAFT2,S2,20260905T073818Z_e44d99bd,ETH,depth_imbalance_l5,10000,0.9,,bitget_depth_imbalance_l5,,,,215999,212624,212524,100,846,0.7449066841720403,0.3599317536408093,0.5319148936170213,0.5060340739769245,212624,212622,212624,21263,21262,846,20416,,,,,,,,,,,,,,,,0.5060340739769245,0.5060340739769245,0.5747761072847357,0.6462873531951735,,,,846,5849a1603136bbf768d4c4df9c1aed391157375b80c3da858c9257d3643a372d,200,215819
V1.2_STAGE1_DRAFT2,S2,20260905T073818Z_e44d99bd,ETH,depth_imbalance_l5,30000,0.9,,bitget_depth_imbalance_l5,,,,215999,212624,212324,300,446,0.7449066841720403,0.2919744325478218,0.5493273542600897,1.0880377359058049,212624,212622,212624,21263,21136,446,20690,,,,,,,,,,,,,,,,1.0880377359058049,1.0880377359058049,1.0478327875731235,1.1850642150196034,,,,446,695991d31c497e0518273f476b8ccb7a48c137dc116cac80e0705cdb4935274e,200,215415
V1.2_STAGE1_DRAFT2,S2,20260906T221530Z_db18dc51,BTC,depth_imbalance_l1,100,0.9,,bitget_depth_imbalance_l1,,,,107929,107911,107910,10,2106,0.9614695957578681,0.1514853592701535,0.22744539411206077,0.025885700585205236,107911,107910,107911,10793,10793,2106,8687,,,,,,,,,,,,,,,,0.025885700585205236,0.025885700585205236,0.08105645705185616,0.15342541174815263,,,,2106,ce59a496f4b8fbbc23640de70f4b6f674b3db7c76bbb8db5a81d2cf06b1a005f,14,107914
V1.2_STAGE1_DRAFT2,S2,20260906T221530Z_db18dc51,BTC,depth_imbalance_l1,200,0.9,,bitget_depth_imbalance_l1,,,,107929,107911,107909,10,2106,0.9614695957578681,0.21211988242784516,0.2962962962962963,0.05084132227868865,107911,107910,107911,10793,10793,2106,8687,,,,,,,,,,,,,,,,0.05084132227868865,0.05084132227868865,0.13277766161375995,0.21486674257455446,,,,2106,ce59a496f4b8fbbc23640de70f4b6f674b3db7c76bbb8db5a81d2cf06b1a005f,14,107914
V1.2_STAGE1_DRAFT2,S2,20260906T221530Z_db18dc51,BTC,depth_imbalance_l1,500,0.9,,bitget_depth_imbalance_l1,,,,107929,107911,107906,10,2106,0.9614695957578681,0.30633710643721956,0.39791073124406456,0.12100662112594131,107911,107910,107911,10793,10793,2106,8687,,,,,,,,,,,,,,,,0.12100662112594131,0.12100662112594131,0.2521520571987939,0.3393902230352553,,,,2106,ce59a496f4b8fbbc23640de70f4b6f674b3db7c76bbb8db5a81d2cf06b1a005f,14,107914
V1.2_STAGE1_DRAFT2,S2,20260906T221530Z_db18dc51,BTC,depth_imbalance_l1,1000,0.9,,bitget_depth_imbalance_l1,,,,107929,107911,107901,10,2106,0.9614695957578681,0.4044624290254225,0.48717948717948717,0.22799615232611753,107911,107910,107911,10793,10789,2106,8683,,,,,,,,,,,,,,,,0.22799615232611753,0.22799615232611753,0.39498524437248117,0.4855047678306086,,,,2106,ce59a496f4b8fbbc23640de70f4b6f674b3db7c76bbb8db5a81d2cf06b1a005f,14,107914
V1.2_STAGE1_DRAFT2,S2,20260906T221530Z_db18dc51,BTC,depth_imbalance_l1,2000,0.9,,bitget_depth_imbalance_l1,,,,107929,107911,107891,20,1502,0.9614695957578681,0.5250403328800498,0.5918774966711052,0.417064761433286,107911,107910,107911,10793,10780,1502,9278,,,,,,,,,,,,,,,,0.417064761433286,0.417064761433286,0.5904360025631448,0.7076706716682603,,,,1502,06499e0736b9e6806e26ea292011e4058623998510614ba47c13aa2d1cdcdaeb,14,107904
V1.2_STAGE1_DRAFT2,S2,20260906T221530Z_db18dc51,BTC,depth_imbalance_l1,5000,0.9,,bitget_depth_imbalance_l1,,,,107929,107911,107861,50,969,0.9614695957578681,0.7172295724879536,0.673890608875129,0.8600560052220658,107911,107910,107911,10793,10770,969,9801,,,,,,,,,,,,,,,,0.8600560052220658,0.8600560052220658,1.0435127058648637,1.1450110154112851,,,,969,b4f30523b8c862671406c44dad042c039f17d2bdd913833e1a4f8c1f0c2ef7f7,14,107825
V1.2_STAGE1_DRAFT2,S2,20260906T221530Z_db18dc51,BTC,depth_imbalance_l1,10000,0.9,,bitget_depth_imbalance_l1,,,,107929,107911,107811,100,651,0.9614695957578681,0.8285509340982041,0.6697388632872504,1.392866967725579,107911,107910,107911,10793,10755,651,10104,,,,,,,,,,,,,,,,1.392866967725579,1.392866967725579,1.6652123916403356,1.6549344845717864,,,,651,5a34905fb3cac8815e531fa6c0d236ccfefed1cc73fe38c1c4fd1d4b75e9bb04,14,107742
V1.2_STAGE1_DRAFT2,S2,20260906T221530Z_db18dc51,BTC,depth_imbalance_l1,30000,0.9,,bitget_depth_imbalance_l1,,,,107929,107911,107611,300,294,0.9614695957578681,0.8554781969036819,0.6326530612244898,2.6735153021791773,107911,107910,107911,10793,10750,294,10456,,,,,,,,,,,,,,,,2.6735153021791773,2.6735153021791773,2.738524706209773,2.831906202461449,,,,294,4647a9c6319777b41cbb11275df785c283d35f2fd44cc965c2569b6895feb354,14,107485
V1.2_STAGE1_DRAFT2,S2,20260906T221530Z_db18dc51,BTC,depth_imbalance_l5,100,0.9,,bitget_depth_imbalance_l5,,,,107929,107911,107910,10,2113,0.9586433260393872,0.15442801178078377,0.22574538570752484,0.025885700585205236,107911,107911,107911,10793,10793,2113,8680,,,,,,,,,,,,,,,,0.025885700585205236,0.025885700585205236,0.07949849230868557,0.1564206206660141,,,,2113,2e7fd7fc856149ef3a89584697ed5129fcc9612e9b35e45e3f44d6a0cd074687,14,107920
V1.2_STAGE1_DRAFT2,S2,20260906T221530Z_db18dc51,BTC,depth_imbalance_l5,200,0.9,,bitget_depth_imbalance_l5,,,,107929,107911,107909,10,2113,0.9586433260393872,0.21082058423346858,0.29247515380974914,0.05084132227868865,107911,107911,107911,10793,10793,2113,8680,,,,,,,,,,,,,,,,0.05084132227868865,0.05084132227868865,0.13009134015306176,0.21668520097547309,,,,2113,2e7fd7fc856149ef3a89584697ed5129fcc9612e9b35e45e3f44d6a0cd074687,14,107920
V1.2_STAGE1_DRAFT2,S2,20260906T221530Z_db18dc51,BTC,depth_imbalance_l5,500,0.9,,bitget_depth_imbalance_l5,,,,107929,107911,107906,10,2113,0.9586433260393872,0.3067021966129642,0.39375295787979175,0.12100662112594131,107911,107911,107911,10793,10793,2113,8680,,,,,,,,,,,,,,,,0.12100662112594131,0.12100662112594131,0.24673169374467613,0.34032382102845293,,,,2113,2e7fd7fc856149ef3a89584697ed5129fcc9612e9b35e45e3f44d6a0cd074687,14,107920
V1.2_STAGE1_DRAFT2,S2,20260906T221530Z_db18dc51,BTC,depth_imbalance_l5,1000,0.9,,bitget_depth_imbalance_l5,,,,107929,107911,107901,10,2112,0.9586433260393872,0.39550867343822066,0.4758522727272727,0.22799615232611753,107911,107911,107911,10793,10789,2112,8677,,,,,,,,,,,,,,,,0.22799615232611753,0.22799615232611753,0.386747285377667,0.4774777716857489,,,,2112,788c438f960f23af8e460ac25126fea103af04860f3e159bef047222bc221de1,14,107910
V1.2_STAGE1_DRAFT2,S2,20260906T221530Z_db18dc51,BTC,depth_imbalance_l5,2000,0.9,,bitget_depth_imbalance_l5,,,,107929,107911,107891,20,1504,0.9586433260393872,0.5225348700369484,0.5857712765957447,0.417064761433286,107911,107911,107911,10793,10780,1504,9276,,,,,,,,,,,,,,,,0.417064761433286,0.417064761433286,0.5764610593716114,0.6987014987239971,,,,1504,892d40b08fe4ba578e9af593586e554fc0a34df916011114992f3b125912f839,14,107899
V1.2_STAGE1_DRAFT2,S2,20260906T221530Z_db18dc51,BTC,depth_imbalance_l5,5000,0.9,,bitget_depth_imbalance_l5,,,,107929,107911,107861,50,971,0.9586433260393872,0.69982901216251,0.6735324407826982,0.8600560052220658,107911,107911,107911,10793,10774,971,9803,,,,,,,,,,,,,,,,0.8600560052220658,0.8600560052220658,1.0493510746088124,1.1151073469891661,,,,971,0770d3a70ab75d139b0c218542737a0e5dd56699d704e3f4d25d3d9d4b356498,14,107825
V1.2_STAGE1_DRAFT2,S2,20260906T221530Z_db18dc51,BTC,depth_imbalance_l5,10000,0.9,,bitget_depth_imbalance_l5,,,,107929,107911,107811,100,653,0.9586433260393872,0.8764143836451458,0.667687595712098,1.392866967725579,107911,107911,107911,10793,10760,653,10107,,,,,,,,,,,,,,,,1.392866967725579,1.392866967725579,1.6492856132136398,1.663783029217511,,,,653,d434ce5d751918f8a3984d4756154677adbbb2d9c1961f2fc24f983522b4af8b,14,107739
V1.2_STAGE1_DRAFT2,S2,20260906T221530Z_db18dc51,BTC,depth_imbalance_l5,30000,0.9,,bitget_depth_imbalance_l5,,,,107929,107911,107611,300,292,0.9586433260393872,0.9464942619940933,0.6301369863013698,2.6735153021791773,107911,107911,107911,10793,10754,292,10462,,,,,,,,,,,,,,,,2.6735153021791773,2.6735153021791773,2.7603181743892584,2.8295734233443106,,,,292,07c36820b770140728bc17c82d03eeb8fb72429243d0ea32bfaaa63e9c7f1be5,14,107485
V1.2_STAGE1_DRAFT2,S2,20260906T221530Z_db18dc51,ETH,depth_imbalance_l1,100,0.9,,bitget_depth_imbalance_l1,,,,107929,107900,107899,10,2508,0.9244884149191978,0.20251608637946925,0.28149920255183414,0.04761401052667009,107900,107881,107900,10790,10790,2508,8282,,,,,,,,,,,,,,,,0.04761401052667009,0.04761401052667009,0.11678947548270913,0.2168785315960129,,,,2508,13fec6be4a36bdd52b64b60875ed72b0bf5fe5dc5a2242f7f5e7666ccdf55eb2,14,107894
V1.2_STAGE1_DRAFT2,S2,20260906T221530Z_db18dc51,ETH,depth_imbalance_l1,200,0.9,,bitget_depth_imbalance_l1,,,,107929,107900,107898,10,2508,0.9244884149191978,0.2664591228917655,0.3492822966507177,0.09216753534366515,107900,107881,107900,10790,10790,2508,8282,,,,,,,,,,,,,,,,0.09216753534366515,0.09216753534366515,0.18686278555008243,0.292957839194748,,,,2508,13fec6be4a36bdd52b64b60875ed72b0bf5fe5dc5a2242f7f5e7666ccdf55eb2,14,107894
V1.2_STAGE1_DRAFT2,S2,20260906T221530Z_db18dc51,ETH,depth_imbalance_l1,500,0.9,,bitget_depth_imbalance_l1,,,,107929,107900,107895,10,2508,0.9244884149191978,0.38965303323377853,0.4569377990430622,0.2129992753729614,107900,107881,107900,10790,10790,2508,8282,,,,,,,,,,,,,,,,0.2129992753729614,0.2129992753729614,0.3478722801036244,0.4609616212195905,,,,2508,13fec6be4a36bdd52b64b60875ed72b0bf5fe5dc5a2242f7f5e7666ccdf55eb2,14,107894
V1.2_STAGE1_DRAFT2,S2,20260906T221530Z_db18dc51,ETH,depth_imbalance_l1,1000,0.9,,bitget_depth_imbalance_l1,,,,107929,107900,107890,10,2508,0.9244884149191978,0.461028670380575,0.534688995215311,0.38513689758440417,107900,107881,107900,10790,10790,2508,8282,,,,,,,,,,,,,,,,0.38513689758440417,0.38513689758440417,0.5370343610356796,0.6373118133024457,,,,2508,13fec6be4a36bdd52b64b60875ed72b0bf5fe5dc5a2242f7f5e7666ccdf55eb2,14,107894
V1.2_STAGE1_DRAFT2,S2,20260906T221530Z_db18dc51,ETH,depth_imbalance_l1,2000,0.9,,bitget_depth_imbalance_l1,,,,107929,107900,107880,20,1828,0.9244884149191978,0.5524028114742617,0.612144420131291,0.6673613544132561,107900,107881,107900,10790,10790,1828,8962,,,,,,,,,,,,,,,,0.6673613544132561,0.6673613544132561,0.8260493171884861,0.910527475231018,,,,1828,fa52b459f22d932f574d8e34bcbb830d18289d21894c1e91d54c3606c778cb5a,14,107883
V1.2_STAGE1_DRAFT2,S2,20260906T221530Z_db18dc51,ETH,depth_imbalance_l1,5000,0.9,,bitget_depth_imbalance_l1,,,,107929,107900,107850,50,1134,0.9244884149191978,0.671139545438819,0.6428571428571429,1.263839054758636,107900,107881,107900,10790,10785,1134,9651,,,,,,,,,,,,,,,,1.263839054758636,1.263839054758636,1.4132389085225892,1.509598996011618,,,,1134,3084b51dd527bbe877fa0d90f380ab093743a21ee9b3734254dc1fef3c019501,14,107801
V1.2_STAGE1_DRAFT2,S2,20260906T221530Z_db18dc51,ETH,depth_imbalance_l1,10000,0.9,,bitget_depth_imbalance_l1,,,,107929,107900,107800,100,744,0.9244884149191978,0.6721170911442896,0.6088709677419355,1.9114548636719664,107900,107881,107900,10790,10785,744,10041,,,,,,,,,,,,,,,,1.9114548636719664,1.9114548636719664,2.017235785897132,2.050425957507041,,,,744,e5ba030e75532cf241d6a283d103a8790c4e44cc09d41e94805b58f2c91bcbad,14,107801
V1.2_STAGE1_DRAFT2,S2,20260906T221530Z_db18dc51,ETH,depth_imbalance_l1,30000,0.9,,bitget_depth_imbalance_l1,,,,107929,107900,107600,300,311,0.9244884149191978,0.8364962322519742,0.5916398713826366,3.5116533499350657,107900,107881,107900,10790,10777,311,10466,,,,,,,,,,,,,,,,3.5116533499350657,3.5116533499350657,3.5234976102692563,3.5046857299029575,,,,311,86129c2cab704cbff82411dd8b55f3d7730dc89cd2c03ccd19e4ef7a79fb2861,14,107436
V1.2_STAGE1_DRAFT2,S2,20260906T221530Z_db18dc51,ETH,depth_imbalance_l5,100,0.9,,bitget_depth_imbalance_l5,,,,107929,107900,107899,10,2294,0.871611337769739,0.15121220967609172,0.21708805579773321,0.04761401052667009,107900,107897,107900,10790,10790,2294,8496,,,,,,,,,,,,,,,,0.04761401052667009,0.04761401052667009,0.08970060837183025,0.16137086658989006,,,,2294,825cd5cdebc45c34fe3e9978930f85a71763a84e11c640fcc3e4db5c28e1db44,13,107801
V1.2_STAGE1_DRAFT2,S2,20260906T221530Z_db18dc51,ETH,depth_imbalance_l5,200,0.9,,bitget_depth_imbalance_l5,,,,107929,107900,107898,10,2294,0.871611337769739,0.20470998712037536,0.28378378378378377,0.09216753534366515,107900,107897,107900,10790,10790,2294,8496,,,,,,,,,,,,,,,,0.09216753534366515,0.09216753534366515,0.15261012418361725,0.2329055287819786,,,,2294,825cd5cdebc45c34fe3e9978930f85a71763a84e11c640fcc3e4db5c28e1db44,13,107801
V1.2_STAGE1_DRAFT2,S2,20260906T221530Z_db18dc51,ETH,depth_imbalance_l5,500,0.9,,bitget_depth_imbalance_l5,,,,107929,107900,107895,10,2294,0.871611337769739,0.29317690673739627,0.3870967741935484,0.2129992753729614,107900,107897,107900,10790,10790,2294,8496,,,,,,,,,,,,,,,,0.2129992753729614,0.2129992753729614,0.29730777546540943,0.3835926809563925,,,,2294,825cd5cdebc45c34fe3e9978930f85a71763a84e11c640fcc3e4db5c28e1db44,13,107801
V1.2_STAGE1_DRAFT2,S2,20260906T221530Z_db18dc51,ETH,depth_imbalance_l5,1000,0.9,,bitget_depth_imbalance_l5,,,,107929,107900,107890,10,2294,0.871611337769739,0.3626663871086525,0.46687009590235395,0.38513689758440417,107900,107897,107900,10790,10790,2294,8496,,,,,,,,,,,,,,,,0.38513689758440417,0.38513689758440417,0.47625816850981373,0.5521848292792959,,,,2294,825cd5cdebc45c34fe3e9978930f85a71763a84e11c640fcc3e4db5c28e1db44,13,107801
V1.2_STAGE1_DRAFT2,S2,20260906T221530Z_db18dc51,ETH,depth_imbalance_l5,2000,0.9,,bitget_depth_imbalance_l5,,,,107929,107900,107880,20,1656,0.871611337769739,0.44128711647441704,0.5495169082125604,0.6673613544132561,107900,107897,107900,10790,10790,1656,9134,,,,,,,,,,,,,,,,0.6673613544132561,0.6673613544132561,0.7675372285615891,0.8527160383220197,,,,1656,24b2cdee6894ba7207b7be9321b04257e48c9ac60c31a8106d4bd39e7a0a564a,13,107801
V1.2_STAGE1_DRAFT2,S2,20260906T221530Z_db18dc51,ETH,depth_imbalance_l5,5000,0.9,,bitget_depth_imbalance_l5,,,,107929,107900,107850,50,1050,0.871611337769739,0.5111562547580709,0.5971428571428572,1.263839054758636,107900,107897,107900,10790,10790,1050,9740,,,,,,,,,,,,,,,,1.263839054758636,1.263839054758636,1.367466723681006,1.4252461649732495,,,,1050,aef36dbad4950ebc7ca38d3084e348efb5c3c7e82f130fe041a3d555f351a5f5,13,107801
V1.2_STAGE1_DRAFT2,S2,20260906T221530Z_db18dc51,ETH,depth_imbalance_l5,10000,0.9,,bitget_depth_imbalance_l5,,,,107929,107900,107800,100,700,0.871611337769739,0.5337389720714355,0.5814285714285714,1.9114548636719664,107900,107897,107900,10790,10790,700,10090,,,,,,,,,,,,,,,,1.9114548636719664,1.9114548636719664,1.9988928746397103,1.9807080436968925,,,,700,7e04879ed2f80b7455b038c1f90f0b68ac0f2a37f25f76fc08759b36a1cff86f,13,107801
V1.2_STAGE1_DRAFT2,S2,20260906T221530Z_db18dc51,ETH,depth_imbalance_l5,30000,0.9,,bitget_depth_imbalance_l5,,,,107929,107900,107600,300,301,0.871611337769739,0.6240169968439332,0.5714285714285714,3.5116533499350657,107900,107897,107900,10790,10769,301,10468,,,,,,,,,,,,,,,,3.5116533499350657,3.5116533499350657,3.526171461106144,3.5258163177502455,,,,301,53cea9d42b01b8a1bb7a15251f001c14f3fdac5be60e2433de487fe07e42434b,13,107486
V1.2_STAGE1_DRAFT2,S3,20260905T073818Z_e44d99bd,BTC,depthBoth,1000,0.9,,,bitget_depth_imbalance_l1,bitget_depth_imbalance_l5,,215999,212899,212889,10,2788,0.8961484264913104,0.10035979250133428,0.16606886657101866,,,,212899,21292,21292,2788,18504,212899,212899,212899,212899,,,,,,,,,,,,,,,,,,,2788,0761e1c416747a5e26fc06a67fd3d1399bf81a03b7adae876014f7cf713f7ad1,631,215945
V1.2_STAGE1_DRAFT2,S3,20260905T073818Z_e44d99bd,BTC,depthBoth,5000,0.9,,,bitget_depth_imbalance_l1,bitget_depth_imbalance_l5,,215999,212899,212849,50,940,0.8961484264913104,0.2950039632270393,0.41702127659574467,,,,212899,21292,21292,940,20352,212899,212899,212899,212899,,,,,,,,,,,,,,,,,,,940,cd942f10ccad93c31855bf4acaf9b3194718d9af2cda140afd698c647404243f,631,215945
V1.2_STAGE1_DRAFT2,S3,20260905T073818Z_e44d99bd,BTC,depthBoth,30000,0.9,,,bitget_depth_imbalance_l1,bitget_depth_imbalance_l5,,215999,212899,212605,300,357,0.8961484264913104,0.6304820405068917,0.6526610644257703,,,,212899,21292,21221,357,20864,212899,212899,212899,212899,,,,,,,,,,,,,,,,,,,357,619a70b899ea4de670757c34ffe9eeb89cd389c3f515ceb1423bf22fb362f257,631,215485
V1.2_STAGE1_DRAFT2,S3,20260905T073818Z_e44d99bd,BTC,depthL1_extOFI,1000,0.9,,,bitget_depth_imbalance_l1,external_ofi_consensus_l1,,215999,212899,212889,10,7218,0.7038224518553312,0.05045597788413706,0.08742033804377944,,,,212899,21290,21287,7218,14069,212899,212899,212899,212899,,,,,,,,,,,,,,,,,,,7218,278506e1aedbff60deb06ccf82d6f421528317c19c7a618d32c1c768d32408bd,631,215981
V1.2_STAGE1_DRAFT2,S3,20260905T073818Z_e44d99bd,BTC,depthL1_extOFI,5000,0.9,,,bitget_depth_imbalance_l1,external_ofi_consensus_l1,,215999,212899,212849,50,2395,0.7038224518553312,0.1454270065179181,0.230062630480167,,,,212899,21290,21280,2395,18885,212899,212899,212899,212899,,,,,,,,,,,,,,,,,,,2395,5a78db13c788ac2c9071e1d721a5f604a6ae6a601b3c85b6af804cce5b5d7b59,631,215927
V1.2_STAGE1_DRAFT2,S3,20260905T073818Z_e44d99bd,BTC,depthL1_extOFI,30000,0.9,,,bitget_depth_imbalance_l1,external_ofi_consensus_l1,,215999,212899,212605,300,588,0.7038224518553312,0.33826009408064817,0.45918367346938777,,,,212899,21290,21225,588,20637,212899,212899,212899,212899,,,,,,,,,,,,,,,,,,,588,432e0df44e402e710d7c6f333d5e97cc332b6bc8c3419cff979c0dac9e5a69d6,631,215592
V1.2_STAGE1_DRAFT2,S3,20260905T073818Z_e44d99bd,ETH,depthBoth,1000,0.9,,,bitget_depth_imbalance_l1,bitget_depth_imbalance_l5,,215999,212624,212614,10,3081,0.8713956496178719,0.1339403641942164,0.210645894190198,,,,212624,21272,21272,3081,18191,212624,212624,212624,212624,,,,,,,,,,,,,,,,,,,3081,7c05a66708bcbfd34f13d78c15f07b396d636d9bdceb8b6635f5d61c0df2f862,200,215962
V1.2_STAGE1_DRAFT2,S3,20260905T073818Z_e44d99bd,ETH,depthBoth,5000,0.9,,,bitget_depth_imbalance_l1,bitget_depth_imbalance_l5,,215999,212624,212574,50,1203,0.8713956496178719,0.3446510526807077,0.49044056525353286,,,,212624,21272,21267,1203,20064,212624,212624,212624,212624,,,,,,,,,,,,,,,,,,,1203,a873959c0f58c1d55cea398c9117dfa22f7f8f96c288997ee73accd114484241,200,215822
V1.2_STAGE1_DRAFT2,S3,20260905T073818Z_e44d99bd,ETH,depthBoth,30000,0.9,,,bitget_depth_imbalance_l1,bitget_depth_imbalance_l5,,215999,212624,212324,300,440,0.8713956496178719,0.31208564540570743,0.5522727272727272,,,,212624,21272,21129,440,20689,212624,212624,212624,212624,,,,,,,,,,,,,,,,,,,440,bbeac6b059f58079d69f4facedd2f947215c4bc5da2e81895eb2d4ed61448681,200,215522
V1.2_STAGE1_DRAFT2,S3,20260905T073818Z_e44d99bd,ETH,depthL1_extOFI,1000,0.9,,,bitget_depth_imbalance_l1,external_ofi_consensus_l1,,215999,212624,212614,10,7479,0.7071369782480894,0.09573547618579144,0.16579756651958819,,,,212624,21263,21263,7479,13784,212624,212624,212624,212624,,,,,,,,,,,,,,,,,,,7479,70fda6c5e889b3c4b73678ff14792d17dd60cf6b3c4af73153993e7a297de483,11,215962
V1.2_STAGE1_DRAFT2,S3,20260905T073818Z_e44d99bd,ETH,depthL1_extOFI,5000,0.9,,,bitget_depth_imbalance_l1,external_ofi_consensus_l1,,215999,212624,212574,50,2641,0.7071369782480894,0.2301439731024084,0.3767512305944718,,,,212624,21263,21259,2641,18618,212624,212624,212624,212624,,,,,,,,,,,,,,,,,,,2641,8cb15e358388541fde0223ab458dc74c8c89baccdbc20faa4a4850dc495af792,11,215918
V1.2_STAGE1_DRAFT2,S3,20260905T073818Z_e44d99bd,ETH,depthL1_extOFI,30000,0.9,,,bitget_depth_imbalance_l1,external_ofi_consensus_l1,,215999,212624,212324,300,623,0.7071369782480894,0.3204663260656776,0.5152487961476726,,,,212624,21263,21193,623,20570,212624,212624,212624,212624,,,,,,,,,,,,,,,,,,,623,071f903b8a8c96897fc372683179207d8b7fbd4d7cf76a9331423a6cdfbb9185,11,215467
V1.2_STAGE1_DRAFT2,S3,20260906T221530Z_db18dc51,BTC,depthBoth,1000,0.9,,,bitget_depth_imbalance_l1,bitget_depth_imbalance_l5,,107929,107911,107901,10,2114,0.8974071465638669,0.40190579799406734,0.4815515610217597,,,,107911,10793,10789,2114,8675,107911,107911,107911,107911,,,,,,,,,,,,,,,,,,,2114,622266b1ff1c240cb6aecdeac48f131e488558dcf42306f3de9f4bc94cdbbf91,14,107914
V1.2_STAGE1_DRAFT2,S3,20260906T221530Z_db18dc51,BTC,depthBoth,5000,0.9,,,bitget_depth_imbalance_l1,bitget_depth_imbalance_l5,,107929,107911,107861,50,966,0.8974071465638669,0.69667004992253,0.6687370600414079,,,,107911,10793,10770,966,9804,107911,107911,107911,107911,,,,,,,,,,,,,,,,,,,966,aa8272f6062668cdcb0270e39a4139f214bb2a85551e1f849aa86d93a2ce9917,14,107825
V1.2_STAGE1_DRAFT2,S3,20260906T221530Z_db18dc51,BTC,depthBoth,30000,0.9,,,bitget_depth_imbalance_l1,bitget_depth_imbalance_l5,,107929,107911,107611,300,295,0.8974071465638669,0.8503509648193748,0.6237288135593221,,,,107911,10793,10748,295,10453,107911,107911,107911,107911,,,,,,,,,,,,,,,,,,,295,e0e31d9eebf57c88f7736745f6ac8005f33683d9cd5e4de0eca36f9ab8652d52,14,107485
V1.2_STAGE1_DRAFT2,S3,20260906T221530Z_db18dc51,BTC,depthL1_extOFI,1000,0.9,,,bitget_depth_imbalance_l1,external_ofi_consensus_l1,,107929,107911,107901,10,3955,0.7394636370375862,0.3140178674835592,0.40176991150442476,,,,107911,10792,10786,3955,6831,107911,107911,107911,107910,,,,,,,,,,,,,,,,,,,3955,35f9171f3fe428d23a2b2072e47dedd6f6bfab7ee99236be7da306fdf03b5ad9,14,107910
V1.2_STAGE1_DRAFT2,S3,20260906T221530Z_db18dc51,BTC,depthL1_extOFI,5000,0.9,,,bitget_depth_imbalance_l1,external_ofi_consensus_l1,,107929,107911,107861,50,1482,0.7394636370375862,0.5284876166686682,0.578272604588394,,,,107911,10792,10773,1482,9291,107911,107911,107911,107910,,,,,,,,,,,,,,,,,,,1482,26664d5703af2ce26a9163d2772f0d24f9b3d39fcc3f7136bfce92a2565bfdcf,14,107825
V1.2_STAGE1_DRAFT2,S3,20260906T221530Z_db18dc51,BTC,depthL1_extOFI,30000,0.9,,,bitget_depth_imbalance_l1,external_ofi_consensus_l1,,107929,107911,107611,300,334,0.7394636370375862,0.7546588507192838,0.5988023952095808,,,,107911,10792,10738,334,10404,107911,107911,107911,107910,,,,,,,,,,,,,,,,,,,334,fba3522b4e4a28ed97edd0ffce50ff84d25fd93912123af7260ae257a0268632,14,107538
V1.2_STAGE1_DRAFT2,S3,20260906T221530Z_db18dc51,ETH,depthBoth,1000,0.9,,,bitget_depth_imbalance_l1,bitget_depth_imbalance_l5,,107929,107900,107890,10,2374,0.8810956339607604,0.40346043635708423,0.4924178601516428,,,,107900,10790,10790,2374,8416,107900,107900,107900,107900,,,,,,,,,,,,,,,,,,,2374,6d9f25cf4973177bdaabed2092d1ce3389bfca86f721ac64a7684141d08e0863,13,107801
V1.2_STAGE1_DRAFT2,S3,20260906T221530Z_db18dc51,ETH,depthBoth,5000,0.9,,,bitget_depth_imbalance_l1,bitget_depth_imbalance_l5,,107929,107900,107850,50,1088,0.8810956339607604,0.5590268477278965,0.6167279411764706,,,,107900,10790,10790,1088,9702,107900,107900,107900,107900,,,,,,,,,,,,,,,,,,,1088,f80ec8a4c8d10378ee018b0f1a671f5aa9dc21a845f4bca34a530a80342fad50,13,107801
V1.2_STAGE1_DRAFT2,S3,20260906T221530Z_db18dc51,ETH,depthBoth,30000,0.9,,,bitget_depth_imbalance_l1,bitget_depth_imbalance_l5,,107929,107900,107600,300,306,0.8810956339607604,0.8678309815050981,0.5882352941176471,,,,107900,10790,10769,306,10463,107900,107900,107900,107900,,,,,,,,,,,,,,,,,,,306,20815085caff40af1f91f367054167a83cf2fb4aeb7a6e1aaf945ee489d97219,13,107538
V1.2_STAGE1_DRAFT2,S3,20260906T221530Z_db18dc51,ETH,depthL1_extOFI,1000,0.9,,,bitget_depth_imbalance_l1,external_ofi_consensus_l1,,107929,107900,107890,10,4287,0.7465361766804756,0.35890827120282137,0.4800559832050385,,,,107900,10791,10788,4287,6501,107900,107900,107900,107900,,,,,,,,,,,,,,,,,,,4287,b0b400b85ac0cf28f8f1e1695251ab2eaa57c6a0df76311b48f48ce665764f62,13,107912
V1.2_STAGE1_DRAFT2,S3,20260906T221530Z_db18dc51,ETH,depthL1_extOFI,5000,0.9,,,bitget_depth_imbalance_l1,external_ofi_consensus_l1,,107929,107900,107850,50,1576,0.7465361766804756,0.6127763355354141,0.6148477157360406,,,,107900,10791,10782,1576,9206,107900,107900,107900,107900,,,,,,,,,,,,,,,,,,,1576,5081b65c32d6c6676a8e19c2feaf4b35cb6fe10686a181917686c7fb413d5852,13,107833
V1.2_STAGE1_DRAFT2,S3,20260906T221530Z_db18dc51,ETH,depthL1_extOFI,30000,0.9,,,bitget_depth_imbalance_l1,external_ofi_consensus_l1,,107929,107900,107600,300,338,0.7465361766804756,0.4604236353791516,0.5532544378698225,,,,107900,10791,10751,338,10413,107900,107900,107900,107900,,,,,,,,,,,,,,,,,,,338,34d6677df7ffe689b930e70ede330f0a8bfd1f932dfcbb2b96bfdbbc555210b3,13,107485
V1.2_STAGE1_DRAFT2,S4,20260905T073818Z_e44d99bd,BTC,gap_depthL1,1000,0.9,,bitget_gap_to_fair_bps,bitget_depth_imbalance_l1,,,215999,212899,212889,10,2036,0.44852834352759896,0.08373810779667337,0.10265225933202357,,,,,,18186,2036,16150,,,,,212899,212899,212899,21290,141325,18186,,,,,,,,,,,,,2036,190062a2800024900257b66baaeb958760ab1e0235f9eec4b5357b28581f8d6d,1704,215840
V1.2_STAGE1_DRAFT2,S4,20260905T073818Z_e44d99bd,BTC,gap_depthL1,30000,0.9,,bitget_gap_to_fair_bps,bitget_depth_imbalance_l1,,,215999,212899,212605,300,217,0.44852834352759896,0.6369216144122974,0.6036866359447005,,,,,,18078,217,17861,,,,,212899,212899,212899,21290,141325,18186,,,,,,,,,,,,,217,57cc6c37155b40b1cf0f769415ed2263bca9faf9e7874aa8988759eb4a8d6985,1704,215383
V1.2_STAGE1_DRAFT2,S4,20260905T073818Z_e44d99bd,BTC,gap_depth_extOFI,1000,0.9,,bitget_gap_to_fair_bps,bitget_depth_imbalance_l1,external_ofi_consensus_l1,,215999,212899,212889,10,2204,0.44852834352759896,0.0849335604597771,0.09891107078039928,,,,,,15601,2204,13397,,,,,212899,212899,212899,21290,131020,15601,,,,,,,,,,,,,2204,2e9a0c75be11418b3ddab6a424ffb36d84fb6a6dad8e8aeb51100a9733fd5c3f,1704,215840
V1.2_STAGE1_DRAFT2,S4,20260905T073818Z_e44d99bd,BTC,gap_depth_extOFI,30000,0.9,,bitget_gap_to_fair_bps,bitget_depth_imbalance_l1,external_ofi_consensus_l1,,215999,212899,212605,300,232,0.44852834352759896,0.6086836534419937,0.5818965517241379,,,,,,15508,232,15276,,,,,212899,212899,212899,21290,131020,15601,,,,,,,,,,,,,232,9222ab2eccbc52377325dcc63cf26b9cc2f1671b87abda0de56a1e30cbe23a10,1704,215383
V1.2_STAGE1_DRAFT2,S4,20260905T073818Z_e44d99bd,BTC,gap_localOFI,1000,0.9,,bitget_gap_to_fair_bps,,,bitget_fair_ofi_alignment,215999,212899,212889,10,1623,0.44852834352759896,0.09005032606326595,0.1059765865680838,,,,,,4288,1623,2665,,,,,212899,82962,82962,8362,41761,4288,,,,,,,,,,,,,1623,11fdcbcb145e16582d6b0c1150b19cf3d0b52062c27ec6fa682b19cbf0da5e5f,1704,215837
V1.2_STAGE1_DRAFT2,S4,20260905T073818Z_e44d99bd,BTC,gap_localOFI,30000,0.9,,bitget_gap_to_fair_bps,,,bitget_fair_ofi_alignment,215999,212899,212605,300,224,0.44852834352759896,0.5115455693897379,0.5803571428571429,,,,,,4261,224,4037,,,,,212899,82962,82962,8362,41761,4288,,,,,,,,,,,,,224,2e19730f77c4f7c37e1aed9ce10d0fecf2be7797b8d18af36ac3eb54d2c94eb0,1704,215383
V1.2_STAGE1_DRAFT2,S4,20260905T073818Z_e44d99bd,ETH,gap_depthL1,1000,0.9,,bitget_gap_to_fair_bps,bitget_depth_imbalance_l1,,,215999,212624,212614,10,1793,0.6001090906160302,0.13657377629465187,0.1550474065811489,,,,,,14821,1793,13028,,,,,212624,212624,212624,21263,126228,14821,,,,,,,,,,,,,1793,0df8be047c88d13c57d6652ab1ca9826fb7ea59a87055832409d8e195b49e39a,619,215957
V1.2_STAGE1_DRAFT2,S4,20260905T073818Z_e44d99bd,ETH,gap_depthL1,30000,0.9,,bitget_gap_to_fair_bps,bitget_depth_imbalance_l1,,,215999,212624,212324,300,263,0.6001090906160302,0.7503019015851339,0.6311787072243346,,,,,,14693,263,14430,,,,,212624,212624,212624,21263,126228,14821,,,,,,,,,,,,,263,f2f90d40ccf850529648772891325170c2deb13a449868ec0890ed415f25693b,619,215017
V1.2_STAGE1_DRAFT2,S4,20260905T073818Z_e44d99bd,ETH,gap_depth_extOFI,1000,0.9,,bitget_gap_to_fair_bps,bitget_depth_imbalance_l1,external_ofi_consensus_l1,,215999,212624,212614,10,2171,0.6001090906160302,0.13028612571828382,0.12713035467526485,,,,,,13642,2171,11471,,,,,212624,212624,212624,21263,121343,13642,,,,,,,,,,,,,2171,733b3868e53ca0bc77f65620b3fd4a46ff376a06fa76a7e1e8fca9a6d72ae885,619,215957
V1.2_STAGE1_DRAFT2,S4,20260905T073818Z_e44d99bd,ETH,gap_depth_extOFI,30000,0.9,,bitget_gap_to_fair_bps,bitget_depth_imbalance_l1,external_ofi_consensus_l1,,215999,212624,212324,300,280,0.6001090906160302,0.7781915674530235,0.6107142857142858,,,,,,13522,280,13242,,,,,212624,212624,212624,21263,121343,13642,,,,,,,,,,,,,280,9df07492f53403e11092000353a4bb93fbacac6dfd7ea870a1ce152350146027,619,215017
V1.2_STAGE1_DRAFT2,S4,20260905T073818Z_e44d99bd,ETH,gap_localOFI,1000,0.9,,bitget_gap_to_fair_bps,,,bitget_fair_ofi_alignment,215999,212624,212614,10,1435,0.6001090906160302,0.1495863468822963,0.14634146341463414,,,,,,3068,1435,1633,,,,,212624,56827,56827,5776,29141,3068,,,,,,,,,,,,,1435,b3f9a3b396e7e1198d2253a1ccf5ac7212d61380c18fdde7e3e6bddccd9430dc,620,215962
V1.2_STAGE1_DRAFT2,S4,20260905T073818Z_e44d99bd,ETH,gap_localOFI,30000,0.9,,bitget_gap_to_fair_bps,,,bitget_fair_ofi_alignment,215999,212624,212324,300,272,0.6001090906160302,0.7324805524314949,0.6139705882352942,,,,,,3049,272,2777,,,,,212624,56827,56827,5776,29141,3068,,,,,,,,,,,,,272,ca3dca623e08dbc1f94c0d7fc1a924a3591882b0386926a45adcf105bb718dfa,620,215017
V1.2_STAGE1_DRAFT2,S4,20260906T221530Z_db18dc51,BTC,gap_depthL1,1000,0.9,,bitget_gap_to_fair_bps,bitget_depth_imbalance_l1,,,107929,107911,107901,10,1304,0.5540845678897455,0.39294010308953087,0.38266871165644173,,,,,,8833,1304,7529,,,,,107911,107911,107911,10792,68473,8835,,,,,,,,,,,,,1304,f5a934bcbc0c69327ff296668f144a174de4f66d1315c7e8ed45420c4a6cff4d,34,107826
V1.2_STAGE1_DRAFT2,S4,20260906T221530Z_db18dc51,BTC,gap_depthL1,30000,0.9,,bitget_gap_to_fair_bps,bitget_depth_imbalance_l1,,,107929,107911,107611,300,226,0.5540845678897455,0.8322056917043641,0.588495575221239,,,,,,8800,226,8574,,,,,107911,107911,107911,10792,68473,8835,,,,,,,,,,,,,226,83c426ad3c35d251d1e40d843feb15e84808ba8c12bea2ceb647d2c4fcc88625,34,107373
V1.2_STAGE1_DRAFT2,S4,20260906T221530Z_db18dc51,BTC,gap_depth_extOFI,1000,0.9,,bitget_gap_to_fair_bps,bitget_depth_imbalance_l1,external_ofi_consensus_l1,,107929,107911,107901,10,1369,0.5540845678897455,0.42011688097272243,0.38130021913805695,,,,,,7689,1369,6320,,,,,107911,107911,107911,10792,63220,7691,,,,,,,,,,,,,1369,ca5234388340df7db7f851225cbd1e5ab2e9c420e4a634e326f50973e29cfc15,34,107826
V1.2_STAGE1_DRAFT2,S4,20260906T221530Z_db18dc51,BTC,gap_depth_extOFI,30000,0.9,,bitget_gap_to_fair_bps,bitget_depth_imbalance_l1,external_ofi_consensus_l1,,107929,107911,107611,300,230,0.5540845678897455,0.9880747525685772,0.5956521739130435,,,,,,7661,230,7431,,,,,107911,107911,107911,10792,63220,7691,,,,,,,,,,,,,230,989a0f0314c2c578c8199e52ba8b6794a76d9291204d565ad240e56ce96f9aac,34,107373
V1.2_STAGE1_DRAFT2,S4,20260906T221530Z_db18dc51,BTC,gap_localOFI,1000,0.9,,bitget_gap_to_fair_bps,,,bitget_fair_ofi_alignment,107929,107911,107901,10,1202,0.5540845678897455,0.36899972560098443,0.3777038269550749,,,,,,3467,1202,2265,,,,,107911,61116,61116,6359,31095,3469,,,,,,,,,,,,,1202,1984005886338988b79f0360c07c61c3d04d34a212d80baa10a42c996473ff35,34,107826
V1.2_STAGE1_DRAFT2,S4,20260906T221530Z_db18dc51,BTC,gap_localOFI,30000,0.9,,bitget_gap_to_fair_bps,,,bitget_fair_ofi_alignment,107929,107911,107611,300,225,0.5540845678897455,0.9440638162504993,0.6088888888888889,,,,,,3450,225,3225,,,,,107911,61116,61116,6359,31095,3469,,,,,,,,,,,,,225,587c5944ba44c37cf12a365624b3c96768db67b472d795342bfa125c4e3f5e68,34,107373
V1.2_STAGE1_DRAFT2,S4,20260906T221530Z_db18dc51,ETH,gap_depthL1,1000,0.9,,bitget_gap_to_fair_bps,bitget_depth_imbalance_l1,,,107929,107900,107890,10,1349,0.6662132358415951,0.4634596641403682,0.44551519644180876,,,,,,7774,1349,6425,,,,,107900,107900,107900,10790,61514,7776,,,,,,,,,,,,,1349,85c8d819ee26dc086eba264de62d494907c641dd543e84cc9b5e029454ccca1f,62,107766
V1.2_STAGE1_DRAFT2,S4,20260906T221530Z_db18dc51,ETH,gap_depthL1,30000,0.9,,bitget_gap_to_fair_bps,bitget_depth_imbalance_l1,,,107929,107900,107600,300,251,0.6662132358415951,0.42302331693521233,0.5099601593625498,,,,,,7769,251,7518,,,,,107900,107900,107900,10790,61514,7776,,,,,,,,,,,,,251,8645c944de61cc16e2d8daa0eaec233d57b37d7b3d31c251f0529952175db5c8,62,107378
V1.2_STAGE1_DRAFT2,S4,20260906T221530Z_db18dc51,ETH,gap_depth_extOFI,1000,0.9,,bitget_gap_to_fair_bps,bitget_depth_imbalance_l1,external_ofi_consensus_l1,,107929,107900,107890,10,1418,0.6662132358415951,0.4977534242101959,0.4287729196050776,,,,,,6885,1418,5467,,,,,107900,107900,107900,10790,58087,6886,,,,,,,,,,,,,1418,c56ab7de99cbad34a2c47c17e1bdab3a6ec654a81d1c3d2faa12e9f25f284bb6,53,107768
V1.2_STAGE1_DRAFT2,S4,20260906T221530Z_db18dc51,ETH,gap_depth_extOFI,30000,0.9,,bitget_gap_to_fair_bps,bitget_depth_imbalance_l1,external_ofi_consensus_l1,,107929,107900,107600,300,246,0.6662132358415951,0.61988152400777,0.5487804878048781,,,,,,6883,246,6637,,,,,107900,107900,107900,10790,58087,6886,,,,,,,,,,,,,246,9478fc35d10b3bb9d6ecde9fc968b81038a61e22973aabf660ebde87a7525a43,53,107378
V1.2_STAGE1_DRAFT2,S4,20260906T221530Z_db18dc51,ETH,gap_localOFI,1000,0.9,,bitget_gap_to_fair_bps,,,bitget_fair_ofi_alignment,107929,107900,107890,10,1241,0.6662132358415951,0.47324917466902544,0.42224012892828366,,,,,,3045,1241,1804,,,,,107900,53462,53462,5776,26871,3047,,,,,,,,,,,,,1241,08de3b9132cffcbf531936eb9a9a6e871b42e5f5b007694573037b2122443f01,48,107767
V1.2_STAGE1_DRAFT2,S4,20260906T221530Z_db18dc51,ETH,gap_localOFI,30000,0.9,,bitget_gap_to_fair_bps,,,bitget_fair_ofi_alignment,107929,107900,107600,300,245,0.6662132358415951,0.8311538227686962,0.5755102040816327,,,,,,3043,245,2798,,,,,107900,53462,53462,5776,26871,3047,,,,,,,,,,,,,245,530e541b72d340589ba8acf8999ce90af6073cd637f6ccfdc8aaea6859e7c68d,48,107378
V1.2_STAGE1_DRAFT2,S5,20260905T073818Z_e44d99bd,BTC,fair_gap_reversion,5000,0.9,low,bitget_gap_to_fair_bps,,,,215999,212899,212849,50,129,0.44852834352759896,0.0687544727781894,0.15503875968992248,0.14906892401977953,212899,212899,212899,21290,21290,,,,,,,,,,,,,212899,0.22966287011373063,0.47085815126923136,678,129,0.14906892401977953,0.14906892401977953,0.21430163475025643,0.38525360558976146,0.3199331538541051,0.6872894031185466,226,129,4576170be69e082dd0f846b90275fa61a6b9caaeea70e3889cffb874ddb07d56,631,214674
V1.2_STAGE1_DRAFT2,S5,20260905T073818Z_e44d99bd,BTC,fair_gap_reversion,5000,0.9,mid,bitget_gap_to_fair_bps,,,,215999,212899,212849,50,190,0.44852834352759896,0.1491465438948658,0.2631578947368421,0.14906892401977953,212899,212899,212899,21290,21290,,,,,,,,,,,,,212899,0.22966287011373063,0.47085815126923136,678,190,0.14906892401977953,0.14906892401977953,0.21430163475025643,0.38525360558976146,0.3199331538541051,0.6872894031185466,226,190,cb48d27125cfcb6c2fa6f37cf87b3ddb6cf7939456b465acba2162c6f8aeaf18,4016,215830
V1.2_STAGE1_DRAFT2,S5,20260905T073818Z_e44d99bd,BTC,fair_gap_reversion,5000,0.9,high,bitget_gap_to_fair_bps,,,,215999,212899,212849,50,359,0.44852834352759896,0.3690731115406523,0.3426183844011142,0.14906892401977953,212899,212899,212899,21290,21290,,,,,,,,,,,,,212899,0.22966287011373063,0.47085815126923136,678,359,0.14906892401977953,0.14906892401977953,0.21430163475025643,0.38525360558976146,0.3199331538541051,0.6872894031185466,226,359,09b1232a0afdb42d5202bc74c6883a3f825b7851799277f7417b64a82cdf97fd,1704,215494
V1.2_STAGE1_DRAFT2,S5,20260905T073818Z_e44d99bd,BTC,fair_gap_reversion,10000,0.9,low,bitget_gap_to_fair_bps,,,,215999,212899,212799,100,83,0.44852834352759896,0.03532872656855994,0.21686746987951808,0.2790489962664973,212899,212899,212899,21290,21290,,,,,,,,,,,,,212899,0.22966287011373063,0.47085815126923136,446,83,0.2790489962664973,0.2790489962664973,0.3881576202276417,0.6167290843678767,0.336312041275528,0.7244084896475975,149,83,ec0448656017e541d18596cffd523aec9500ddc91d135c98ee61d48a2c00fbaa,631,214674
V1.2_STAGE1_DRAFT2,S5,20260905T073818Z_e44d99bd,BTC,fair_gap_reversion,10000,0.9,mid,bitget_gap_to_fair_bps,,,,215999,212899,212799,100,115,0.44852834352759896,0.25199392834129486,0.34782608695652173,0.2790489962664973,212899,212899,212899,21290,21290,,,,,,,,,,,,,212899,0.22966287011373063,0.47085815126923136,446,115,0.2790489962664973,0.2790489962664973,0.3881576202276417,0.6167290843678767,0.336312041275528,0.7244084896475975,148,115,bded802acd12c5085764681633eb63fac9d0a3d34fb76843e12cfc87ad3cb824,4016,215725
V1.2_STAGE1_DRAFT2,S5,20260905T073818Z_e44d99bd,BTC,fair_gap_reversion,10000,0.9,high,bitget_gap_to_fair_bps,,,,215999,212899,212799,100,248,0.44852834352759896,0.5418741132384827,0.4717741935483871,0.2790489962664973,212899,212899,212899,21290,21290,,,,,,,,,,,,,212899,0.22966287011373063,0.47085815126923136,446,248,0.2790489962664973,0.2790489962664973,0.3881576202276417,0.6167290843678767,0.336312041275528,0.7244084896475975,149,248,b66f7ba0216b1d3fa76964a64e56575252d8242aeb42d2b40b327d725c515803,1704,215825
V1.2_STAGE1_DRAFT2,S5,20260905T073818Z_e44d99bd,BTC,fair_gap_reversion,30000,0.9,low,bitget_gap_to_fair_bps,,,,215999,212899,212605,300,42,0.44852834352759896,0.08309248224896716,0.38095238095238093,0.700490633335734,212899,212899,212899,21290,21182,,,,,,,,,,,,,212899,0.22966287011373063,0.47085815126923136,250,42,0.700490633335734,0.700490633335734,0.8881023015031052,1.192305252406431,0.37884718554367497,0.8400666934554254,83,42,7212ca7a7e1491c0f2bbd1e2f51a64c5f56a3d0a78adb8f756ec710d7a418735,631,214674
V1.2_STAGE1_DRAFT2,S5,20260905T073818Z_e44d99bd,BTC,fair_gap_reversion,30000,0.9,mid,bitget_gap_to_fair_bps,,,,215999,212899,212605,300,59,0.44852834352759896,0.45599566000693625,0.5423728813559322,0.700490633335734,212899,212899,212899,21290,21182,,,,,,,,,,,,,212899,0.22966287011373063,0.47085815126923136,250,59,0.700490633335734,0.700490633335734,0.8881023015031052,1.192305252406431,0.37884718554367497,0.8400666934554254,83,59,5afca142fab7b21359a14496c032a450f9d39795e530e590a7482fb9987c612e,4016,204100
V1.2_STAGE1_DRAFT2,S5,20260905T073818Z_e44d99bd,BTC,fair_gap_reversion,30000,0.9,high,bitget_gap_to_fair_bps,,,,215999,212899,212605,300,149,0.44852834352759896,0.7328490153688866,0.6174496644295302,0.700490633335734,212899,212899,212899,21290,21182,,,,,,,,,,,,,212899,0.22966287011373063,0.47085815126923136,250,149,0.700490633335734,0.700490633335734,0.8881023015031052,1.192305252406431,0.37884718554367497,0.8400666934554254,84,149,fd7d829f8f52695e75dde17fb1f3bed32907211c53829ad9ba4d2cdea6dfecdc,1704,215383
V1.2_STAGE1_DRAFT2,S5,20260905T073818Z_e44d99bd,ETH,fair_gap_reversion,5000,0.9,low,bitget_gap_to_fair_bps,,,,215999,212624,212574,50,199,0.6001090906160302,0.16768134648096086,0.27638190954773867,0.28791548782525883,212624,212624,212624,21263,21253,,,,,,,,,,,,,212624,0.2643892138991969,0.48216197173248465,796,199,0.28791548782525883,0.28791548782525883,0.35136034503172225,0.5113194242016738,0.33194543061948073,0.6218332139163707,265,199,8ef9db0396106053378c2e8c2a7d0a8879a43c235f4df3897007df5a9ed4d8d8,2373,215017
V1.2_STAGE1_DRAFT2,S5,20260905T073818Z_e44d99bd,ETH,fair_gap_reversion,5000,0.9,mid,bitget_gap_to_fair_bps,,,,215999,212624,212574,50,237,0.6001090906160302,0.1633981217115264,0.2911392405063291,0.28791548782525883,212624,212624,212624,21263,21253,,,,,,,,,,,,,212624,0.2643892138991969,0.48216197173248465,796,237,0.28791548782525883,0.28791548782525883,0.35136034503172225,0.5113194242016738,0.33194543061948073,0.6218332139163707,265,237,17421ced08dad9f6400a59420427f2a146bc480fb6ab2feb4caf5f292eb55962,619,214799
V1.2_STAGE1_DRAFT2,S5,20260905T073818Z_e44d99bd,ETH,fair_gap_reversion,5000,0.9,high,bitget_gap_to_fair_bps,,,,215999,212624,212574,50,360,0.6001090906160302,0.5402966633884142,0.4583333333333333,0.28791548782525883,212624,212624,212624,21263,21253,,,,,,,,,,,,,212624,0.2643892138991969,0.48216197173248465,796,360,0.28791548782525883,0.28791548782525883,0.35136034503172225,0.5113194242016738,0.33194543061948073,0.6218332139163707,266,360,2babf79283768f818a77adcf240627e58e1b2e96cab3ce8127b541c8343a06f5,969,215826
V1.2_STAGE1_DRAFT2,S5,20260905T073818Z_e44d99bd,ETH,fair_gap_reversion,10000,0.9,low,bitget_gap_to_fair_bps,,,,215999,212624,212524,100,132,0.6001090906160302,0.367225694102582,0.3712121212121212,0.5060340739769245,212624,212624,212624,21263,21253,,,,,,,,,,,,,212624,0.2643892138991969,0.48216197173248465,550,132,0.5060340739769245,0.5060340739769245,0.6263350484107664,0.8364611892133316,0.33992975229139416,0.6640660706944149,183,132,e87c087796b7ff6c9b67382d75e25bda8aa6ee2d3b1a3926dbc1466cecc1e7b3,2583,215017
V1.2_STAGE1_DRAFT2,S5,20260905T073818Z_e44d99bd,ETH,fair_gap_reversion,10000,0.9,mid,bitget_gap_to_fair_bps,,,,215999,212624,212524,100,152,0.6001090906160302,0.17443027662553431,0.3881578947368421,0.5060340739769245,212624,212624,212624,21263,21253,,,,,,,,,,,,,212624,0.2643892138991969,0.48216197173248465,550,152,0.5060340739769245,0.5060340739769245,0.6263350484107664,0.8364611892133316,0.33992975229139416,0.6640660706944149,183,152,fe58df77a1d5c854444274560d8b42aa2e057f2861d6c316a9579e278495b7a4,619,214799
V1.2_STAGE1_DRAFT2,S5,20260905T073818Z_e44d99bd,ETH,fair_gap_reversion,10000,0.9,high,bitget_gap_to_fair_bps,,,,215999,212624,212524,100,266,0.6001090906160302,0.6494785008029774,0.5413533834586466,0.5060340739769245,212624,212624,212624,21263,21253,,,,,,,,,,,,,212624,0.2643892138991969,0.48216197173248465,550,266,0.5060340739769245,0.5060340739769245,0.6263350484107664,0.8364611892133316,0.33992975229139416,0.6640660706944149,184,266,94932ceceb72dda2ba362d516743df79f406241aadc32714cb164342958f91f7,969,215826
V1.2_STAGE1_DRAFT2,S5,20260905T073818Z_e44d99bd,ETH,fair_gap_reversion,30000,0.9,low,bitget_gap_to_fair_bps,,,,215999,212624,212324,300,64,0.6001090906160302,0.16784826190260851,0.453125,1.0880377359058049,212624,212624,212624,21263,21135,,,,,,,,,,,,,212624,0.2643892138991969,0.48216197173248465,304,64,1.0880377359058049,1.0880377359058049,1.2694868575184894,1.4712787980622597,0.3529843412932747,0.6969101492516936,101,64,77c4915a0d3a182789715f1d31851487823dd73a798ed69c3df0f3583be582a3,2583,215017
V1.2_STAGE1_DRAFT2,S5,20260905T073818Z_e44d99bd,ETH,fair_gap_reversion,30000,0.9,mid,bitget_gap_to_fair_bps,,,,215999,212624,212324,300,83,0.6001090906160302,0.7194233733739613,0.5903614457831325,1.0880377359058049,212624,212624,212624,21263,21135,,,,,,,,,,,,,212624,0.2643892138991969,0.48216197173248465,304,83,1.0880377359058049,1.0880377359058049,1.2694868575184894,1.4712787980622597,0.3529843412932747,0.6969101492516936,101,83,ac2bb613205f16790db83ad829197bc65cf8e444b0511ed448de6e0ff3bcc1b5,619,212845
V1.2_STAGE1_DRAFT2,S5,20260905T073818Z_e44d99bd,ETH,fair_gap_reversion,30000,0.9,high,bitget_gap_to_fair_bps,,,,215999,212624,212324,300,157,0.6001090906160302,0.8169174514579168,0.6305732484076433,1.0880377359058049,212624,212624,212624,21263,21135,,,,,,,,,,,,,212624,0.2643892138991969,0.48216197173248465,304,157,1.0880377359058049,1.0880377359058049,1.2694868575184894,1.4712787980622597,0.3529843412932747,0.6969101492516936,102,157,20fee423aa8545a281a44bedbff4e2293ea2a71d3bcde0749615d3c0eeb39726,969,214023
V1.2_STAGE1_DRAFT2,S5,20260906T221530Z_db18dc51,BTC,fair_gap_reversion,5000,0.9,low,bitget_gap_to_fair_bps,,,,107929,107911,107861,50,195,0.5540845678897455,0.3188895542691437,0.47692307692307695,0.8600560052220658,107911,107911,107911,10792,10790,,,,,,,,,,,,,107911,0.3402628667307137,0.5744687442582904,704,195,0.8600560052220658,0.8600560052220658,1.0823047531242367,1.3025506747138609,0.38194198707889093,0.6754032854493509,235,195,c4cb099858e6aa0a4448f35ee9679b2ba3ae313869b3dd88e30e002005e748dd,374,106298
V1.2_STAGE1_DRAFT2,S5,20260906T221530Z_db18dc51,BTC,fair_gap_reversion,5000,0.9,mid,bitget_gap_to_fair_bps,,,,107929,107911,107861,50,211,0.5540845678897455,0.47206981315329055,0.5829383886255924,0.8600560052220658,107911,107911,107911,10792,10790,,,,,,,,,,,,,107911,0.3402628667307137,0.5744687442582904,704,211,0.8600560052220658,0.8600560052220658,1.0823047531242367,1.3025506747138609,0.38194198707889093,0.6754032854493509,234,211,84602903f50169befd750b1717aaecb83e2e12be86a9af99efb08b33ddf4eb17,34,107005
V1.2_STAGE1_DRAFT2,S5,20260906T221530Z_db18dc51,BTC,fair_gap_reversion,5000,0.9,high,bitget_gap_to_fair_bps,,,,107929,107911,107861,50,298,0.5540845678897455,0.8104363106867317,0.6342281879194631,0.8600560052220658,107911,107911,107911,10792,10790,,,,,,,,,,,,,107911,0.3402628667307137,0.5744687442582904,704,298,0.8600560052220658,0.8600560052220658,1.0823047531242367,1.3025506747138609,0.38194198707889093,0.6754032854493509,235,298,4675c672d539cd1c89890e3efce2a739bc1d906c2284f6cfcebd14401d4ab18d,856,107826
V1.2_STAGE1_DRAFT2,S5,20260906T221530Z_db18dc51,BTC,fair_gap_reversion,10000,0.9,low,bitget_gap_to_fair_bps,,,,107929,107911,107811,100,140,0.5540845678897455,0.7024439710246555,0.5571428571428572,1.392866967725579,107911,107911,107911,10792,10790,,,,,,,,,,,,,107911,0.3402628667307137,0.5744687442582904,498,140,1.392866967725579,1.392866967725579,1.606778829595779,1.849552569727325,0.3763701363115783,0.6610198890340977,166,140,41d92f9b1abf8d5957a18b48b478a44d66dc476e5170795c17d9c20194036b58,374,106298
V1.2_STAGE1_DRAFT2,S5,20260906T221530Z_db18dc51,BTC,fair_gap_reversion,10000,0.9,mid,bitget_gap_to_fair_bps,,,,107929,107911,107811,100,151,0.5540845678897455,0.55100855945955,0.5695364238410596,1.392866967725579,107911,107911,107911,10792,10790,,,,,,,,,,,,,107911,0.3402628667307137,0.5744687442582904,498,151,1.392866967725579,1.392866967725579,1.606778829595779,1.849552569727325,0.3763701363115783,0.6610198890340977,166,151,2cfa6df2e935705a065aa32169e7374d7c998ed9accb6f3c8002d10b3abb232f,34,107005
V1.2_STAGE1_DRAFT2,S5,20260906T221530Z_db18dc51,BTC,fair_gap_reversion,10000,0.9,high,bitget_gap_to_fair_bps,,,,107929,107911,107811,100,207,0.5540845678897455,0.9384696396748177,0.642512077294686,1.392866967725579,107911,107911,107911,10792,10790,,,,,,,,,,,,,107911,0.3402628667307137,0.5744687442582904,498,207,1.392866967725579,1.392866967725579,1.606778829595779,1.849552569727325,0.3763701363115783,0.6610198890340977,166,207,3034e0632cbbdf35882e1fa10624b0571c9d0618b9f42aaa39bdac2dcbe63381,856,107826
V1.2_STAGE1_DRAFT2,S5,20260906T221530Z_db18dc51,BTC,fair_gap_reversion,30000,0.9,low,bitget_gap_to_fair_bps,,,,107929,107911,107611,300,63,0.5540845678897455,0.8758990635476089,0.5714285714285714,2.6735153021791773,107911,107911,107911,10792,10757,,,,,,,,,,,,,107911,0.3402628667307137,0.5744687442582904,244,63,2.6735153021791773,2.6735153021791773,2.651438805859472,3.136219737801896,0.3853414569268825,0.7182774632579989,81,63,40f9e42bc9be43483a411faee1f3d707ad4cc7063e07a528aa506902fd3681d0,374,105121
V1.2_STAGE1_DRAFT2,S5,20260906T221530Z_db18dc51,BTC,fair_gap_reversion,30000,0.9,mid,bitget_gap_to_fair_bps,,,,107929,107911,107611,300,65,0.5540845678897455,0.06186445493386923,0.5384615384615384,2.6735153021791773,107911,107911,107911,10792,10757,,,,,,,,,,,,,107911,0.3402628667307137,0.5744687442582904,244,65,2.6735153021791773,2.6735153021791773,2.651438805859472,3.136219737801896,0.3853414569268825,0.7182774632579989,81,65,9fb66568064eb47d2a5cba5cb7aefe313d1660b413f6ea3405a699dd9a5d5517,34,101237
V1.2_STAGE1_DRAFT2,S5,20260906T221530Z_db18dc51,BTC,fair_gap_reversion,30000,0.9,high,bitget_gap_to_fair_bps,,,,107929,107911,107611,300,116,0.5540845678897455,1.1103173600174279,0.5948275862068966,2.6735153021791773,107911,107911,107911,10792,10757,,,,,,,,,,,,,107911,0.3402628667307137,0.5744687442582904,244,116,2.6735153021791773,2.6735153021791773,2.651438805859472,3.136219737801896,0.3853414569268825,0.7182774632579989,82,116,4ca94c0c9b217ea904f0a83a4e52c37494abbea5cbd5285bb99eb16440131345,856,107373
V1.2_STAGE1_DRAFT2,S5,20260906T221530Z_db18dc51,ETH,fair_gap_reversion,5000,0.9,low,bitget_gap_to_fair_bps,,,,107929,107900,107850,50,208,0.6662132358415951,0.27791232334772403,0.5240384615384616,1.263839054758636,107900,107900,107900,10790,10788,,,,,,,,,,,,,107900,0.3477301960488386,0.5976099959687496,795,208,1.263839054758636,1.263839054758636,1.3952243985493473,1.6227870004413283,0.40177981314526184,0.690521146627172,265,208,73b5d356e59292f93d437831f57b9c48db585f29fd07213ec222830fd4ccaa3c,681,107766
V1.2_STAGE1_DRAFT2,S5,20260906T221530Z_db18dc51,ETH,fair_gap_reversion,5000,0.9,mid,bitget_gap_to_fair_bps,,,,107929,107900,107850,50,242,0.6662132358415951,0.336818315438302,0.5495867768595041,1.263839054758636,107900,107900,107900,10790,10788,,,,,,,,,,,,,107900,0.3477301960488386,0.5976099959687496,795,242,1.263839054758636,1.263839054758636,1.3952243985493473,1.6227870004413283,0.40177981314526184,0.690521146627172,265,242,1dc50c5ad1fb127f6892847129caee94c672e82ef172dc7aab3662c66406c0df,289,107548
V1.2_STAGE1_DRAFT2,S5,20260906T221530Z_db18dc51,ETH,fair_gap_reversion,5000,0.9,high,bitget_gap_to_fair_bps,,,,107929,107900,107850,50,345,0.6662132358415951,0.8347993035429215,0.5768115942028985,1.263839054758636,107900,107900,107900,10790,10788,,,,,,,,,,,,,107900,0.3477301960488386,0.5976099959687496,795,345,1.263839054758636,1.263839054758636,1.3952243985493473,1.6227870004413283,0.40177981314526184,0.690521146627172,265,345,1d60321d9ec793ca577b519e2eb53a51bda9fb1fb84531f10e150017b32f5838,47,107613
V1.2_STAGE1_DRAFT2,S5,20260906T221530Z_db18dc51,ETH,fair_gap_reversion,10000,0.9,low,bitget_gap_to_fair_bps,,,,107929,107900,107800,100,143,0.6662132358415951,0.6133571363910284,0.5664335664335665,1.9114548636719664,107900,107900,107900,10790,10788,,,,,,,,,,,,,107900,0.3477301960488386,0.5976099959687496,567,143,1.9114548636719664,1.9114548636719664,2.072210226135581,2.1933739155763967,0.42053575712499336,0.7017492348204194,189,143,2eee2137f575150d27bdf7c7df6ea992bf1f6f36efb552018d41aae65f8e4a70,1381,107766
V1.2_STAGE1_DRAFT2,S5,20260906T221530Z_db18dc51,ETH,fair_gap_reversion,10000,0.9,mid,bitget_gap_to_fair_bps,,,,107929,107900,107800,100,171,0.6662132358415951,0.5016990849405347,0.5497076023391813,1.9114548636719664,107900,107900,107900,10790,10788,,,,,,,,,,,,,107900,0.3477301960488386,0.5976099959687496,567,171,1.9114548636719664,1.9114548636719664,2.072210226135581,2.1933739155763967,0.42053575712499336,0.7017492348204194,189,171,e9e52eed2922b7177eaecc067b6efe0a9859177379f014ee256a84755657ce38,289,107378
V1.2_STAGE1_DRAFT2,S5,20260906T221530Z_db18dc51,ETH,fair_gap_reversion,10000,0.9,high,bitget_gap_to_fair_bps,,,,107929,107900,107800,100,253,0.6662132358415951,0.8420495652621682,0.5810276679841897,1.9114548636719664,107900,107900,107900,10790,10788,,,,,,,,,,,,,107900,0.3477301960488386,0.5976099959687496,567,253,1.9114548636719664,1.9114548636719664,2.072210226135581,2.1933739155763967,0.42053575712499336,0.7017492348204194,189,253,9859c472f87664b0b1b84a64552e503524858afdfe16e70a6ab20a26c1e693d7,47,107613
V1.2_STAGE1_DRAFT2,S5,20260906T221530Z_db18dc51,ETH,fair_gap_reversion,30000,0.9,low,bitget_gap_to_fair_bps,,,,107929,107900,107600,300,73,0.6662132358415951,0.5508601103117619,0.5205479452054794,3.5116533499350657,107900,107900,107900,10790,10783,,,,,,,,,,,,,107900,0.3477301960488386,0.5976099959687496,267,73,3.5116533499350657,3.5116533499350657,3.816168196546365,3.621783845478487,0.412080514015518,0.6747616957674852,89,73,5e47d70592615ea25446736a13bfa084b33f8d4c787c07d4cfa83c292b2f2178,681,106444
V1.2_STAGE1_DRAFT2,S5,20260906T221530Z_db18dc51,ETH,fair_gap_reversion,30000,0.9,mid,bitget_gap_to_fair_bps,,,,107929,107900,107600,300,83,0.6662132358415951,0.4704723249610881,0.5301204819277109,3.5116533499350657,107900,107900,107900,10790,10783,,,,,,,,,,,,,107900,0.3477301960488386,0.5976099959687496,267,83,3.5116533499350657,3.5116533499350657,3.816168196546365,3.621783845478487,0.412080514015518,0.6747616957674852,89,83,a940561a6be614e47da68767cd08bdd400c44ed08e8a60a1cd642f0a28690363,2364,107378
V1.2_STAGE1_DRAFT2,S5,20260906T221530Z_db18dc51,ETH,fair_gap_reversion,30000,0.9,high,bitget_gap_to_fair_bps,,,,107929,107900,107600,300,111,0.6662132358415951,1.0382019924508503,0.5945945945945946,3.5116533499350657,107900,107900,107900,10790,10783,,,,,,,,,,,,,107900,0.3477301960488386,0.5976099959687496,267,111,3.5116533499350657,3.5116533499350657,3.816168196546365,3.621783845478487,0.412080514015518,0.6747616957674852,89,111,72bf0bfdccf2929d2d8450cfa77491aa884a2ded1de1401eb315a91dda85c495,47,106797
V1.2_STAGE1_DRAFT2,S6,20260905T073818Z_e44d99bd,BTC,bitget_ofi,1000,0.8,,bitget_ofi_norm_l1,,,,215999,212899,212889,10,13229,0.002312562618458697,0.011932136741503849,0.035301232141507294,0.031798698269454105,212899,82962,212899,42580,42575,13229,29346,,,,,,,,,,,,,,,,0.031798698269454105,0.031798698269454105,0.040739641840018395,0.038708093622097386,,,,13229,1f31b243e3c6a8b6a12a2314bc6111cf94790101fa34b69df3c6fbeb07561fa9,10,215985
V1.2_STAGE1_DRAFT2,S6,20260905T073818Z_e44d99bd,BTC,bitget_ofi,1000,0.9,,bitget_ofi_norm_l1,,,,215999,212899,212889,10,8894,0.017833921605052882,0.02301285877872437,0.05048347200359793,0.031798698269454105,212899,82962,212899,21291,21291,8894,12397,,,,,,,,,,,,,,,,0.031798698269454105,0.031798698269454105,0.055912194265748755,0.05054820485185154,,,,8894,de83e096d71b3b41830987b57e6d6620fdb501e7ceba784d557b7d776e94fd44,15,215985
V1.2_STAGE1_DRAFT2,S6,20260905T073818Z_e44d99bd,BTC,bitget_ofi,1000,0.95,,bitget_ofi_norm_l1,,,,215999,212899,212889,10,5496,0.0658163744857172,0.03519553067618149,0.06877729257641921,0.031798698269454105,212899,82962,212899,10645,10645,5496,5149,,,,,,,,,,,,,,,,0.031798698269454105,0.031798698269454105,0.06790035123239907,0.06381432134292826,,,,5496,4f522dd3b31e48fae1abfe13977f6f853c04b09590ffe31458b1d8f94dd54186,200,215968
V1.2_STAGE1_DRAFT2,S6,20260905T073818Z_e44d99bd,BTC,bitget_trade_flow,1000,0.8,,bitget_trade_imbalance_window,,,,215999,212899,212889,10,6480,1.0,0.03309778920062298,0.05787037037037037,0.031798698269454105,10836,10099,10836,9772,9771,6480,3291,,,,,,,,,,,,,,,,0.031798698269454105,0.06632252518628849,0.0690066824151499,0.06001357991160098,,,,6480,c7de7de780d558994b39e2d65f9895936208c82dcf83e33499a6e644ef14e0e4,15,215967
V1.2_STAGE1_DRAFT2,S6,20260905T073818Z_e44d99bd,BTC,bitget_trade_flow,1000,0.9,,bitget_trade_imbalance_window,,,,215999,212899,212889,10,6480,1.0,0.03309778920062298,0.05787037037037037,0.031798698269454105,10836,10099,10836,9772,9771,6480,3291,,,,,,,,,,,,,,,,0.031798698269454105,0.06632252518628849,0.0690066824151499,0.06001357991160098,,,,6480,c7de7de780d558994b39e2d65f9895936208c82dcf83e33499a6e644ef14e0e4,15,215967
V1.2_STAGE1_DRAFT2,S6,20260905T073818Z_e44d99bd,BTC,bitget_trade_flow,1000,0.95,,bitget_trade_imbalance_window,,,,215999,212899,212889,10,6480,1.0,0.03309778920062298,0.05787037037037037,0.031798698269454105,10836,10099,10836,9772,9771,6480,3291,,,,,,,,,,,,,,,,0.031798698269454105,0.06632252518628849,0.0690066824151499,0.06001357991160098,,,,6480,c7de7de780d558994b39e2d65f9895936208c82dcf83e33499a6e644ef14e0e4,15,215967
V1.2_STAGE1_DRAFT2,S6,20260905T073818Z_e44d99bd,BTC,depth_imbalance_l1,1000,0.8,,bitget_depth_imbalance_l1,,,,215999,212899,212889,10,4984,0.7720943112588021,0.06669918158789072,0.11376404494382023,0.031798698269454105,212899,212899,212899,42590,42590,4984,37606,,,,,,,,,,,,,,,,0.031798698269454105,0.031798698269454105,0.0630983895699205,0.0816339197755331,,,,4984,a260dfe024fcb261e7e1944ff88c319df6edda1c954d83e7b8bb7ea0f0095bd8,631,215977
V1.2_STAGE1_DRAFT2,S6,20260905T073818Z_e44d99bd,BTC,depth_imbalance_l1,1000,0.9,,bitget_depth_imbalance_l1,,,,215999,212899,212889,10,2725,0.8775856745909232,0.10277442078753823,0.1655045871559633,0.031798698269454105,212899,212899,212899,21291,21291,2725,18566,,,,,,,,,,,,,,,,0.031798698269454105,0.031798698269454105,0.09020619325326928,0.11956598945452605,,,,2725,0441ee2ffff8e723eedd65a9c30eb1ee661be1529bb7ed5fd6c5db35e7890286,631,215937
V1.2_STAGE1_DRAFT2,S6,20260905T073818Z_e44d99bd,BTC,depth_imbalance_l1,1000,0.95,,bitget_depth_imbalance_l1,,,,215999,212899,212889,10,1549,0.938089448259998,0.14477280484192065,0.22401549386701097,0.031798698269454105,212899,212899,212899,10646,10646,1549,9097,,,,,,,,,,,,,,,,0.031798698269454105,0.031798698269454105,0.12516921625204297,0.15955688210668756,,,,1549,fa72dbfe1493aef1907190feff0cc407ce49f8e0f3b20afba8ccfc3b1a99ae5c,1569,215885
V1.2_STAGE1_DRAFT2,S6,20260905T073818Z_e44d99bd,BTC,depth_imbalance_l5,1000,0.8,,bitget_depth_imbalance_l5,,,,215999,212899,212889,10,5005,0.7796513539459544,0.06401843473278358,0.11048951048951049,0.031798698269454105,212899,212898,212899,42580,42571,5005,37566,,,,,,,,,,,,,,,,0.031798698269454105,0.031798698269454105,0.061016950689925624,0.07719358541881498,,,,5005,c84b770f2c54beedce06e611aaf1bd818aac76bcb291320894f244e962988cee,631,215987
V1.2_STAGE1_DRAFT2,S6,20260905T073818Z_e44d99bd,BTC,depth_imbalance_l5,1000,0.9,,bitget_depth_imbalance_l5,,,,215999,212899,212889,10,2781,0.874325050746556,0.09845959665795902,0.15713772024451636,0.031798698269454105,212899,212898,212899,21297,21297,2781,18516,,,,,,,,,,,,,,,,0.031798698269454105,0.031798698269454105,0.08565937879400037,0.11215894100244322,,,,2781,6e78ae308a6d0e301dab3e17e1125d9ec4ee3993dc7f79adf9c488945702caab,631,215973
V1.2_STAGE1_DRAFT2,S6,20260905T073818Z_e44d99bd,BTC,depth_imbalance_l5,1000,0.95,,bitget_depth_imbalance_l5,,,,215999,212899,212889,10,1556,0.9365436879951609,0.13661137267570347,0.2159383033419023,0.031798698269454105,212899,212898,212899,10645,10645,1556,9089,,,,,,,,,,,,,,,,0.031798698269454105,0.031798698269454105,0.11606879843922707,0.15044093272076464,,,,1556,941e9c5ef6bad1bcc43cbce76fb18ccf1818babe2187e5f865677b61e12606a0,1569,215884
V1.2_STAGE1_DRAFT2,S6,20260905T073818Z_e44d99bd,BTC,external_ofi,1000,0.8,,external_ofi_consensus_l1,,,,215999,212899,212889,10,12891,0.012182643719934771,0.016692115345446925,0.041967263982623536,0.031798698269454105,212899,194335,212899,42580,42576,12891,29685,,,,,,,,,,,,,,,,0.031798698269454105,0.031798698269454105,0.05451112882563323,0.04449063127989796,,,,12891,66965af05ee48e0622c6237052b023b524edd38c2cdf43524969315e19d5fffb,13,215982
V1.2_STAGE1_DRAFT2,S6,20260905T073818Z_e44d99bd,BTC,external_ofi,1000,0.9,,external_ofi_consensus_l1,,,,215999,212899,212889,10,8550,0.03072178020327522,0.031219040588032744,0.0608187134502924,0.031798698269454105,212899,194335,212899,21290,21289,8550,12739,,,,,,,,,,,,,,,,0.031798698269454105,0.031798698269454105,0.0737869662732284,0.060697015889092244,,,,8550,a0bff7adde3179481b2710ba6f49b4615a2d798ed092d1bba35d15a639e54cc7,25,215983
V1.2_STAGE1_DRAFT2,S6,20260905T073818Z_e44d99bd,BTC,external_ofi,1000,0.95,,external_ofi_consensus_l1,,,,215999,212899,212889,10,5196,0.06115574846624429,0.05778684212231899,0.09468822170900693,0.031798698269454105,212899,194335,212899,10645,10645,5196,5449,,,,,,,,,,,,,,,,0.031798698269454105,0.031798698269454105,0.10192335660993442,0.08982863841338276,,,,5196,529ce4363ef112801bca25a53d20afeba340bc93387b6179d3af8e0b349c0d10,67,215969
V1.2_STAGE1_DRAFT2,S6,20260905T073818Z_e44d99bd,BTC,external_trade_flow,1000,0.8,,external_trade_imbalance_consensus,,,,215999,212899,212889,10,17699,1.0,0.010948884991722444,0.03062319905079383,0.031798698269454105,76646,72241,76646,69020,69017,17699,51318,,,,,,,,,,,,,,,,0.031798698269454105,0.04026101442806936,0.036354039023203444,0.032947381533947856,,,,17699,ad9ef3bf9aac18525e844fc904e69032c92709e1b36ee5484856762295013187,11,215979
V1.2_STAGE1_DRAFT2,S6,20260905T073818Z_e44d99bd,BTC,external_trade_flow,1000,0.9,,external_trade_imbalance_consensus,,,,215999,212899,212889,10,17699,1.0,0.010948884991722444,0.03062319905079383,0.031798698269454105,76646,72241,76646,69020,69017,17699,51318,,,,,,,,,,,,,,,,0.031798698269454105,0.04026101442806936,0.036354039023203444,0.032947381533947856,,,,17699,ad9ef3bf9aac18525e844fc904e69032c92709e1b36ee5484856762295013187,11,215979
V1.2_STAGE1_DRAFT2,S6,20260905T073818Z_e44d99bd,BTC,external_trade_flow,1000,0.95,,external_trade_imbalance_consensus,,,,215999,212899,212889,10,17699,1.0,0.010948884991722444,0.03062319905079383,0.031798698269454105,76646,72241,76646,69020,69017,17699,51318,,,,,,,,,,,,,,,,0.031798698269454105,0.04026101442806936,0.036354039023203444,0.032947381533947856,,,,17699,ad9ef3bf9aac18525e844fc904e69032c92709e1b36ee5484856762295013187,11,215979
V1.2_STAGE1_DRAFT2,S6,20260905T073818Z_e44d99bd,BTC,fair_accel_100ms,1000,0.8,,fair_accel_100ms_bps,,,,215999,212899,212889,10,6438,5.024947343634052e-07,0.04457896773865789,0.07440198819509164,0.031798698269454105,212893,212307,212893,42579,42579,6438,36141,,,,,,,,,,,,,,,,0.031798698269454105,0.03179959449972903,0.05276073123261988,0.06963515976362399,,,,6438,b6f4dca1651a41a6a4da5668220258bf930e63bf5abf374ab3f2db8f769e8dac,630,215943
V1.2_STAGE1_DRAFT2,S6,20260905T073818Z_e44d99bd,BTC,fair_accel_100ms,1000,0.9,,fair_accel_100ms_bps,,,,215999,212899,212889,10,4652,7.371347506132317e-07,0.062377472867967694,0.09544282029234738,0.031798698269454105,212893,212307,212893,21290,21290,4652,16638,,,,,,,,,,,,,,,,0.031798698269454105,0.03179959449972903,0.06729326347557812,0.08812252992417888,,,,4652,4013c9c1d1f3accf49acbf565f0fddfa02aead2e98eb284412a133fbafb6c923,630,215943
V1.2_STAGE1_DRAFT2,S6,20260905T073818Z_e44d99bd,BTC,fair_accel_100ms,1000,0.95,,fair_accel_100ms_bps,,,,215999,212899,212889,10,3385,0.006993116965864037,0.08209446739953474,0.10753323485967503,0.031798698269454105,212893,212307,212893,10645,10645,3385,7260,,,,,,,,,,,,,,,,0.031798698269454105,0.03179959449972903,0.08573490581001428,0.10743805257736265,,,,3385,d50dc9c844a99673b21bf807765736ae5f7eb4ca49f2fa2bd80097f7ed8efe7d,630,215943
V1.2_STAGE1_DRAFT2,S6,20260905T073818Z_e44d99bd,BTC,fair_gap_reversion,1000,0.8,,bitget_gap_to_fair_bps,,,,215999,212899,212889,10,4600,0.33075622686684625,0.04627937573821186,0.06847826086956521,0.031798698269454105,212899,212899,212899,42580,42580,4600,37980,,,,,,,,,,,,,,,,0.031798698269454105,0.031798698269454105,0.04833243741804703,0.07403527532266736,0.3160445131228653,0.6103337998014062,,4600,a16c4ff201376c2c299774c04cae749d8c0bd6b93d0d2ad8cd401528a421ce56,631,215843
V1.2_STAGE1_DRAFT2,S6,20260905T073818Z_e44d99bd,BTC,fair_gap_reversion,1000,0.9,,bitget_gap_to_fair_bps,,,,215999,212899,212889,10,2395,0.44852834352759896,0.07452606376995767,0.09269311064718162,0.031798698269454105,212899,212899,212899,21290,21290,2395,18895,,,,,,,,,,,,,,,,0.031798698269454105,0.031798698269454105,0.0524219164614241,0.10317245501975536,0.3038714570312985,0.6364529472703301,,2395,93f800c6a221c2de3a7d54db175e356115a427baea87c4febbc20eed7cd7933a,631,215840
V1.2_STAGE1_DRAFT2,S6,20260905T073818Z_e44d99bd,BTC,fair_gap_reversion,1000,0.95,,bitget_gap_to_fair_bps,,,,215999,212899,212889,10,1266,0.5454764002248423,0.11766045614233346,0.12243285939968404,0.031798698269454105,212899,212899,212899,10645,10645,1266,9379,,,,,,,,,,,,,,,,0.031798698269454105,0.031798698269454105,0.06461769523376666,0.14763223426937858,0.29456562558381566,0.6263114087350001,,1266,9201aedc07540792218f5e2357d5163f9ab49eecf90d7636d2af81178efac84b,2855,215840
V1.2_STAGE1_DRAFT2,S6,20260905T073818Z_e44d99bd,BTC,leader_gap_100ms,1000,0.8,,leader_gap_100ms_bps,,,,215999,212899,212889,10,6672,0.00041128370085404627,0.021343346931970757,0.052158273381294966,0.031798698269454105,212896,212309,212896,42580,42580,6672,35908,,,,,,,,,,,,,,,,0.031798698269454105,0.03179914637827671,0.05208189113583018,0.06783774570113085,,,,6672,693ff8f08ce23571c8dfc84655da202af87005539ee38dd63206b002d22c7d5c,630,215943
V1.2_STAGE1_DRAFT2,S6,20260905T073818Z_e44d99bd,BTC,leader_gap_100ms,1000,0.9,,leader_gap_100ms_bps,,,,215999,212899,212889,10,4915,0.0005781119582474899,0.03630966747275008,0.07121057985757884,0.031798698269454105,212896,212309,212896,21290,21290,4915,16375,,,,,,,,,,,,,,,,0.031798698269454105,0.03179914637827671,0.06531556349998788,0.08458940205012051,,,,4915,e484a5992b0ceedb2d8ec2257c3c371b21e3cced77c5895cae338937b55b71b8,630,215943
V1.2_STAGE1_DRAFT2,S6,20260905T073818Z_e44d99bd,BTC,leader_gap_100ms,1000,0.95,,leader_gap_100ms_bps,,,,215999,212899,212889,10,4103,0.000803760679019371,0.051847270929831844,0.08579088471849866,0.031798698269454105,212896,212309,212896,10645,10645,4103,6542,,,,,,,,,,,,,,,,0.031798698269454105,0.03179914637827671,0.08967100452296023,0.09647336395315156,,,,4103,ba365244992037547cdf2a4fe4cc13d44fc550c13c1ee250e8b6cdfdd8dcdd89,630,215943
V1.2_STAGE1_DRAFT2,S6,20260905T073818Z_e44d99bd,BTC,leader_gap_200ms,1000,0.8,,leader_gap_200ms_bps,,,,215999,212899,212889,10,6445,0.0008694900763510843,0.0227102295306495,0.05430566330488751,0.031798698269454105,212895,212309,212895,42579,42579,6445,36134,,,,,,,,,,,,,,,,0.031798698269454105,0.03179929575069082,0.05288569932479749,0.06990046495349411,,,,6445,2f5273178811d6485d613980bd0f3851ef98191c0ded538a9e45172287d3e211,630,215943
V1.2_STAGE1_DRAFT2,S6,20260905T073818Z_e44d99bd,BTC,leader_gap_200ms,1000,0.9,,leader_gap_200ms_bps,,,,215999,212899,212889,10,4650,0.0012759714002404383,0.04366177644684408,0.07677419354838709,0.031798698269454105,212895,212309,212895,21290,21290,4650,16640,,,,,,,,,,,,,,,,0.031798698269454105,0.03179929575069082,0.06754792834072583,0.08898658933061263,,,,4650,d570601e3aa8e53b3ba9c1ded13c7e56b26990c8848bb5ccf26f1de362a75726,630,215943
V1.2_STAGE1_DRAFT2,S6,20260905T073818Z_e44d99bd,BTC,leader_gap_200ms,1000,0.95,,leader_gap_200ms_bps,,,,215999,212899,212889,10,3484,0.01181025764915416,0.06534036252389233,0.09299655568312284,0.031798698269454105,212895,212309,212895,10645,10645,3484,7161,,,,,,,,,,,,,,,,0.031798698269454105,0.03179929575069082,0.08556712889479601,0.10485164732447866,,,,3484,b7f5b41263371979d9030e1fd52e213227d58a7a455651c5c3d001d7db19a22d,631,215943
V1.2_STAGE1_DRAFT2,S6,20260905T073818Z_e44d99bd,BTC,leader_gap_500ms,1000,0.8,,leader_gap_500ms_bps,,,,215999,212899,212889,10,5950,0.0025386338863933066,0.029072835961484765,0.06235294117647059,0.031798698269454105,212892,212309,212892,42579,42579,5950,36629,,,,,,,,,,,,,,,,0.031798698269454105,0.03179974387635317,0.054044306927357275,0.07574791215443696,,,,5950,9046bc2076838c9f68f6d8237493433e5a52f90ec8850b8f45f4e4260cd15467,630,215943
V1.2_STAGE1_DRAFT2,S6,20260905T073818Z_e44d99bd,BTC,leader_gap_500ms,1000,0.9,,leader_gap_500ms_bps,,,,215999,212899,212889,10,3847,0.011915106403801263,0.06034629279171095,0.08942032752794385,0.031798698269454105,212892,212309,212892,21290,21290,3847,17443,,,,,,,,,,,,,,,,0.031798698269454105,0.03179974387635317,0.06812968749011308,0.100288797949863,,,,3847,cd1a06534ba133e97ca82edaea47abebfc460f7a93429d63fcb840e4b08a70fe,631,215943
V1.2_STAGE1_DRAFT2,S6,20260905T073818Z_e44d99bd,BTC,leader_gap_500ms,1000,0.95,,leader_gap_500ms_bps,,,,215999,212899,212889,10,2019,0.11151401341359266,0.09817782692554715,0.12877662209014362,0.031798698269454105,212892,212309,212892,10645,10645,2019,8626,,,,,,,,,,,,,,,,0.031798698269454105,0.03179974387635317,0.08571973839518023,0.1523474625414544,,,,2019,37258c697b78a1511841eae460f7fc352efd2eb5fa383f7666bd093a9aa16c7d,631,215943
V1.2_STAGE1_DRAFT2,S6,20260905T073818Z_e44d99bd,BTC,leader_gap_1000ms,1000,0.8,,leader_gap_1000ms_bps,,,,215999,212899,212889,10,5958,0.006371675624652639,0.033474733433282854,0.06377979187646861,0.031798698269454105,212887,212309,212887,42578,42578,5958,36620,,,,,,,,,,,,,,,,0.031798698269454105,0.03180049078052497,0.05669138942954987,0.07469826578993982,,,,5958,45e9c8be61aa1cc6c026f43d7d86977757f94dddba212f3a6aed19441188e4b4,630,215943
V1.2_STAGE1_DRAFT2,S6,20260905T073818Z_e44d99bd,BTC,leader_gap_1000ms,1000,0.9,,leader_gap_1000ms_bps,,,,215999,212899,212889,10,3160,0.08364376477432947,0.06602358248023267,0.09715189873417722,0.031798698269454105,212887,212309,212887,21289,21289,3160,18129,,,,,,,,,,,,,,,,0.031798698269454105,0.03180049078052497,0.0683989684256353,0.1110758748407241,,,,3160,61562fa95b27868299fc51c8fa059fc192fb58912a6a7d4ebd4bf5bc2b1da2c8,631,215943
V1.2_STAGE1_DRAFT2,S6,20260905T073818Z_e44d99bd,BTC,leader_gap_1000ms,1000,0.95,,leader_gap_1000ms_bps,,,,215999,212899,212889,10,1544,0.19536052604978668,0.115176371716858,0.1483160621761658,0.031798698269454105,212887,212309,212887,10645,10645,1544,9101,,,,,,,,,,,,,,,,0.031798698269454105,0.03180049078052497,0.09625125371031416,0.18368305189514916,,,,1544,f50e8cc44c76cce1eb0548773b8a9bb8d0f9de3faf1b19f8cf706d394049dac3,631,215844
V1.2_STAGE1_DRAFT2,S6,20260905T073818Z_e44d99bd,ETH,bitget_ofi,1000,0.8,,bitget_ofi_norm_l1,,,,215999,212624,212614,10,13248,0.0008919015340706132,0.026452096554629663,0.08031400966183574,0.0668208154108578,212624,56827,212624,42525,42522,13248,29274,,,,,,,,,,,,,,,,0.0668208154108578,0.0668208154108578,0.09214569701428281,0.08295592067216975,,,,13248,61b9a4024e8ab480be1e66b80504764cde17ae4dd42ad7e58ead973a258f5d4a,11,215978
V1.2_STAGE1_DRAFT2,S6,20260905T073818Z_e44d99bd,ETH,bitget_ofi,1000,0.9,,bitget_ofi_norm_l1,,,,215999,212624,212614,10,8590,0.049350480223739605,0.0409999516497632,0.10710128055878929,0.0668208154108578,212624,56827,212624,21263,21263,8590,12673,,,,,,,,,,,,,,,,0.0668208154108578,0.0668208154108578,0.11379923430556067,0.10625711457755603,,,,8590,38dd0aba78722787ee7f6f3fe9526a1e0da22f237c29d952efa4b2416335d413,11,215967
V1.2_STAGE1_DRAFT2,S6,20260905T073818Z_e44d99bd,ETH,bitget_ofi,1000,0.95,,bitget_ofi_norm_l1,,,,215999,212624,212614,10,5563,0.17338824197671118,0.06931533746380926,0.14021211576487508,0.0668208154108578,212624,56827,212624,10633,10633,5563,5070,,,,,,,,,,,,,,,,0.0668208154108578,0.0668208154108578,0.13524944470214892,0.1308452550956765,,,,5563,101e55cc59b6cce92a6b63d928b574184d50803a1a9ed1ada5c847756786ef0d,11,215967
V1.2_STAGE1_DRAFT2,S6,20260905T073818Z_e44d99bd,ETH,bitget_trade_flow,1000,0.8,,bitget_trade_imbalance_window,,,,215999,212624,212614,10,5147,1.0,0.061054369343049086,0.11404701768020206,0.0668208154108578,7444,7435,7444,7271,7271,5147,2124,,,,,,,,,,,,,,,,0.0668208154108578,0.14166686877177875,0.1380814702538887,0.1251041823564838,,,,5147,fd31dd253077e3935903dbed4728a1c4d0f84e5c69b48e4a28bba98d7b15ca90,35,215985
V1.2_STAGE1_DRAFT2,S6,20260905T073818Z_e44d99bd,ETH,bitget_trade_flow,1000,0.9,,bitget_trade_imbalance_window,,,,215999,212624,212614,10,5147,1.0,0.061054369343049086,0.11404701768020206,0.0668208154108578,7444,7435,7444,7271,7271,5147,2124,,,,,,,,,,,,,,,,0.0668208154108578,0.14166686877177875,0.1380814702538887,0.1251041823564838,,,,5147,fd31dd253077e3935903dbed4728a1c4d0f84e5c69b48e4a28bba98d7b15ca90,35,215985
V1.2_STAGE1_DRAFT2,S6,20260905T073818Z_e44d99bd,ETH,bitget_trade_flow,1000,0.95,,bitget_trade_imbalance_window,,,,215999,212624,212614,10,5147,1.0,0.061054369343049086,0.11404701768020206,0.0668208154108578,7444,7435,7444,7271,7271,5147,2124,,,,,,,,,,,,,,,,0.0668208154108578,0.14166686877177875,0.1380814702538887,0.1251041823564838,,,,5147,fd31dd253077e3935903dbed4728a1c4d0f84e5c69b48e4a28bba98d7b15ca90,35,215985
V1.2_STAGE1_DRAFT2,S6,20260905T073818Z_e44d99bd,ETH,depth_imbalance_l1,1000,0.8,,bitget_depth_imbalance_l1,,,,215999,212624,212614,10,5344,0.7570159027128157,0.11092173085574086,0.18038922155688622,0.0668208154108578,212624,212592,212624,42531,42531,5344,37187,,,,,,,,,,,,,,,,0.0668208154108578,0.0668208154108578,0.10632105726039315,0.13108419755863682,,,,5344,98e5479061d1223efaf07e98ceb7005eeb73a23e28617e647280a1b27ed6d188,185,215962
V1.2_STAGE1_DRAFT2,S6,20260905T073818Z_e44d99bd,ETH,depth_imbalance_l1,1000,0.9,,bitget_depth_imbalance_l1,,,,215999,212624,212614,10,2962,0.8711608351742323,0.14817182861400727,0.23160027008777853,0.0668208154108578,212624,212592,212624,21267,21267,2962,18305,,,,,,,,,,,,,,,,0.0668208154108578,0.0668208154108578,0.1329433685232574,0.1720220570297316,,,,2962,faed8c33d875702171205d000776252de575f6d582ca6348bd4f9d232427571a,200,215830
V1.2_STAGE1_DRAFT2,S6,20260905T073818Z_e44d99bd,ETH,depth_imbalance_l1,1000,0.95,,bitget_depth_imbalance_l1,,,,215999,212624,212614,10,1698,0.9432530912131891,0.19924825902855595,0.2797408716136631,0.0668208154108578,212624,212592,212624,10633,10633,1698,8935,,,,,,,,,,,,,,,,0.0668208154108578,0.0668208154108578,0.17440819376186634,0.21392620812976865,,,,1698,d1bf39c688e197a795d6d10c1077fd2ee5ed33da2c128e647f0726098b61b2ca,200,215793
V1.2_STAGE1_DRAFT2,S6,20260905T073818Z_e44d99bd,ETH,depth_imbalance_l5,1000,0.8,,bitget_depth_imbalance_l5,,,,215999,212624,212614,10,5750,0.6106019895197662,0.08437676142019207,0.15130434782608695,0.0668208154108578,212624,212622,212624,42525,42525,5750,36775,,,,,,,,,,,,,,,,0.0668208154108578,0.0668208154108578,0.09849745211090973,0.11436033465693883,,,,5750,47b461705e20191879dcfc9cb9bc4de065232dfb14ef7e872b7287d84811f666,188,215962
V1.2_STAGE1_DRAFT2,S6,20260905T073818Z_e44d99bd,ETH,depth_imbalance_l5,1000,0.9,,bitget_depth_imbalance_l5,,,,215999,212624,212614,10,3095,0.7449066841720403,0.1121937229679657,0.18287560581583198,0.0668208154108578,212624,212622,212624,21263,21263,3095,18168,,,,,,,,,,,,,,,,0.0668208154108578,0.0668208154108578,0.10801212725386308,0.13289913639866335,,,,3095,d319a87294bb32f1fa4f60514cdc26fb86233218c698de0b493a0a660ddf2130,200,215963
V1.2_STAGE1_DRAFT2,S6,20260905T073818Z_e44d99bd,ETH,depth_imbalance_l5,1000,0.95,,bitget_depth_imbalance_l5,,,,215999,212624,212614,10,1680,0.8388024476147995,0.1365885991106262,0.21607142857142858,0.0668208154108578,212624,212622,212624,10632,10632,1680,8952,,,,,,,,,,,,,,,,0.0668208154108578,0.0668208154108578,0.12575296043646458,0.16358051137923482,,,,1680,5f9acc64025e3a96f26b31e48e15683b0604103aec873f246c3d630786328764,200,215857
V1.2_STAGE1_DRAFT2,S6,20260905T073818Z_e44d99bd,ETH,external_ofi,1000,0.8,,external_ofi_consensus_l1,,,,215999,212624,212614,10,12788,0.02623515179971527,0.039919518542370275,0.08938066937754144,0.0668208154108578,212624,201226,212624,42525,42525,12788,29737,,,,,,,,,,,,,,,,0.0668208154108578,0.0668208154108578,0.09512677140524682,0.0870119031223003,,,,12788,bdeaaa24077c03a6cf0abe5a0220949289bef639690ed83a2dd3d3ea3a55f426,10,215983
V1.2_STAGE1_DRAFT2,S6,20260905T073818Z_e44d99bd,ETH,external_ofi,1000,0.9,,external_ofi_consensus_l1,,,,215999,212624,212614,10,8392,0.058518520199015,0.06485171195694836,0.12214013346043852,0.0668208154108578,212624,201226,212624,21263,21263,8392,12871,,,,,,,,,,,,,,,,0.0668208154108578,0.0668208154108578,0.12417051856576819,0.1138017258673083,,,,8392,dc97155aaad3ad885ec5292149c5f45f0900ed9de33dff61406474abef98eebd,11,215983
V1.2_STAGE1_DRAFT2,S6,20260905T073818Z_e44d99bd,ETH,external_ofi,1000,0.95,,external_ofi_consensus_l1,,,,215999,212624,212614,10,5066,0.12715937654256484,0.11459911153182238,0.17864192656928543,0.0668208154108578,212624,201226,212624,10632,10632,5066,5566,,,,,,,,,,,,,,,,0.0668208154108578,0.0668208154108578,0.1670644308788602,0.16027792816756947,,,,5066,93a81d3096012aa26e35f2d2a6115b137bbfb41e80c9dc8b7f4adc3566dea7a3,85,215968
V1.2_STAGE1_DRAFT2,S6,20260905T073818Z_e44d99bd,ETH,external_trade_flow,1000,0.8,,external_trade_imbalance_consensus,,,,215999,212624,212614,10,17464,1.0,0.013681643351711072,0.060982592762253776,0.0668208154108578,75747,71207,75747,67471,67467,17464,50003,,,,,,,,,,,,,,,,0.0668208154108578,0.08137396700345426,0.07597211183040277,0.07152967461969777,,,,17464,a1c9e5009da0eea906439b1d479403a3e490bd0cd9d7ae71d9baa3a1440b1f3e,9,215980
V1.2_STAGE1_DRAFT2,S6,20260905T073818Z_e44d99bd,ETH,external_trade_flow,1000,0.9,,external_trade_imbalance_consensus,,,,215999,212624,212614,10,17464,1.0,0.013681643351711072,0.060982592762253776,0.0668208154108578,75747,71207,75747,67471,67467,17464,50003,,,,,,,,,,,,,,,,0.0668208154108578,0.08137396700345426,0.07597211183040277,0.07152967461969777,,,,17464,a1c9e5009da0eea906439b1d479403a3e490bd0cd9d7ae71d9baa3a1440b1f3e,9,215980
V1.2_STAGE1_DRAFT2,S6,20260905T073818Z_e44d99bd,ETH,external_trade_flow,1000,0.95,,external_trade_imbalance_consensus,,,,215999,212624,212614,10,17464,1.0,0.013681643351711072,0.060982592762253776,0.0668208154108578,75747,71207,75747,67471,67467,17464,50003,,,,,,,,,,,,,,,,0.0668208154108578,0.08137396700345426,0.07597211183040277,0.07152967461969777,,,,17464,a1c9e5009da0eea906439b1d479403a3e490bd0cd9d7ae71d9baa3a1440b1f3e,9,215980
V1.2_STAGE1_DRAFT2,S6,20260905T073818Z_e44d99bd,ETH,fair_accel_100ms,1000,0.8,,fair_accel_100ms_bps,,,,215999,212624,212614,10,7625,7.323399200232385e-07,0.05983111746974686,0.10754098360655738,0.0668208154108578,212620,212547,212620,42524,42524,7625,34899,,,,,,,,,,,,,,,,0.0668208154108578,0.06682207256368054,0.0915114005695693,0.11082932203275025,,,,7625,a2e82b9ca21b9adf67832a5d0d2d76f40a0595b44638c8329282c35c0286650d,85,215968
V1.2_STAGE1_DRAFT2,S6,20260905T073818Z_e44d99bd,ETH,fair_accel_100ms,1000,0.9,,fair_accel_100ms_bps,,,,215999,212624,212614,10,5981,1.1962598570177926e-06,0.06634559426858416,0.12255475672964387,0.0668208154108578,212620,212547,212620,21262,21262,5981,15281,,,,,,,,,,,,,,,,0.0668208154108578,0.06682207256368054,0.11223600253100688,0.12831286781418463,,,,5981,3f592895cb5070848fe3e49664418dc72cc5b4db73d0208befcc938db81d90b6,85,215968
V1.2_STAGE1_DRAFT2,S6,20260905T073818Z_e44d99bd,ETH,fair_accel_100ms,1000,0.95,,fair_accel_100ms_bps,,,,215999,212624,212614,10,3576,0.05282684665323303,0.10691358276940019,0.1669463087248322,0.0668208154108578,212620,212547,212620,10631,10631,3576,7055,,,,,,,,,,,,,,,,0.0668208154108578,0.06682207256368054,0.14659387610474164,0.17974241446297243,,,,3576,6bda7352d6dab3fa7888922594711b7d1a4499aa0d98828050f92a95da7abd8a,181,215967
V1.2_STAGE1_DRAFT2,S6,20260905T073818Z_e44d99bd,ETH,fair_gap_reversion,1000,0.8,,bitget_gap_to_fair_bps,,,,215999,212624,212614,10,4784,0.46097091006913626,0.07352188928785516,0.10158862876254181,0.0668208154108578,212624,212624,212624,42525,42525,4784,37741,,,,,,,,,,,,,,,,0.0668208154108578,0.0668208154108578,0.08200337195310667,0.11384163558190831,0.29494726555943607,0.5289081921870039,,4784,1ac5f43795f5c3e639bf05422b5bd7ab91ef1e334e8415f45d30ce18fd96eaeb,85,215967
V1.2_STAGE1_DRAFT2,S6,20260905T073818Z_e44d99bd,ETH,fair_gap_reversion,1000,0.9,,bitget_gap_to_fair_bps,,,,215999,212624,212614,10,2511,0.6001090906160302,0.1134683152034344,0.12305854241338113,0.0668208154108578,212624,212624,212624,21263,21263,2511,18752,,,,,,,,,,,,,,,,0.0668208154108578,0.0668208154108578,0.09165987465132219,0.1484719345334463,0.31734232662261785,0.559309077473112,,2511,7ca37074ddb6b8b6df6d8119cd401a0f1810ca6b39fd2e70f78f2c7eb29e49dc,619,215957
V1.2_STAGE1_DRAFT2,S6,20260905T073818Z_e44d99bd,ETH,fair_gap_reversion,1000,0.95,,bitget_gap_to_fair_bps,,,,215999,212624,212614,10,1316,0.7334299514548669,0.160867142752478,0.14893617021276595,0.0668208154108578,212624,212624,212624,10632,10632,1316,9316,,,,,,,,,,,,,,,,0.0668208154108578,0.0668208154108578,0.09409699660463632,0.2062771672055597,0.34084527144978594,0.5855918052994645,,1316,3300dc24a99911c928ced817404067d111a58490db0b2e537c7b006d0b44bde3,1164,215957
V1.2_STAGE1_DRAFT2,S6,20260905T073818Z_e44d99bd,ETH,leader_gap_100ms,1000,0.8,,leader_gap_100ms_bps,,,,215999,212624,212614,10,7930,0.0005830545776298664,0.01598614582919974,0.07692307692307693,0.0668208154108578,212622,212548,212622,42525,42525,7930,34595,,,,,,,,,,,,,,,,0.0668208154108578,0.06682144398135628,0.09067306420798577,0.11007327206311268,,,,7930,17d19cfa6d8243fb0ad931194a03b78dac4e4faf2b39eeb6560b981889701383,85,215967
V1.2_STAGE1_DRAFT2,S6,20260905T073818Z_e44d99bd,ETH,leader_gap_100ms,1000,0.9,,leader_gap_100ms_bps,,,,215999,212624,212614,10,6308,0.0008262320984003375,0.03722959287473528,0.09749524413443246,0.0668208154108578,212622,212548,212622,21263,21263,6308,14955,,,,,,,,,,,,,,,,0.0668208154108578,0.06682144398135628,0.11028391006635532,0.12553342474356263,,,,6308,99433bde6efd6c4b78a2587d61ed36793ef5e5031b860b5075f47c14970713f5,85,215967
V1.2_STAGE1_DRAFT2,S6,20260905T073818Z_e44d99bd,ETH,leader_gap_100ms,1000,0.95,,leader_gap_100ms_bps,,,,215999,212624,212614,10,5526,0.0018465889089293583,0.05685703581516836,0.11201592471950778,0.0668208154108578,212622,212548,212622,10632,10632,5526,5106,,,,,,,,,,,,,,,,0.0668208154108578,0.06682144398135628,0.14420296118888049,0.13486674540278204,,,,5526,6470c43909e7c476b6bf198a1e6749d2dc0bf19c188d8e5c4707c09d8d40140c,85,215967
V1.2_STAGE1_DRAFT2,S6,20260905T073818Z_e44d99bd,ETH,leader_gap_200ms,1000,0.8,,leader_gap_200ms_bps,,,,215999,212624,212614,10,7606,0.0012758213088400958,0.021926087885857044,0.0830922955561399,0.0668208154108578,212620,212547,212620,42524,42524,7606,34918,,,,,,,,,,,,,,,,0.0668208154108578,0.06682207256368054,0.09249855169895892,0.11328739980089766,,,,7606,5b3f7fa8397a8a565ac74ae29348de17625e98e550eb4056247e5330cf5c10a6,85,215967
V1.2_STAGE1_DRAFT2,S6,20260905T073818Z_e44d99bd,ETH,leader_gap_200ms,1000,0.9,,leader_gap_200ms_bps,,,,215999,212624,212614,10,5933,0.002134942104577892,0.04923563036727175,0.1073655823360863,0.0668208154108578,212620,212547,212620,21262,21262,5933,15329,,,,,,,,,,,,,,,,0.0668208154108578,0.06682207256368054,0.11439961473123779,0.13122747058362805,,,,5933,006894550dc260da6a254433ac67f753054337c0adf5c4e8cc3b1253c3ac67b2,85,215967
V1.2_STAGE1_DRAFT2,S6,20260905T073818Z_e44d99bd,ETH,leader_gap_200ms,1000,0.95,,leader_gap_200ms_bps,,,,215999,212624,212614,10,3625,0.08127012101306758,0.07135965414792196,0.1395862068965517,0.0668208154108578,212620,212547,212620,10631,10631,3625,7006,,,,,,,,,,,,,,,,0.0668208154108578,0.06682207256368054,0.149967588301469,0.1802085771256804,,,,3625,b6214d13e411eb226053dac6e9c39529c57bf044a39f4a30a167113bc0a4fc28,85,215967
V1.2_STAGE1_DRAFT2,S6,20260905T073818Z_e44d99bd,ETH,leader_gap_500ms,1000,0.8,,leader_gap_500ms_bps,,,,215999,212624,212614,10,6823,0.0044357234322724565,0.039577607381802514,0.09878352630807563,0.0668208154108578,212617,212547,212617,42524,42524,6823,35701,,,,,,,,,,,,,,,,0.0668208154108578,0.06682301545934104,0.09429914480037528,0.1206141921821306,,,,6823,1af5e2b9093b19fac81df2527b7a4748276b58e78fc27c10082468a0476262c1,85,215967
V1.2_STAGE1_DRAFT2,S6,20260905T073818Z_e44d99bd,ETH,leader_gap_500ms,1000,0.9,,leader_gap_500ms_bps,,,,215999,212624,212614,10,3875,0.08384281951058174,0.07125245440795992,0.13729032258064516,0.0668208154108578,212617,212547,212617,21262,21262,3875,17387,,,,,,,,,,,,,,,,0.0668208154108578,0.06682301545934104,0.12236699653624598,0.17318332782458634,,,,3875,842557e64d4cd1096b7e609f20f94a6bb6ab880d9a9f7411a853b73356ef4a04,85,215967
V1.2_STAGE1_DRAFT2,S6,20260905T073818Z_e44d99bd,ETH,leader_gap_500ms,1000,0.95,,leader_gap_500ms_bps,,,,215999,212624,212614,10,2153,0.21912367580657996,0.11063741625016776,0.17138875986994892,0.0668208154108578,212617,212547,212617,10631,10631,2153,8478,,,,,,,,,,,,,,,,0.0668208154108578,0.06682301545934104,0.15143014169707678,0.2278540126396733,,,,2153,e7ea3c9b6fc4a19001f6b783561fb3d06cf58462b196c03102021419796478b9,85,215967
V1.2_STAGE1_DRAFT2,S6,20260905T073818Z_e44d99bd,ETH,leader_gap_1000ms,1000,0.8,,leader_gap_1000ms_bps,,,,215999,212624,212614,10,5892,0.05192045242500092,0.05046015756550019,0.1094704684317719,0.0668208154108578,212611,212546,212611,42523,42523,5892,36631,,,,,,,,,,,,,,,,0.0668208154108578,0.0668249013304929,0.09871890330016213,0.13211027998143654,,,,5892,22465d2bd50a9d5a361b1f60e216f3ef7a812ff5fc115b6024ae2152f80b2f51,85,215977
V1.2_STAGE1_DRAFT2,S6,20260905T073818Z_e44d99bd,ETH,leader_gap_1000ms,1000,0.9,,leader_gap_1000ms_bps,,,,215999,212624,212614,10,2925,0.19298870017593742,0.09292843918493633,0.1517948717948718,0.0668208154108578,212611,212546,212611,21262,21262,2925,18337,,,,,,,,,,,,,,,,0.0668208154108578,0.0668249013304929,0.12257148455739358,0.1930175314312669,,,,2925,e591560dfff5727541165521ad7c8387921b6b2f8bd2056958b34767b9fc6ffc,85,215977
V1.2_STAGE1_DRAFT2,S6,20260905T073818Z_e44d99bd,ETH,leader_gap_1000ms,1000,0.95,,leader_gap_1000ms_bps,,,,215999,212624,212614,10,1579,0.40571939381943134,0.1310140933464568,0.17226092463584547,0.0668208154108578,212611,212546,212611,10631,10631,1579,9052,,,,,,,,,,,,,,,,0.0668208154108578,0.0668249013304929,0.13553051881279443,0.23387945306672397,,,,1579,48ab3b34cae4cf5058784b04f4e1ef850bd3cbf4ed2b55563756181a801ed2f2,85,215968
